{
  "type" : "FETE_ET_MANIFESTATION",
  "id" : 5950057,
  "nom" : {
    "libelleFr" : "Commémoration du 11 Novembre"
  },
  "identifier" : "SITRA2_EVE_5950057",
  "state" : "PUBLISHED",
  "gestion" : {
    "dateCreation" : "2021-10-20T14:54:05.407+0000",
    "dateModification" : "2022-11-02T10:05:57.294+0000",
    "dateExportModification" : "2022-11-02T10:05:58.529+0000",
    "membreProprietaire" : {
      "type" : {
        "elementReferenceType" : "MembreSitraType",
        "id" : 233
      },
      "nom" : "Office de Tourisme Intercommunal de Terre de Provence",
      "dateCreation" : "2020-10-28T10:42:53.102+0000",
      "dateModification" : "2022-10-24T08:49:48.093+0000",
      "id" : 2119
    },
    "signalerUnProblemeMails" : [ "accueil.oti@terredeprovence-agglo.com", "accueil2.oti@terredeprovence-agglo.com", "espaceculturetourisme@orange.fr", "office.tourisme@st-andiol.fr", "office.tourisme@ville-graveson.fr", "ot-culture@maillane.fr", "promotion.oti@terredeprovence-agglo.com", "romain.pascal@ville-graveson.fr", "tourisme@noves.fr", "tourisme@terredeprovence-agglo.com" ]
  },
  "informations" : {
    "moyensCommunication" : [ {
      "identifiant" : 93020341,
      "type" : {
        "elementReferenceType" : "MoyenCommunicationType",
        "id" : 201
      },
      "coordonnees" : {
        "fr" : "06 28 14 64 66"
      },
      "observation" : {
        "libelleFr" : "M.Rattier"
      }
    }, {
      "identifiant" : 93020368,
      "type" : {
        "elementReferenceType" : "MoyenCommunicationType",
        "id" : 201
      },
      "coordonnees" : {
        "fr" : "06 82 42 99 93"
      },
      "observation" : {
        "libelleFr" : "M.David"
      }
    }, {
      "identifiant" : 93020393,
      "type" : {
        "elementReferenceType" : "MoyenCommunicationType",
        "id" : 201
      },
      "coordonnees" : {
        "fr" : "06 50 20 37 97"
      },
      "observation" : {
        "libelleFr" : "M.Dauphin"
      }
    } ],
    "structureGestion" : {
      "type" : "STRUCTURE",
      "id" : 5467002
    }
  },
  "presentation" : {
    "descriptifCourt" : {
      "libelleFr" : "Commémoration 11 Novembre à Cabannes."
    },
    "descriptifDetaille" : {
      "libelleFr" : "Vendredi 11 novembre, journée de commémoration nationale de l'Armistice de la Première Guerre mondiale, la municipalité convie les administrés à la cérémonie d'hommages.\r\nLe départ de la procession sera donné à 10h30 à la Place de la mairie.\r\n\r\nÀ la fin, après un verre de l'amitié offert par la municipalité, le Groupement des Anciens Combattants de Cabannes proposera son désormais traditionnel repas patriotique.\r\n\r\n10h15 : Rassemblement devant la Mairie.\r\n10h30 : Départ de la procession vers le cimetière.\r\n10h40 : Hommage au Monument aux Morts du cimetière (dépôt de gerbes et minute de silence).\r\n10h50 : Départ de la procession vers le Monument aux Morts 14/18, Place des Poilus.\r\n11h : Début de la cérémonie au monument aux Morts 14/18, Place des Poilus.\r\n11h45 : Apéritif offert par la Municipalité (Patio Espace Intergénérationnel La Durance).\r\n12h30 : Repas Patriotique avec animation (Centre Socio-Culturel Gabriel Chaine). Sur réservation et payant."
    }
  },
  "localisation" : {
    "adresse" : {
      "nomDuLieu" : "Mairie de Cabannes",
      "adresse1" : "Place de la Mairie",
      "codePostal" : "13440",
      "commune" : {
        "id" : 4429
      }
    },
    "geolocalisation" : {
      "valide" : true,
      "geoJson" : {
        "type" : "Point",
        "coordinates" : [ 4.948492, 43.860934 ]
      }
    },
    "perimetreGeographique" : [ {
      "id" : 4429
    } ]
  },
  "liens" : { },
  "prestations" : {
    "animauxAcceptes" : "NON_DISPONIBLE",
    "animauxAcceptesSupplement" : "NON_DISPONIBLE",
    "languesParlees" : [ {
      "elementReferenceType" : "Langue",
      "id" : 1197
    } ]
  },
  "ouverture" : {
    "periodeEnClair" : {
      "libelleFr" : "Vendredi 11 novembre 2022.",
      "libelleEn" : "Friday 11 November 2022.",
      "libelleEs" : "Viernes, 11 de noviembre de 2022.",
      "libelleIt" : "Venerdì 11 novembre 2022.",
      "libelleDe" : "Freitag, den 11. November 2022.",
      "libelleNl" : "Vrijdag 11 november 2022.",
      "libelleRu" : "Пятница 11 ноября 2022.",
      "libelleZh" : "2022年11月11日, 星期五.",
      "libellePtBR" : "Sexta-feira 11 Novembro 2022.",
      "libelleJa" : "金曜日 11 11月 2022."
    },
    "periodeEnClairGenerationMode" : "AUTOMATIQUE",
    "indicationsPeriode" : [ {
      "elementReferenceType" : "IndicationPeriode",
      "id" : 416
    } ],
    "periodesOuvertures" : [ {
      "identifiant" : 24631118,
      "dateDebut" : "2022-11-11",
      "dateFin" : "2022-11-11",
      "type" : "OUVERTURE_TOUS_LES_JOURS",
      "tousLesAns" : false,
      "identifiantTechnique" : 24675716
    } ]
  },
  "descriptionTarif" : {
    "indicationTarif" : "ACCES_LIBRE",
    "gratuit" : true,
    "tarifsEnClair" : {
      "libelleFr" : "Accès libre. Repas à 25€.",
      "libelleEn" : "Free access.",
      "libelleEs" : "Acceso libre.",
      "libelleIt" : "Accesso libero.",
      "libelleDe" : "Freier Zugang.",
      "libelleNl" : "Gratis toegang.",
      "libelleRu" : "Вход свободный.",
      "libelleZh" : "自由访问.",
      "libellePtBR" : "Acesso livre.",
      "libelleJa" : "フリーアクセス."
    },
    "tarifsEnClairGenerationMode" : "AUTOMATIQUE",
    "complement" : {
      "libelleFr" : "Repas à 25€."
    },
    "devise" : "EUR",
    "conditions" : { }
  },
  "reservation" : {
    "organismes" : [ {
      "identifiant" : 6086588,
      "nom" : "Bureau des anciens combattants",
      "type" : {
        "elementReferenceType" : "ReservationType",
        "id" : 475
      },
      "moyensCommunication" : [ {
        "identifiant" : 93019898,
        "type" : {
          "elementReferenceType" : "MoyenCommunicationType",
          "id" : 201
        },
        "coordonnees" : {
          "fr" : "06 28 14 64 66"
        },
        "observation" : {
          "libelleFr" : "M.Rattier"
        }
      }, {
        "identifiant" : 93019978,
        "type" : {
          "elementReferenceType" : "MoyenCommunicationType",
          "id" : 201
        },
        "coordonnees" : {
          "fr" : "06 82 42 99 93"
        },
        "observation" : {
          "libelleFr" : "M. David"
        }
      }, {
        "identifiant" : 93020030,
        "type" : {
          "elementReferenceType" : "MoyenCommunicationType",
          "id" : 201
        },
        "coordonnees" : {
          "fr" : "06 50 20 37 97"
        },
        "observation" : {
          "libelleFr" : "M.Dauphin"
        }
      } ],
      "locked" : false
    } ],
    "complement" : {
      "libelleFr" : "Permanence au bureau des anciens combattants (Pole Intergénérationnel) : \r\nTous les lundis et samedis de 9h à 11h.\r\n\r\nDate limite de réservation : 5 Novembre."
    }
  },
  "illustrations" : [ {
    "identifiant" : 14723716,
    "link" : false,
    "type" : "IMAGE",
    "copyright" : {
      "libelleFr" : "© Cabannes"
    },
    "traductionFichiers" : [ {
      "locale" : "fr",
      "url" : "https://static.apidae-tourisme.com/filestore/objets-touristiques/images/80/100/15098960.jpg",
      "urlListe" : "https://static.apidae-tourisme.com/filestore/objets-touristiques/images/80/100/15098960-liste.jpg",
      "urlFiche" : "https://static.apidae-tourisme.com/filestore/objets-touristiques/images/80/100/15098960-fiche.jpg",
      "urlDiaporama" : "https://static.apidae-tourisme.com/filestore/objets-touristiques/images/80/100/15098960-diaporama.jpg",
      "extension" : "jpg",
      "fileName" : "Cabannes",
      "taille" : 542031,
      "hauteur" : 875,
      "largeur" : 1241,
      "lastModifiedDate" : "2022-11-02T10:05:57.427+0000"
    } ],
    "locked" : false
  } ],
  "territoires" : [ {
    "type" : "TERRITOIRE",
    "id" : 591381
  }, {
    "type" : "TERRITOIRE",
    "id" : 591419
  }, {
    "type" : "TERRITOIRE",
    "id" : 4819487
  }, {
    "type" : "TERRITOIRE",
    "id" : 5127066
  }, {
    "type" : "TERRITOIRE",
    "id" : 5424410
  }, {
    "type" : "TERRITOIRE",
    "id" : 5447176
  }, {
    "type" : "TERRITOIRE",
    "id" : 5693779
  } ],
  "datesOuverture" : [ "2022-11-11" ],
  "informationsFeteEtManifestation" : {
    "typesManifestation" : [ {
      "elementReferenceType" : "FeteEtManifestationType",
      "id" : 1973
    } ],
    "categories" : [ {
      "elementReferenceType" : "FeteEtManifestationCategorie",
      "id" : 2066
    } ],
    "themes" : [ {
      "elementReferenceType" : "FeteEtManifestationTheme",
      "id" : 2206
    } ],
    "portee" : {
      "elementReferenceType" : "FeteEtManifestationPortee",
      "id" : 2352
    },
    "nomLieu" : "Mairie de Cabannes"
  },
  "formatVersion" : "v002",
  "expiration" : {
    "dateExpiration" : "2022-11-11T00:00:00.000+0000",
    "expirationAction" : "MASQUER_AUTOMATIQUEMENT"
  },
  "enquete" : { }
}