{
  "type" : "FETE_ET_MANIFESTATION",
  "id" : 775962,
  "nom" : {
    "libelleFr" : "Marché provençal hebdomadaire du mercredi matin"
  },
  "identifier" : "SITRA2_EVE_775962",
  "state" : "PUBLISHED",
  "gestion" : {
    "dateCreation" : "2016-03-02T09:35:27.884+0000",
    "dateModification" : "2021-05-31T08:31:43.361+0000",
    "dateExportModification" : "2022-10-18T08:12:55.269+0000",
    "membreProprietaire" : {
      "type" : {
        "elementReferenceType" : "MembreSitraType",
        "id" : 233
      },
      "nom" : "Office de Tourisme de Port Saint Louis du Rhône",
      "dateCreation" : "2020-10-01T12:20:15.066+0000",
      "dateModification" : "2022-10-24T08:49:43.009+0000",
      "id" : 2095,
      "siteWeb" : "http://www.portsaintlouis-tourisme.fr"
    },
    "signalerUnProblemeMails" : [ "communication@portsaintlouis-tourisme.fr", "direction@portsaintlouis-tourisme.fr" ]
  },
  "informations" : {
    "moyensCommunication" : [ {
      "identifiant" : 32405522,
      "type" : {
        "elementReferenceType" : "MoyenCommunicationType",
        "id" : 205
      },
      "coordonnees" : {
        "fr" : "https://www.myprovence.fr/agenda-culturel/marches/port-saint-louis-du-rhone/1450-marche-provencal-de-port-saint-louis-du-rhone"
      }
    } ]
  },
  "presentation" : {
    "descriptifCourt" : {
      "libelleFr" : "Chaque mercredi matin, ce grand marché hebdomadaire vous permet d'acheter  produits alimentaires et locaux."
    },
    "descriptifDetaille" : {
      "libelleFr" : "Dans une ambiance très méridionale, et en déambulation dans les rues devenues piétonnes, ce grand marché hebdomadaire vous permet d'acheter tous les produits alimentaires et locaux, mais aussi des vêtements, de la mercerie, des fleurs, de la droguerie, des jouets, des poteries... et tous les articles à chiner pour le bonheur des grands et des petits."
    },
    "typologiesPromoSitra" : [ {
      "elementReferenceType" : "TypologiePromoSitra",
      "id" : 1595
    } ]
  },
  "localisation" : {
    "adresse" : {
      "nomDuLieu" : "Centre Ville",
      "adresse1" : "Avenue du Port et Avenue Louis Gros",
      "codePostal" : "13230",
      "etat" : "France",
      "commune" : {
        "id" : 4489
      }
    },
    "geolocalisation" : {
      "valide" : true,
      "geoJson" : {
        "type" : "Point",
        "coordinates" : [ 4.804070, 43.387240 ]
      }
    },
    "perimetreGeographique" : [ {
      "id" : 4489
    } ]
  },
  "liens" : { },
  "prestations" : {
    "animauxAcceptes" : "NON_DISPONIBLE",
    "animauxAcceptesSupplement" : "NON_DISPONIBLE",
    "languesParlees" : [ {
      "elementReferenceType" : "Langue",
      "id" : 1197
    } ]
  },
  "ouverture" : {
    "periodeEnClair" : {
      "libelleFr" : "Toute l'année, tous les mercredis à 7h30.",
      "libelleEn" : "All year round, every Wednesday at 7.30 am.",
      "libelleEs" : "Todo el año, todos los miércoles a 7:30.",
      "libelleIt" : "Tutto l'anno, tutti i mercoledì alle 7:30.",
      "libelleDe" : "Ganzjährig, jeden Mittwoch um 7.30 Uhr.",
      "libelleNl" : "Het hele jaar, elke woensdag om 7.30 u.",
      "libelleRu" : "В течение всего года, каждый среды до 7h30.",
      "libelleZh" : "全年, 每星期三 在 小时小时分钟.",
      "libellePtBR" : "Todo o ano, todas as quartas-feiras para  7h30.",
      "libelleJa" : "オールシーズン, 毎水曜日 7.30 午前 に."
    },
    "periodeEnClairGenerationMode" : "AUTOMATIQUE",
    "indicationsPeriode" : [ {
      "elementReferenceType" : "IndicationPeriode",
      "id" : 416
    }, {
      "elementReferenceType" : "IndicationPeriode",
      "id" : 418
    }, {
      "elementReferenceType" : "IndicationPeriode",
      "id" : 435
    }, {
      "elementReferenceType" : "IndicationPeriode",
      "id" : 436
    } ],
    "periodesOuvertures" : [ {
      "identifiant" : 11506594,
      "dateDebut" : "2016-01-01",
      "dateFin" : "2016-12-31",
      "horaireOuverture" : "07:30:00",
      "type" : "OUVERTURE_SEMAINE",
      "tousLesAns" : true,
      "ouverturesJournalieres" : [ {
        "jour" : "MERCREDI"
      } ],
      "identifiantTechnique" : 21067235
    } ],
    "ouvertTouteLAnnee" : "OUVERT_TOUTE_L_ANNEE"
  },
  "descriptionTarif" : {
    "indicationTarif" : "ACCES_LIBRE",
    "gratuit" : true,
    "tarifsEnClair" : {
      "libelleFr" : "Accès libre.",
      "libelleEn" : "Free access.",
      "libelleEs" : "Acceso libre.",
      "libelleIt" : "Accesso libero.",
      "libelleDe" : "Freier Zugang.",
      "libelleNl" : "Gratis toegang.",
      "libelleRu" : "Вход свободный.",
      "libelleZh" : "自由访问.",
      "libellePtBR" : "Acesso livre.",
      "libelleJa" : "フリーアクセス."
    },
    "tarifsEnClairGenerationMode" : "AUTOMATIQUE",
    "devise" : "EUR",
    "conditions" : { }
  },
  "reservation" : { },
  "illustrations" : [ {
    "identifiant" : 10147818,
    "link" : false,
    "type" : "IMAGE",
    "nom" : {
      "libelleFr" : "Marché"
    },
    "legende" : {
      "libelleFr" : "Marché"
    },
    "copyright" : {
      "libelleFr" : "Office de Tourisme"
    },
    "traductionFichiers" : [ {
      "locale" : "fr",
      "url" : "https://static.apidae-tourisme.com/filestore/objets-touristiques/images/117/102/9922165.jpg",
      "urlListe" : "https://static.apidae-tourisme.com/filestore/objets-touristiques/images/117/102/9922165-liste.jpg",
      "urlFiche" : "https://static.apidae-tourisme.com/filestore/objets-touristiques/images/117/102/9922165-fiche.jpg",
      "urlDiaporama" : "https://static.apidae-tourisme.com/filestore/objets-touristiques/images/117/102/9922165-diaporama.jpg",
      "extension" : "jpg",
      "fileName" : "Marché 1",
      "taille" : 167756,
      "hauteur" : 720,
      "largeur" : 960,
      "lastModifiedDate" : "2021-05-31T08:30:32.000+0000"
    } ],
    "locked" : false
  }, {
    "identifiant" : 1578844,
    "link" : false,
    "type" : "IMAGE",
    "nom" : {
      "libelleFr" : "C.chillio"
    },
    "legende" : {
      "libelleFr" : "C.chillio"
    },
    "copyright" : {
      "libelleFr" : "C.chillio"
    },
    "traductionFichiers" : [ {
      "locale" : "fr",
      "url" : "https://static.apidae-tourisme.com/filestore/objets-touristiques/images/167/13/1510823.jpg",
      "urlListe" : "https://static.apidae-tourisme.com/filestore/objets-touristiques/images/167/13/1510823-liste.jpg",
      "urlFiche" : "https://static.apidae-tourisme.com/filestore/objets-touristiques/images/167/13/1510823-fiche.jpg",
      "urlDiaporama" : "https://static.apidae-tourisme.com/filestore/objets-touristiques/images/167/13/1510823-diaporama.jpg",
      "extension" : "jpg",
      "fileName" : "marché4.C.Chillio",
      "taille" : 3447940,
      "hauteur" : 4000,
      "largeur" : 3000,
      "lastModifiedDate" : "2016-03-02T09:49:08.000+0000"
    } ],
    "locked" : false
  }, {
    "identifiant" : 10147819,
    "link" : false,
    "type" : "IMAGE",
    "nom" : {
      "libelleFr" : "Marché"
    },
    "legende" : {
      "libelleFr" : "Marché"
    },
    "copyright" : {
      "libelleFr" : "Service Communication"
    },
    "traductionFichiers" : [ {
      "locale" : "fr",
      "url" : "https://static.apidae-tourisme.com/filestore/objets-touristiques/images/118/102/9922166.jpg",
      "urlListe" : "https://static.apidae-tourisme.com/filestore/objets-touristiques/images/118/102/9922166-liste.jpg",
      "urlFiche" : "https://static.apidae-tourisme.com/filestore/objets-touristiques/images/118/102/9922166-fiche.jpg",
      "urlDiaporama" : "https://static.apidae-tourisme.com/filestore/objets-touristiques/images/118/102/9922166-diaporama.jpg",
      "extension" : "jpg",
      "fileName" : "Marché 2",
      "taille" : 138145,
      "hauteur" : 640,
      "largeur" : 960,
      "lastModifiedDate" : "2021-05-31T08:30:32.000+0000"
    } ],
    "locked" : false
  } ],
  "territoires" : [ {
    "type" : "TERRITOIRE",
    "id" : 324346
  }, {
    "type" : "TERRITOIRE",
    "id" : 591381
  }, {
    "type" : "TERRITOIRE",
    "id" : 591419
  }, {
    "type" : "TERRITOIRE",
    "id" : 658199
  }, {
    "type" : "TERRITOIRE",
    "id" : 4877700
  }, {
    "type" : "TERRITOIRE",
    "id" : 5127066
  }, {
    "type" : "TERRITOIRE",
    "id" : 5427637
  }, {
    "type" : "TERRITOIRE",
    "id" : 5693752
  }, {
    "type" : "TERRITOIRE",
    "id" : 5693899
  }, {
    "type" : "TERRITOIRE",
    "id" : 5853921
  } ],
  "datesOuverture" : [ "2022-10-19", "2022-10-26", "2022-11-02", "2022-11-09", "2022-11-16", "2022-11-23", "2022-11-30", "2022-12-07", "2022-12-14", "2022-12-21", "2022-12-28", "2023-01-04", "2023-01-11", "2023-01-18", "2023-01-25", "2023-02-01", "2023-02-08", "2023-02-15", "2023-02-22", "2023-03-01", "2023-03-08", "2023-03-15", "2023-03-22", "2023-03-29", "2023-04-05", "2023-04-12", "2023-04-19", "2023-04-26", "2023-05-03", "2023-05-10", "2023-05-17", "2023-05-24", "2023-05-31", "2023-06-07", "2023-06-14", "2023-06-21", "2023-06-28", "2023-07-05", "2023-07-12", "2023-07-19", "2023-07-26", "2023-08-02", "2023-08-09", "2023-08-16", "2023-08-23", "2023-08-30", "2023-09-06", "2023-09-13", "2023-09-20", "2023-09-27", "2023-10-04", "2023-10-11", "2023-10-18", "2023-10-25", "2023-11-01", "2023-11-08", "2023-11-15", "2023-11-22", "2023-11-29", "2023-12-06", "2023-12-13", "2023-12-20", "2023-12-27", "2024-01-03", "2024-01-10", "2024-01-17", "2024-01-24", "2024-01-31", "2024-02-07", "2024-02-14", "2024-02-21", "2024-02-28", "2024-03-06", "2024-03-13", "2024-03-20", "2024-03-27", "2024-04-03", "2024-04-10", "2024-04-17", "2024-04-24", "2024-05-01", "2024-05-08", "2024-05-15", "2024-05-22", "2024-05-29", "2024-06-05", "2024-06-12", "2024-06-19", "2024-06-26", "2024-07-03", "2024-07-10", "2024-07-17", "2024-07-24", "2024-07-31", "2024-08-07", "2024-08-14", "2024-08-21", "2024-08-28", "2024-09-04", "2024-09-11", "2024-09-18", "2024-09-25", "2024-10-02", "2024-10-09", "2024-10-16" ],
  "informationsFeteEtManifestation" : {
    "typesManifestation" : [ {
      "elementReferenceType" : "FeteEtManifestationType",
      "id" : 1962
    } ],
    "categories" : [ {
      "elementReferenceType" : "FeteEtManifestationCategorie",
      "id" : 2107
    } ],
    "themes" : [ {
      "elementReferenceType" : "FeteEtManifestationTheme",
      "id" : 2292
    } ],
    "portee" : {
      "elementReferenceType" : "FeteEtManifestationPortee",
      "id" : 2352
    },
    "nomLieu" : "Centre Ville"
  },
  "formatVersion" : "v002",
  "expiration" : { },
  "enquete" : { }
}