{
  "type" : "PATRIMOINE_CULTUREL",
  "id" : 5539465,
  "nom" : {
    "libelleFr" : "Souleïado - Musée du Tissu Provençal",
    "libelleEn" : "Souleïado - Museum of Provencal Fabric",
    "libelleEs" : "Souleïado - Museo de Tejidos Provenzales",
    "libelleIt" : "Souleïado",
    "libelleDe" : "Souleïado - Museum für provenzalische Stoffe",
    "libelleNl" : "Souleïado"
  },
  "identifier" : "SITRA2_PCU_5539465",
  "state" : "PUBLISHED",
  "gestion" : {
    "dateCreation" : "2020-05-27T15:11:33.635+0000",
    "dateModification" : "2022-08-11T12:47:44.181+0000",
    "dateExportModification" : "2022-11-04T12:30:49.722+0000",
    "membreProprietaire" : {
      "type" : {
        "elementReferenceType" : "MembreSitraType",
        "id" : 233
      },
      "nom" : "Communauté d'agglomération Arles Crau Camargue Montagnette (ACCM)",
      "dateCreation" : "2020-10-27T15:36:13.685+0000",
      "dateModification" : "2022-10-24T08:49:31.113+0000",
      "id" : 2118
    },
    "signalerUnProblemeMails" : [ "e.dejean@agglo-accm.fr", "i.bindoni@agglo-accm.fr", "i.filaseta@agglo-accm.fr", "m.graziani@agglo-accm.fr" ]
  },
  "informations" : {
    "moyensCommunication" : [ {
      "identifiant" : 79674925,
      "type" : {
        "elementReferenceType" : "MoyenCommunicationType",
        "id" : 201
      },
      "coordonnees" : {
        "fr" : "04 90 91 08 80"
      }
    }, {
      "identifiant" : 79674926,
      "type" : {
        "elementReferenceType" : "MoyenCommunicationType",
        "id" : 202
      },
      "coordonnees" : {
        "fr" : "04 90 91 01 08"
      }
    }, {
      "identifiant" : 79674927,
      "type" : {
        "elementReferenceType" : "MoyenCommunicationType",
        "id" : 204
      },
      "coordonnees" : {
        "fr" : "musee@souleiado.com"
      }
    }, {
      "identifiant" : 79674928,
      "type" : {
        "elementReferenceType" : "MoyenCommunicationType",
        "id" : 205
      },
      "coordonnees" : {
        "fr" : "http://souleiado-lemusee.com/"
      }
    } ],
    "informationsLegales" : {
      "siret" : "78568029000013",
      "codeApeNaf" : "182E"
    },
    "structureGestion" : {
      "type" : "STRUCTURE",
      "id" : 5218813
    }
  },
  "presentation" : {
    "descriptifCourt" : {
      "libelleFr" : "Situé à Tarascon, le musée Souleiado présente une collection unique de planches d’impression d’indiennes, d’habits et d’objets provençaux.",
      "libelleEn" : "Located in Tarascon, the Souleiado museum presents the unique collection of the provençal blockprints,  clothes and items.",
      "libelleEs" : "Situado en Tarascón, el museo Souleiado presenta una colección única de planchas de impresión indias, ropa y objetos provenzales.",
      "libelleDe" : "Das Souleiado-Museum befindet sich in Tarascon und zeigt eine einzigartige Sammlung von Druckstöcken für Indianer, provenzalische Kleidung und Gegenstände."
    },
    "descriptifDetaille" : {
      "libelleFr" : "Le musée Souleiado installé dans le magnifique hôtel particulier d'Aiminy abrite depuis 1806 une manufacture d'impression d'indiennes, plus connues sous la dénomination de tissus provençaux. Ce musée de la société Souleiado mêle l'histoire de la Provence et de la tradition de fabrication des toiles imprimées. Au fil des salles visitées, vous découvrirez des pièces rares du costume provençal, de merveilleux piqués et de charmantes reconstitutions d'anciennes scènes de la vie quotidienne en Provence.",
      "libelleEn" : "The Souléiado Museum was created in a private mansion which housed an Indian printing site from 1806. This society museum combines the history of our Provence with the traditional production of cotton fabrics. There are printed textiles with colourful motifs known as 'Indian textiles', which are now Provençal fabrics. In this museum, you will discover rare examples of Provençal costumes, wonderful stitching and charming reconstructions of former scenes from everyday life in Provence.",
      "libelleEs" : "El museo Souléiado fue creado en un hotel particular que albergó desde 1806 una fábrica de estampados india.  Este museo de sociedad mezcla la historia de nuestra Provenza con la tradición de la fabricación de telas de algodón. Textiles impresos con motivos coloridos que se llamaban \"indios\" y que en la actualidad son tejidos provenzales. En este museo, descubrirá piezas únicas del traje provenzal, maravillosos piqués, encantadoras reconstrucciones de antiguas escena de la vida cotidiana de Provenza.",
      "libelleIt" : "Il museo Souléiado è stato creato in un palazzo signorile che ospita dal 1806 una manifattura di stampa di tessuti provenzali. Questo museo di società coniuga la storia della nostra Provenza e la tradizione della fabbricazione di tele in cotone. Dei tessuti stampati con motivi colorati, un tempo chiamati \"Indiennes\" (tele indiane), e oggi conosciuti come tessuti provenzali. In questo museo, scoprirete rari elementi del costume provenzale, meravigliosi tessuti trapuntati e incantevoli ricostituzioni di antiche scene di vita quotidiana in Provenza.",
      "libelleDe" : "Das Museum Souléiado wurde in einem Herrenhaus eingerichtet, in dem seit 1806 eine Druckereiwerkstatt für Indienstoffe ansässig war. Dieses Volksmuseum verbindet die Geschichte unserer Provence mit der traditionellen Baumwollstoffherstellung. Diese mit farbenfrohen Motiven bedruckten Textilien, vormals „Indienstoffe“ genannt, wurden zu den typischen Stoffen der Provence.. In diesen Museum können Sie weiterhin einige seltene Stücke der provenzalischen Trachten, wunderschöne Piqué-Handarbeiten und zauberhafte Nachstellungen von Szenen des täglichen Lebens in früheren Zeiten der Provence bestaunen.",
      "libelleNl" : "Het museum Souleïdado is opgericht in een herenhuis dat sinds 1806 een katoendrukkerij herbergt. Dit gemeenschapsmuseum combineert de geschiedenis van de Provence met de traditie van het katoendrukken. Met gekleurde motieven bedrukte doeken die vroeger \"indiennes\" heetten en tegenwoordig Provençaals textiel. In dit museum vindt u zeldzame Provençaalse kledingstukken, schitterend piqué en charmante reconstructies van tafereeltjes uit het vroegere dagelijkse leven in de Provence."
    }
  },
  "localisation" : {
    "adresse" : {
      "adresse1" : "39 rue Charles Demery",
      "codePostal" : "13150",
      "bureauDistribution" : "TARASCON",
      "commune" : {
        "id" : 4519
      }
    },
    "geolocalisation" : {
      "complement" : {
        "libelleFr" : "Au centre ville de Tarascon, Place de l'Hôtel de ville, prendre la seconde rue à droite (Rue Proudhon)."
      },
      "valide" : true,
      "geoJson" : {
        "type" : "Point",
        "coordinates" : [ 4.659568, 43.804799 ]
      }
    },
    "perimetreGeographique" : [ {
      "id" : 4519
    } ]
  },
  "liens" : {
    "liensObjetsTouristiquesTypes" : [ {
      "type" : "SUR_PLACE",
      "libelleFr" : "Sur place",
      "libelleEn" : "On the premises",
      "libelleEs" : "In situ",
      "libelleIt" : "Sul posto",
      "libelleDe" : "Vor Ort",
      "libelleNl" : "Ter plaatse",
      "libelleRu" : "На месте",
      "libelleZh" : "堂食",
      "libellePtBR" : "No local",
      "libelleJa" : "現地で",
      "objetTouristique" : {
        "type" : "COMMERCE_ET_SERVICE",
        "id" : 5547045
      }
    }, {
      "type" : "SUR_PLACE",
      "libelleFr" : "Sur place",
      "libelleEn" : "On the premises",
      "libelleEs" : "In situ",
      "libelleIt" : "Sul posto",
      "libelleDe" : "Vor Ort",
      "libelleNl" : "Ter plaatse",
      "libelleRu" : "На месте",
      "libelleZh" : "堂食",
      "libellePtBR" : "No local",
      "libelleJa" : "現地で",
      "objetTouristique" : {
        "type" : "COMMERCE_ET_SERVICE",
        "id" : 5546821
      }
    } ]
  },
  "prestations" : {
    "equipements" : [ {
      "elementReferenceType" : "PrestationEquipement",
      "id" : 1321
    } ],
    "services" : [ {
      "elementReferenceType" : "PrestationService",
      "id" : 1026
    }, {
      "elementReferenceType" : "PrestationService",
      "id" : 1115
    }, {
      "elementReferenceType" : "PrestationService",
      "id" : 1130
    }, {
      "elementReferenceType" : "PrestationService",
      "id" : 1190
    } ],
    "animauxAcceptes" : "NON_ACCEPTES",
    "animauxAcceptesSupplement" : "NON_DISPONIBLE",
    "activites" : [ {
      "elementReferenceType" : "PrestationActivite",
      "id" : 6032
    } ],
    "languesParlees" : [ {
      "elementReferenceType" : "Langue",
      "id" : 1192
    }, {
      "elementReferenceType" : "Langue",
      "id" : 1197
    } ],
    "typesClientele" : [ {
      "elementReferenceType" : "TypeClientele",
      "id" : 593
    } ]
  },
  "ouverture" : {
    "periodeEnClair" : {
      "libelleFr" : "Du 01/04 au 30/09 de 10h à 19h.\nFermé le dimanche.\n\nDu 01/10 au 31/12 de 10h à 19h30.\nFermé le dimanche.",
      "libelleEn" : "From 01/04 to 30/09 between 10 am and 7 pm.\nClosed on Sunday.\n\nFrom 01/10 to 31/12 between 10 am and 7.30 pm.\nClosed on Sunday.",
      "libelleEs" : "Del 01/04 al 30/09 de 10 a 19.\nCerrado los domingo.\n\nDel 01/10 al 31/12 de 10 a 19:30.\nCerrado los domingo.",
      "libelleIt" : "Dal 01/04 al 30/09 dalle 10 alle 19.\nChiuso la domenica.\n\nDal 01/10 al 31/12 dalle 10 alle 19:30.\nChiuso la domenica.",
      "libelleDe" : "Vom 01/04 bis 30/09 von 10 Uhr bis 19 Uhr.\nSonntag geschlossen.\n\nVom 01/10 bis 31/12 von 10 Uhr bis 19.30 Uhr.\nSonntag geschlossen.",
      "libelleNl" : "Van 01/04 tot en met 30/09 van 10.00 tot en met 19.00 u.\nZondag gesloten.\n\nVan 01/10 tot en met 31/12 van 10.00 tot en met 19.30 u.\nZondag gesloten.",
      "libelleRu" : "С 01/04 до 30/09 с 10h до 19h.\nНе работает воскресенье.\n\nС 01/10 до 31/12 с 10h до 19h30.\nНе работает воскресенье.",
      "libelleZh" : "从 4月1日 到 9月30日 小时小时 和 小时小时 之间.\n星期日 关闭.\n\n从 10月1日 到 12月31日 小时小时 和 小时小时分钟  之间.\n星期日 关闭.",
      "libellePtBR" : "De 01/04 a 30/09 de 10h a  19h.\nFechado em domingo.\n\nDe 01/10 a 31/12 de 10h a  19h30.\nFechado em domingo.",
      "libelleJa" : "01/04 から 30/09 まで 10 午前 と 7 午後 の間.\n日曜日 は休み.\n\n01/10 から 31/12 まで 10 午前 と 7.30 午後 の間.\n日曜日 は休み."
    },
    "periodeEnClairGenerationMode" : "AUTOMATIQUE",
    "indicationsPeriode" : [ {
      "elementReferenceType" : "IndicationPeriode",
      "id" : 416
    }, {
      "elementReferenceType" : "IndicationPeriode",
      "id" : 418
    }, {
      "elementReferenceType" : "IndicationPeriode",
      "id" : 435
    }, {
      "elementReferenceType" : "IndicationPeriode",
      "id" : 436
    } ],
    "periodesOuvertures" : [ {
      "identifiant" : 19372728,
      "dateDebut" : "2020-04-01",
      "dateFin" : "2020-09-30",
      "horaireOuverture" : "10:00:00",
      "horaireFermeture" : "19:00:00",
      "type" : "OUVERTURE_SAUF",
      "tousLesAns" : true,
      "ouverturesJournalieres" : [ {
        "jour" : "DIMANCHE"
      } ],
      "identifiantTechnique" : 23964824
    }, {
      "identifiant" : 19372729,
      "dateDebut" : "2020-10-01",
      "dateFin" : "2020-12-31",
      "horaireOuverture" : "10:00:00",
      "horaireFermeture" : "19:30:00",
      "type" : "OUVERTURE_SAUF",
      "tousLesAns" : true,
      "ouverturesJournalieres" : [ {
        "jour" : "DIMANCHE"
      } ],
      "identifiantTechnique" : 23964825
    } ]
  },
  "descriptionTarif" : {
    "indicationTarif" : "PAYANT",
    "gratuit" : false,
    "tarifsEnClair" : {
      "libelleFr" : "Entrée plein tarif : 7€ \r\nEntrée tarif réduit : 5€ \r\nGroupe sur rendez-vous.",
      "libelleEn" : "Full price admission: 7€. \r\nReduced admission: 5€ (for groups) \r\nGroups by appointment.",
      "libelleEs" : "Precio completo: 7 euros \r\nEntrada reducida: 5 euros \r\nGrupos con cita previa.",
      "libelleDe" : "Voller Eintrittspreis: 7€. \r\nErmäßigter Eintritt: 5€. \r\nGruppe nach Vereinbarung."
    },
    "tarifsEnClairGenerationMode" : "AUTOMATIQUE",
    "complement" : {
      "libelleFr" : "Entrée plein tarif : 7€ \r\nEntrée tarif réduit : 5€ \r\nGroupe sur rendez-vous",
      "libelleEn" : "Full price admission: 7€. \r\nReduced admission: 5€ (for groups) \r\nGroups by appointment",
      "libelleEs" : "Precio completo: 7 euros \r\nEntrada reducida: 5 euros \r\nGrupos con cita previa",
      "libelleDe" : "Voller Eintrittspreis: 7€. \r\nErmäßigter Eintritt: 5€. \r\nGruppe nach Vereinbarung"
    },
    "modesPaiement" : [ {
      "elementReferenceType" : "ModePaiement",
      "id" : 1271
    }, {
      "elementReferenceType" : "ModePaiement",
      "id" : 1277
    } ],
    "devise" : "EUR",
    "conditions" : { }
  },
  "reservation" : { },
  "criteresInternes" : [ {
    "id" : 10234
  }, {
    "id" : 12888
  }, {
    "id" : 12889
  }, {
    "id" : 12890
  }, {
    "id" : 12891
  }, {
    "id" : 13197
  }, {
    "id" : 13246
  }, {
    "id" : 13248
  }, {
    "id" : 16775
  }, {
    "id" : 16902
  }, {
    "id" : 18002
  }, {
    "id" : 18428
  } ],
  "contacts" : [ {
    "identifiant" : 17644239,
    "referent" : true,
    "nom" : "MUSÉE",
    "fonction" : {
      "elementReferenceType" : "ContactFonction",
      "id" : 459
    },
    "moyensCommunication" : [ {
      "identifiant" : 81738787,
      "type" : {
        "elementReferenceType" : "MoyenCommunicationType",
        "id" : 201
      },
      "coordonnees" : {
        "fr" : "04 90 91 08 80"
      }
    }, {
      "identifiant" : 81738788,
      "type" : {
        "elementReferenceType" : "MoyenCommunicationType",
        "id" : 204
      },
      "coordonnees" : {
        "fr" : "musee@souleiado.com"
      }
    }, {
      "identifiant" : 81738789,
      "type" : {
        "elementReferenceType" : "MoyenCommunicationType",
        "id" : 205
      },
      "coordonnees" : {
        "fr" : "http://www.souleiado.com"
      }
    } ]
  } ],
  "illustrations" : [ {
    "identifiant" : 9666178,
    "link" : false,
    "type" : "IMAGE",
    "nom" : {
      "libelleFr" : "Musée Souleiado"
    },
    "legende" : {
      "libelleFr" : "Musée Souleiado à Tarascon"
    },
    "copyright" : {
      "libelleFr" : "Musée Souleiado"
    },
    "traductionFichiers" : [ {
      "locale" : "fr",
      "url" : "https://static.apidae-tourisme.com/filestore/objets-touristiques/images/147/201/9423251.jpg",
      "urlListe" : "https://static.apidae-tourisme.com/filestore/objets-touristiques/images/147/201/9423251-liste.jpg",
      "urlFiche" : "https://static.apidae-tourisme.com/filestore/objets-touristiques/images/147/201/9423251-fiche.jpg",
      "urlDiaporama" : "https://static.apidae-tourisme.com/filestore/objets-touristiques/images/147/201/9423251-diaporama.jpg",
      "extension" : "jpg",
      "fileName" : "Musee_Souleiado_2021 - Copie",
      "taille" : 947281,
      "hauteur" : 1440,
      "largeur" : 2160,
      "lastModifiedDate" : "2021-03-24T14:25:18.000+0000"
    } ],
    "locked" : false
  }, {
    "identifiant" : 9666175,
    "link" : false,
    "type" : "IMAGE",
    "nom" : {
      "libelleFr" : "Musée Souleiado"
    },
    "legende" : {
      "libelleFr" : "Musée Souleiado à Tarascon"
    },
    "copyright" : {
      "libelleFr" : "Musée Souleiado"
    },
    "traductionFichiers" : [ {
      "locale" : "fr",
      "url" : "https://static.apidae-tourisme.com/filestore/objets-touristiques/images/144/201/9423248.jpg",
      "urlListe" : "https://static.apidae-tourisme.com/filestore/objets-touristiques/images/144/201/9423248-liste.jpg",
      "urlFiche" : "https://static.apidae-tourisme.com/filestore/objets-touristiques/images/144/201/9423248-fiche.jpg",
      "urlDiaporama" : "https://static.apidae-tourisme.com/filestore/objets-touristiques/images/144/201/9423248-diaporama.jpg",
      "extension" : "jpg",
      "fileName" : "8257612",
      "taille" : 250158,
      "hauteur" : 1920,
      "largeur" : 1440,
      "lastModifiedDate" : "2021-03-24T14:25:21.000+0000"
    } ],
    "locked" : false
  }, {
    "identifiant" : 8488569,
    "link" : false,
    "type" : "IMAGE",
    "nom" : {
      "libelleFr" : "13T2000706_2_HD.jpg"
    },
    "copyright" : {
      "libelleFr" : "M.Faubet"
    },
    "traductionFichiers" : [ {
      "locale" : "fr",
      "url" : "https://static.apidae-tourisme.com/filestore/objets-touristiques/images/77/0/8257613.jpg",
      "urlListe" : "https://static.apidae-tourisme.com/filestore/objets-touristiques/images/77/0/8257613-liste.jpg",
      "urlFiche" : "https://static.apidae-tourisme.com/filestore/objets-touristiques/images/77/0/8257613-fiche.jpg",
      "urlDiaporama" : "https://static.apidae-tourisme.com/filestore/objets-touristiques/images/77/0/8257613-diaporama.jpg",
      "extension" : "jpg",
      "fileName" : "full",
      "taille" : 992003,
      "hauteur" : 1920,
      "largeur" : 1440,
      "lastModifiedDate" : "2020-07-23T17:08:34.000+0000"
    } ],
    "locked" : false
  }, {
    "identifiant" : 8488570,
    "link" : false,
    "type" : "IMAGE",
    "nom" : {
      "libelleFr" : "13T2000706_3_HD.jpg"
    },
    "copyright" : {
      "libelleFr" : "M.Faubet"
    },
    "traductionFichiers" : [ {
      "locale" : "fr",
      "url" : "https://static.apidae-tourisme.com/filestore/objets-touristiques/images/78/0/8257614.jpg",
      "urlListe" : "https://static.apidae-tourisme.com/filestore/objets-touristiques/images/78/0/8257614-liste.jpg",
      "urlFiche" : "https://static.apidae-tourisme.com/filestore/objets-touristiques/images/78/0/8257614-fiche.jpg",
      "urlDiaporama" : "https://static.apidae-tourisme.com/filestore/objets-touristiques/images/78/0/8257614-diaporama.jpg",
      "extension" : "jpg",
      "fileName" : "full",
      "taille" : 783717,
      "hauteur" : 1440,
      "largeur" : 1920,
      "lastModifiedDate" : "2020-07-23T17:08:33.000+0000"
    } ],
    "locked" : false
  }, {
    "identifiant" : 9666176,
    "link" : false,
    "type" : "IMAGE",
    "nom" : {
      "libelleFr" : "Musée Souleiado"
    },
    "legende" : {
      "libelleFr" : "Musée Souleiado à Tarascon"
    },
    "copyright" : {
      "libelleFr" : "Musée Souleiado"
    },
    "traductionFichiers" : [ {
      "locale" : "fr",
      "url" : "https://static.apidae-tourisme.com/filestore/objets-touristiques/images/145/201/9423249.jpg",
      "urlListe" : "https://static.apidae-tourisme.com/filestore/objets-touristiques/images/145/201/9423249-liste.jpg",
      "urlFiche" : "https://static.apidae-tourisme.com/filestore/objets-touristiques/images/145/201/9423249-fiche.jpg",
      "urlDiaporama" : "https://static.apidae-tourisme.com/filestore/objets-touristiques/images/145/201/9423249-diaporama.jpg",
      "extension" : "jpg",
      "fileName" : "8257615",
      "taille" : 436405,
      "hauteur" : 1920,
      "largeur" : 1440,
      "lastModifiedDate" : "2021-03-24T14:25:20.000+0000"
    } ],
    "locked" : false
  }, {
    "identifiant" : 9666177,
    "link" : false,
    "type" : "IMAGE",
    "nom" : {
      "libelleFr" : "Musée Souleiado"
    },
    "legende" : {
      "libelleFr" : "Musée Souleiado à Tarascon"
    },
    "copyright" : {
      "libelleFr" : "Musée Souleiado"
    },
    "traductionFichiers" : [ {
      "locale" : "fr",
      "url" : "https://static.apidae-tourisme.com/filestore/objets-touristiques/images/146/201/9423250.jpg",
      "urlListe" : "https://static.apidae-tourisme.com/filestore/objets-touristiques/images/146/201/9423250-liste.jpg",
      "urlFiche" : "https://static.apidae-tourisme.com/filestore/objets-touristiques/images/146/201/9423250-fiche.jpg",
      "urlDiaporama" : "https://static.apidae-tourisme.com/filestore/objets-touristiques/images/146/201/9423250-diaporama.jpg",
      "extension" : "jpg",
      "fileName" : "8257616",
      "taille" : 374040,
      "hauteur" : 1440,
      "largeur" : 1920,
      "lastModifiedDate" : "2021-03-24T14:25:19.000+0000"
    } ],
    "locked" : false
  }, {
    "identifiant" : 8488573,
    "link" : false,
    "type" : "IMAGE",
    "nom" : {
      "libelleFr" : "13T2000706_6_HD.jpg"
    },
    "copyright" : {
      "libelleFr" : "M.Faubet"
    },
    "traductionFichiers" : [ {
      "locale" : "fr",
      "url" : "https://static.apidae-tourisme.com/filestore/objets-touristiques/images/81/0/8257617.jpg",
      "urlListe" : "https://static.apidae-tourisme.com/filestore/objets-touristiques/images/81/0/8257617-liste.jpg",
      "urlFiche" : "https://static.apidae-tourisme.com/filestore/objets-touristiques/images/81/0/8257617-fiche.jpg",
      "urlDiaporama" : "https://static.apidae-tourisme.com/filestore/objets-touristiques/images/81/0/8257617-diaporama.jpg",
      "extension" : "jpg",
      "fileName" : "full",
      "taille" : 661810,
      "hauteur" : 1440,
      "largeur" : 1920,
      "lastModifiedDate" : "2020-07-23T17:08:36.000+0000"
    } ],
    "locked" : false
  }, {
    "identifiant" : 9736537,
    "link" : false,
    "type" : "IMAGE",
    "nom" : {
      "libelleFr" : "Musée Souleiado - entrée"
    },
    "legende" : {
      "libelleFr" : "Musée Souleiado à Tarascon"
    },
    "copyright" : {
      "libelleFr" : "Musée Souleiado"
    },
    "traductionFichiers" : [ {
      "locale" : "fr",
      "url" : "https://static.apidae-tourisme.com/filestore/objets-touristiques/images/16/219/9493264.jpg",
      "urlListe" : "https://static.apidae-tourisme.com/filestore/objets-touristiques/images/16/219/9493264-liste.jpg",
      "urlFiche" : "https://static.apidae-tourisme.com/filestore/objets-touristiques/images/16/219/9493264-fiche.jpg",
      "urlDiaporama" : "https://static.apidae-tourisme.com/filestore/objets-touristiques/images/16/219/9493264-diaporama.jpg",
      "extension" : "jpg",
      "fileName" : "entree-souleiado (002) MUSEE",
      "taille" : 528043,
      "hauteur" : 1800,
      "largeur" : 1200,
      "lastModifiedDate" : "2021-03-30T14:46:56.000+0000"
    } ],
    "locked" : false
  }, {
    "identifiant" : 9736534,
    "link" : false,
    "type" : "IMAGE",
    "nom" : {
      "libelleFr" : "Souleiado Musée"
    },
    "legende" : {
      "libelleFr" : "Musée Souleiado à Tarascon"
    },
    "copyright" : {
      "libelleFr" : "©David_Picchiottino - Souleiado"
    },
    "traductionFichiers" : [ {
      "locale" : "fr",
      "url" : "https://static.apidae-tourisme.com/filestore/objets-touristiques/images/13/219/9493261.jpg",
      "urlListe" : "https://static.apidae-tourisme.com/filestore/objets-touristiques/images/13/219/9493261-liste.jpg",
      "urlFiche" : "https://static.apidae-tourisme.com/filestore/objets-touristiques/images/13/219/9493261-fiche.jpg",
      "urlDiaporama" : "https://static.apidae-tourisme.com/filestore/objets-touristiques/images/13/219/9493261-diaporama.jpg",
      "extension" : "jpg",
      "fileName" : "[Group 0]-_MUSEE DAVIF PICCHIOTTINO",
      "taille" : 546075,
      "hauteur" : 1500,
      "largeur" : 1200,
      "lastModifiedDate" : "2021-03-30T14:46:56.000+0000"
    } ],
    "locked" : false
  }, {
    "identifiant" : 9736535,
    "link" : false,
    "type" : "IMAGE",
    "nom" : {
      "libelleFr" : "Musée Souleiado - Tissus"
    },
    "legende" : {
      "libelleFr" : "Musée Souleiado à Tarascon"
    },
    "copyright" : {
      "libelleFr" : "©David_Picchiottino - Souleiado"
    },
    "traductionFichiers" : [ {
      "locale" : "fr",
      "url" : "https://static.apidae-tourisme.com/filestore/objets-touristiques/images/14/219/9493262.png",
      "urlListe" : "https://static.apidae-tourisme.com/filestore/objets-touristiques/images/14/219/9493262-liste.png",
      "urlFiche" : "https://static.apidae-tourisme.com/filestore/objets-touristiques/images/14/219/9493262-fiche.png",
      "urlDiaporama" : "https://static.apidae-tourisme.com/filestore/objets-touristiques/images/14/219/9493262-diaporama.png",
      "extension" : "png",
      "fileName" : "_DSC5297 MUSEE DAVID PICCHIOTTINO",
      "taille" : 6668756,
      "hauteur" : 1800,
      "largeur" : 1200,
      "lastModifiedDate" : "2021-03-30T14:46:53.000+0000"
    } ],
    "locked" : false
  }, {
    "identifiant" : 9736536,
    "link" : false,
    "type" : "IMAGE",
    "nom" : {
      "libelleFr" : "Musée Souleiado - archives"
    },
    "legende" : {
      "libelleFr" : "Musée Souleiado à Tarascon"
    },
    "copyright" : {
      "libelleFr" : "©David_Picchiottino - Souleiado"
    },
    "traductionFichiers" : [ {
      "locale" : "fr",
      "url" : "https://static.apidae-tourisme.com/filestore/objets-touristiques/images/15/219/9493263.jpg",
      "urlListe" : "https://static.apidae-tourisme.com/filestore/objets-touristiques/images/15/219/9493263-liste.jpg",
      "urlFiche" : "https://static.apidae-tourisme.com/filestore/objets-touristiques/images/15/219/9493263-fiche.jpg",
      "urlDiaporama" : "https://static.apidae-tourisme.com/filestore/objets-touristiques/images/15/219/9493263-diaporama.jpg",
      "extension" : "jpg",
      "fileName" : "_DSC5310 MUSEE DAVID PICCHIOTTINO",
      "taille" : 795055,
      "hauteur" : 1800,
      "largeur" : 1200,
      "lastModifiedDate" : "2021-03-30T14:46:55.000+0000"
    } ],
    "locked" : false
  } ],
  "tourismeAffaires" : {
    "tourismeAffairesEnabled" : true,
    "nombreSallesReunionEquipees" : 12,
    "capaciteMaxAccueil" : 60
  },
  "visites" : {
    "languesPanneauInformation" : [ {
      "elementReferenceType" : "Langue",
      "id" : 1189
    }, {
      "elementReferenceType" : "Langue",
      "id" : 1192
    }, {
      "elementReferenceType" : "Langue",
      "id" : 1194
    }, {
      "elementReferenceType" : "Langue",
      "id" : 1197
    }, {
      "elementReferenceType" : "Langue",
      "id" : 1200
    }, {
      "elementReferenceType" : "Langue",
      "id" : 4602
    }, {
      "elementReferenceType" : "Langue",
      "id" : 5996
    } ],
    "visitable" : true
  },
  "territoires" : [ {
    "type" : "TERRITOIRE",
    "id" : 324348
  }, {
    "type" : "TERRITOIRE",
    "id" : 591381
  }, {
    "type" : "TERRITOIRE",
    "id" : 591419
  }, {
    "type" : "TERRITOIRE",
    "id" : 658199
  }, {
    "type" : "TERRITOIRE",
    "id" : 4819487
  }, {
    "type" : "TERRITOIRE",
    "id" : 4881511
  }, {
    "type" : "TERRITOIRE",
    "id" : 5127066
  }, {
    "type" : "TERRITOIRE",
    "id" : 5427584
  }, {
    "type" : "TERRITOIRE",
    "id" : 5447176
  }, {
    "type" : "TERRITOIRE",
    "id" : 5693779
  }, {
    "type" : "TERRITOIRE",
    "id" : 6142170
  } ],
  "datesOuverture" : [ "2023-04-01", "2023-04-03", "2023-04-04", "2023-04-05", "2023-04-06", "2023-04-07", "2023-04-08", "2023-04-10", "2023-04-11", "2023-04-12", "2023-04-13", "2023-04-14", "2023-04-15", "2023-04-17", "2023-04-18", "2023-04-19", "2023-04-20", "2023-04-21", "2023-04-22", "2023-04-24", "2023-04-25", "2023-04-26", "2023-04-27", "2023-04-28", "2023-04-29", "2023-05-01", "2023-05-02", "2023-05-03", "2023-05-04", "2023-05-05", "2023-05-06", "2023-05-08", "2023-05-09", "2023-05-10", "2023-05-11", "2023-05-12", "2023-05-13", "2023-05-15", "2023-05-16", "2023-05-17", "2023-05-18", "2023-05-19", "2023-05-20", "2023-05-22", "2023-05-23", "2023-05-24", "2023-05-25", "2023-05-26", "2023-05-27", "2023-05-29", "2023-05-30", "2023-05-31", "2023-06-01", "2023-06-02", "2023-06-03", "2023-06-05", "2023-06-06", "2023-06-07", "2023-06-08", "2023-06-09", "2023-06-10", "2023-06-12", "2023-06-13", "2023-06-14", "2023-06-15", "2023-06-16", "2023-06-17", "2023-06-19", "2023-06-20", "2023-06-21", "2023-06-22", "2023-06-23", "2023-06-24", "2023-06-26", "2023-06-27", "2023-06-28", "2023-06-29", "2023-06-30", "2023-07-01", "2023-07-03", "2023-07-04", "2023-07-05", "2023-07-06", "2023-07-07", "2023-07-08", "2023-07-10", "2023-07-11", "2023-07-12", "2023-07-13", "2023-07-14", "2023-07-15", "2023-07-17", "2023-07-18", "2023-07-19", "2023-07-20", "2023-07-21", "2023-07-22", "2023-07-24", "2023-07-25", "2023-07-26", "2023-07-27", "2023-07-28", "2023-07-29", "2023-07-31", "2023-08-01", "2023-08-02", "2023-08-03", "2023-08-04", "2023-08-05", "2023-08-07", "2023-08-08", "2023-08-09", "2023-08-10", "2023-08-11", "2023-08-12", "2023-08-14", "2023-08-15", "2023-08-16", "2023-08-17", "2023-08-18", "2023-08-19", "2023-08-21", "2023-08-22", "2023-08-23", "2023-08-24", "2023-08-25", "2023-08-26", "2023-08-28", "2023-08-29", "2023-08-30", "2023-08-31", "2023-09-01", "2023-09-02", "2023-09-04", "2023-09-05", "2023-09-06", "2023-09-07", "2023-09-08", "2023-09-09", "2023-09-11", "2023-09-12", "2023-09-13", "2023-09-14", "2023-09-15", "2023-09-16", "2023-09-18", "2023-09-19", "2023-09-20", "2023-09-21", "2023-09-22", "2023-09-23", "2023-09-25", "2023-09-26", "2023-09-27", "2023-09-28", "2023-09-29", "2023-09-30", "2024-04-01", "2024-04-02", "2024-04-03", "2024-04-04", "2024-04-05", "2024-04-06", "2024-04-08", "2024-04-09", "2024-04-10", "2024-04-11", "2024-04-12", "2024-04-13", "2024-04-15", "2024-04-16", "2024-04-17", "2024-04-18", "2024-04-19", "2024-04-20", "2024-04-22", "2024-04-23", "2024-04-24", "2024-04-25", "2024-04-26", "2024-04-27", "2024-04-29", "2024-04-30", "2024-05-01", "2024-05-02", "2024-05-03", "2024-05-04", "2024-05-06", "2024-05-07", "2024-05-08", "2024-05-09", "2024-05-10", "2024-05-11", "2024-05-13", "2024-05-14", "2024-05-15", "2024-05-16", "2024-05-17", "2024-05-18", "2024-05-20", "2024-05-21", "2024-05-22", "2024-05-23", "2024-05-24", "2024-05-25", "2024-05-27", "2024-05-28", "2024-05-29", "2024-05-30", "2024-05-31", "2024-06-01", "2024-06-03", "2024-06-04", "2024-06-05", "2024-06-06", "2024-06-07", "2024-06-08", "2024-06-10", "2024-06-11", "2024-06-12", "2024-06-13", "2024-06-14", "2024-06-15", "2024-06-17", "2024-06-18", "2024-06-19", "2024-06-20", "2024-06-21", "2024-06-22", "2024-06-24", "2024-06-25", "2024-06-26", "2024-06-27", "2024-06-28", "2024-06-29", "2024-07-01", "2024-07-02", "2024-07-03", "2024-07-04", "2024-07-05", "2024-07-06", "2024-07-08", "2024-07-09", "2024-07-10", "2024-07-11", "2024-07-12", "2024-07-13", "2024-07-15", "2024-07-16", "2024-07-17", "2024-07-18", "2024-07-19", "2024-07-20", "2024-07-22", "2024-07-23", "2024-07-24", "2024-07-25", "2024-07-26", "2024-07-27", "2024-07-29", "2024-07-30", "2024-07-31", "2024-08-01", "2024-08-02", "2024-08-03", "2024-08-05", "2024-08-06", "2024-08-07", "2024-08-08", "2024-08-09", "2024-08-10", "2024-08-12", "2024-08-13", "2024-08-14", "2024-08-15", "2024-08-16", "2024-08-17", "2024-08-19", "2024-08-20", "2024-08-21", "2024-08-22", "2024-08-23", "2024-08-24", "2024-08-26", "2024-08-27", "2024-08-28", "2024-08-29", "2024-08-30", "2024-08-31", "2024-09-02", "2024-09-03", "2024-09-04", "2024-09-05", "2024-09-06", "2024-09-07", "2024-09-09", "2024-09-10", "2024-09-11", "2024-09-12", "2024-09-13", "2024-09-14", "2024-09-16", "2024-09-17", "2024-09-18", "2024-09-19", "2024-09-20", "2024-09-21", "2024-09-23", "2024-09-24", "2024-09-25", "2024-09-26", "2024-09-27", "2024-09-28", "2024-09-30", "2022-11-05", "2022-11-07", "2022-11-08", "2022-11-09", "2022-11-10", "2022-11-11", "2022-11-12", "2022-11-14", "2022-11-15", "2022-11-16", "2022-11-17", "2022-11-18", "2022-11-19", "2022-11-21", "2022-11-22", "2022-11-23", "2022-11-24", "2022-11-25", "2022-11-26", "2022-11-28", "2022-11-29", "2022-11-30", "2022-12-01", "2022-12-02", "2022-12-03", "2022-12-05", "2022-12-06", "2022-12-07", "2022-12-08", "2022-12-09", "2022-12-10", "2022-12-12", "2022-12-13", "2022-12-14", "2022-12-15", "2022-12-16", "2022-12-17", "2022-12-19", "2022-12-20", "2022-12-21", "2022-12-22", "2022-12-23", "2022-12-24", "2022-12-26", "2022-12-27", "2022-12-28", "2022-12-29", "2022-12-30", "2022-12-31", "2023-10-02", "2023-10-03", "2023-10-04", "2023-10-05", "2023-10-06", "2023-10-07", "2023-10-09", "2023-10-10", "2023-10-11", "2023-10-12", "2023-10-13", "2023-10-14", "2023-10-16", "2023-10-17", "2023-10-18", "2023-10-19", "2023-10-20", "2023-10-21", "2023-10-23", "2023-10-24", "2023-10-25", "2023-10-26", "2023-10-27", "2023-10-28", "2023-10-30", "2023-10-31", "2023-11-01", "2023-11-02", "2023-11-03", "2023-11-04", "2023-11-06", "2023-11-07", "2023-11-08", "2023-11-09", "2023-11-10", "2023-11-11", "2023-11-13", "2023-11-14", "2023-11-15", "2023-11-16", "2023-11-17", "2023-11-18", "2023-11-20", "2023-11-21", "2023-11-22", "2023-11-23", "2023-11-24", "2023-11-25", "2023-11-27", "2023-11-28", "2023-11-29", "2023-11-30", "2023-12-01", "2023-12-02", "2023-12-04", "2023-12-05", "2023-12-06", "2023-12-07", "2023-12-08", "2023-12-09", "2023-12-11", "2023-12-12", "2023-12-13", "2023-12-14", "2023-12-15", "2023-12-16", "2023-12-18", "2023-12-19", "2023-12-20", "2023-12-21", "2023-12-22", "2023-12-23", "2023-12-25", "2023-12-26", "2023-12-27", "2023-12-28", "2023-12-29", "2023-12-30", "2024-10-01", "2024-10-02", "2024-10-03", "2024-10-04", "2024-10-05", "2024-10-07", "2024-10-08", "2024-10-09", "2024-10-10", "2024-10-11", "2024-10-12", "2024-10-14", "2024-10-15", "2024-10-16", "2024-10-17", "2024-10-18", "2024-10-19", "2024-10-21", "2024-10-22", "2024-10-23", "2024-10-24", "2024-10-25", "2024-10-26", "2024-10-28", "2024-10-29", "2024-10-30", "2024-10-31", "2024-11-01", "2024-11-02", "2024-11-04" ],
  "informationsPatrimoineCulturel" : {
    "patrimoineCulturelType" : {
      "elementReferenceType" : "PatrimoineCulturelType",
      "id" : 3201
    },
    "themes" : [ {
      "elementReferenceType" : "PatrimoineCulturelTheme",
      "id" : 3419
    }, {
      "elementReferenceType" : "PatrimoineCulturelTheme",
      "id" : 3453
    } ],
    "categories" : [ {
      "elementReferenceType" : "PatrimoineCulturelCategorie",
      "id" : 3225
    } ]
  },
  "formatVersion" : "v002",
  "expiration" : { },
  "informationsPrestataireActivites" : {
    "prestataireActivites" : true
  },
  "enquete" : { },
  "donneesPrivees" : [ {
    "nomTechnique" : "1947_Id_patio",
    "libelleFr" : "Id_Patio",
    "ordre" : 1,
    "descriptif" : {
      "libelleFr" : "13T2000706"
    }
  }, {
    "nomTechnique" : "1947_Source_patio",
    "libelleFr" : "Source_Patio",
    "ordre" : 2,
    "descriptif" : {
      "libelleFr" : "OT Tarascon"
    }
  }, {
    "nomTechnique" : "1947_Url_patio",
    "libelleFr" : "URL_Patio",
    "ordre" : 3,
    "descriptif" : {
      "libelleFr" : "http://www.tarascon.fr"
    }
  } ],
  "metadonnees" : [ {
    "noeudId" : "fairguest",
    "contenus" : [ {
      "cible" : "general",
      "metadonnee" : {
        "note" : 8.0,
        "label" : "Bon",
        "couleur" : "#9fbf04",
        "nombreAvis" : 38,
        "dateMaj" : 1667557550174
      }
    } ]
  } ]
}