{
  "type" : "FETE_ET_MANIFESTATION",
  "id" : 5971604,
  "nom" : {
    "libelleFr" : "Collection permanente du Musée des Docks romains"
  },
  "identifier" : "SITRA2_EVE_5971604",
  "state" : "PUBLISHED",
  "gestion" : {
    "dateCreation" : "2021-11-19T12:43:04.328+0000",
    "dateModification" : "2022-06-01T08:59:20.465+0000",
    "dateExportModification" : "2022-06-09T07:16:13.971+0000",
    "membreProprietaire" : {
      "type" : {
        "elementReferenceType" : "MembreSitraType",
        "id" : 233
      },
      "nom" : "Ville de Marseille",
      "dateCreation" : "2017-01-24T06:54:50.567+0000",
      "dateModification" : "2022-10-24T08:49:51.518+0000",
      "id" : 1470,
      "siteWeb" : "http://www.marseille.fr/"
    },
    "signalerUnProblemeMails" : [ "narezki@marseille.fr", "sortir@marseille.fr" ]
  },
  "informations" : {
    "moyensCommunication" : [ {
      "identifiant" : 93855635,
      "type" : {
        "elementReferenceType" : "MoyenCommunicationType",
        "id" : 205
      },
      "coordonnees" : {
        "fr" : "https://musees.marseille.fr/musee-des-docks-romains-0"
      }
    }, {
      "identifiant" : 93855636,
      "type" : {
        "elementReferenceType" : "MoyenCommunicationType",
        "id" : 207
      },
      "coordonnees" : {
        "fr" : "https://www.facebook.com/museesmarseille"
      }
    } ],
    "informationsLegales" : { },
    "structureGestion" : {
      "type" : "STRUCTURE",
      "id" : 5222889
    }
  },
  "presentation" : {
    "descriptifCourt" : {
      "libelleFr" : "Ce musée consacré au commerce maritime antique est implanté au cœur d’un site archéologique exceptionnel : vous y découvrez un vaste entrepôt portuaire d’époque romaine où le vin était stocké dans d’immenses jarres."
    },
    "descriptifDetaille" : {
      "libelleFr" : "Marseille et la Mer dans l’Antiquité\r\n\r\nSur le Vieux-Port, à deux pas de l’Hôtel-de-Ville, le musée des Docks romains est un site de la Voie Historique. Associé au musée d’Histoire de Marseille, il s’ancre sur les vestiges conservés in situ d’un entrepôt portuaire situé en bordure de la principale artère de la cité antique.\r\n\r\nCet entrepôt était long d’une quarantaine de mètres et en fonction du Ier au IIIe s ap. J.-C.\r\nDécouvert en 1947 par l’archéologue Fernand Benoit dans les décombres de la ville dynamitée, cet entrepôt (horreum) est structuré sur de grandes jarres (a), appelées dolia, qui sont enfouies dans le sol et qui peuvent contenir chacune environ 1 800 litres de denrée (du vin probablement).\r\n\r\nSur la cinquantaine de jarres découvertes, seules 33 ont pu être conservées et l’ensemble est protégé en tant que Monument Historique depuis 1951. Dans l’Antiquité, le quartier semble avoir été équipé de plusieurs entrepôts de ce type.\r\nAutour de ces vestiges sont présentées les découvertes sous-marines effectuées dans la rade de Marseille depuis l’invention de l’archéologie sous-marine en 1952 (fouilles au pied du récif du Grand Congloué) par Fernand Benoit et l’équipe du Commandant Cousteau.\r\n\r\nAmphores, ancres, vaisselle de luxe, lampes, lingots, monnaies et épaves illustrent ainsi l’histoire antique des échanges de la plus ancienne ville de France.\r\n\r\nLe musée permet aussi d’admirer deux objets majeurs dans l’histoire de l’archéologie nationale puisqu’il s’agit de l’une des premières mosaïques et de la première épave antique à avoir été déposées* en France. C’était en 1831 et en 1864.\r\n\r\n► Afin d’être certain(e) de pouvoir bénéficier de la visite complète de toutes nos salles d’exposition, nous vous invitons à contacter le Musée avant votre visite\r\n\r\n► Toutes les visites et activités autour de l’exposition sont disponibles sur le site musees.marseille.fr"
    }
  },
  "localisation" : {
    "adresse" : {
      "nomDuLieu" : "Musée des Docks Romains",
      "adresse1" : "28 Place Vivaux",
      "codePostal" : "13002",
      "bureauDistribution" : "MARSEILLE",
      "commune" : {
        "id" : 4532
      }
    },
    "geolocalisation" : {
      "valide" : true,
      "geoJson" : {
        "type" : "Point",
        "coordinates" : [ 5.367949, 43.296757 ]
      }
    },
    "perimetreGeographique" : [ {
      "id" : 4466
    }, {
      "id" : 4532
    } ]
  },
  "liens" : { },
  "prestations" : {
    "animauxAcceptes" : "NON_DISPONIBLE",
    "animauxAcceptesSupplement" : "NON_DISPONIBLE",
    "languesParlees" : [ {
      "elementReferenceType" : "Langue",
      "id" : 1197
    } ],
    "complementAccueil" : {
      "libelleEn" : "Accessible for disabled",
      "libelleIt" : "Accessibile ai disabili",
      "libelleDe" : "Zugänglich für Behinderte",
      "libelleNl" : "Toegankelijk voor mensen met een handicap"
    }
  },
  "ouverture" : {
    "periodeEnClair" : {
      "libelleFr" : "Du 01/01 au 31/12/2022 de 9h à 18h sauf les 1er janvier, 1er mai, 1er novembre, 11 novembre et 25 décembre.\nFermé le lundi.\nDu mardi au dimanche de 9h à 18h.",
      "libelleEn" : "From 01/01 to 31/12/2022 between 9 am and 6 pm except on January 1st, May 1st, November 1st, November 11th and December 25th.\nClosed on Monday.",
      "libelleEs" : "Del 01/01 al 31/12/2022 de 9 a 18 excepto los días 1er de enero, 1er de mayo, 1er de noviembre, 11 de noviembre y 25 de diciembre.\nCerrado los lunes.",
      "libelleIt" : "Dal 01/01 al 31/12/2022 dalle 9 alle 18 tranne 1° gennaio, 1° maggio, 1° novembre, 11 novembre e 25 dicembre.\nChiuso il lunedì.",
      "libelleDe" : "Vom 01/01 bis 31/12/2022 von 9 Uhr bis 18 Uhr (außer 1. Januar, 1. Mai, 1. November, 11. Dezember und 25. Dezember).\nMontag geschlossen.",
      "libelleNl" : "Van 01/01 tot en met 31/12/2022 van 9.00 tot en met 18.00 u m.u.v. 1 januari, 1 mei, 1er november, 11 november en 25 december.\nMaandag gesloten.",
      "libelleRu" : "С 01/01 до 31/12/2022 с 9h до 18h кроме 1 января, 1 мая, 1 ноября, 11 ноября и 25 декабря.\nНе работает понедельник.",
      "libelleZh" : "从 1月1日 到 2022年12月31日 小时小时 和 小时小时 之间 不包括 1月1日, 5月1日, 11月1日, 11月11日 和 12月25日.\n星期一 关闭.",
      "libellePtBR" : "De 01/01 a 31/12/2022 de 9h a  18h exceto em 1º de janeiro, 1º de maio, 1º de novembro, 11 de novembro e 25 de dezembro.\nFechado em segunda-feira.",
      "libelleJa" : "01/01 から 31/12/2022 まで 9 午前 と 6 午後 の間 1月1日, 5月1日, 11月1日, 11月11日 と 12月25日 を除き.\n月曜日 は休み."
    },
    "periodeEnClairGenerationMode" : "AUTOMATIQUE",
    "indicationsPeriode" : [ {
      "elementReferenceType" : "IndicationPeriode",
      "id" : 416
    }, {
      "elementReferenceType" : "IndicationPeriode",
      "id" : 418
    }, {
      "elementReferenceType" : "IndicationPeriode",
      "id" : 435
    }, {
      "elementReferenceType" : "IndicationPeriode",
      "id" : 436
    } ],
    "periodesOuvertures" : [ {
      "identifiant" : 22328731,
      "dateDebut" : "2022-01-01",
      "dateFin" : "2022-12-31",
      "complementHoraire" : {
        "libelleFr" : "Du mardi au dimanche de 9h à 18h"
      },
      "horaireOuverture" : "09:00:00",
      "horaireFermeture" : "18:00:00",
      "type" : "OUVERTURE_SAUF",
      "tousLesAns" : false,
      "ouverturesJournalieres" : [ {
        "jour" : "LUNDI"
      } ],
      "identifiantTechnique" : 23463032
    } ],
    "fermeturesExceptionnelles" : [ {
      "dateSpeciale" : "PREMIER_JANVIER"
    }, {
      "dateSpeciale" : "PREMIER_MAI"
    }, {
      "dateSpeciale" : "PREMIER_NOVEMBRE"
    }, {
      "dateSpeciale" : "ONZE_NOVEMBRE"
    }, {
      "dateSpeciale" : "VINGT_CINQ_DECEMBRE"
    } ]
  },
  "descriptionTarif" : {
    "indicationTarif" : "GRATUIT",
    "gratuit" : true,
    "tarifsEnClair" : {
      "libelleFr" : "Gratuit.",
      "libelleEn" : "Free of charge.",
      "libelleEs" : "Gratis.",
      "libelleIt" : "Gratuito.",
      "libelleDe" : "Kostenlos.",
      "libelleNl" : "Gratis.",
      "libelleRu" : "Бесплатно.",
      "libelleZh" : "免费.",
      "libellePtBR" : "Gratuito.",
      "libelleJa" : "無料."
    },
    "tarifsEnClairGenerationMode" : "AUTOMATIQUE",
    "complement" : { },
    "devise" : "EUR",
    "conditions" : { }
  },
  "reservation" : { },
  "illustrations" : [ {
    "identifiant" : 11565106,
    "link" : false,
    "type" : "IMAGE",
    "nom" : {
      "libelleFr" : "Collection permanente du Musée des Docks romains"
    },
    "copyright" : {
      "libelleFr" : "Collection permanente du Musée des Docks romains - Musée des Docks romains - Ville de Marseille"
    },
    "traductionFichiers" : [ {
      "locale" : "fr",
      "url" : "https://static.apidae-tourisme.com/filestore/objets-touristiques/images/156/198/11585180.jpg",
      "urlListe" : "https://static.apidae-tourisme.com/filestore/objets-touristiques/images/156/198/11585180-liste.jpg",
      "urlFiche" : "https://static.apidae-tourisme.com/filestore/objets-touristiques/images/156/198/11585180-fiche.jpg",
      "urlDiaporama" : "https://static.apidae-tourisme.com/filestore/objets-touristiques/images/156/198/11585180-diaporama.jpg",
      "extension" : "jpg",
      "fileName" : "romains",
      "taille" : 119199,
      "hauteur" : 900,
      "largeur" : 1200,
      "lastModifiedDate" : "2021-11-19T13:39:13.000+0000"
    } ],
    "locked" : false
  } ],
  "territoires" : [ {
    "type" : "TERRITOIRE",
    "id" : 591381
  }, {
    "type" : "TERRITOIRE",
    "id" : 591419
  }, {
    "type" : "TERRITOIRE",
    "id" : 5127066
  }, {
    "type" : "TERRITOIRE",
    "id" : 5427637
  }, {
    "type" : "TERRITOIRE",
    "id" : 5460436
  }, {
    "type" : "TERRITOIRE",
    "id" : 5693758
  }, {
    "type" : "TERRITOIRE",
    "id" : 5693878
  }, {
    "type" : "TERRITOIRE",
    "id" : 5693903
  }, {
    "type" : "TERRITOIRE",
    "id" : 6008197
  } ],
  "datesOuverture" : [ "2022-10-19", "2022-10-20", "2022-10-21", "2022-10-22", "2022-10-23", "2022-10-25", "2022-10-26", "2022-10-27", "2022-10-28", "2022-10-29", "2022-10-30", "2022-11-02", "2022-11-03", "2022-11-04", "2022-11-05", "2022-11-06", "2022-11-08", "2022-11-09", "2022-11-10", "2022-11-12", "2022-11-13", "2022-11-15", "2022-11-16", "2022-11-17", "2022-11-18", "2022-11-19", "2022-11-20", "2022-11-22", "2022-11-23", "2022-11-24", "2022-11-25", "2022-11-26", "2022-11-27", "2022-11-29", "2022-11-30", "2022-12-01", "2022-12-02", "2022-12-03", "2022-12-04", "2022-12-06", "2022-12-07", "2022-12-08", "2022-12-09", "2022-12-10", "2022-12-11", "2022-12-13", "2022-12-14", "2022-12-15", "2022-12-16", "2022-12-17", "2022-12-18", "2022-12-20", "2022-12-21", "2022-12-22", "2022-12-23", "2022-12-24", "2022-12-27", "2022-12-28", "2022-12-29", "2022-12-30", "2022-12-31" ],
  "informationsFeteEtManifestation" : {
    "typesManifestation" : [ {
      "elementReferenceType" : "FeteEtManifestationType",
      "id" : 1958
    } ],
    "categories" : [ {
      "elementReferenceType" : "FeteEtManifestationCategorie",
      "id" : 2080
    } ],
    "themes" : [ {
      "elementReferenceType" : "FeteEtManifestationTheme",
      "id" : 2206
    }, {
      "elementReferenceType" : "FeteEtManifestationTheme",
      "id" : 3831
    }, {
      "elementReferenceType" : "FeteEtManifestationTheme",
      "id" : 2293
    } ],
    "portee" : {
      "elementReferenceType" : "FeteEtManifestationPortee",
      "id" : 2352
    },
    "nomLieu" : "Musée des Docks Romains"
  },
  "formatVersion" : "v002",
  "expiration" : {
    "dateExpiration" : "2022-12-31T00:00:00.000+0000",
    "expirationAction" : "MASQUER_AUTOMATIQUEMENT"
  },
  "enquete" : { },
  "donneesPrivees" : [ {
    "nomTechnique" : "1947_Id_patio",
    "libelleFr" : "Id_Patio",
    "ordre" : 1,
    "descriptif" : {
      "libelleFr" : "13EVT046860"
    }
  }, {
    "nomTechnique" : "1947_Source_patio",
    "libelleFr" : "Source_Patio",
    "ordre" : 2,
    "descriptif" : {
      "libelleFr" : "Ville de Marseille"
    }
  }, {
    "nomTechnique" : "1947_Url_patio",
    "libelleFr" : "URL_Patio",
    "ordre" : 3,
    "descriptif" : {
      "libelleFr" : "http://www.marseille.fr"
    }
  } ]
}