{
  "type" : "PATRIMOINE_CULTUREL",
  "id" : 5539568,
  "nom" : {
    "libelleFr" : "Gare Saint-Charles",
    "libelleEn" : "Gare Saint-Charles",
    "libelleEs" : "Gare Saint-Charles",
    "libelleIt" : "Gare Saint-Charles",
    "libelleDe" : "Gare Saint-Charles",
    "libelleNl" : "Gare Saint-Charles"
  },
  "identifier" : "SITRA2_PCU_5539568",
  "state" : "PUBLISHED",
  "gestion" : {
    "dateCreation" : "2020-05-27T15:25:18.210+0000",
    "dateModification" : "2022-09-19T12:10:38.827+0000",
    "dateExportModification" : "2022-09-19T12:11:04.540+0000",
    "membreProprietaire" : {
      "type" : {
        "elementReferenceType" : "MembreSitraType",
        "id" : 233
      },
      "nom" : "Office Métropolitain de tourisme et des congrès de Marseille",
      "dateCreation" : "2017-02-13T09:29:30.842+0000",
      "dateModification" : "2022-10-24T08:49:48.642+0000",
      "id" : 1490,
      "siteWeb" : "http://www.marseille-tourisme.com"
    },
    "signalerUnProblemeMails" : [ "alegrand@marseille-tourisme.com", "hcochet@marseille-tourisme.com", "jorengo@marseille-tourisme.com", "lchavet@marseille-tourisme.com", "mamadier@marseille-tourisme.com", "sbenimeli@marseille-tourisme.com" ]
  },
  "informations" : {
    "moyensCommunication" : [ {
      "identifiant" : 79676206,
      "type" : {
        "elementReferenceType" : "MoyenCommunicationType",
        "id" : 201
      },
      "coordonnees" : {
        "fr" : "04 95 04 10 00"
      }
    } ],
    "informationsLegales" : { },
    "structureGestion" : {
      "type" : "STRUCTURE",
      "id" : 5464006
    }
  },
  "presentation" : {
    "descriptifDetaille" : {
      "libelleFr" : "Si le chemin de fer arrive à Marseille en 1848, ce n'est qu'en 1911 que la ville ouvre un concours pour la construction de l'escalier. Un escalier monumental, orné de sculptures coloniales d'Afrique et d'Asie illustrant la vocation commerciale de Marseille Porte de l'Orient. La gare elle-même a été construite au milieu du XIXe siècle. La ligne Avignon-Marseille par Tarascon faisait partie des grands projets à Marseille. L'escalier de la Gare Saint-Charles est célèbre par l'ampleur et le décor : ses larges volées successives, les passerelles métalliques, le décor baroquisant forment une scénographie dans le goût 1900, même si les travaux ne furent entamés qu'en 1923. Le pôle Marseille-St-Charles rassemble sous le même toit l'accès aux transports ferroviaires, routiers et urbains pour desservir toute la région. Aujourd'hui, le Pôle irrigue tous les modes de transport public : les 16 voies de la gare (TGV, Corail et TER), les 20 emplacements de cars à la gare routière, les 2 lignes de métro, les 2 dépose-minute, la station de taxi, les navettes, les accès urbains...L'intermodalité en chiffres : 45 000 voyageurs par jour, 300 trains par jour, 80 TGV par jour, 27 emplacements de cars et 700 rotations de cars quotidiennes, 785 places de parking situées dans les espaces intérieurs du Pôle, plus de 1000 places de parking au total (avec espaces extérieurs)."
    }
  },
  "localisation" : {
    "adresse" : {
      "adresse1" : "Square Narvik",
      "codePostal" : "13001",
      "bureauDistribution" : "MARSEILLE",
      "commune" : {
        "id" : 4531
      }
    },
    "geolocalisation" : {
      "valide" : true,
      "geoJson" : {
        "type" : "Point",
        "coordinates" : [ 5.380554, 43.301915 ]
      }
    },
    "perimetreGeographique" : [ {
      "id" : 4531
    } ],
    "environnements" : [ {
      "elementReferenceType" : "Environnement",
      "id" : 180
    }, {
      "elementReferenceType" : "Environnement",
      "id" : 183
    }, {
      "elementReferenceType" : "Environnement",
      "id" : 3973
    }, {
      "elementReferenceType" : "Environnement",
      "id" : 3976
    } ]
  },
  "liens" : { },
  "prestations" : {
    "animauxAcceptes" : "NON_DISPONIBLE",
    "animauxAcceptesSupplement" : "NON_DISPONIBLE"
  },
  "ouverture" : {
    "periodeEnClair" : {
      "libelleFr" : "Toute l'année, tous les jours.",
      "libelleEn" : "All year round, daily.",
      "libelleEs" : "Todo el año, todos los dias.",
      "libelleIt" : "Tutto l'anno, ogni giorno.",
      "libelleDe" : "Ganzjährig, täglich.",
      "libelleNl" : "Het hele jaar, iedere dag.",
      "libelleRu" : "В течение всего года, ежедневно.",
      "libelleZh" : "全年, 日常.",
      "libellePtBR" : "Todo o ano, todos os dias.",
      "libelleJa" : "オールシーズン, 毎日."
    },
    "periodeEnClairGenerationMode" : "AUTOMATIQUE",
    "indicationsPeriode" : [ {
      "elementReferenceType" : "IndicationPeriode",
      "id" : 416
    }, {
      "elementReferenceType" : "IndicationPeriode",
      "id" : 418
    }, {
      "elementReferenceType" : "IndicationPeriode",
      "id" : 435
    }, {
      "elementReferenceType" : "IndicationPeriode",
      "id" : 436
    } ],
    "periodesOuvertures" : [ {
      "identifiant" : 24318844,
      "dateDebut" : "2022-01-01",
      "dateFin" : "2022-12-31",
      "type" : "OUVERTURE_TOUS_LES_JOURS",
      "tousLesAns" : true,
      "identifiantTechnique" : 24318844
    } ],
    "ouvertTouteLAnnee" : "OUVERT_TOUTE_L_ANNEE"
  },
  "descriptionTarif" : {
    "indicationTarif" : "GRATUIT",
    "gratuit" : true,
    "tarifsEnClair" : {
      "libelleFr" : "Gratuit.",
      "libelleEn" : "Free of charge.",
      "libelleEs" : "Gratis.",
      "libelleIt" : "Gratuito.",
      "libelleDe" : "Kostenlos.",
      "libelleNl" : "Gratis.",
      "libelleRu" : "Бесплатно.",
      "libelleZh" : "免费.",
      "libellePtBR" : "Gratuito.",
      "libelleJa" : "無料."
    },
    "tarifsEnClairGenerationMode" : "AUTOMATIQUE",
    "devise" : "EUR",
    "conditions" : { }
  },
  "reservation" : { },
  "criteresInternes" : [ {
    "id" : 16640
  }, {
    "id" : 16775
  } ],
  "illustrations" : [ {
    "identifiant" : 14094636,
    "link" : false,
    "type" : "IMAGE",
    "nom" : {
      "libelleFr" : "Gare Saint Charles Marseille"
    },
    "legende" : {
      "libelleFr" : "Charpente et quais"
    },
    "copyright" : {
      "libelleFr" : "SB Office de Tourisme Marseille"
    },
    "traductionFichiers" : [ {
      "locale" : "fr",
      "url" : "https://static.apidae-tourisme.com/filestore/objets-touristiques/images/30/143/14389022.jpg",
      "urlListe" : "https://static.apidae-tourisme.com/filestore/objets-touristiques/images/30/143/14389022-liste.jpg",
      "urlFiche" : "https://static.apidae-tourisme.com/filestore/objets-touristiques/images/30/143/14389022-fiche.jpg",
      "urlDiaporama" : "https://static.apidae-tourisme.com/filestore/objets-touristiques/images/30/143/14389022-diaporama.jpg",
      "extension" : "jpg",
      "fileName" : "Gare St Charles interieur SB Office de Tourisme Marseille",
      "taille" : 9017275,
      "hauteur" : 3096,
      "largeur" : 5504,
      "lastModifiedDate" : "2022-09-19T12:10:46.664+0000"
    } ],
    "locked" : false
  }, {
    "identifiant" : 14094635,
    "link" : false,
    "type" : "IMAGE",
    "nom" : {
      "libelleFr" : "Gare Saint Charles Marseille"
    },
    "legende" : {
      "libelleFr" : "Vue depuis les escaliers"
    },
    "copyright" : {
      "libelleFr" : "SB Office de Tourisme Marseille"
    },
    "traductionFichiers" : [ {
      "locale" : "fr",
      "url" : "https://static.apidae-tourisme.com/filestore/objets-touristiques/images/29/143/14389021.jpg",
      "urlListe" : "https://static.apidae-tourisme.com/filestore/objets-touristiques/images/29/143/14389021-liste.jpg",
      "urlFiche" : "https://static.apidae-tourisme.com/filestore/objets-touristiques/images/29/143/14389021-fiche.jpg",
      "urlDiaporama" : "https://static.apidae-tourisme.com/filestore/objets-touristiques/images/29/143/14389021-diaporama.jpg",
      "extension" : "jpg",
      "fileName" : "Gare St Charles vue escaliers  SB Office de Tourisme Marseille",
      "taille" : 4497723,
      "hauteur" : 3096,
      "largeur" : 5504,
      "lastModifiedDate" : "2022-09-19T12:10:50.163+0000"
    } ],
    "locked" : false
  }, {
    "identifiant" : 14094637,
    "link" : false,
    "type" : "IMAGE",
    "nom" : {
      "libelleFr" : "Gare Saint Charles Marseille"
    },
    "legende" : {
      "libelleFr" : "Facade principale"
    },
    "copyright" : {
      "libelleFr" : "SB Office de Tourisme Marseille"
    },
    "traductionFichiers" : [ {
      "locale" : "fr",
      "url" : "https://static.apidae-tourisme.com/filestore/objets-touristiques/images/31/143/14389023.jpg",
      "urlListe" : "https://static.apidae-tourisme.com/filestore/objets-touristiques/images/31/143/14389023-liste.jpg",
      "urlFiche" : "https://static.apidae-tourisme.com/filestore/objets-touristiques/images/31/143/14389023-fiche.jpg",
      "urlDiaporama" : "https://static.apidae-tourisme.com/filestore/objets-touristiques/images/31/143/14389023-diaporama.jpg",
      "extension" : "jpg",
      "fileName" : "Gare St Charles facade SB Office de Tourisme Marseille",
      "taille" : 7295807,
      "hauteur" : 3096,
      "largeur" : 5504,
      "lastModifiedDate" : "2022-09-19T12:10:42.935+0000"
    } ],
    "locked" : false
  }, {
    "identifiant" : 14094638,
    "link" : false,
    "type" : "IMAGE",
    "nom" : {
      "libelleFr" : "Gare Saint Charles Marseille"
    },
    "legende" : {
      "libelleFr" : "Extérieur"
    },
    "copyright" : {
      "libelleFr" : "SB Office de Tourisme Marseille"
    },
    "traductionFichiers" : [ {
      "locale" : "fr",
      "url" : "https://static.apidae-tourisme.com/filestore/objets-touristiques/images/32/143/14389024.jpg",
      "urlListe" : "https://static.apidae-tourisme.com/filestore/objets-touristiques/images/32/143/14389024-liste.jpg",
      "urlFiche" : "https://static.apidae-tourisme.com/filestore/objets-touristiques/images/32/143/14389024-fiche.jpg",
      "urlDiaporama" : "https://static.apidae-tourisme.com/filestore/objets-touristiques/images/32/143/14389024-diaporama.jpg",
      "extension" : "jpg",
      "fileName" : "Gare St Charles exterieur SB Office de Tourisme Marseille",
      "taille" : 7173088,
      "hauteur" : 3096,
      "largeur" : 5504,
      "lastModifiedDate" : "2022-09-19T12:10:39.063+0000"
    } ],
    "locked" : false
  }, {
    "identifiant" : 14094639,
    "link" : false,
    "type" : "IMAGE",
    "nom" : {
      "libelleFr" : "Gare Saint Charles Marseille"
    },
    "legende" : {
      "libelleFr" : "Esplanade"
    },
    "copyright" : {
      "libelleFr" : "SB Office de Tourisme Marseille"
    },
    "traductionFichiers" : [ {
      "locale" : "fr",
      "url" : "https://static.apidae-tourisme.com/filestore/objets-touristiques/images/33/143/14389025.jpg",
      "urlListe" : "https://static.apidae-tourisme.com/filestore/objets-touristiques/images/33/143/14389025-liste.jpg",
      "urlFiche" : "https://static.apidae-tourisme.com/filestore/objets-touristiques/images/33/143/14389025-fiche.jpg",
      "urlDiaporama" : "https://static.apidae-tourisme.com/filestore/objets-touristiques/images/33/143/14389025-diaporama.jpg",
      "extension" : "jpg",
      "fileName" : "Gare St Charles esplanade  SB Office de Tourisme Marseille",
      "taille" : 6265642,
      "hauteur" : 3096,
      "largeur" : 5504,
      "lastModifiedDate" : "2022-09-19T12:11:00.757+0000"
    } ],
    "locked" : false
  }, {
    "identifiant" : 14094640,
    "link" : false,
    "type" : "IMAGE",
    "nom" : {
      "libelleFr" : "Gare Saint Charles Marseille"
    },
    "legende" : {
      "libelleFr" : "Détail des escaliers"
    },
    "copyright" : {
      "libelleFr" : "SB Office de Tourisme Marseille"
    },
    "traductionFichiers" : [ {
      "locale" : "fr",
      "url" : "https://static.apidae-tourisme.com/filestore/objets-touristiques/images/34/143/14389026.jpg",
      "urlListe" : "https://static.apidae-tourisme.com/filestore/objets-touristiques/images/34/143/14389026-liste.jpg",
      "urlFiche" : "https://static.apidae-tourisme.com/filestore/objets-touristiques/images/34/143/14389026-fiche.jpg",
      "urlDiaporama" : "https://static.apidae-tourisme.com/filestore/objets-touristiques/images/34/143/14389026-diaporama.jpg",
      "extension" : "jpg",
      "fileName" : "Gare St Charles Escalier SB Office de Tourisme Marseille",
      "taille" : 4153436,
      "hauteur" : 3096,
      "largeur" : 5504,
      "lastModifiedDate" : "2022-09-19T12:10:57.178+0000"
    } ],
    "locked" : false
  }, {
    "identifiant" : 14094642,
    "link" : false,
    "type" : "IMAGE",
    "nom" : {
      "libelleFr" : "Gare Saint Charles Marseille"
    },
    "legende" : {
      "libelleFr" : "Charpente métallique"
    },
    "copyright" : {
      "libelleFr" : "SB Office de Tourisme Marseille"
    },
    "traductionFichiers" : [ {
      "locale" : "fr",
      "url" : "https://static.apidae-tourisme.com/filestore/objets-touristiques/images/36/143/14389028.jpg",
      "urlListe" : "https://static.apidae-tourisme.com/filestore/objets-touristiques/images/36/143/14389028-liste.jpg",
      "urlFiche" : "https://static.apidae-tourisme.com/filestore/objets-touristiques/images/36/143/14389028-fiche.jpg",
      "urlDiaporama" : "https://static.apidae-tourisme.com/filestore/objets-touristiques/images/36/143/14389028-diaporama.jpg",
      "extension" : "jpg",
      "fileName" : "Gare St Charles charpente SB Office de Tourisme Marseille",
      "taille" : 9366407,
      "hauteur" : 3096,
      "largeur" : 5504,
      "lastModifiedDate" : "2022-09-19T12:10:53.326+0000"
    } ],
    "locked" : false
  } ],
  "visites" : {
    "visitable" : false
  },
  "territoires" : [ {
    "type" : "TERRITOIRE",
    "id" : 591381
  }, {
    "type" : "TERRITOIRE",
    "id" : 591419
  }, {
    "type" : "TERRITOIRE",
    "id" : 5127066
  }, {
    "type" : "TERRITOIRE",
    "id" : 5427637
  }, {
    "type" : "TERRITOIRE",
    "id" : 5460436
  }, {
    "type" : "TERRITOIRE",
    "id" : 5693878
  }, {
    "type" : "TERRITOIRE",
    "id" : 5693903
  }, {
    "type" : "TERRITOIRE",
    "id" : 6008197
  } ],
  "datesOuverture" : [ "2022-11-01", "2022-11-02", "2022-11-03", "2022-11-04", "2022-11-05", "2022-11-06", "2022-11-07", "2022-11-08", "2022-11-09", "2022-11-10", "2022-11-11", "2022-11-12", "2022-11-13", "2022-11-14", "2022-11-15", "2022-11-16", "2022-11-17", "2022-11-18", "2022-11-19", "2022-11-20", "2022-11-21", "2022-11-22", "2022-11-23", "2022-11-24", "2022-11-25", "2022-11-26", "2022-11-27", "2022-11-28", "2022-11-29", "2022-11-30", "2022-12-01", "2022-12-02", "2022-12-03", "2022-12-04", "2022-12-05", "2022-12-06", "2022-12-07", "2022-12-08", "2022-12-09", "2022-12-10", "2022-12-11", "2022-12-12", "2022-12-13", "2022-12-14", "2022-12-15", "2022-12-16", "2022-12-17", "2022-12-18", "2022-12-19", "2022-12-20", "2022-12-21", "2022-12-22", "2022-12-23", "2022-12-24", "2022-12-25", "2022-12-26", "2022-12-27", "2022-12-28", "2022-12-29", "2022-12-30", "2022-12-31", "2023-01-01", "2023-01-02", "2023-01-03", "2023-01-04", "2023-01-05", "2023-01-06", "2023-01-07", "2023-01-08", "2023-01-09", "2023-01-10", "2023-01-11", "2023-01-12", "2023-01-13", "2023-01-14", "2023-01-15", "2023-01-16", "2023-01-17", "2023-01-18", "2023-01-19", "2023-01-20", "2023-01-21", "2023-01-22", "2023-01-23", "2023-01-24", "2023-01-25", "2023-01-26", "2023-01-27", "2023-01-28", "2023-01-29", "2023-01-30", "2023-01-31", "2023-02-01", "2023-02-02", "2023-02-03", "2023-02-04", "2023-02-05", "2023-02-06", "2023-02-07", "2023-02-08", "2023-02-09", "2023-02-10", "2023-02-11", "2023-02-12", "2023-02-13", "2023-02-14", "2023-02-15", "2023-02-16", "2023-02-17", "2023-02-18", "2023-02-19", "2023-02-20", "2023-02-21", "2023-02-22", "2023-02-23", "2023-02-24", "2023-02-25", "2023-02-26", "2023-02-27", "2023-02-28", "2023-03-01", "2023-03-02", "2023-03-03", "2023-03-04", "2023-03-05", "2023-03-06", "2023-03-07", "2023-03-08", "2023-03-09", "2023-03-10", "2023-03-11", "2023-03-12", "2023-03-13", "2023-03-14", "2023-03-15", "2023-03-16", "2023-03-17", "2023-03-18", "2023-03-19", "2023-03-20", "2023-03-21", "2023-03-22", "2023-03-23", "2023-03-24", "2023-03-25", "2023-03-26", "2023-03-27", "2023-03-28", "2023-03-29", "2023-03-30", "2023-03-31", "2023-04-01", "2023-04-02", "2023-04-03", "2023-04-04", "2023-04-05", "2023-04-06", "2023-04-07", "2023-04-08", "2023-04-09", "2023-04-10", "2023-04-11", "2023-04-12", "2023-04-13", "2023-04-14", "2023-04-15", "2023-04-16", "2023-04-17", "2023-04-18", "2023-04-19", "2023-04-20", "2023-04-21", "2023-04-22", "2023-04-23", "2023-04-24", "2023-04-25", "2023-04-26", "2023-04-27", "2023-04-28", "2023-04-29", "2023-04-30", "2023-05-01", "2023-05-02", "2023-05-03", "2023-05-04", "2023-05-05", "2023-05-06", "2023-05-07", "2023-05-08", "2023-05-09", "2023-05-10", "2023-05-11", "2023-05-12", "2023-05-13", "2023-05-14", "2023-05-15", "2023-05-16", "2023-05-17", "2023-05-18", "2023-05-19", "2023-05-20", "2023-05-21", "2023-05-22", "2023-05-23", "2023-05-24", "2023-05-25", "2023-05-26", "2023-05-27", "2023-05-28", "2023-05-29", "2023-05-30", "2023-05-31", "2023-06-01", "2023-06-02", "2023-06-03", "2023-06-04", "2023-06-05", "2023-06-06", "2023-06-07", "2023-06-08", "2023-06-09", "2023-06-10", "2023-06-11", "2023-06-12", "2023-06-13", "2023-06-14", "2023-06-15", "2023-06-16", "2023-06-17", "2023-06-18", "2023-06-19", "2023-06-20", "2023-06-21", "2023-06-22", "2023-06-23", "2023-06-24", "2023-06-25", "2023-06-26", "2023-06-27", "2023-06-28", "2023-06-29", "2023-06-30", "2023-07-01", "2023-07-02", "2023-07-03", "2023-07-04", "2023-07-05", "2023-07-06", "2023-07-07", "2023-07-08", "2023-07-09", "2023-07-10", "2023-07-11", "2023-07-12", "2023-07-13", "2023-07-14", "2023-07-15", "2023-07-16", "2023-07-17", "2023-07-18", "2023-07-19", "2023-07-20", "2023-07-21", "2023-07-22", "2023-07-23", "2023-07-24", "2023-07-25", "2023-07-26", "2023-07-27", "2023-07-28", "2023-07-29", "2023-07-30", "2023-07-31", "2023-08-01", "2023-08-02", "2023-08-03", "2023-08-04", "2023-08-05", "2023-08-06", "2023-08-07", "2023-08-08", "2023-08-09", "2023-08-10", "2023-08-11", "2023-08-12", "2023-08-13", "2023-08-14", "2023-08-15", "2023-08-16", "2023-08-17", "2023-08-18", "2023-08-19", "2023-08-20", "2023-08-21", "2023-08-22", "2023-08-23", "2023-08-24", "2023-08-25", "2023-08-26", "2023-08-27", "2023-08-28", "2023-08-29", "2023-08-30", "2023-08-31", "2023-09-01", "2023-09-02", "2023-09-03", "2023-09-04", "2023-09-05", "2023-09-06", "2023-09-07", "2023-09-08", "2023-09-09", "2023-09-10", "2023-09-11", "2023-09-12", "2023-09-13", "2023-09-14", "2023-09-15", "2023-09-16", "2023-09-17", "2023-09-18", "2023-09-19", "2023-09-20", "2023-09-21", "2023-09-22", "2023-09-23", "2023-09-24", "2023-09-25", "2023-09-26", "2023-09-27", "2023-09-28", "2023-09-29", "2023-09-30", "2023-10-01", "2023-10-02", "2023-10-03", "2023-10-04", "2023-10-05", "2023-10-06", "2023-10-07", "2023-10-08", "2023-10-09", "2023-10-10", "2023-10-11", "2023-10-12", "2023-10-13", "2023-10-14", "2023-10-15", "2023-10-16", "2023-10-17", "2023-10-18", "2023-10-19", "2023-10-20", "2023-10-21", "2023-10-22", "2023-10-23", "2023-10-24", "2023-10-25", "2023-10-26", "2023-10-27", "2023-10-28", "2023-10-29", "2023-10-30", "2023-10-31", "2023-11-01", "2023-11-02", "2023-11-03", "2023-11-04", "2023-11-05", "2023-11-06", "2023-11-07", "2023-11-08", "2023-11-09", "2023-11-10", "2023-11-11", "2023-11-12", "2023-11-13", "2023-11-14", "2023-11-15", "2023-11-16", "2023-11-17", "2023-11-18", "2023-11-19", "2023-11-20", "2023-11-21", "2023-11-22", "2023-11-23", "2023-11-24", "2023-11-25", "2023-11-26", "2023-11-27", "2023-11-28", "2023-11-29", "2023-11-30", "2023-12-01", "2023-12-02", "2023-12-03", "2023-12-04", "2023-12-05", "2023-12-06", "2023-12-07", "2023-12-08", "2023-12-09", "2023-12-10", "2023-12-11", "2023-12-12", "2023-12-13", "2023-12-14", "2023-12-15", "2023-12-16", "2023-12-17", "2023-12-18", "2023-12-19", "2023-12-20", "2023-12-21", "2023-12-22", "2023-12-23", "2023-12-24", "2023-12-25", "2023-12-26", "2023-12-27", "2023-12-28", "2023-12-29", "2023-12-30", "2023-12-31", "2024-01-01", "2024-01-02", "2024-01-03", "2024-01-04", "2024-01-05", "2024-01-06", "2024-01-07", "2024-01-08", "2024-01-09", "2024-01-10", "2024-01-11", "2024-01-12", "2024-01-13", "2024-01-14", "2024-01-15", "2024-01-16", "2024-01-17", "2024-01-18", "2024-01-19", "2024-01-20", "2024-01-21", "2024-01-22", "2024-01-23", "2024-01-24", "2024-01-25", "2024-01-26", "2024-01-27", "2024-01-28", "2024-01-29", "2024-01-30", "2024-01-31", "2024-02-01", "2024-02-02", "2024-02-03", "2024-02-04", "2024-02-05", "2024-02-06", "2024-02-07", "2024-02-08", "2024-02-09", "2024-02-10", "2024-02-11", "2024-02-12", "2024-02-13", "2024-02-14", "2024-02-15", "2024-02-16", "2024-02-17", "2024-02-18", "2024-02-19", "2024-02-20", "2024-02-21", "2024-02-22", "2024-02-23", "2024-02-24", "2024-02-25", "2024-02-26", "2024-02-27", "2024-02-28", "2024-02-29", "2024-03-01", "2024-03-02", "2024-03-03", "2024-03-04", "2024-03-05", "2024-03-06", "2024-03-07", "2024-03-08", "2024-03-09", "2024-03-10", "2024-03-11", "2024-03-12", "2024-03-13", "2024-03-14", "2024-03-15", "2024-03-16", "2024-03-17", "2024-03-18", "2024-03-19", "2024-03-20", "2024-03-21", "2024-03-22", "2024-03-23", "2024-03-24", "2024-03-25", "2024-03-26", "2024-03-27", "2024-03-28", "2024-03-29", "2024-03-30", "2024-03-31", "2024-04-01", "2024-04-02", "2024-04-03", "2024-04-04", "2024-04-05", "2024-04-06", "2024-04-07", "2024-04-08", "2024-04-09", "2024-04-10", "2024-04-11", "2024-04-12", "2024-04-13", "2024-04-14", "2024-04-15", "2024-04-16", "2024-04-17", "2024-04-18", "2024-04-19", "2024-04-20", "2024-04-21", "2024-04-22", "2024-04-23", "2024-04-24", "2024-04-25", "2024-04-26", "2024-04-27", "2024-04-28", "2024-04-29", "2024-04-30", "2024-05-01", "2024-05-02", "2024-05-03", "2024-05-04", "2024-05-05", "2024-05-06", "2024-05-07", "2024-05-08", "2024-05-09", "2024-05-10", "2024-05-11", "2024-05-12", "2024-05-13", "2024-05-14", "2024-05-15", "2024-05-16", "2024-05-17", "2024-05-18", "2024-05-19", "2024-05-20", "2024-05-21", "2024-05-22", "2024-05-23", "2024-05-24", "2024-05-25", "2024-05-26", "2024-05-27", "2024-05-28", "2024-05-29", "2024-05-30", "2024-05-31", "2024-06-01", "2024-06-02", "2024-06-03", "2024-06-04", "2024-06-05", "2024-06-06", "2024-06-07", "2024-06-08", "2024-06-09", "2024-06-10", "2024-06-11", "2024-06-12", "2024-06-13", "2024-06-14", "2024-06-15", "2024-06-16", "2024-06-17", "2024-06-18", "2024-06-19", "2024-06-20", "2024-06-21", "2024-06-22", "2024-06-23", "2024-06-24", "2024-06-25", "2024-06-26", "2024-06-27", "2024-06-28", "2024-06-29", "2024-06-30", "2024-07-01", "2024-07-02", "2024-07-03", "2024-07-04", "2024-07-05", "2024-07-06", "2024-07-07", "2024-07-08", "2024-07-09", "2024-07-10", "2024-07-11", "2024-07-12", "2024-07-13", "2024-07-14", "2024-07-15", "2024-07-16", "2024-07-17", "2024-07-18", "2024-07-19", "2024-07-20", "2024-07-21", "2024-07-22", "2024-07-23", "2024-07-24", "2024-07-25", "2024-07-26", "2024-07-27", "2024-07-28", "2024-07-29", "2024-07-30", "2024-07-31", "2024-08-01", "2024-08-02", "2024-08-03", "2024-08-04", "2024-08-05", "2024-08-06", "2024-08-07", "2024-08-08", "2024-08-09", "2024-08-10", "2024-08-11", "2024-08-12", "2024-08-13", "2024-08-14", "2024-08-15", "2024-08-16", "2024-08-17", "2024-08-18", "2024-08-19", "2024-08-20", "2024-08-21", "2024-08-22", "2024-08-23", "2024-08-24", "2024-08-25", "2024-08-26", "2024-08-27", "2024-08-28", "2024-08-29", "2024-08-30", "2024-08-31", "2024-09-01", "2024-09-02", "2024-09-03", "2024-09-04", "2024-09-05", "2024-09-06", "2024-09-07", "2024-09-08", "2024-09-09", "2024-09-10", "2024-09-11", "2024-09-12", "2024-09-13", "2024-09-14", "2024-09-15", "2024-09-16", "2024-09-17", "2024-09-18", "2024-09-19", "2024-09-20", "2024-09-21", "2024-09-22", "2024-09-23", "2024-09-24", "2024-09-25", "2024-09-26", "2024-09-27", "2024-09-28", "2024-09-29", "2024-09-30", "2024-10-01", "2024-10-02", "2024-10-03", "2024-10-04", "2024-10-05", "2024-10-06", "2024-10-07", "2024-10-08", "2024-10-09", "2024-10-10", "2024-10-11", "2024-10-12", "2024-10-13", "2024-10-14", "2024-10-15", "2024-10-16", "2024-10-17", "2024-10-18", "2024-10-19", "2024-10-20", "2024-10-21", "2024-10-22", "2024-10-23", "2024-10-24", "2024-10-25", "2024-10-26", "2024-10-27", "2024-10-28", "2024-10-29", "2024-10-30", "2024-10-31" ],
  "informationsPatrimoineCulturel" : {
    "patrimoineCulturelType" : {
      "elementReferenceType" : "PatrimoineCulturelType",
      "id" : 3203
    },
    "themes" : [ {
      "elementReferenceType" : "PatrimoineCulturelTheme",
      "id" : 3486
    } ],
    "categories" : [ {
      "elementReferenceType" : "PatrimoineCulturelCategorie",
      "id" : 3365
    } ]
  },
  "formatVersion" : "v002",
  "expiration" : { },
  "informationsPrestataireActivites" : {
    "prestataireActivites" : false
  },
  "enquete" : { },
  "donneesPrivees" : [ {
    "nomTechnique" : "1947_Id_patio",
    "libelleFr" : "Id_Patio",
    "ordre" : 1,
    "descriptif" : {
      "libelleFr" : "13T2000204"
    }
  }, {
    "nomTechnique" : "1947_Source_patio",
    "libelleFr" : "Source_Patio",
    "ordre" : 2,
    "descriptif" : {
      "libelleFr" : "OT Marseille"
    }
  }, {
    "nomTechnique" : "1947_Url_patio",
    "libelleFr" : "URL_Patio",
    "ordre" : 3,
    "descriptif" : {
      "libelleFr" : "http://www.marseille-tourisme.com"
    }
  } ]
}