{
  "type" : "FETE_ET_MANIFESTATION",
  "id" : 6055273,
  "nom" : {
    "libelleFr" : "Musée Regards de Provence - Visite libre",
    "libelleEn" : "Musée Regards de Provence - Self visit",
    "libelleEs" : "Musée Regards de Provence - Visite libre",
    "libelleIt" : "Musée Regards de Provence - Visite libre",
    "libelleDe" : "Musée Regards de Provence - Visite libre",
    "libelleNl" : "Musée Regards de Provence - Visite libre",
    "libelleRu" : "Musée Regards de Provence - Visite libre",
    "libelleZh" : "Musée Regards de Provence - Visite libre",
    "libellePtBR" : "Musée Regards de Provence - Visite libre",
    "libelleJa" : "Musée Regards de Provence - Visite libre"
  },
  "identifier" : "SITRA2_EVE_6055273",
  "state" : "PUBLISHED",
  "gestion" : {
    "dateCreation" : "2022-03-10T08:56:57.189+0000",
    "dateModification" : "2022-03-10T09:39:48.811+0000",
    "dateExportModification" : "2022-10-21T11:59:48.799+0000",
    "membreProprietaire" : {
      "type" : {
        "elementReferenceType" : "MembreSitraType",
        "id" : 233
      },
      "nom" : "Office de Tourisme d'Aix en Provence",
      "dateCreation" : "2020-02-14T10:34:37.912+0000",
      "dateModification" : "2022-10-24T08:49:34.452+0000",
      "id" : 1988,
      "siteWeb" : "http://www.aixenprovencetourism.com"
    },
    "signalerUnProblemeMails" : [ "jchevalier@aixenprovencetourism.com", "sdardenne@aixenprovencetourism.com", "vmontpellaz@aixenprovencetourism.com" ]
  },
  "informations" : {
    "moyensCommunication" : [ {
      "identifiant" : 70537350,
      "type" : {
        "elementReferenceType" : "MoyenCommunicationType",
        "id" : 205
      },
      "coordonnees" : {
        "fr" : "https://www.aixenprovencetourism.com",
        "en" : "https://www.aixenprovencetourism.com/en/"
      }
    } ],
    "structureGestion" : {
      "type" : "STRUCTURE",
      "id" : 5223237
    },
    "structureInformation" : {
      "type" : "STRUCTURE",
      "id" : 5228508
    }
  },
  "presentation" : {
    "descriptifCourt" : {
      "libelleFr" : "Le musée de Marseille qui allie art moderne et contemporain avec des expositions temporaires, des collections de peintures, sculptures, photographies et dessins liés à Marseille, la Provence, et la Méditerranée, du XVIIIe siècle à nos jours.",
      "libelleEn" : "Museum honours its collections of paintings, sculptures, photographies and drawings dedicated to Marseille, \"la Provence\", \"la Méditerranée\" from XVIII to nowadays ; and temporary modern and contemporary exhibitions all year long."
    },
    "descriptifDetaille" : {
      "libelleFr" : "Le Musée Regards de Provence allie art moderne et contemporain et révèle des expositions temporaires individuelles et collectives thématiques, valorisant les richesses artistiques du Sud et de la Méditerranée. Installé sur le front de mer de Marseille, c’est un lieu d'histoire qui abritait l'ancienne station sanitaire de Fernand Pouillon intimement liée à la vie portuaire, labélisé Patrimoine du XX° siècle. Il présente toute l’année un documentaire artistique, immersif et historique sur la mémoire de la Station Sanitaire.\r\nCe bâtiment constitue un patrimoine portuaire à l’architecture moderniste de style « paquebot », sobre, fonctionnel et unique en son genre.\r\nSa situation géographique remarquable est au cœur du nouveau centre culturel, touristique et économique de Marseille et il bénéficie d’une vue panoramique sur le port de la Joliette et l’esplanade du J4, face aux architectures majestueuses du  Mucem et de la Grotte Cosquer.\r\nIl abrite également la librairie boutique Regards de Provence et le restaurant panoramique toit-terrasse Regards Café.\r\n\r\nExposition temporaire « Marseille, de Port en Ports » (jusqu’au 11 mai)\r\nLe Musée Regards de Provence met à l'honneur l’exposition « Marseille, de Port en Ports » qui rend compte de la géographie exceptionnelle du littoral marseillais, entre calanques, collines et îles, et de sa vingtaine de ports à travers le regard d’une soixantaine de peintres et photographes de différentes époques. C’est un voyage en images de duos de points de vue, reliant passé lointain et présent proche, et illustrant la permanence des sujets ou leurs changements notables et l’évolution de la façade maritime phocéenne au fil du temps.\r\n\r\nL’intérieur du musée bénéficie d’aménagements appropriés pour les visiteurs à mobilité réduite.\r\n\r\nLa visite comprend l'accès :\r\n➜ Aux expositions temporaires\r\n➜ A la mémoire de la station sanataire\r\n➜ ​Les animaux sont interdits\r\n\r\nRéservations auprès des conseillers en séjour de l'Office de Tourisme d'Aix-en-Provence ou sur le site de l'Office de Tourisme d'Aix-en-Provence.",
      "libelleEn" : "The Museum Regards de Provence combines modern and contemporary art and reveals temporary individual and collective thematic exhibitions, highlighting the artistic heritage of the South and the Mediterranean. Installed on the seafront of Marseille, it is a place of history which housed the former sanitary station of Fernand Pouillon intimately linked to port life, labeled Heritage of the 20th century. It presents throughout the year an artistic, immersive and historical documentary on the memory of the Sanitary Station.\r\nThis building is a port heritage with modernist architecture in the \"liner\" style, sober, functional and unique in its kind.\r\nIts geographical location is remarkable in the heart of the new cultural, tourist and economic center of Marseille and it benefits from a panoramic view of the port of La Joliette and the J4 esplanade, facing the majestic architectures of the Mucem and the Grotte Cosquer. It also houses the Regards de Provence boutique bookshop and the panoramic roof-terrace restaurant Regards Café.\r\n\r\nExhibition \"Marseille, from port to ports\" until May 11th.\r\nThe Regards de Provence Museum is honoring the exhibition \"Marseille, from Port to Ports\" which reflects the exceptional geography of the Marseille coast, between creeks, hills and islands, and its twenty ports through the eyes of about sixty painters and photographers from different eras. It is a journey in images of duos of points of view, linking the distant past and the near present, and illustrating the permanence of the subjects or their notable changes and the evolution of the Marseille coastline over time.\r\n\r\nThe visit includes :\r\n➜ Temporaries exhibitions\r\n➜ The memory of Sanitray Station\r\n➜ Pets are forbidden\r\n\r\nBooking at the information desk or on the website of the Tourist Office."
    },
    "typologiesPromoSitra" : [ {
      "elementReferenceType" : "TypologiePromoSitra",
      "id" : 1670
    } ]
  },
  "localisation" : {
    "adresse" : {
      "nomDuLieu" : "Musée Regards de Provence",
      "adresse1" : "Allées Regards de Provence",
      "adresse2" : "Avenue Vaudoyer",
      "codePostal" : "13002",
      "bureauDistribution" : "MARSEILLE",
      "commune" : {
        "id" : 4532
      }
    },
    "geolocalisation" : {
      "valide" : true,
      "geoJson" : {
        "type" : "Point",
        "coordinates" : [ 5.363461, 43.297692 ]
      }
    },
    "perimetreGeographique" : [ {
      "id" : 4412
    }, {
      "id" : 4532
    } ]
  },
  "liens" : {
    "liensObjetsTouristiquesTypes" : [ {
      "type" : "SUR_PLACE",
      "libelleFr" : "Sur place",
      "libelleEn" : "On the premises",
      "libelleEs" : "In situ",
      "libelleIt" : "Sul posto",
      "libelleDe" : "Vor Ort",
      "libelleNl" : "Ter plaatse",
      "libelleRu" : "На месте",
      "libelleZh" : "堂食",
      "libellePtBR" : "No local",
      "libelleJa" : "現地で",
      "objetTouristique" : {
        "type" : "PATRIMOINE_CULTUREL",
        "id" : 5538561
      }
    }, {
      "type" : "DEFAUT",
      "libelleFr" : "En lien avec",
      "libelleEn" : "Related to",
      "libelleEs" : "En relación con",
      "libelleIt" : "In collegamento con",
      "libelleDe" : "In Verbindung mit",
      "libelleNl" : "In verband met",
      "libelleRu" : "Применительно к",
      "libelleZh" : "与携手",
      "libellePtBR" : "Em relação com",
      "libelleJa" : "と関連して",
      "objetTouristique" : {
        "type" : "COMMERCE_ET_SERVICE",
        "id" : 5547667
      }
    } ]
  },
  "prestations" : {
    "animauxAcceptes" : "NON_ACCEPTES",
    "animauxAcceptesSupplement" : "NON_DISPONIBLE",
    "languesParlees" : [ {
      "elementReferenceType" : "Langue",
      "id" : 1192
    }, {
      "elementReferenceType" : "Langue",
      "id" : 1197
    } ],
    "descriptifHandicapMoteur" : {
      "libelleFr" : "L’intérieur du musée bénéficie d’aménagements appropriés pour les visiteurs à mobilité réduite."
    }
  },
  "ouverture" : {
    "periodeEnClair" : {
      "libelleFr" : "Du 10/03 au 31/12/2022, tous les mardis, mercredis, jeudis, vendredis, samedis et dimanches de 10h à 18h sauf les 1er mai, 15 août et 25 décembre.\nDernière entrée à 17h30.",
      "libelleEn" : "From 10/03 to 31/12/2022, every Tuesday, Wednesday, Thursday, Friday, Saturday and Sunday between 10 am and 6 pm except on May 1st, August 15th and December 25th.\nLast entrance at 5:30 pm.",
      "libelleEs" : "Del 10/03 al 31/12/2022, todos los martes, miércoles, jueves, viernes, sábados y domingos de 10 a 18 excepto los días 1er de mayo, 15 de agosto y 25 de diciembre.",
      "libelleIt" : "Dal 10/03 al 31/12/2022, tutti i martedì, mercoledì, giovedì, venerdì, sabati e domeniche dalle 10 alle 18 tranne 1° maggio, 15 agosto e 25 dicembre.",
      "libelleDe" : "Vom 10/03 bis 31/12/2022, jeden Dienstag, Mittwoch, Donnerstag, Freitag, Samstag und Sonntag von 10 Uhr bis 18 Uhr (außer 1. Mai, 15. August und 25. Dezember).",
      "libelleNl" : "Van 10/03 tot en met 31/12/2022, elke dinsdag, woensdag, donderdag, vrijdag, zaterdag en zondag van 10.00 tot en met 18.00 u m.u.v. 1 mei, 15 augustus en 25 december.",
      "libelleRu" : "С 10/03 до 31/12/2022, каждый вторники, среды, четверги, пятницы, субботы и воскресенья с 10h до 18h кроме 1 мая, 15 августа и 25 декабря.",
      "libelleZh" : "从 3月10日 到 2022年12月31日, 每星期二, 星期三, 星期四, 星期五, 星期六 和 星期日 小时小时 和 小时小时 之间 不包括 5月1日, 8月15日 和 12月25日.",
      "libellePtBR" : "De 10/03 a 31/12/2022, todas as terças-feiras, quartas-feiras, quintas-feiras, sextas-feiras, sábados e domingos de 10h a  18h exceto em 1º de maio, 15 de agosto e 25 de dezembro.",
      "libelleJa" : "10/03 から 31/12/2022 まで, 毎火曜日, 水曜日, 木曜日, 金曜日, 土曜日 と 日曜日 10 午前 と 6 午後 の間 5月1日, 8月15日 と 12月25日 を除き."
    },
    "periodeEnClairGenerationMode" : "AUTOMATIQUE",
    "indicationsPeriode" : [ {
      "elementReferenceType" : "IndicationPeriode",
      "id" : 416
    }, {
      "elementReferenceType" : "IndicationPeriode",
      "id" : 418
    }, {
      "elementReferenceType" : "IndicationPeriode",
      "id" : 435
    }, {
      "elementReferenceType" : "IndicationPeriode",
      "id" : 436
    } ],
    "periodesOuvertures" : [ {
      "identifiant" : 22864581,
      "dateDebut" : "2022-03-10",
      "dateFin" : "2022-12-31",
      "complementHoraire" : {
        "libelleFr" : "Dernière entrée à 17h30.",
        "libelleEn" : "Last entrance at 5:30 pm."
      },
      "horaireOuverture" : "10:00:00",
      "horaireFermeture" : "18:00:00",
      "type" : "OUVERTURE_SEMAINE",
      "tousLesAns" : false,
      "ouverturesJournalieres" : [ {
        "jour" : "MARDI"
      }, {
        "jour" : "MERCREDI"
      }, {
        "jour" : "JEUDI"
      }, {
        "jour" : "VENDREDI"
      }, {
        "jour" : "SAMEDI"
      }, {
        "jour" : "DIMANCHE"
      } ],
      "identifiantTechnique" : 22864924
    } ],
    "fermeturesExceptionnelles" : [ {
      "dateSpeciale" : "PREMIER_JANVIER"
    }, {
      "dateSpeciale" : "PREMIER_MAI"
    }, {
      "dateSpeciale" : "QUINZE_AOUT"
    }, {
      "dateSpeciale" : "VINGT_CINQ_DECEMBRE"
    } ]
  },
  "descriptionTarif" : {
    "indicationTarif" : "PAYANT",
    "gratuit" : false,
    "tarifsEnClair" : {
      "libelleFr" : "Tarif réduit : 5,70 € (étudiants - 26ans, personnes invalides), Adulte : 7,50 €, Enfant (13-18 ans) : 4 €.\n\n Gratuit pour les moins de 13 ans.\n\nSenior (65 ans et plus) : 6,50 €\r\nDemandeurs d'emploi (sur justificatif), Maison des Artistes : 3 €.",
      "libelleEn" : "Reduced price: 5.70 € (student under 26s, disabled people), Adult: 7.50 €, Child (13-18 years): 4 €.\n\n Free entry for children < 13 years.\n\nSenior (over 65 years old): 6,50€\r\nUnemployed person (on proof): 3€.",
      "libelleEs" : "Precio reducido: 5,70 €, Adulto: 7,50 €, Niño (13-18 años): 4 €.\n\n Gratuito para los niños menores de 13 años.",
      "libelleIt" : "Prezzo ridotto: 5,70 €, Adulto: 7,50 €, Bambino (13-18 anni): 4 €.\n\n Gratuito per i bambini di età inferiore a 13 anni.",
      "libelleDe" : "Reduzierter Preis: 5,70 €, Erwachsene: 7,50 €, Kinder (13-18 Jahren): 4 €.\n\n Kostenlos für Kinder unter 13 Jahren.",
      "libelleNl" : "Korting: € 5,70, Volwassene: € 7,50, Kind (13-18 jaar): € 4.\n\n Gratis voor kinderen onder de 13 jaar.",
      "libelleRu" : "Сниженная цена : 5,70 €, Взрослый : 7,50 €, Ребенок (13-18 лет) : 4 €.\n\n Бесплатно для лицам младше 13 лет.",
      "libelleZh" : "减价 : 5.70 €, 成人 : 7.50 €, 儿童 (13-18 岁) : 4 €.\n\n 儿童 < 13 岁自由进入.",
      "libellePtBR" : "Preço reduzido: 5,70 €, Adulto: 7,50 €, Criança (13-18 anos): 4 €.\n\n Gratuito para menores de 13 anos.",
      "libelleJa" : "割引料金: 5.70 €, 大人: 7.50 €, 子供 (13-18 歳): 4 €.\n\n 子供 < 13 歳 は入場無料."
    },
    "tarifsEnClairGenerationMode" : "AUTOMATIQUE",
    "complement" : {
      "libelleFr" : "Senior (65 ans et plus) : 6,50 €\r\nDemandeurs d'emploi (sur justificatif), Maison des Artistes : 3 €",
      "libelleEn" : "Senior (over 65 years old): 6,50€\r\nUnemployed person (on proof): 3€"
    },
    "periodes" : [ {
      "identifiant" : 13022742,
      "dateDebut" : "2022-03-10",
      "dateFin" : "2022-12-31",
      "tarifs" : [ {
        "devise" : "EUR",
        "minimum" : 5.70,
        "maximum" : 5.70,
        "precisionTarif" : {
          "libelleFr" : "étudiants - 26ans, personnes invalides",
          "libelleEn" : "student under 26s, disabled people"
        },
        "type" : {
          "elementReferenceType" : "TarifType",
          "id" : 5240
        }
      }, {
        "devise" : "EUR",
        "minimum" : 7.50,
        "maximum" : 7.50,
        "type" : {
          "elementReferenceType" : "TarifType",
          "id" : 1754
        }
      }, {
        "devise" : "EUR",
        "minimum" : 4.00,
        "maximum" : 4.00,
        "type" : {
          "elementReferenceType" : "TarifType",
          "id" : 1755
        }
      } ]
    } ],
    "modesPaiement" : [ {
      "elementReferenceType" : "ModePaiement",
      "id" : 1268
    }, {
      "elementReferenceType" : "ModePaiement",
      "id" : 1277
    }, {
      "elementReferenceType" : "ModePaiement",
      "id" : 5558
    }, {
      "elementReferenceType" : "ModePaiement",
      "id" : 6283
    } ],
    "devise" : "EUR",
    "conditions" : {
      "gratuitPourLesMoinsDe" : 13,
      "conditionEnfantAgeMin" : 13,
      "conditionEnfantAgeMax" : 18
    }
  },
  "reservation" : {
    "organismes" : [ {
      "identifiant" : 6348092,
      "structureReference" : {
        "type" : "STRUCTURE",
        "id" : 5228508
      },
      "nom" : "Office de Tourisme d'Aix-en-Provence",
      "type" : {
        "elementReferenceType" : "ReservationType",
        "id" : 475
      },
      "moyensCommunication" : [ {
        "identifiant" : 97580165,
        "type" : {
          "elementReferenceType" : "MoyenCommunicationType",
          "id" : 205
        },
        "coordonnees" : {
          "fr" : "https://reservation.aixenprovencetourism.com/musee-regards-de-provence-visite-libre.html",
          "en" : "https://booking.aixenprovencetourism.com/musee-regards-de-provence-self-visit.html"
        }
      } ],
      "locked" : false
    } ]
  },
  "illustrations" : [ {
    "identifiant" : 12669374,
    "link" : false,
    "type" : "IMAGE",
    "copyright" : {
      "libelleFr" : "Michele Clavel"
    },
    "traductionFichiers" : [ {
      "locale" : "fr",
      "url" : "https://static.apidae-tourisme.com/filestore/objets-touristiques/images/70/66/12862022.jpg",
      "urlListe" : "https://static.apidae-tourisme.com/filestore/objets-touristiques/images/70/66/12862022-liste.jpg",
      "urlFiche" : "https://static.apidae-tourisme.com/filestore/objets-touristiques/images/70/66/12862022-fiche.jpg",
      "urlDiaporama" : "https://static.apidae-tourisme.com/filestore/objets-touristiques/images/70/66/12862022-diaporama.jpg",
      "extension" : "jpg",
      "fileName" : "800x600_musee-regards-de-provence-vu-du-mucem-c-michele-clavel-217058",
      "taille" : 164556,
      "hauteur" : 800,
      "largeur" : 592,
      "lastModifiedDate" : "2022-03-10T09:33:30.638+0000"
    } ],
    "locked" : false
  }, {
    "identifiant" : 12669371,
    "link" : false,
    "type" : "IMAGE",
    "copyright" : {
      "libelleFr" : "Michele Clavel"
    },
    "traductionFichiers" : [ {
      "locale" : "fr",
      "url" : "https://static.apidae-tourisme.com/filestore/objets-touristiques/images/67/66/12862019.jpg",
      "urlListe" : "https://static.apidae-tourisme.com/filestore/objets-touristiques/images/67/66/12862019-liste.jpg",
      "urlFiche" : "https://static.apidae-tourisme.com/filestore/objets-touristiques/images/67/66/12862019-fiche.jpg",
      "urlDiaporama" : "https://static.apidae-tourisme.com/filestore/objets-touristiques/images/67/66/12862019-diaporama.jpg",
      "extension" : "jpg",
      "fileName" : "800x600_facade-musee-regards-de-provence-c-michele-clavel-md-217055",
      "taille" : 95636,
      "hauteur" : 347,
      "largeur" : 800,
      "lastModifiedDate" : "2022-03-10T09:33:30.346+0000"
    } ],
    "locked" : false
  }, {
    "identifiant" : 12669372,
    "link" : false,
    "type" : "IMAGE",
    "copyright" : {
      "libelleFr" : "Michele Clavel"
    },
    "traductionFichiers" : [ {
      "locale" : "fr",
      "url" : "https://static.apidae-tourisme.com/filestore/objets-touristiques/images/68/66/12862020.jpg",
      "urlListe" : "https://static.apidae-tourisme.com/filestore/objets-touristiques/images/68/66/12862020-liste.jpg",
      "urlFiche" : "https://static.apidae-tourisme.com/filestore/objets-touristiques/images/68/66/12862020-fiche.jpg",
      "urlDiaporama" : "https://static.apidae-tourisme.com/filestore/objets-touristiques/images/68/66/12862020-diaporama.jpg",
      "extension" : "jpg",
      "fileName" : "800x600_hall-musee-regards-de-provence-c-michele-clavel-md-217057",
      "taille" : 138988,
      "hauteur" : 535,
      "largeur" : 800,
      "lastModifiedDate" : "2022-03-10T09:33:29.961+0000"
    } ],
    "locked" : false
  }, {
    "identifiant" : 12669370,
    "link" : false,
    "type" : "IMAGE",
    "copyright" : {
      "libelleFr" : "Musée Regards de Provence"
    },
    "traductionFichiers" : [ {
      "locale" : "fr",
      "url" : "https://static.apidae-tourisme.com/filestore/objets-touristiques/images/66/66/12862018.jpg",
      "urlListe" : "https://static.apidae-tourisme.com/filestore/objets-touristiques/images/66/66/12862018-liste.jpg",
      "urlFiche" : "https://static.apidae-tourisme.com/filestore/objets-touristiques/images/66/66/12862018-fiche.jpg",
      "urlDiaporama" : "https://static.apidae-tourisme.com/filestore/objets-touristiques/images/66/66/12862018-diaporama.jpg",
      "extension" : "jpg",
      "fileName" : "800x600_expo-marseille-de-port-en-ports-1-217060",
      "taille" : 93682,
      "hauteur" : 537,
      "largeur" : 800,
      "lastModifiedDate" : "2022-03-10T09:33:29.147+0000"
    } ],
    "locked" : false
  }, {
    "identifiant" : 12669369,
    "link" : false,
    "type" : "IMAGE",
    "copyright" : {
      "libelleFr" : "Musée Regards de Provence"
    },
    "traductionFichiers" : [ {
      "locale" : "fr",
      "url" : "https://static.apidae-tourisme.com/filestore/objets-touristiques/images/65/66/12862017.jpg",
      "urlListe" : "https://static.apidae-tourisme.com/filestore/objets-touristiques/images/65/66/12862017-liste.jpg",
      "urlFiche" : "https://static.apidae-tourisme.com/filestore/objets-touristiques/images/65/66/12862017-fiche.jpg",
      "urlDiaporama" : "https://static.apidae-tourisme.com/filestore/objets-touristiques/images/65/66/12862017-diaporama.jpg",
      "extension" : "jpg",
      "fileName" : "800x600_affiche-exposition-marseille-de-port-en-ports-titre-def-217056",
      "taille" : 267319,
      "hauteur" : 800,
      "largeur" : 719,
      "lastModifiedDate" : "2022-03-10T09:33:29.511+0000"
    } ],
    "locked" : false
  } ],
  "territoires" : [ {
    "type" : "TERRITOIRE",
    "id" : 591381
  }, {
    "type" : "TERRITOIRE",
    "id" : 591419
  }, {
    "type" : "TERRITOIRE",
    "id" : 5127066
  }, {
    "type" : "TERRITOIRE",
    "id" : 5427620
  }, {
    "type" : "TERRITOIRE",
    "id" : 5427637
  }, {
    "type" : "TERRITOIRE",
    "id" : 5460325
  }, {
    "type" : "TERRITOIRE",
    "id" : 5460436
  }, {
    "type" : "TERRITOIRE",
    "id" : 5693839
  }, {
    "type" : "TERRITOIRE",
    "id" : 5693878
  }, {
    "type" : "TERRITOIRE",
    "id" : 5693903
  }, {
    "type" : "TERRITOIRE",
    "id" : 5775948
  }, {
    "type" : "TERRITOIRE",
    "id" : 5853930
  }, {
    "type" : "TERRITOIRE",
    "id" : 6008197
  } ],
  "datesOuverture" : [ "2022-10-21", "2022-10-22", "2022-10-23", "2022-10-25", "2022-10-26", "2022-10-27", "2022-10-28", "2022-10-29", "2022-10-30", "2022-11-01", "2022-11-02", "2022-11-03", "2022-11-04", "2022-11-05", "2022-11-06", "2022-11-08", "2022-11-09", "2022-11-10", "2022-11-11", "2022-11-12", "2022-11-13", "2022-11-15", "2022-11-16", "2022-11-17", "2022-11-18", "2022-11-19", "2022-11-20", "2022-11-22", "2022-11-23", "2022-11-24", "2022-11-25", "2022-11-26", "2022-11-27", "2022-11-29", "2022-11-30", "2022-12-01", "2022-12-02", "2022-12-03", "2022-12-04", "2022-12-06", "2022-12-07", "2022-12-08", "2022-12-09", "2022-12-10", "2022-12-11", "2022-12-13", "2022-12-14", "2022-12-15", "2022-12-16", "2022-12-17", "2022-12-18", "2022-12-20", "2022-12-21", "2022-12-22", "2022-12-23", "2022-12-24", "2022-12-27", "2022-12-28", "2022-12-29", "2022-12-30", "2022-12-31" ],
  "informationsFeteEtManifestation" : {
    "typesManifestation" : [ {
      "elementReferenceType" : "FeteEtManifestationType",
      "id" : 1958
    } ],
    "categories" : [ {
      "elementReferenceType" : "FeteEtManifestationCategorie",
      "id" : 2101
    } ],
    "themes" : [ {
      "elementReferenceType" : "FeteEtManifestationTheme",
      "id" : 2162
    }, {
      "elementReferenceType" : "FeteEtManifestationTheme",
      "id" : 2232
    }, {
      "elementReferenceType" : "FeteEtManifestationTheme",
      "id" : 2235
    }, {
      "elementReferenceType" : "FeteEtManifestationTheme",
      "id" : 2252
    }, {
      "elementReferenceType" : "FeteEtManifestationTheme",
      "id" : 2304
    } ],
    "portee" : {
      "elementReferenceType" : "FeteEtManifestationPortee",
      "id" : 2351
    },
    "nomLieu" : "Musée Regards de Provence"
  },
  "formatVersion" : "v002",
  "expiration" : {
    "dateExpiration" : "2022-12-31T00:00:00.000+0000",
    "expirationAction" : "MASQUER_AUTOMATIQUEMENT"
  },
  "enquete" : { }
}