{
  "type" : "PATRIMOINE_CULTUREL",
  "id" : 5539618,
  "nom" : {
    "libelleFr" : "Four Banal",
    "libelleEn" : "Banal oven",
    "libelleEs" : "Cuatro Banales",
    "libelleIt" : "Four Banal",
    "libelleDe" : "Four Banal",
    "libelleNl" : "Four Banal"
  },
  "identifier" : "SITRA2_PCU_5539618",
  "state" : "PUBLISHED",
  "gestion" : {
    "dateCreation" : "2020-05-27T15:33:15.810+0000",
    "dateModification" : "2022-07-27T08:08:46.016+0000",
    "dateExportModification" : "2022-07-27T08:08:46.603+0000",
    "membreProprietaire" : {
      "type" : {
        "elementReferenceType" : "MembreSitraType",
        "id" : 233
      },
      "nom" : "Office de Tourisme de Cassis",
      "dateCreation" : "2020-10-19T06:23:27.752+0000",
      "dateModification" : "2022-10-24T08:49:36.803+0000",
      "id" : 2108,
      "siteWeb" : "https://www.ot-cassis.com"
    },
    "signalerUnProblemeMails" : [ "a.rick@ot-cassis.com", "cgallo@ot-cassis.com", "direction@ot-cassis.com", "evillers@ot-cassis.com", "lbaille@ot-cassis.com", "lmichelini@ot-cassis.com", "m.vallet@ot-cassis.com", "patricia@ot-cassis.com", "presse@ot-cassis.com", "sdelage@ot-cassis.com" ]
  },
  "informations" : {
    "moyensCommunication" : [ {
      "identifiant" : 79676908,
      "type" : {
        "elementReferenceType" : "MoyenCommunicationType",
        "id" : 201
      },
      "coordonnees" : {
        "fr" : "04 42 01 39 94"
      }
    }, {
      "identifiant" : 79676909,
      "type" : {
        "elementReferenceType" : "MoyenCommunicationType",
        "id" : 204
      },
      "coordonnees" : {
        "fr" : "m.raimondo-routier@cassis.fr"
      }
    } ],
    "informationsLegales" : { },
    "structureGestion" : {
      "type" : "STRUCTURE",
      "id" : 5223057
    }
  },
  "presentation" : {
    "descriptifCourt" : {
      "libelleFr" : "Avec ses dimensions remarquables et son état excellent de conservation, il constitue un témoignage d'activités aujourd'hui révolues.",
      "libelleEn" : "With its considerable size and its excellent state of preservation, it is a testament to bygone events this day.",
      "libelleEs" : "Con sus notables dimensiones y su excelente estado de conservación, es testigo de actividades que ya no tienen lugar.",
      "libelleDe" : "Mit seiner beträchtlichen Größe und seinem ausgezeichneten Erhaltungszustand, ist er Zeuge für heute vergangene Aktivitäten."
    },
    "descriptifDetaille" : {
      "libelleFr" : "Fermé les ponts et jours fériés\r\nOutre l'aspect historique lié au patrimoine local, les fouilles entreprises en février et mars 2001 par des archéologues varois ont permis de dégager de nombreux objets en céramique qui confirment l'existence dans ce secteur d'un port actif entre le premier et le sixième siècle après Jésus-Christ.",
      "libelleEn" : "Closed on bridges and public holidays \r\nBesides the historical aspect related to local heritage, the excavations undertaken in February and March 2001 by archaeologists have yielded numerous ceramic objects that confirm the existence of an active port in this area between the first and sixth century A.D..",
      "libelleEs" : "Cerrado los fines de semana y los días festivos\r\nAdemás del aspecto histórico vinculado al patrimonio local, las excavaciones realizadas en febrero y marzo de 2001 por arqueólogos de la región de Var han sacado a la luz numerosos objetos de cerámica que confirman la existencia en este sector de un puerto activo entre los siglos I y VI d.C.",
      "libelleDe" : "An Brücken-und Feiertagen geschlossen \r\nNeben dem historischen Aspekt im Zusammenhang mit dem lokalen Kulturerbe, haben die von Archäologen durchgeführten Ausgrabungen im Februar und März 2001 zahlreiche keramische Objekte ans Licht gefördert, die in diesem Bereich die Existenz eines Hafens zwischen dem ersten und sechsten Jahrhundert nach Christus bestätigen ."
    }
  },
  "localisation" : {
    "adresse" : {
      "adresse1" : "Rue Thérèse Rastit",
      "codePostal" : "13260",
      "bureauDistribution" : "CASSIS",
      "commune" : {
        "id" : 4433
      }
    },
    "geolocalisation" : {
      "valide" : true,
      "geoJson" : {
        "type" : "Point",
        "coordinates" : [ 5.537413, 43.215030 ]
      }
    },
    "perimetreGeographique" : [ {
      "id" : 4433
    } ]
  },
  "liens" : { },
  "prestations" : {
    "animauxAcceptes" : "NON_DISPONIBLE",
    "animauxAcceptesSupplement" : "NON_DISPONIBLE"
  },
  "ouverture" : {
    "periodeEnClair" : {
      "libelleFr" : "Du 01/01 au 31/12, tous les lundis, mardis, mercredis, jeudis et vendredis.",
      "libelleEn" : "From 01/01 to 31/12, every Monday, Tuesday, Wednesday, Thursday and Friday.",
      "libelleEs" : "Del 01/01 al 31/12, todos los lunes, martes, miércoles, jueves y viernes.",
      "libelleIt" : "Dal 01/01 al 31/12, tutti i lunedì, martedì, mercoledì, giovedì e venerdì.",
      "libelleDe" : "Vom 01/01 bis 31/12, jeden Montag, Dienstag, Mittwoch, Donnerstag und Freitag.",
      "libelleNl" : "Van 01/01 tot en met 31/12, elke maandag, dinsdag, woensdag, donderdag en vrijdag.",
      "libelleRu" : "С 01/01 до 31/12, каждый понедельники, вторники, среды, четверги и пятницы.",
      "libelleZh" : "从 1月1日 到 12月31日, 每星期一, 星期二, 星期三, 星期四 和 星期五.",
      "libellePtBR" : "De 01/01 a 31/12, todas as segundas-feiras, terças-feiras, quartas-feiras, quintas-feiras e sextas-feiras.",
      "libelleJa" : "01/01 から 31/12 まで, 毎月曜日, 火曜日, 水曜日, 木曜日 と 金曜日."
    },
    "periodeEnClairGenerationMode" : "AUTOMATIQUE",
    "indicationsPeriode" : [ {
      "elementReferenceType" : "IndicationPeriode",
      "id" : 416
    }, {
      "elementReferenceType" : "IndicationPeriode",
      "id" : 418
    }, {
      "elementReferenceType" : "IndicationPeriode",
      "id" : 435
    }, {
      "elementReferenceType" : "IndicationPeriode",
      "id" : 436
    } ],
    "periodesOuvertures" : [ {
      "identifiant" : 19372579,
      "dateDebut" : "2020-01-01",
      "dateFin" : "2020-12-31",
      "type" : "OUVERTURE_SEMAINE",
      "tousLesAns" : true,
      "ouverturesJournalieres" : [ {
        "jour" : "LUNDI"
      }, {
        "jour" : "MARDI"
      }, {
        "jour" : "MERCREDI"
      }, {
        "jour" : "JEUDI"
      }, {
        "jour" : "VENDREDI"
      } ],
      "identifiantTechnique" : 23955974
    } ]
  },
  "descriptionTarif" : {
    "indicationTarif" : "PAYANT",
    "gratuit" : false,
    "tarifsEnClair" : { },
    "tarifsEnClairGenerationMode" : "AUTOMATIQUE",
    "devise" : "EUR",
    "conditions" : { }
  },
  "reservation" : { },
  "criteresInternes" : [ {
    "id" : 18002
  } ],
  "illustrations" : [ {
    "identifiant" : 8488169,
    "link" : false,
    "type" : "IMAGE",
    "nom" : {
      "libelleFr" : "13MUS000024_1_WEB.jpg"
    },
    "copyright" : {
      "libelleFr" : "OT Cassis"
    },
    "traductionFichiers" : [ {
      "locale" : "fr",
      "url" : "https://static.apidae-tourisme.com/filestore/objets-touristiques/images/189/254/8257213.jpg",
      "urlListe" : "https://static.apidae-tourisme.com/filestore/objets-touristiques/images/189/254/8257213-liste.jpg",
      "urlFiche" : "https://static.apidae-tourisme.com/filestore/objets-touristiques/images/189/254/8257213-fiche.jpg",
      "urlDiaporama" : "https://static.apidae-tourisme.com/filestore/objets-touristiques/images/189/254/8257213-diaporama.jpg",
      "extension" : "jpg",
      "fileName" : "full",
      "taille" : 40045,
      "hauteur" : 300,
      "largeur" : 400,
      "lastModifiedDate" : "2020-07-23T17:01:45.000+0000"
    } ],
    "locked" : false
  }, {
    "identifiant" : 8488170,
    "link" : false,
    "type" : "IMAGE",
    "nom" : {
      "libelleFr" : "13MUS000024_2_WEB.jpg"
    },
    "copyright" : {
      "libelleFr" : "OT Cassis"
    },
    "traductionFichiers" : [ {
      "locale" : "fr",
      "url" : "https://static.apidae-tourisme.com/filestore/objets-touristiques/images/190/254/8257214.jpg",
      "urlListe" : "https://static.apidae-tourisme.com/filestore/objets-touristiques/images/190/254/8257214-liste.jpg",
      "urlFiche" : "https://static.apidae-tourisme.com/filestore/objets-touristiques/images/190/254/8257214-fiche.jpg",
      "urlDiaporama" : "https://static.apidae-tourisme.com/filestore/objets-touristiques/images/190/254/8257214-diaporama.jpg",
      "extension" : "jpg",
      "fileName" : "full",
      "taille" : 40118,
      "hauteur" : 300,
      "largeur" : 400,
      "lastModifiedDate" : "2020-07-23T17:01:44.000+0000"
    } ],
    "locked" : false
  } ],
  "visites" : {
    "visitable" : false
  },
  "territoires" : [ {
    "type" : "TERRITOIRE",
    "id" : 591381
  }, {
    "type" : "TERRITOIRE",
    "id" : 591419
  }, {
    "type" : "TERRITOIRE",
    "id" : 5127066
  }, {
    "type" : "TERRITOIRE",
    "id" : 5427637
  }, {
    "type" : "TERRITOIRE",
    "id" : 5460436
  }, {
    "type" : "TERRITOIRE",
    "id" : 5693743
  }, {
    "type" : "TERRITOIRE",
    "id" : 5693903
  }, {
    "type" : "TERRITOIRE",
    "id" : 5853941
  } ],
  "datesOuverture" : [ "2022-11-01", "2022-11-02", "2022-11-03", "2022-11-04", "2022-11-07", "2022-11-08", "2022-11-09", "2022-11-10", "2022-11-11", "2022-11-14", "2022-11-15", "2022-11-16", "2022-11-17", "2022-11-18", "2022-11-21", "2022-11-22", "2022-11-23", "2022-11-24", "2022-11-25", "2022-11-28", "2022-11-29", "2022-11-30", "2022-12-01", "2022-12-02", "2022-12-05", "2022-12-06", "2022-12-07", "2022-12-08", "2022-12-09", "2022-12-12", "2022-12-13", "2022-12-14", "2022-12-15", "2022-12-16", "2022-12-19", "2022-12-20", "2022-12-21", "2022-12-22", "2022-12-23", "2022-12-26", "2022-12-27", "2022-12-28", "2022-12-29", "2022-12-30", "2023-01-02", "2023-01-03", "2023-01-04", "2023-01-05", "2023-01-06", "2023-01-09", "2023-01-10", "2023-01-11", "2023-01-12", "2023-01-13", "2023-01-16", "2023-01-17", "2023-01-18", "2023-01-19", "2023-01-20", "2023-01-23", "2023-01-24", "2023-01-25", "2023-01-26", "2023-01-27", "2023-01-30", "2023-01-31", "2023-02-01", "2023-02-02", "2023-02-03", "2023-02-06", "2023-02-07", "2023-02-08", "2023-02-09", "2023-02-10", "2023-02-13", "2023-02-14", "2023-02-15", "2023-02-16", "2023-02-17", "2023-02-20", "2023-02-21", "2023-02-22", "2023-02-23", "2023-02-24", "2023-02-27", "2023-02-28", "2023-03-01", "2023-03-02", "2023-03-03", "2023-03-06", "2023-03-07", "2023-03-08", "2023-03-09", "2023-03-10", "2023-03-13", "2023-03-14", "2023-03-15", "2023-03-16", "2023-03-17", "2023-03-20", "2023-03-21", "2023-03-22", "2023-03-23", "2023-03-24", "2023-03-27", "2023-03-28", "2023-03-29", "2023-03-30", "2023-03-31", "2023-04-03", "2023-04-04", "2023-04-05", "2023-04-06", "2023-04-07", "2023-04-10", "2023-04-11", "2023-04-12", "2023-04-13", "2023-04-14", "2023-04-17", "2023-04-18", "2023-04-19", "2023-04-20", "2023-04-21", "2023-04-24", "2023-04-25", "2023-04-26", "2023-04-27", "2023-04-28", "2023-05-01", "2023-05-02", "2023-05-03", "2023-05-04", "2023-05-05", "2023-05-08", "2023-05-09", "2023-05-10", "2023-05-11", "2023-05-12", "2023-05-15", "2023-05-16", "2023-05-17", "2023-05-18", "2023-05-19", "2023-05-22", "2023-05-23", "2023-05-24", "2023-05-25", "2023-05-26", "2023-05-29", "2023-05-30", "2023-05-31", "2023-06-01", "2023-06-02", "2023-06-05", "2023-06-06", "2023-06-07", "2023-06-08", "2023-06-09", "2023-06-12", "2023-06-13", "2023-06-14", "2023-06-15", "2023-06-16", "2023-06-19", "2023-06-20", "2023-06-21", "2023-06-22", "2023-06-23", "2023-06-26", "2023-06-27", "2023-06-28", "2023-06-29", "2023-06-30", "2023-07-03", "2023-07-04", "2023-07-05", "2023-07-06", "2023-07-07", "2023-07-10", "2023-07-11", "2023-07-12", "2023-07-13", "2023-07-14", "2023-07-17", "2023-07-18", "2023-07-19", "2023-07-20", "2023-07-21", "2023-07-24", "2023-07-25", "2023-07-26", "2023-07-27", "2023-07-28", "2023-07-31", "2023-08-01", "2023-08-02", "2023-08-03", "2023-08-04", "2023-08-07", "2023-08-08", "2023-08-09", "2023-08-10", "2023-08-11", "2023-08-14", "2023-08-15", "2023-08-16", "2023-08-17", "2023-08-18", "2023-08-21", "2023-08-22", "2023-08-23", "2023-08-24", "2023-08-25", "2023-08-28", "2023-08-29", "2023-08-30", "2023-08-31", "2023-09-01", "2023-09-04", "2023-09-05", "2023-09-06", "2023-09-07", "2023-09-08", "2023-09-11", "2023-09-12", "2023-09-13", "2023-09-14", "2023-09-15", "2023-09-18", "2023-09-19", "2023-09-20", "2023-09-21", "2023-09-22", "2023-09-25", "2023-09-26", "2023-09-27", "2023-09-28", "2023-09-29", "2023-10-02", "2023-10-03", "2023-10-04", "2023-10-05", "2023-10-06", "2023-10-09", "2023-10-10", "2023-10-11", "2023-10-12", "2023-10-13", "2023-10-16", "2023-10-17", "2023-10-18", "2023-10-19", "2023-10-20", "2023-10-23", "2023-10-24", "2023-10-25", "2023-10-26", "2023-10-27", "2023-10-30", "2023-10-31", "2023-11-01", "2023-11-02", "2023-11-03", "2023-11-06", "2023-11-07", "2023-11-08", "2023-11-09", "2023-11-10", "2023-11-13", "2023-11-14", "2023-11-15", "2023-11-16", "2023-11-17", "2023-11-20", "2023-11-21", "2023-11-22", "2023-11-23", "2023-11-24", "2023-11-27", "2023-11-28", "2023-11-29", "2023-11-30", "2023-12-01", "2023-12-04", "2023-12-05", "2023-12-06", "2023-12-07", "2023-12-08", "2023-12-11", "2023-12-12", "2023-12-13", "2023-12-14", "2023-12-15", "2023-12-18", "2023-12-19", "2023-12-20", "2023-12-21", "2023-12-22", "2023-12-25", "2023-12-26", "2023-12-27", "2023-12-28", "2023-12-29", "2024-01-01", "2024-01-02", "2024-01-03", "2024-01-04", "2024-01-05", "2024-01-08", "2024-01-09", "2024-01-10", "2024-01-11", "2024-01-12", "2024-01-15", "2024-01-16", "2024-01-17", "2024-01-18", "2024-01-19", "2024-01-22", "2024-01-23", "2024-01-24", "2024-01-25", "2024-01-26", "2024-01-29", "2024-01-30", "2024-01-31", "2024-02-01", "2024-02-02", "2024-02-05", "2024-02-06", "2024-02-07", "2024-02-08", "2024-02-09", "2024-02-12", "2024-02-13", "2024-02-14", "2024-02-15", "2024-02-16", "2024-02-19", "2024-02-20", "2024-02-21", "2024-02-22", "2024-02-23", "2024-02-26", "2024-02-27", "2024-02-28", "2024-02-29", "2024-03-01", "2024-03-04", "2024-03-05", "2024-03-06", "2024-03-07", "2024-03-08", "2024-03-11", "2024-03-12", "2024-03-13", "2024-03-14", "2024-03-15", "2024-03-18", "2024-03-19", "2024-03-20", "2024-03-21", "2024-03-22", "2024-03-25", "2024-03-26", "2024-03-27", "2024-03-28", "2024-03-29", "2024-04-01", "2024-04-02", "2024-04-03", "2024-04-04", "2024-04-05", "2024-04-08", "2024-04-09", "2024-04-10", "2024-04-11", "2024-04-12", "2024-04-15", "2024-04-16", "2024-04-17", "2024-04-18", "2024-04-19", "2024-04-22", "2024-04-23", "2024-04-24", "2024-04-25", "2024-04-26", "2024-04-29", "2024-04-30", "2024-05-01", "2024-05-02", "2024-05-03", "2024-05-06", "2024-05-07", "2024-05-08", "2024-05-09", "2024-05-10", "2024-05-13", "2024-05-14", "2024-05-15", "2024-05-16", "2024-05-17", "2024-05-20", "2024-05-21", "2024-05-22", "2024-05-23", "2024-05-24", "2024-05-27", "2024-05-28", "2024-05-29", "2024-05-30", "2024-05-31", "2024-06-03", "2024-06-04", "2024-06-05", "2024-06-06", "2024-06-07", "2024-06-10", "2024-06-11", "2024-06-12", "2024-06-13", "2024-06-14", "2024-06-17", "2024-06-18", "2024-06-19", "2024-06-20", "2024-06-21", "2024-06-24", "2024-06-25", "2024-06-26", "2024-06-27", "2024-06-28", "2024-07-01", "2024-07-02", "2024-07-03", "2024-07-04", "2024-07-05", "2024-07-08", "2024-07-09", "2024-07-10", "2024-07-11", "2024-07-12", "2024-07-15", "2024-07-16", "2024-07-17", "2024-07-18", "2024-07-19", "2024-07-22", "2024-07-23", "2024-07-24", "2024-07-25", "2024-07-26", "2024-07-29", "2024-07-30", "2024-07-31", "2024-08-01", "2024-08-02", "2024-08-05", "2024-08-06", "2024-08-07", "2024-08-08", "2024-08-09", "2024-08-12", "2024-08-13", "2024-08-14", "2024-08-15", "2024-08-16", "2024-08-19", "2024-08-20", "2024-08-21", "2024-08-22", "2024-08-23", "2024-08-26", "2024-08-27", "2024-08-28", "2024-08-29", "2024-08-30", "2024-09-02", "2024-09-03", "2024-09-04", "2024-09-05", "2024-09-06", "2024-09-09", "2024-09-10", "2024-09-11", "2024-09-12", "2024-09-13", "2024-09-16", "2024-09-17", "2024-09-18", "2024-09-19", "2024-09-20", "2024-09-23", "2024-09-24", "2024-09-25", "2024-09-26", "2024-09-27", "2024-09-30", "2024-10-01", "2024-10-02", "2024-10-03", "2024-10-04", "2024-10-07", "2024-10-08", "2024-10-09", "2024-10-10", "2024-10-11", "2024-10-14", "2024-10-15", "2024-10-16", "2024-10-17", "2024-10-18", "2024-10-21", "2024-10-22", "2024-10-23", "2024-10-24", "2024-10-25", "2024-10-28", "2024-10-29", "2024-10-30", "2024-10-31" ],
  "informationsPatrimoineCulturel" : {
    "patrimoineCulturelType" : {
      "elementReferenceType" : "PatrimoineCulturelType",
      "id" : 3201
    },
    "themes" : [ {
      "elementReferenceType" : "PatrimoineCulturelTheme",
      "id" : 3419
    }, {
      "elementReferenceType" : "PatrimoineCulturelTheme",
      "id" : 3456
    } ]
  },
  "formatVersion" : "v002",
  "expiration" : { },
  "informationsPrestataireActivites" : {
    "prestataireActivites" : false
  },
  "enquete" : { },
  "donneesPrivees" : [ {
    "nomTechnique" : "1947_Id_patio",
    "libelleFr" : "Id_Patio",
    "ordre" : 1,
    "descriptif" : {
      "libelleFr" : "13MUS000024"
    }
  }, {
    "nomTechnique" : "1947_Source_patio",
    "libelleFr" : "Source_Patio",
    "ordre" : 2,
    "descriptif" : {
      "libelleFr" : "OT Cassis"
    }
  }, {
    "nomTechnique" : "1947_Url_patio",
    "libelleFr" : "URL_Patio",
    "ordre" : 3,
    "descriptif" : {
      "libelleFr" : "http://www.ot-cassis.com"
    }
  } ]
}