{
  "type" : "FETE_ET_MANIFESTATION",
  "id" : 5592327,
  "nom" : {
    "libelleFr" : "Visite guidée du vieux village",
    "libelleEn" : "Visite guidée du vieux village",
    "libelleIt" : "Visite guidée du vieux village",
    "libelleDe" : "Visite guidée du vieux village",
    "libelleNl" : "Visite guidée du vieux village"
  },
  "identifier" : "SITRA2_EVE_5592327",
  "state" : "PUBLISHED",
  "gestion" : {
    "dateCreation" : "2020-07-03T11:53:03.994+0000",
    "dateModification" : "2022-09-07T14:48:26.905+0000",
    "dateExportModification" : "2022-09-07T14:48:27.199+0000",
    "membreProprietaire" : {
      "type" : {
        "elementReferenceType" : "MembreSitraType",
        "id" : 233
      },
      "nom" : "Maison du Tourisme d'Allauch",
      "dateCreation" : "2020-10-14T08:22:33.130+0000",
      "dateModification" : "2022-10-24T08:49:33.880+0000",
      "id" : 2104,
      "siteWeb" : "https://tourisme.allauch.com"
    },
    "signalerUnProblemeMails" : [ "c.blin@allauch.com", "f.garzino@allauch.com", "g.geffroy@allauch.com", "s.liffaud@allauch.com" ]
  },
  "informations" : {
    "moyensCommunication" : [ {
      "identifiant" : 70515322,
      "type" : {
        "elementReferenceType" : "MoyenCommunicationType",
        "id" : 201
      },
      "coordonnees" : {
        "fr" : "04 91 10 49 20"
      }
    }, {
      "identifiant" : 70515323,
      "type" : {
        "elementReferenceType" : "MoyenCommunicationType",
        "id" : 204
      },
      "coordonnees" : {
        "fr" : "tourisme@allauch.com"
      }
    }, {
      "identifiant" : 84328981,
      "type" : {
        "elementReferenceType" : "MoyenCommunicationType",
        "id" : 205
      },
      "coordonnees" : {
        "fr" : "https://tourisme.allauch.com"
      }
    } ],
    "informationsLegales" : { },
    "structureGestion" : {
      "type" : "STRUCTURE",
      "id" : 5223971
    }
  },
  "presentation" : {
    "descriptifCourt" : {
      "libelleFr" : "Envie de découvrir en groupe Allauch et son patrimoine? N'hésitez pas à contacter la maison du tourisme !"
    },
    "descriptifDetaille" : {
      "libelleFr" : "La maison du tourisme propose à tous les groupes, une visite gratuite du vieux village le mardi jeudi et vendredi. Cette visite peut s'effectuer sur une journée, une demi-journée ou encore quelques heures. La guide de la maison du tourisme vous fera diverses propositions en fonction de vos attentes. Vous pourrez visiter les divers monuments du village, les ateliers des artisans et producteurs du terroir ou encore les expositions du moment.\r\nVisite pour les groupes de minimum 15 personnes."
    }
  },
  "localisation" : {
    "adresse" : {
      "nomDuLieu" : "Esplanade Frédéric Mistral",
      "adresse1" : "Esplanade Frédéric Mistral",
      "codePostal" : "13190",
      "commune" : {
        "id" : 4413
      }
    },
    "geolocalisation" : {
      "complement" : {
        "libelleFr" : "Marseille Provence : Aéroport/Aérodrome à 35km\r\nSaint Charles : Gare ferroviaire à 14km\r\nLa Rose : Station de métro à 8km\r\nAllauch Village Ligne bus 144 à 0km"
      },
      "valide" : true,
      "geoJson" : {
        "type" : "Point",
        "coordinates" : [ 5.479982, 43.335995 ]
      }
    },
    "perimetreGeographique" : [ {
      "id" : 4413
    } ],
    "lieu" : {
      "id" : 18469
    },
    "lieuObjetTouristique" : {
      "type" : "PATRIMOINE_CULTUREL",
      "id" : 5538187
    }
  },
  "liens" : {
    "liensObjetsTouristiquesTypes" : [ {
      "type" : "PARCOURS_ETAPE",
      "libelleFr" : "Possède comme étape ...",
      "libelleEn" : "Includes a section corresponding to...",
      "libelleEs" : "Tiene como etapa...",
      "libelleIt" : "Possiede come tappa....",
      "libelleDe" : "Besitzt als Etappe ...",
      "libelleNl" : "Heeft als etappe ...",
      "libelleRu" : "Включает в себя в качестве этапа...",
      "libelleZh" : "作为路线的一阶段",
      "libellePtBR" : "Possui como etapa ...",
      "libelleJa" : "にあるステップは",
      "objetTouristique" : {
        "type" : "PATRIMOINE_CULTUREL",
        "id" : 5538282
      }
    }, {
      "type" : "PARCOURS_ETAPE",
      "libelleFr" : "Possède comme étape ...",
      "libelleEn" : "Includes a section corresponding to...",
      "libelleEs" : "Tiene como etapa...",
      "libelleIt" : "Possiede come tappa....",
      "libelleDe" : "Besitzt als Etappe ...",
      "libelleNl" : "Heeft als etappe ...",
      "libelleRu" : "Включает в себя в качестве этапа...",
      "libelleZh" : "作为路线的一阶段",
      "libellePtBR" : "Possui como etapa ...",
      "libelleJa" : "にあるステップは",
      "objetTouristique" : {
        "type" : "PATRIMOINE_CULTUREL",
        "id" : 5537952
      }
    } ]
  },
  "prestations" : {
    "animauxAcceptes" : "NON_DISPONIBLE",
    "animauxAcceptesSupplement" : "NON_DISPONIBLE",
    "nombrePersonnesMinimum" : 15
  },
  "ouverture" : {
    "periodeEnClair" : {
      "libelleFr" : "Toute l'année, tous les mardis, jeudis et vendredis.\nSur rendez-vous pour les groupes de 15 personnes et plus.",
      "libelleEn" : "All year round, every Tuesday, Thursday and Friday.",
      "libelleEs" : "Todo el año, todos los martes, jueves y viernes.",
      "libelleIt" : "Tutto l'anno, tutti i martedì, giovedì e venerdì.",
      "libelleDe" : "Ganzjährig, jeden Dienstag, Donnerstag und Freitag.",
      "libelleNl" : "Het hele jaar, elke dinsdag, donderdag en vrijdag.",
      "libelleRu" : "В течение всего года, каждый вторники, четверги и пятницы.",
      "libelleZh" : "全年, 每星期二, 星期四 和 星期五.",
      "libellePtBR" : "Todo o ano, todas as terças-feiras, quintas-feiras e sextas-feiras.",
      "libelleJa" : "オールシーズン, 毎火曜日, 木曜日 と 金曜日."
    },
    "periodeEnClairGenerationMode" : "AUTOMATIQUE",
    "indicationsPeriode" : [ {
      "elementReferenceType" : "IndicationPeriode",
      "id" : 436
    }, {
      "elementReferenceType" : "IndicationPeriode",
      "id" : 418
    }, {
      "elementReferenceType" : "IndicationPeriode",
      "id" : 416
    }, {
      "elementReferenceType" : "IndicationPeriode",
      "id" : 435
    } ],
    "periodesOuvertures" : [ {
      "identifiant" : 19951854,
      "dateDebut" : "2022-01-01",
      "dateFin" : "2030-12-31",
      "complementHoraire" : {
        "libelleFr" : "Sur rendez-vous pour les groupes de 15 personnes et plus"
      },
      "type" : "OUVERTURE_SEMAINE",
      "tousLesAns" : true,
      "ouverturesJournalieres" : [ {
        "jour" : "MARDI"
      }, {
        "jour" : "JEUDI"
      }, {
        "jour" : "VENDREDI"
      } ],
      "identifiantTechnique" : 24246544
    } ],
    "ouvertTouteLAnnee" : "OUVERT_TOUTE_L_ANNEE"
  },
  "descriptionTarif" : {
    "indicationTarif" : "GRATUIT",
    "gratuit" : true,
    "tarifsEnClair" : {
      "libelleFr" : "Gratuit.",
      "libelleEn" : "Free of charge.",
      "libelleEs" : "Gratis.",
      "libelleIt" : "Gratuito.",
      "libelleDe" : "Kostenlos.",
      "libelleNl" : "Gratis.",
      "libelleRu" : "Бесплатно.",
      "libelleZh" : "免费.",
      "libellePtBR" : "Gratuito.",
      "libelleJa" : "無料."
    },
    "tarifsEnClairGenerationMode" : "AUTOMATIQUE",
    "devise" : "EUR",
    "conditions" : { }
  },
  "reservation" : { },
  "contacts" : [ {
    "identifiant" : 17870576,
    "referent" : true,
    "civilite" : {
      "elementReferenceType" : "ContactCivilite",
      "id" : 442
    },
    "nom" : "SOGNO",
    "prenom" : "Rita",
    "fonction" : {
      "elementReferenceType" : "ContactFonction",
      "id" : 468
    },
    "moyensCommunication" : [ {
      "identifiant" : 84065575,
      "type" : {
        "elementReferenceType" : "MoyenCommunicationType",
        "id" : 201
      },
      "coordonnees" : {
        "fr" : "04 91 10 49 20"
      }
    } ]
  } ],
  "illustrations" : [ {
    "identifiant" : 12173411,
    "link" : false,
    "type" : "IMAGE",
    "nom" : {
      "libelleFr" : "Visite guidée 4"
    },
    "copyright" : {
      "libelleFr" : "Mairie d'allauch"
    },
    "traductionFichiers" : [ {
      "locale" : "fr",
      "url" : "https://static.apidae-tourisme.com/filestore/objets-touristiques/images/35/160/12296227.jpg",
      "urlListe" : "https://static.apidae-tourisme.com/filestore/objets-touristiques/images/35/160/12296227-liste.jpg",
      "urlFiche" : "https://static.apidae-tourisme.com/filestore/objets-touristiques/images/35/160/12296227-fiche.jpg",
      "urlDiaporama" : "https://static.apidae-tourisme.com/filestore/objets-touristiques/images/35/160/12296227-diaporama.jpg",
      "extension" : "jpg",
      "fileName" : "full",
      "taille" : 377564,
      "hauteur" : 1920,
      "largeur" : 1440,
      "lastModifiedDate" : "2022-01-18T09:31:00.371+0000"
    } ],
    "locked" : false
  }, {
    "identifiant" : 12173413,
    "link" : false,
    "type" : "IMAGE",
    "nom" : {
      "libelleFr" : "Visite guidée 1"
    },
    "copyright" : {
      "libelleFr" : "Mairie d'Allauch / Zénith Photos"
    },
    "traductionFichiers" : [ {
      "locale" : "fr",
      "url" : "https://static.apidae-tourisme.com/filestore/objets-touristiques/images/37/160/12296229.jpg",
      "urlListe" : "https://static.apidae-tourisme.com/filestore/objets-touristiques/images/37/160/12296229-liste.jpg",
      "urlFiche" : "https://static.apidae-tourisme.com/filestore/objets-touristiques/images/37/160/12296229-fiche.jpg",
      "urlDiaporama" : "https://static.apidae-tourisme.com/filestore/objets-touristiques/images/37/160/12296229-diaporama.jpg",
      "extension" : "jpg",
      "fileName" : "full",
      "taille" : 711223,
      "hauteur" : 1440,
      "largeur" : 1920,
      "lastModifiedDate" : "2022-01-18T09:31:01.699+0000"
    } ],
    "locked" : false
  }, {
    "identifiant" : 12173415,
    "link" : false,
    "type" : "IMAGE",
    "nom" : {
      "libelleFr" : "Visite guidée 2"
    },
    "copyright" : {
      "libelleFr" : "Mairie d'Allauch"
    },
    "traductionFichiers" : [ {
      "locale" : "fr",
      "url" : "https://static.apidae-tourisme.com/filestore/objets-touristiques/images/39/160/12296231.jpg",
      "urlListe" : "https://static.apidae-tourisme.com/filestore/objets-touristiques/images/39/160/12296231-liste.jpg",
      "urlFiche" : "https://static.apidae-tourisme.com/filestore/objets-touristiques/images/39/160/12296231-fiche.jpg",
      "urlDiaporama" : "https://static.apidae-tourisme.com/filestore/objets-touristiques/images/39/160/12296231-diaporama.jpg",
      "extension" : "jpg",
      "fileName" : "full",
      "taille" : 634983,
      "hauteur" : 1440,
      "largeur" : 1920,
      "lastModifiedDate" : "2022-01-18T09:31:04.343+0000"
    } ],
    "locked" : false
  }, {
    "identifiant" : 12173400,
    "link" : false,
    "type" : "IMAGE",
    "nom" : {
      "libelleFr" : "Visite guidée 3"
    },
    "copyright" : {
      "libelleFr" : "Mairie d'allauch"
    },
    "traductionFichiers" : [ {
      "locale" : "fr",
      "url" : "https://static.apidae-tourisme.com/filestore/objets-touristiques/images/24/160/12296216.jpg",
      "urlListe" : "https://static.apidae-tourisme.com/filestore/objets-touristiques/images/24/160/12296216-liste.jpg",
      "urlFiche" : "https://static.apidae-tourisme.com/filestore/objets-touristiques/images/24/160/12296216-fiche.jpg",
      "urlDiaporama" : "https://static.apidae-tourisme.com/filestore/objets-touristiques/images/24/160/12296216-diaporama.jpg",
      "extension" : "jpg",
      "fileName" : "full",
      "taille" : 624230,
      "hauteur" : 1920,
      "largeur" : 1440,
      "lastModifiedDate" : "2022-01-18T09:31:02.756+0000"
    } ],
    "locked" : false
  }, {
    "identifiant" : 12173412,
    "link" : false,
    "type" : "IMAGE",
    "nom" : {
      "libelleFr" : "Visite guidée 5"
    },
    "copyright" : {
      "libelleFr" : "Mairie d'allauch"
    },
    "traductionFichiers" : [ {
      "locale" : "fr",
      "url" : "https://static.apidae-tourisme.com/filestore/objets-touristiques/images/36/160/12296228.jpg",
      "urlListe" : "https://static.apidae-tourisme.com/filestore/objets-touristiques/images/36/160/12296228-liste.jpg",
      "urlFiche" : "https://static.apidae-tourisme.com/filestore/objets-touristiques/images/36/160/12296228-fiche.jpg",
      "urlDiaporama" : "https://static.apidae-tourisme.com/filestore/objets-touristiques/images/36/160/12296228-diaporama.jpg",
      "extension" : "jpg",
      "fileName" : "full",
      "taille" : 652855,
      "hauteur" : 1920,
      "largeur" : 1440,
      "lastModifiedDate" : "2022-01-18T09:30:59.064+0000"
    } ],
    "locked" : false
  } ],
  "territoires" : [ {
    "type" : "TERRITOIRE",
    "id" : 591381
  }, {
    "type" : "TERRITOIRE",
    "id" : 591419
  }, {
    "type" : "TERRITOIRE",
    "id" : 5127066
  }, {
    "type" : "TERRITOIRE",
    "id" : 5427637
  }, {
    "type" : "TERRITOIRE",
    "id" : 5693743
  }, {
    "type" : "TERRITOIRE",
    "id" : 5693903
  }, {
    "type" : "TERRITOIRE",
    "id" : 5853958
  } ],
  "datesOuverture" : [ "2022-11-08", "2022-11-10", "2022-11-11", "2022-11-15", "2022-11-17", "2022-11-18", "2022-11-22", "2022-11-24", "2022-11-25", "2022-11-29", "2022-12-01", "2022-12-02", "2022-12-06", "2022-12-08", "2022-12-09", "2022-12-13", "2022-12-15", "2022-12-16", "2022-12-20", "2022-12-22", "2022-12-23", "2022-12-27", "2022-12-29", "2022-12-30", "2023-01-03", "2023-01-05", "2023-01-06", "2023-01-10", "2023-01-12", "2023-01-13", "2023-01-17", "2023-01-19", "2023-01-20", "2023-01-24", "2023-01-26", "2023-01-27", "2023-01-31", "2023-02-02", "2023-02-03", "2023-02-07", "2023-02-09", "2023-02-10", "2023-02-14", "2023-02-16", "2023-02-17", "2023-02-21", "2023-02-23", "2023-02-24", "2023-02-28", "2023-03-02", "2023-03-03", "2023-03-07", "2023-03-09", "2023-03-10", "2023-03-14", "2023-03-16", "2023-03-17", "2023-03-21", "2023-03-23", "2023-03-24", "2023-03-28", "2023-03-30", "2023-03-31", "2023-04-04", "2023-04-06", "2023-04-07", "2023-04-11", "2023-04-13", "2023-04-14", "2023-04-18", "2023-04-20", "2023-04-21", "2023-04-25", "2023-04-27", "2023-04-28", "2023-05-02", "2023-05-04", "2023-05-05", "2023-05-09", "2023-05-11", "2023-05-12", "2023-05-16", "2023-05-18", "2023-05-19", "2023-05-23", "2023-05-25", "2023-05-26", "2023-05-30", "2023-06-01", "2023-06-02", "2023-06-06", "2023-06-08", "2023-06-09", "2023-06-13", "2023-06-15", "2023-06-16", "2023-06-20", "2023-06-22", "2023-06-23", "2023-06-27", "2023-06-29", "2023-06-30", "2023-07-04", "2023-07-06", "2023-07-07", "2023-07-11", "2023-07-13", "2023-07-14", "2023-07-18", "2023-07-20", "2023-07-21", "2023-07-25", "2023-07-27", "2023-07-28", "2023-08-01", "2023-08-03", "2023-08-04", "2023-08-08", "2023-08-10", "2023-08-11", "2023-08-15", "2023-08-17", "2023-08-18", "2023-08-22", "2023-08-24", "2023-08-25", "2023-08-29", "2023-08-31", "2023-09-01", "2023-09-05", "2023-09-07", "2023-09-08", "2023-09-12", "2023-09-14", "2023-09-15", "2023-09-19", "2023-09-21", "2023-09-22", "2023-09-26", "2023-09-28", "2023-09-29", "2023-10-03", "2023-10-05", "2023-10-06", "2023-10-10", "2023-10-12", "2023-10-13", "2023-10-17", "2023-10-19", "2023-10-20", "2023-10-24", "2023-10-26", "2023-10-27", "2023-10-31", "2023-11-02", "2023-11-03", "2023-11-07", "2023-11-09", "2023-11-10", "2023-11-14", "2023-11-16", "2023-11-17", "2023-11-21", "2023-11-23", "2023-11-24", "2023-11-28", "2023-11-30", "2023-12-01", "2023-12-05", "2023-12-07", "2023-12-08", "2023-12-12", "2023-12-14", "2023-12-15", "2023-12-19", "2023-12-21", "2023-12-22", "2023-12-26", "2023-12-28", "2023-12-29", "2024-01-02", "2024-01-04", "2024-01-05", "2024-01-09", "2024-01-11", "2024-01-12", "2024-01-16", "2024-01-18", "2024-01-19", "2024-01-23", "2024-01-25", "2024-01-26", "2024-01-30", "2024-02-01", "2024-02-02", "2024-02-06", "2024-02-08", "2024-02-09", "2024-02-13", "2024-02-15", "2024-02-16", "2024-02-20", "2024-02-22", "2024-02-23", "2024-02-27", "2024-02-29", "2024-03-01", "2024-03-05", "2024-03-07", "2024-03-08", "2024-03-12", "2024-03-14", "2024-03-15", "2024-03-19", "2024-03-21", "2024-03-22", "2024-03-26", "2024-03-28", "2024-03-29", "2024-04-02", "2024-04-04", "2024-04-05", "2024-04-09", "2024-04-11", "2024-04-12", "2024-04-16", "2024-04-18", "2024-04-19", "2024-04-23", "2024-04-25", "2024-04-26", "2024-04-30", "2024-05-02", "2024-05-03", "2024-05-07", "2024-05-09", "2024-05-10", "2024-05-14", "2024-05-16", "2024-05-17", "2024-05-21", "2024-05-23", "2024-05-24", "2024-05-28", "2024-05-30", "2024-05-31", "2024-06-04", "2024-06-06", "2024-06-07", "2024-06-11", "2024-06-13", "2024-06-14", "2024-06-18", "2024-06-20", "2024-06-21", "2024-06-25", "2024-06-27", "2024-06-28", "2024-07-02", "2024-07-04", "2024-07-05", "2024-07-09", "2024-07-11", "2024-07-12", "2024-07-16", "2024-07-18", "2024-07-19", "2024-07-23", "2024-07-25", "2024-07-26", "2024-07-30", "2024-08-01", "2024-08-02", "2024-08-06", "2024-08-08", "2024-08-09", "2024-08-13", "2024-08-15", "2024-08-16", "2024-08-20", "2024-08-22", "2024-08-23", "2024-08-27", "2024-08-29", "2024-08-30", "2024-09-03", "2024-09-05", "2024-09-06", "2024-09-10", "2024-09-12", "2024-09-13", "2024-09-17", "2024-09-19", "2024-09-20", "2024-09-24", "2024-09-26", "2024-09-27", "2024-10-01", "2024-10-03", "2024-10-04", "2024-10-08", "2024-10-10", "2024-10-11", "2024-10-15", "2024-10-17", "2024-10-18", "2024-10-22", "2024-10-24", "2024-10-25", "2024-10-29", "2024-10-31", "2024-11-01", "2024-11-05", "2024-11-07" ],
  "informationsFeteEtManifestation" : {
    "typesManifestation" : [ {
      "elementReferenceType" : "FeteEtManifestationType",
      "id" : 1958
    } ],
    "categories" : [ {
      "elementReferenceType" : "FeteEtManifestationCategorie",
      "id" : 2101
    } ],
    "themes" : [ {
      "elementReferenceType" : "FeteEtManifestationTheme",
      "id" : 2206
    }, {
      "elementReferenceType" : "FeteEtManifestationTheme",
      "id" : 2293
    } ],
    "portee" : {
      "elementReferenceType" : "FeteEtManifestationPortee",
      "id" : 2352
    },
    "nomLieu" : "Esplanade Frédéric Mistral"
  },
  "formatVersion" : "v002",
  "expiration" : { },
  "enquete" : { },
  "donneesPrivees" : [ {
    "nomTechnique" : "1947_Id_patio",
    "libelleFr" : "Id_Patio",
    "ordre" : 1,
    "descriptif" : {
      "libelleFr" : "13VIS000303"
    }
  }, {
    "nomTechnique" : "1947_Source_patio",
    "libelleFr" : "Source_Patio",
    "ordre" : 2,
    "descriptif" : {
      "libelleFr" : "Maison du Tourisme Allauch"
    }
  }, {
    "nomTechnique" : "1947_Url_patio",
    "libelleFr" : "URL_Patio",
    "ordre" : 3,
    "descriptif" : {
      "libelleFr" : "http://www.tourisme.allauch.com"
    }
  } ]
}