{
  "type" : "PATRIMOINE_CULTUREL",
  "id" : 5539499,
  "nom" : {
    "libelleFr" : "Primatiale Saint Trophime",
    "libelleEn" : "Primatiale Saint Trophime",
    "libelleEs" : "Primatiale San Tr��fimo",
    "libelleIt" : "Primatiale Saint Trophime",
    "libelleDe" : "Primatiale Saint Trophime",
    "libelleNl" : "Primatiale Saint Falperra"
  },
  "identifier" : "SITRA2_PCU_5539499",
  "state" : "PUBLISHED",
  "gestion" : {
    "dateCreation" : "2020-05-27T15:16:18.894+0000",
    "dateModification" : "2021-06-24T14:50:09.083+0000",
    "dateExportModification" : "2022-11-06T10:41:20.425+0000",
    "membreProprietaire" : {
      "type" : {
        "elementReferenceType" : "MembreSitraType",
        "id" : 233
      },
      "nom" : "Office de Tourisme d'Arles",
      "dateCreation" : "2020-10-20T08:31:09.923+0000",
      "dateModification" : "2022-10-24T08:49:35.216+0000",
      "id" : 2112,
      "siteWeb" : "http://www.arlestourisme.com"
    },
    "signalerUnProblemeMails" : [ "a.quarta@arlestourisme.com", "f.soliveres@arlestourisme.com", "m.louvet@arlestourisme.com" ]
  },
  "informations" : {
    "moyensCommunication" : [ {
      "identifiant" : 79675423,
      "type" : {
        "elementReferenceType" : "MoyenCommunicationType",
        "id" : 201
      },
      "coordonnees" : {
        "fr" : "04 90 96 07 38"
      }
    }, {
      "identifiant" : 79675424,
      "type" : {
        "elementReferenceType" : "MoyenCommunicationType",
        "id" : 205
      },
      "coordonnees" : {
        "fr" : "http://www.paroisse-arles.com"
      }
    }, {
      "identifiant" : 70515433,
      "type" : {
        "elementReferenceType" : "MoyenCommunicationType",
        "id" : 201
      },
      "coordonnees" : {
        "fr" : "04 90 18 41 20"
      }
    }, {
      "identifiant" : 70515436,
      "type" : {
        "elementReferenceType" : "MoyenCommunicationType",
        "id" : 204
      },
      "coordonnees" : {
        "fr" : "ot-arles@arlestourisme.com"
      }
    }, {
      "identifiant" : 70515437,
      "type" : {
        "elementReferenceType" : "MoyenCommunicationType",
        "id" : 205
      },
      "coordonnees" : {
        "fr" : "http://www.arlestourisme.com"
      }
    } ],
    "informationsLegales" : { },
    "structureGestion" : {
      "type" : "STRUCTURE",
      "id" : 775880
    },
    "structureInformation" : {
      "type" : "STRUCTURE",
      "id" : 5223991
    }
  },
  "presentation" : {
    "descriptifDetaille" : {
      "libelleFr" : "Date : XIIème, XVème siècles\nEpoque : Moyen Age\nType : Architecture religieuse\nStatut : Propriété de la Ville d'Arles classée Monument historique (1840) Patrimoine mondial de l'Unesco (1981)\n\nLa communauté chrétienne d'Arles est l'une des premières de la Gaule, avec la présence d'un évêque attestée dès 254. \nBien plus, la cathédrale d'Arles obtiendra un temps le rang de primatiale des Gaules, et demeurera siège d'un archevêché jusqu'à la Révolution. Aujourd'hui, elle est église paroissiale.\nInitialement située à proximité du rempart antique de l'Hauture, la cathédrale fut déplacée vers le Ve siècle à proximité de l'ancien forum romain. \nElle fut élevée en plusieurs phases et l'essentiel du monument que nous voyons aujourd'hui date du XIIème siècle, époque à laquelle sa façade, initialement sobre, fut rehaussée de sa magnifique statuaire historiée. \nL'édifice est l'un des plus importants du domaine roman provençal. \nC'est par ailleurs une église à reliques sur la route de Compostelle. Un choeur gothique remplace les absides romanes au XVème siècle. \n\nLe monument est érigé en plusieurs phases. \nIl possède le plan caractéristique des édifices de Provence : une haute nef de cinq travées, voûtées en berceau brisé et flanquée d'étroits collatéraux un transept très court dont la croisée est surmontée d'une coupole et supporte le clocher. \nLe choeur comportait une abside principale et deux absidioles.\nA l'ouest, un portail somptueusement décoré complète l'ensemble. \nEnfin, au milieu du XVème siècle, un long chevet gothique avec déambulatoire et chapelles rayonnantes, remplacera l'ancien choeur roman. \nConsacré à l'évocation du Jugement dernier, le portail est aussi un modèle de vie proposé au fidèle et une illustration des gloires de l'Eglise d'Arles. \nLa composition superpose trois thèmes majeurs : l'assemblée des saints Patrons, l'Epopée divine et l'Epopée humaine, allant de la chute originelle au sort futur des élus et des damnés. \nLa composition culmine sur l'image solennelle et triomphale du Christ. Le trait dominant de cette oeuvre magistrale est l'ampleur de son inspiration antique, héritage culturel romain symbole d'une véritable \" renaissance \".",
      "libelleEn" : "Date: 12th and 15th centuries\nEra: Middle Ages\nType: Religious architecture\nStatus: Property of the Town of Arles and listed as a national Historic Monument in 1840 and a UNESCO World Heritage Site in1981\nThe Christian community of Arles was one of the first in Gaul, with the presence of a Bishop documented in 254.\nFurthermore, for a while Arles Cathedral had the status of Primatial Church of the Gauls and remained the site of an Archbishopric until the Revolution. It is currently a parish church.\nOriginally located near the ancient rampart of L'Hauture, the cathedral was moved close to the old Roman forum around the 5th century.\nIt was built in several stages and the majority of the monument we see today dates from the 12th century, when its originally sombre façade was accentuated with its magnificent historiated statues.\nThe building is one of the largest in Romanesque Provence.\nIt is also a church of relics on the Way of St James. A Gothic chancel has replaced the 15th century Romanesque apses. \nThe monument was erected in several stages.\nIt has the characteristic layout of Provençal buildings: a high nave with five broken barrel vaulted bays, flanked by narrow side-aisles and a very short transept whose cross is surmounted by a cupola and supports the bell tower.\nThe chancel had a main apse and two absidioles.\nTo the west, a sumptuously decorated portal completes the layout.\nFinally, a long Gothic chevet with ambulatory and radiating chapels replaced the old Romanesque chancel in the mid-15th century.\nThe portal, dedicated to Judgement Day, is also faithfully reproduced model and an illustration of the glories of Arles Church.\nThe composition superposes three main themes: the assembly of patron saints, the Divine Epic and the Human Epic, from the Fall to the future fate of the chosen ones and the damned.\nThe composition culminates in the solemn, triumphal image of Christ. The dominant feature of this magnificent work is the extent of its ancient inspiration; its Roman cultural heritage is a symbol of a real 'renaissance'.",
      "libelleEs" : "Fecha: siglos XII, XV\nÉpoca: Edad Media\nTipo: Arquitectura religiosa\nEstatuto: Propiedad de la ciudad de Arles catalogada como Monumento Histórico (1840) Patrimonio mundial de la UNESCO (1981)\nLa comunidad cristiana de Arles es una de las primeras de Galia, con la presencia de un obispo acreditada desde 254.\nEs más, la catedral de Arles obtendrá durante un tiempo el rango de primacial de las Galias y será la sede de un arzobispado hasta la Revolución. En la actualidad, es iglesia parroquial.\nInicialmente situada cerca de la antigua muralla de Hauture, la catedral fue desplazada hacia el siglo V cerca del antiguo foro romano.\nFue levantada en varias fases y lo esencial del monumento que vemos en la actualidad data del siglo XII, época en la que su fachada, inicialmente sobria, fue realzada por su magnífico estatuario historiado. \nEl edificio es uno de los más importantes de la época románica provenzal.\nAdemás es una iglesia de reliquias en el camino de Santiago. Un coro gótico sustituye los ábsides románicos en el siglo XV. \nEl monumento se erige en varias fases.\nPosee el plano característico de los edificios de Provenza: una nave alta con cinco galerías, con bóvedas de cañón mitral y flanqueada por estrechos colaterales, un crucero muy corto cuya ventana está coronada con una cúpula y soporta el campanario.\nEl coro incluía un ábside principal y dos absidiolos.\nAl oeste, un pórtico suntuosamente decorado completa el conjunto.\nFinalmente, a mediados del siglo XV, una larga cabecera gótica con deambulatorio y capillas radiales, sustituirá al antiguo coro románico.\nDedicado a la advocación del Juicio Final, el pórtico también es un modelo de vida propuesto al fiel y una ilustración de las glorias de la Iglesia de Arles.\nLa composición superpone tres temas principales: los apóstoles, la epopeya divina y la epopeya humana, que va del pecado original al futuro de los elegidos y los condenados.\nLa composición culmina con la imagen solemne y triunfal de Cristo. El rasgo dominante de esta obra magistral es la amplitud de su inspiración antigua, herencia cultural romana símbolo de un verdadero \"renacimiento\".",
      "libelleIt" : "Data : XII, XV secolo\nEpoca : Medioevo\nTipo : Architettura religiosa\nStato : Proprietà della Città di Arles, classificata Monumento Storico (1840), Patrimonio Mondiale dell'Unesco (1981)\nLa comunità cristiana di Arles è una delle prime della Gallia, con la presenza di un vescovo attestata sin dal 254.\nInoltre, la cattedrale di Arles otterrà, per un certo periodo di tempo, il grado di primaziale delle Gallie, e rimarrà sede di un arcivescovado fino alla Rivoluzione francese. Oggi, è una chiesa parrocchiale.\nInizialmente situata nelle vicinanze delle mura antiche dell’Hauture, la cattedrale fu spostata verso il V secolo nelle vicinanze dell’antico foro romano.\nFu eretta in diverse fasi e l’essenziale del monumento che vediamo oggi risale al XII secolo, epoca nella quale la sua facciata, inizialmente sobria, fu messa in risalto per la sua magnifica arte statuaria istoriata.\nL’edificio è uno dei più importanti dell’architettura romanica provenzale.\nSi tratta, d’altro canto, di una chiesa dove venivano conservate importanti reliquie sul cammino di Compostela. Un coro gotico sostituisce le absidi romaniche nel XV secolo. \nIl monumento è eretto in diverse fasi.\nPossiede la pianta caratteristica degli edifici della Provenza: una navata alta di cinque campate, con volte a botte spezzata, fiancheggiata da strette navate laterali, un transetto molto corto, la cui crociera, sormontata da una cupola, supporta il campanile.\nIl coro comportava un’abside principale e due absidiole.\nA ovest, un portone sontuosamente decorato completa l’insieme.\nInfine, a metà del XV secolo, una lunga abside gotica con deambulatorio e cappelle ornate sostituirà l’antico coro romanico.\nDedicato all’evocazione del Giudizio Universale, il portone è altresì un modello di vita proposto ai fedeli e un’illustrazione delle glorie della Chiesa di Arles.\nLa composizione sovrappone tre temi principali: l’assemblea dei Santi Patroni, l’Epopea divina e l’Epopea umana, passando dalla caduta del peccato originale alla sorte futura degli eletti e dei dannati.\nLa composizione culmina sull’immagine solenne e trionfale del Cristo. Il tratto dominante di quest’opera magistrale è l’entità della sua ispirazione antica, eredità culturale romana, simbolo di un vero e proprio \"rinascimento\".",
      "libelleDe" : "DDatum: 12., 15. Jhd.\nEpoche: Mittelalter\nTyp: Religiöse Architektur \nStatus: Eigentum der Stadt Arles und denkmalgeschützt (1840) UNESCO-Welterbe (1981)\nDie christliche Gemeinschaft von Arles ist eine der ersten Galliens mit ihrem eigenen Bischof (seit 254 nachgewiesen).\nHinzu kommt, dass die Kathedrale von Arles eine Zeit lang auf den Rang eines Primas erhoben wird und bis zur Revolution Sitz des Erzbischofs bleibt. Heute ist sie Pfarrkirche.\nDie Kathedrale, die sich ursprünglich unweit des antiken Festungswalls des Viertels L’Hauture befand, wurde um das 5. Jhd. in die Nähe des ehemaligen römischen Forums versetzt.\nSie wurde in mehreren Bauabschnitten errichtet. Der wesentliche Teil des heutigen Monuments stammt aus dem 12. Jhd. Damals wurde die ursprünglich schlichte Fassade mit Bibelmotiven bildhauerisch verziert.\nDer Bau zählt zu den wichtigsten Werken der provenzalischen Romanik.\nAußerdem spielt diese Kirche mit ihren Reliquien auf dem Jakobsweg eine wichtige Rolle. Ein gotischer Chorraum ersetzt die romanischen Apsissen aus dem 15. Jhd. \nDas Bauwerk wurde in mehreren Bauabschnitten errichtet.\nEs besitzt den charakteristischen Grundriss provenzalischer Bauten: ein hohes Schiff mit fünf Jochen, mit Spitzgewölbe und schmalen Seitenschiffe, ein sehr kurzes Querschiff, dessen Vierung von einer Kuppel und dem Glockenturm überragt wird.\nDer Chorraum besaß eine Hauptapside und zwei Apsiskalotten.\nIm Westen rundet ein prächtig verziertes Portal das Ganze ab.\nSchließlich ersetzt in der Mitte des 15. Jhd. ein langgestrecktes gotisches Chorhaupt mit Chorumgang und strahlenförmigen Kapellen den früheren romanischen Chorraum\nDas dem Jüngsten Gericht gewidmete Portal soll den Gläubigen als Modell für ihr Leben dienen und illustriert die Siege der Kirche von Arles.\nEs werden drei Hauptthemen untereinander darstellt: Die Versammlung der Schutzpatrone, das Göttliche Epos und das menschliche Epos, vom Sündenfall bis zum Schicksal der Auserwählten und der Verdammten.\nDie Komposition findet ihren Höhepunkt in der feierlichen und triumphalen Abbildung des Christus. Dieses großartige Werk wird im Wesentlichen von der antiken Inspiration – dem römischen Kulturerbe und Symbol einer wahren « Renaissance » – bestimmt."
    }
  },
  "localisation" : {
    "adresse" : {
      "adresse1" : "Place De la République",
      "codePostal" : "13200",
      "bureauDistribution" : "ARLES",
      "commune" : {
        "id" : 4415
      }
    },
    "geolocalisation" : {
      "valide" : true,
      "geoJson" : {
        "type" : "Point",
        "coordinates" : [ 4.627562, 43.676454 ]
      }
    },
    "perimetreGeographique" : [ {
      "id" : 4415
    } ],
    "environnements" : [ {
      "elementReferenceType" : "Environnement",
      "id" : 173
    } ]
  },
  "liens" : { },
  "prestations" : {
    "animauxAcceptes" : "NON_DISPONIBLE",
    "animauxAcceptesSupplement" : "NON_DISPONIBLE"
  },
  "ouverture" : {
    "periodeEnClair" : {
      "libelleFr" : "Du 01/01 au 31/12, tous les lundis, mardis, mercredis, jeudis, vendredis, samedis et dimanches.",
      "libelleEn" : "From 01/01 to 31/12, every Monday, Tuesday, Wednesday, Thursday, Friday, Saturday and Sunday.",
      "libelleEs" : "Del 01/01 al 31/12, todos los lunes, martes, miércoles, jueves, viernes, sábados y domingos.",
      "libelleIt" : "Dal 01/01 al 31/12, tutti i lunedì, martedì, mercoledì, giovedì, venerdì, sabati e domeniche.",
      "libelleDe" : "Vom 01/01 bis 31/12, jeden Montag, Dienstag, Mittwoch, Donnerstag, Freitag, Samstag und Sonntag.",
      "libelleNl" : "Van 01/01 tot en met 31/12, elke maandag, dinsdag, woensdag, donderdag, vrijdag, zaterdag en zondag.",
      "libelleRu" : "С 01/01 до 31/12, каждый понедельники, вторники, среды, четверги, пятницы, субботы и воскресенья.",
      "libelleZh" : "从 1月1日 到 12月31日, 每星期一, 星期二, 星期三, 星期四, 星期五, 星期六 和 星期日.",
      "libellePtBR" : "De 01/01 a 31/12, todas as segundas-feiras, terças-feiras, quartas-feiras, quintas-feiras, sextas-feiras, sábados e domingos.",
      "libelleJa" : "01/01 から 31/12 まで, 毎月曜日, 火曜日, 水曜日, 木曜日, 金曜日, 土曜日 と 日曜日."
    },
    "periodeEnClairGenerationMode" : "AUTOMATIQUE",
    "indicationsPeriode" : [ {
      "elementReferenceType" : "IndicationPeriode",
      "id" : 436
    }, {
      "elementReferenceType" : "IndicationPeriode",
      "id" : 418
    }, {
      "elementReferenceType" : "IndicationPeriode",
      "id" : 416
    }, {
      "elementReferenceType" : "IndicationPeriode",
      "id" : 435
    } ],
    "periodesOuvertures" : [ {
      "identifiant" : 19373166,
      "dateDebut" : "2020-01-01",
      "dateFin" : "2020-12-31",
      "type" : "OUVERTURE_SEMAINE",
      "tousLesAns" : true,
      "ouverturesJournalieres" : [ {
        "jour" : "LUNDI"
      }, {
        "jour" : "MARDI"
      }, {
        "jour" : "MERCREDI"
      }, {
        "jour" : "JEUDI"
      }, {
        "jour" : "VENDREDI"
      }, {
        "jour" : "SAMEDI"
      }, {
        "jour" : "DIMANCHE"
      } ],
      "identifiantTechnique" : 20525621
    } ]
  },
  "descriptionTarif" : {
    "indicationTarif" : "GRATUIT",
    "gratuit" : true,
    "tarifsEnClair" : {
      "libelleFr" : "Gratuit.",
      "libelleEn" : "Free of charge.",
      "libelleEs" : "Gratis.",
      "libelleIt" : "Gratuito.",
      "libelleDe" : "Kostenlos.",
      "libelleNl" : "Gratis.",
      "libelleRu" : "Бесплатно.",
      "libelleZh" : "免费.",
      "libellePtBR" : "Gratuito.",
      "libelleJa" : "無料."
    },
    "tarifsEnClairGenerationMode" : "AUTOMATIQUE",
    "devise" : "EUR",
    "conditions" : { }
  },
  "reservation" : { },
  "criteresInternes" : [ {
    "id" : 16775
  }, {
    "id" : 16902
  }, {
    "id" : 18981
  } ],
  "illustrations" : [ {
    "identifiant" : 8489597,
    "link" : false,
    "type" : "IMAGE",
    "nom" : {
      "libelleFr" : "13T2001129_1_WEB.jpg"
    },
    "traductionFichiers" : [ {
      "locale" : "fr",
      "url" : "https://static.apidae-tourisme.com/filestore/objets-touristiques/images/81/4/8258641.jpg",
      "urlListe" : "https://static.apidae-tourisme.com/filestore/objets-touristiques/images/81/4/8258641-liste.jpg",
      "urlFiche" : "https://static.apidae-tourisme.com/filestore/objets-touristiques/images/81/4/8258641-fiche.jpg",
      "urlDiaporama" : "https://static.apidae-tourisme.com/filestore/objets-touristiques/images/81/4/8258641-diaporama.jpg",
      "extension" : "jpg",
      "fileName" : "full",
      "taille" : 39853,
      "hauteur" : 300,
      "largeur" : 400,
      "lastModifiedDate" : "2020-07-23T17:26:58.000+0000"
    } ],
    "locked" : false
  }, {
    "identifiant" : 9542327,
    "link" : false,
    "type" : "IMAGE",
    "nom" : {
      "libelleFr" : "Intérieur St Trophime"
    },
    "legende" : {
      "libelleFr" : "Intérieur St Trophime"
    },
    "copyright" : {
      "libelleFr" : "OT Arles"
    },
    "traductionFichiers" : [ {
      "locale" : "fr",
      "url" : "https://static.apidae-tourisme.com/filestore/objets-touristiques/images/122/236/9301114.jpg",
      "urlListe" : "https://static.apidae-tourisme.com/filestore/objets-touristiques/images/122/236/9301114-liste.jpg",
      "urlFiche" : "https://static.apidae-tourisme.com/filestore/objets-touristiques/images/122/236/9301114-fiche.jpg",
      "urlDiaporama" : "https://static.apidae-tourisme.com/filestore/objets-touristiques/images/122/236/9301114-diaporama.jpg",
      "extension" : "jpg",
      "fileName" : "20190926_083624",
      "taille" : 1341980,
      "hauteur" : 4032,
      "largeur" : 1960,
      "lastModifiedDate" : "2021-02-17T08:26:10.000+0000"
    } ],
    "locked" : false
  }, {
    "identifiant" : 8489598,
    "link" : false,
    "type" : "IMAGE",
    "nom" : {
      "libelleFr" : "13T2001129_2_WEB.jpg"
    },
    "traductionFichiers" : [ {
      "locale" : "fr",
      "url" : "https://static.apidae-tourisme.com/filestore/objets-touristiques/images/82/4/8258642.jpg",
      "urlListe" : "https://static.apidae-tourisme.com/filestore/objets-touristiques/images/82/4/8258642-liste.jpg",
      "urlFiche" : "https://static.apidae-tourisme.com/filestore/objets-touristiques/images/82/4/8258642-fiche.jpg",
      "urlDiaporama" : "https://static.apidae-tourisme.com/filestore/objets-touristiques/images/82/4/8258642-diaporama.jpg",
      "extension" : "jpg",
      "fileName" : "full",
      "taille" : 26554,
      "hauteur" : 400,
      "largeur" : 300,
      "lastModifiedDate" : "2020-07-23T17:26:58.000+0000"
    } ],
    "locked" : false
  } ],
  "visites" : {
    "visitable" : false
  },
  "territoires" : [ {
    "type" : "TERRITOIRE",
    "id" : 324346
  }, {
    "type" : "TERRITOIRE",
    "id" : 324348
  }, {
    "type" : "TERRITOIRE",
    "id" : 591381
  }, {
    "type" : "TERRITOIRE",
    "id" : 591419
  }, {
    "type" : "TERRITOIRE",
    "id" : 658199
  }, {
    "type" : "TERRITOIRE",
    "id" : 4877700
  }, {
    "type" : "TERRITOIRE",
    "id" : 5127066
  }, {
    "type" : "TERRITOIRE",
    "id" : 5427584
  }, {
    "type" : "TERRITOIRE",
    "id" : 5447176
  }, {
    "type" : "TERRITOIRE",
    "id" : 5853849
  }, {
    "type" : "TERRITOIRE",
    "id" : 5853921
  } ],
  "datesOuverture" : [ "2022-11-06", "2022-11-07", "2022-11-08", "2022-11-09", "2022-11-10", "2022-11-11", "2022-11-12", "2022-11-13", "2022-11-14", "2022-11-15", "2022-11-16", "2022-11-17", "2022-11-18", "2022-11-19", "2022-11-20", "2022-11-21", "2022-11-22", "2022-11-23", "2022-11-24", "2022-11-25", "2022-11-26", "2022-11-27", "2022-11-28", "2022-11-29", "2022-11-30", "2022-12-01", "2022-12-02", "2022-12-03", "2022-12-04", "2022-12-05", "2022-12-06", "2022-12-07", "2022-12-08", "2022-12-09", "2022-12-10", "2022-12-11", "2022-12-12", "2022-12-13", "2022-12-14", "2022-12-15", "2022-12-16", "2022-12-17", "2022-12-18", "2022-12-19", "2022-12-20", "2022-12-21", "2022-12-22", "2022-12-23", "2022-12-24", "2022-12-25", "2022-12-26", "2022-12-27", "2022-12-28", "2022-12-29", "2022-12-30", "2022-12-31", "2023-01-01", "2023-01-02", "2023-01-03", "2023-01-04", "2023-01-05", "2023-01-06", "2023-01-07", "2023-01-08", "2023-01-09", "2023-01-10", "2023-01-11", "2023-01-12", "2023-01-13", "2023-01-14", "2023-01-15", "2023-01-16", "2023-01-17", "2023-01-18", "2023-01-19", "2023-01-20", "2023-01-21", "2023-01-22", "2023-01-23", "2023-01-24", "2023-01-25", "2023-01-26", "2023-01-27", "2023-01-28", "2023-01-29", "2023-01-30", "2023-01-31", "2023-02-01", "2023-02-02", "2023-02-03", "2023-02-04", "2023-02-05", "2023-02-06", "2023-02-07", "2023-02-08", "2023-02-09", "2023-02-10", "2023-02-11", "2023-02-12", "2023-02-13", "2023-02-14", "2023-02-15", "2023-02-16", "2023-02-17", "2023-02-18", "2023-02-19", "2023-02-20", "2023-02-21", "2023-02-22", "2023-02-23", "2023-02-24", "2023-02-25", "2023-02-26", "2023-02-27", "2023-02-28", "2023-03-01", "2023-03-02", "2023-03-03", "2023-03-04", "2023-03-05", "2023-03-06", "2023-03-07", "2023-03-08", "2023-03-09", "2023-03-10", "2023-03-11", "2023-03-12", "2023-03-13", "2023-03-14", "2023-03-15", "2023-03-16", "2023-03-17", "2023-03-18", "2023-03-19", "2023-03-20", "2023-03-21", "2023-03-22", "2023-03-23", "2023-03-24", "2023-03-25", "2023-03-26", "2023-03-27", "2023-03-28", "2023-03-29", "2023-03-30", "2023-03-31", "2023-04-01", "2023-04-02", "2023-04-03", "2023-04-04", "2023-04-05", "2023-04-06", "2023-04-07", "2023-04-08", "2023-04-09", "2023-04-10", "2023-04-11", "2023-04-12", "2023-04-13", "2023-04-14", "2023-04-15", "2023-04-16", "2023-04-17", "2023-04-18", "2023-04-19", "2023-04-20", "2023-04-21", "2023-04-22", "2023-04-23", "2023-04-24", "2023-04-25", "2023-04-26", "2023-04-27", "2023-04-28", "2023-04-29", "2023-04-30", "2023-05-01", "2023-05-02", "2023-05-03", "2023-05-04", "2023-05-05", "2023-05-06", "2023-05-07", "2023-05-08", "2023-05-09", "2023-05-10", "2023-05-11", "2023-05-12", "2023-05-13", "2023-05-14", "2023-05-15", "2023-05-16", "2023-05-17", "2023-05-18", "2023-05-19", "2023-05-20", "2023-05-21", "2023-05-22", "2023-05-23", "2023-05-24", "2023-05-25", "2023-05-26", "2023-05-27", "2023-05-28", "2023-05-29", "2023-05-30", "2023-05-31", "2023-06-01", "2023-06-02", "2023-06-03", "2023-06-04", "2023-06-05", "2023-06-06", "2023-06-07", "2023-06-08", "2023-06-09", "2023-06-10", "2023-06-11", "2023-06-12", "2023-06-13", "2023-06-14", "2023-06-15", "2023-06-16", "2023-06-17", "2023-06-18", "2023-06-19", "2023-06-20", "2023-06-21", "2023-06-22", "2023-06-23", "2023-06-24", "2023-06-25", "2023-06-26", "2023-06-27", "2023-06-28", "2023-06-29", "2023-06-30", "2023-07-01", "2023-07-02", "2023-07-03", "2023-07-04", "2023-07-05", "2023-07-06", "2023-07-07", "2023-07-08", "2023-07-09", "2023-07-10", "2023-07-11", "2023-07-12", "2023-07-13", "2023-07-14", "2023-07-15", "2023-07-16", "2023-07-17", "2023-07-18", "2023-07-19", "2023-07-20", "2023-07-21", "2023-07-22", "2023-07-23", "2023-07-24", "2023-07-25", "2023-07-26", "2023-07-27", "2023-07-28", "2023-07-29", "2023-07-30", "2023-07-31", "2023-08-01", "2023-08-02", "2023-08-03", "2023-08-04", "2023-08-05", "2023-08-06", "2023-08-07", "2023-08-08", "2023-08-09", "2023-08-10", "2023-08-11", "2023-08-12", "2023-08-13", "2023-08-14", "2023-08-15", "2023-08-16", "2023-08-17", "2023-08-18", "2023-08-19", "2023-08-20", "2023-08-21", "2023-08-22", "2023-08-23", "2023-08-24", "2023-08-25", "2023-08-26", "2023-08-27", "2023-08-28", "2023-08-29", "2023-08-30", "2023-08-31", "2023-09-01", "2023-09-02", "2023-09-03", "2023-09-04", "2023-09-05", "2023-09-06", "2023-09-07", "2023-09-08", "2023-09-09", "2023-09-10", "2023-09-11", "2023-09-12", "2023-09-13", "2023-09-14", "2023-09-15", "2023-09-16", "2023-09-17", "2023-09-18", "2023-09-19", "2023-09-20", "2023-09-21", "2023-09-22", "2023-09-23", "2023-09-24", "2023-09-25", "2023-09-26", "2023-09-27", "2023-09-28", "2023-09-29", "2023-09-30", "2023-10-01", "2023-10-02", "2023-10-03", "2023-10-04", "2023-10-05", "2023-10-06", "2023-10-07", "2023-10-08", "2023-10-09", "2023-10-10", "2023-10-11", "2023-10-12", "2023-10-13", "2023-10-14", "2023-10-15", "2023-10-16", "2023-10-17", "2023-10-18", "2023-10-19", "2023-10-20", "2023-10-21", "2023-10-22", "2023-10-23", "2023-10-24", "2023-10-25", "2023-10-26", "2023-10-27", "2023-10-28", "2023-10-29", "2023-10-30", "2023-10-31", "2023-11-01", "2023-11-02", "2023-11-03", "2023-11-04", "2023-11-05", "2023-11-06", "2023-11-07", "2023-11-08", "2023-11-09", "2023-11-10", "2023-11-11", "2023-11-12", "2023-11-13", "2023-11-14", "2023-11-15", "2023-11-16", "2023-11-17", "2023-11-18", "2023-11-19", "2023-11-20", "2023-11-21", "2023-11-22", "2023-11-23", "2023-11-24", "2023-11-25", "2023-11-26", "2023-11-27", "2023-11-28", "2023-11-29", "2023-11-30", "2023-12-01", "2023-12-02", "2023-12-03", "2023-12-04", "2023-12-05", "2023-12-06", "2023-12-07", "2023-12-08", "2023-12-09", "2023-12-10", "2023-12-11", "2023-12-12", "2023-12-13", "2023-12-14", "2023-12-15", "2023-12-16", "2023-12-17", "2023-12-18", "2023-12-19", "2023-12-20", "2023-12-21", "2023-12-22", "2023-12-23", "2023-12-24", "2023-12-25", "2023-12-26", "2023-12-27", "2023-12-28", "2023-12-29", "2023-12-30", "2023-12-31", "2024-01-01", "2024-01-02", "2024-01-03", "2024-01-04", "2024-01-05", "2024-01-06", "2024-01-07", "2024-01-08", "2024-01-09", "2024-01-10", "2024-01-11", "2024-01-12", "2024-01-13", "2024-01-14", "2024-01-15", "2024-01-16", "2024-01-17", "2024-01-18", "2024-01-19", "2024-01-20", "2024-01-21", "2024-01-22", "2024-01-23", "2024-01-24", "2024-01-25", "2024-01-26", "2024-01-27", "2024-01-28", "2024-01-29", "2024-01-30", "2024-01-31", "2024-02-01", "2024-02-02", "2024-02-03", "2024-02-04", "2024-02-05", "2024-02-06", "2024-02-07", "2024-02-08", "2024-02-09", "2024-02-10", "2024-02-11", "2024-02-12", "2024-02-13", "2024-02-14", "2024-02-15", "2024-02-16", "2024-02-17", "2024-02-18", "2024-02-19", "2024-02-20", "2024-02-21", "2024-02-22", "2024-02-23", "2024-02-24", "2024-02-25", "2024-02-26", "2024-02-27", "2024-02-28", "2024-02-29", "2024-03-01", "2024-03-02", "2024-03-03", "2024-03-04", "2024-03-05", "2024-03-06", "2024-03-07", "2024-03-08", "2024-03-09", "2024-03-10", "2024-03-11", "2024-03-12", "2024-03-13", "2024-03-14", "2024-03-15", "2024-03-16", "2024-03-17", "2024-03-18", "2024-03-19", "2024-03-20", "2024-03-21", "2024-03-22", "2024-03-23", "2024-03-24", "2024-03-25", "2024-03-26", "2024-03-27", "2024-03-28", "2024-03-29", "2024-03-30", "2024-03-31", "2024-04-01", "2024-04-02", "2024-04-03", "2024-04-04", "2024-04-05", "2024-04-06", "2024-04-07", "2024-04-08", "2024-04-09", "2024-04-10", "2024-04-11", "2024-04-12", "2024-04-13", "2024-04-14", "2024-04-15", "2024-04-16", "2024-04-17", "2024-04-18", "2024-04-19", "2024-04-20", "2024-04-21", "2024-04-22", "2024-04-23", "2024-04-24", "2024-04-25", "2024-04-26", "2024-04-27", "2024-04-28", "2024-04-29", "2024-04-30", "2024-05-01", "2024-05-02", "2024-05-03", "2024-05-04", "2024-05-05", "2024-05-06", "2024-05-07", "2024-05-08", "2024-05-09", "2024-05-10", "2024-05-11", "2024-05-12", "2024-05-13", "2024-05-14", "2024-05-15", "2024-05-16", "2024-05-17", "2024-05-18", "2024-05-19", "2024-05-20", "2024-05-21", "2024-05-22", "2024-05-23", "2024-05-24", "2024-05-25", "2024-05-26", "2024-05-27", "2024-05-28", "2024-05-29", "2024-05-30", "2024-05-31", "2024-06-01", "2024-06-02", "2024-06-03", "2024-06-04", "2024-06-05", "2024-06-06", "2024-06-07", "2024-06-08", "2024-06-09", "2024-06-10", "2024-06-11", "2024-06-12", "2024-06-13", "2024-06-14", "2024-06-15", "2024-06-16", "2024-06-17", "2024-06-18", "2024-06-19", "2024-06-20", "2024-06-21", "2024-06-22", "2024-06-23", "2024-06-24", "2024-06-25", "2024-06-26", "2024-06-27", "2024-06-28", "2024-06-29", "2024-06-30", "2024-07-01", "2024-07-02", "2024-07-03", "2024-07-04", "2024-07-05", "2024-07-06", "2024-07-07", "2024-07-08", "2024-07-09", "2024-07-10", "2024-07-11", "2024-07-12", "2024-07-13", "2024-07-14", "2024-07-15", "2024-07-16", "2024-07-17", "2024-07-18", "2024-07-19", "2024-07-20", "2024-07-21", "2024-07-22", "2024-07-23", "2024-07-24", "2024-07-25", "2024-07-26", "2024-07-27", "2024-07-28", "2024-07-29", "2024-07-30", "2024-07-31", "2024-08-01", "2024-08-02", "2024-08-03", "2024-08-04", "2024-08-05", "2024-08-06", "2024-08-07", "2024-08-08", "2024-08-09", "2024-08-10", "2024-08-11", "2024-08-12", "2024-08-13", "2024-08-14", "2024-08-15", "2024-08-16", "2024-08-17", "2024-08-18", "2024-08-19", "2024-08-20", "2024-08-21", "2024-08-22", "2024-08-23", "2024-08-24", "2024-08-25", "2024-08-26", "2024-08-27", "2024-08-28", "2024-08-29", "2024-08-30", "2024-08-31", "2024-09-01", "2024-09-02", "2024-09-03", "2024-09-04", "2024-09-05", "2024-09-06", "2024-09-07", "2024-09-08", "2024-09-09", "2024-09-10", "2024-09-11", "2024-09-12", "2024-09-13", "2024-09-14", "2024-09-15", "2024-09-16", "2024-09-17", "2024-09-18", "2024-09-19", "2024-09-20", "2024-09-21", "2024-09-22", "2024-09-23", "2024-09-24", "2024-09-25", "2024-09-26", "2024-09-27", "2024-09-28", "2024-09-29", "2024-09-30", "2024-10-01", "2024-10-02", "2024-10-03", "2024-10-04", "2024-10-05", "2024-10-06", "2024-10-07", "2024-10-08", "2024-10-09", "2024-10-10", "2024-10-11", "2024-10-12", "2024-10-13", "2024-10-14", "2024-10-15", "2024-10-16", "2024-10-17", "2024-10-18", "2024-10-19", "2024-10-20", "2024-10-21", "2024-10-22", "2024-10-23", "2024-10-24", "2024-10-25", "2024-10-26", "2024-10-27", "2024-10-28", "2024-10-29", "2024-10-30", "2024-10-31", "2024-11-01", "2024-11-02", "2024-11-03", "2024-11-04", "2024-11-05" ],
  "informationsPatrimoineCulturel" : {
    "patrimoineCulturelType" : {
      "elementReferenceType" : "PatrimoineCulturelType",
      "id" : 3203
    },
    "themes" : [ {
      "elementReferenceType" : "PatrimoineCulturelTheme",
      "id" : 3488
    }, {
      "elementReferenceType" : "PatrimoineCulturelTheme",
      "id" : 3535
    } ],
    "categories" : [ {
      "elementReferenceType" : "PatrimoineCulturelCategorie",
      "id" : 3328
    } ]
  },
  "formatVersion" : "v002",
  "expiration" : { },
  "informationsPrestataireActivites" : {
    "prestataireActivites" : false
  },
  "enquete" : { },
  "donneesPrivees" : [ {
    "nomTechnique" : "1947_Id_patio",
    "libelleFr" : "Id_Patio",
    "ordre" : 1,
    "descriptif" : {
      "libelleFr" : "13T2001129"
    }
  }, {
    "nomTechnique" : "1947_Source_patio",
    "libelleFr" : "Source_Patio",
    "ordre" : 2,
    "descriptif" : {
      "libelleFr" : "OT Arles"
    }
  }, {
    "nomTechnique" : "1947_Url_patio",
    "libelleFr" : "URL_Patio",
    "ordre" : 3,
    "descriptif" : {
      "libelleFr" : "http://www.arlestourisme.com"
    }
  } ],
  "metadonnees" : [ {
    "noeudId" : "fairguest",
    "contenus" : [ {
      "cible" : "general",
      "metadonnee" : {
        "note" : 9.1,
        "label" : "Excellent",
        "couleur" : "#277712",
        "nombreAvis" : 304,
        "dateMaj" : 1667729330287
      }
    } ]
  } ]
}