{
  "type" : "PATRIMOINE_CULTUREL",
  "id" : 5539551,
  "nom" : {
    "libelleFr" : "Musée des santons",
    "libelleEn" : "Musée des Santons des Baux",
    "libelleEs" : "Musée des Santons des Baux",
    "libelleIt" : "Musée des Santons des Baux",
    "libelleDe" : "Musée des Santons des Baux",
    "libelleNl" : "Musée des Santons des Baux"
  },
  "identifier" : "SITRA2_PCU_5539551",
  "state" : "PUBLISHED",
  "gestion" : {
    "dateCreation" : "2020-05-27T15:22:43.410+0000",
    "dateModification" : "2021-07-05T10:23:38.921+0000",
    "dateExportModification" : "2022-07-27T13:33:20.409+0000",
    "membreProprietaire" : {
      "type" : {
        "elementReferenceType" : "MembreSitraType",
        "id" : 233
      },
      "nom" : "Office de Tourisme des Baux de Provence",
      "dateCreation" : "2020-09-25T06:26:38.958+0000",
      "dateModification" : "2022-10-24T08:49:44.523+0000",
      "id" : 2087,
      "siteWeb" : "http://www.lesbauxdeprovence.com"
    },
    "signalerUnProblemeMails" : [ "bernadettebrummelhuis@lesbauxdeprovence.com" ]
  },
  "informations" : {
    "moyensCommunication" : [ {
      "identifiant" : 79675945,
      "type" : {
        "elementReferenceType" : "MoyenCommunicationType",
        "id" : 201
      },
      "coordonnees" : {
        "fr" : "04 90 54 34 39"
      }
    }, {
      "identifiant" : 79675947,
      "type" : {
        "elementReferenceType" : "MoyenCommunicationType",
        "id" : 204
      },
      "coordonnees" : {
        "fr" : "tourisme@lesbauxdeprovence.com"
      }
    }, {
      "identifiant" : 79675948,
      "type" : {
        "elementReferenceType" : "MoyenCommunicationType",
        "id" : 205
      },
      "coordonnees" : {
        "fr" : "http://www.lesbauxdeprovence.com"
      }
    } ],
    "informationsLegales" : { },
    "structureGestion" : {
      "type" : "STRUCTURE",
      "id" : 5222954
    }
  },
  "presentation" : {
    "descriptifCourt" : {
      "libelleFr" : "Le Musée rassemble un nombre important de pièces de diverses collections. Des figurines napolitaines des XVIIe et XVIIIe siècles et des santons d'église du XIXe, œuvres du couvent des carmélites d'Avignon y sont exposés."
    },
    "descriptifDetaille" : {
      "libelleFr" : "Des pièces des célèbres santonniers Carbonnel, Fouque, Jouve, Peyron Campagna, Toussaint, Thérèse Neveu, Louise Berger, Simone Jouglas y trouvent également leur place.\r\nLa cérémonie traditionnelle de l'offrande aux bergers appelée le Pastrage est mise en scène dans le décor des Baux-de-Provence, devant l'église du village. Une crèche traditionnelle provençale et la vie quotidienne d'une famille au XIXe siècle sont présentées dans deux grandes vitrines. Pour les enfants, une ribambelle de petits santons naïfs peints de couleurs vives est placée à leur hauteur.\r\nUne très grande toile, réalisée par Antoine Serra (1908-1995), représentant la messe de minuit aux Baux-de-Provence vient compléter ces collections uniques. L'histoire de cette peinture commence le 24 décembre 1947 lorsque l'artiste, qui possédait son atelier dans le village, assiste à la cérémonie dans l'Eglise Saint-Vincent.",
      "libelleEn" : "The Santon Museum contains a large number of items, including exceptional Neapolitan figurines, scenes illustrating Provençal and Les Baux traditions linked to the Nativity and a documentary on the making of santons. The Museum houses a range of collections, including 17th and 18th century Neapolitan figurines, 19th century church santons whose painted papier-maché faces and sulphur glass eyes are the work of the Carmelite Nuns of Avignon and works by the famous santon-makers Carbonnel, Fouque, Jouve, Peyron Campagna, Toussaint, Thérèse Neveu, Louise Berger and Simone Jouglas. The traditional ceremony of shepherds' offering, known as 'Pastrage', is portrayed against the background of Les Baux de Provence, in front of the village church. A traditional Provençal nativity scene and the everyday life of a 19th century family are presented in two large display cases. For children, a range of small, naively-painted and brightly-coloured santons is placed at their level. 'Making a santon means playing at being God the Father and like Him, creating a man from clay'. This wonderful sentence by the historian Marcel Provençal accurately sums up the work of the santon-maker, which is filled with the magic of creation. Open every day, all year round; free entrance.",
      "libelleEs" : "El museo de Figuritas de Belén ofrece un número importante de figuritas napolitanas excepcionales, escenas que ilustran las tradiciones provenzales y de Baux vinculadas con la Navidad así como un documento filmado sobre la fabricación de figuritas del belén. El Museo recopilas varias colecciones: figuras napolitanas de los siglos XVII y XVIII, figuritas de belén de la iglesia del siglo XIX entre las cuales rostros en cartón piedra pintados y con ojos de vidrio de sulfuro a menudo realizadas en el convento de las carmelitas de Aviñón obra de los famosos creadores de figuritas Carbonnel, Fouque, Jouve, Peyron Campagna, Toussaint, Thérèse Neveu, Louise Berger, Simone Jouglas… La ceremonia tradicional de la ofrenda de los pastores llamada \"Pastrage\" es escenificada en Baux de Provence, delante de la iglesia del pueblo. Un belén tradicional provenzal y la vida cotidiana de una familia en el siglo XIX se presentan en dos grandes vitrinas. Para los niños, una retahíla de pequeñas figuritas pintadas ingenuamente de colores vivos se coloca a su altura. \"Fabricar una figurita de belén, es jugar a ser Dios y, como él, crear a un hombre del barro\". Esta hermosa frase del historiador Marcel Provençal resumen bien el trabajo del creador de figuritas lleno de la magia de la creación. Abierto todos los días, durante todo el año, entrada libre.",
      "libelleIt" : "Il museo dei santons (statuine del presepe) dispone di un numero molto elevato di pezzi, tra i quali alcune figurine napoletane eccezionali, delle scene che illustrano le tradizioni provenzali e tipiche della regione di Les Baux legate alla Natività, e un video documento sulla fabbricazione di queste statuine. Il museo riunisce diverse collezioni: figurine napoletane del XVII e XVIII secolo, e statuine ecclesiastiche del XIX sec. i cui visi, in cartapesta dipinta e con occhi di cristallo smaltato, sono l'opera del convento delle Carmelitane di Avignone o della mano di celebri artisti come Carbonnel, Fouque, Jouve, Peyron Campagna, Toussaint, Thérèse Neveu, Louise Berger, Simone Jouglas… La cerimonia tradizionale dell'offerta ai pastori, chiamata \"Pastrage\", è messa in scena davanti alla chiesa del paese di Les Baux de Provence. Due grandi vetrine presentano un presepe tradizionale provenzale e la vita quotidiana di una famiglia dell'Ottocento. Per i bambini, una sfilza di statuine dipinte con colori vivaci e in stile spontaneo è posta alla loro altezza. «Fabbricare una di queste statuine è come giocare a Dio Padre e, come Lui, dall'argilla ricavare un uomo.» Questa bella frase dello storico Marcel Provençal riassume il lavoro del creatore di santons, colmo di magia creativa. Aperto tutti i giorni, tutto l'anno; ingresso libero.",
      "libelleDe" : "Das Krippenfiguren-Museum zeigt eine große Anzahl dieser Figuren (darunter einige außergewöhnliche neapolitanische Figuren), sowie Szenen, die die mit der Geburt Christi verbundenen Traditionen der Provence und der Gegend um Les Baux veranschaulichen, und einen Film über die Herstellung der Krippenfiguren. Das Museum hat verschiedene Sammlungen: Neapolitanische Figuren des 17. und 18. Jahrhunderts mit ihren Gesichtern aus Pappkarton und gläsernen Augen, die das Werk des Karmeliterklosters in Avignon sind, und Werke der bekannten Krippenfigurenhersteller Carbonnel, Fouque, Jouve, Peyron Campagna, Toussaint, Thérèse Neveu, Louise Berger und Simone Jouglas. Die traditionelle Zeremonie der Weihgaben an die Hirten (Pastrage) wird vor der Kulisse der Dorfkirche des Ortes Les Baux de Provence in Szene gesetzt. In zwei großen Schaufenstern sind eine traditionelle provenzalische Krippe und das Leben einer Familie aus dem 19. Jahrhundert sichtbar. Für Kinder gibt es eine ganze Schar von kleinen, bunt bemalten Figuren im naiven Stil, die auf Kinderkopfhöhe ausgestellt sind. „Eine Krippenfigur herzustellen, ist wie Gott der Vater zu sein, der aus Lehm den Menschen schuf.“ Dieser schöne Satz des Historikers Marcel Provençal fasst in kurzer Art und Weise die Arbeit des Krippenfigurenherstellers zusammen, die vom Zauber des kreativen Schaffens erfüllt ist. Täglich und ganzjährig geöffnet, Eintritt frei.",
      "libelleNl" : "Het santonmuseum toont een groot aantal stukken, waaronder bijzondere Napolitaanse beeldjes, voorstellingen van Provençaalse tradities en tradities van Les Baux in verband met Kerstmis en een documentaire over het maken van santons. Het museum herbergt verschillende collecties: Napolitaanse beeldjes uit de zeventiende en achttiende eeuw; kerksantons uit de negentiende eeuw met geverfde gezichten van papier-maché en glazen ogen gemaakt in het Carmelitessenklooster van Avignon; werken van de beroemde santonmakers Carbonnel, Fouque, Jouve, Peyron Campagna, Toussaint, Thérèse Neveu, Louise Berger, Simone Jouglas… De traditionele ceremonie van de offergaven aan de herders, de \"Pastrage\", wordt voorgesteld in het decor van Les Baux-de-Provence, voor de dorpskerk. In twee grote vitrines worden een traditionele Provençaalse kerststal en het dagelijks leven van een negentiende-eeuwse familie voorgesteld. Voor de kinderen is een hele reeks kleine santons in levendige kleuren op ooghoogte geplaatst. \"Een santon maken is voor God spelen en net als hij een mens uit klei scheppen.\" Deze woorden van de historicus Marcel Provençal geven goed het werk van een santonmaker weer, dat vervuld is van de magie van het scheppen. Het hele jaar door elke dag geopend, entree gratis."
    }
  },
  "localisation" : {
    "adresse" : {
      "adresse1" : "Place Louis Jou",
      "codePostal" : "13520",
      "bureauDistribution" : "LES BAUX DE PROVENCE",
      "commune" : {
        "id" : 4422
      }
    },
    "geolocalisation" : {
      "valide" : true,
      "geoJson" : {
        "type" : "Point",
        "coordinates" : [ 4.795018, 43.744686 ]
      }
    },
    "perimetreGeographique" : [ {
      "id" : 4422
    } ],
    "environnements" : [ {
      "elementReferenceType" : "Environnement",
      "id" : 185
    } ]
  },
  "liens" : {
    "liensObjetsTouristiquesTypes" : [ {
      "type" : "SUR_PLACE",
      "libelleFr" : "Sur place",
      "libelleEn" : "On the premises",
      "libelleEs" : "In situ",
      "libelleIt" : "Sul posto",
      "libelleDe" : "Vor Ort",
      "libelleNl" : "Ter plaatse",
      "libelleRu" : "На месте",
      "libelleZh" : "堂食",
      "libellePtBR" : "No local",
      "libelleJa" : "現地で",
      "objetTouristique" : {
        "type" : "COMMERCE_ET_SERVICE",
        "id" : 5565112
      }
    }, {
      "type" : "SUR_PLACE",
      "libelleFr" : "Sur place",
      "libelleEn" : "On the premises",
      "libelleEs" : "In situ",
      "libelleIt" : "Sul posto",
      "libelleDe" : "Vor Ort",
      "libelleNl" : "Ter plaatse",
      "libelleRu" : "На месте",
      "libelleZh" : "堂食",
      "libellePtBR" : "No local",
      "libelleJa" : "現地で",
      "objetTouristique" : {
        "type" : "PATRIMOINE_CULTUREL",
        "id" : 5538434
      }
    } ]
  },
  "prestations" : {
    "animauxAcceptes" : "NON_DISPONIBLE",
    "animauxAcceptesSupplement" : "NON_DISPONIBLE",
    "activites" : [ {
      "elementReferenceType" : "PrestationActivite",
      "id" : 6032
    } ],
    "complementAccueil" : {
      "libelleEn" : "Accessible for disabled",
      "libelleIt" : "Accessibile ai disabili",
      "libelleDe" : "Zugänglich für Behinderte",
      "libelleNl" : "Toegankelijk voor mensen met een handicap"
    }
  },
  "ouverture" : {
    "periodeEnClair" : {
      "libelleFr" : "Toute l'année, tous les jours.",
      "libelleEn" : "All year round, daily.",
      "libelleEs" : "Todo el año, todos los dias.",
      "libelleIt" : "Tutto l'anno, ogni giorno.",
      "libelleDe" : "Ganzjährig, täglich.",
      "libelleNl" : "Het hele jaar, iedere dag.",
      "libelleRu" : "В течение всего года, ежедневно.",
      "libelleZh" : "全年, 日常.",
      "libellePtBR" : "Todo o ano, todos os dias.",
      "libelleJa" : "オールシーズン, 毎日."
    },
    "periodeEnClairGenerationMode" : "AUTOMATIQUE",
    "indicationsPeriode" : [ {
      "elementReferenceType" : "IndicationPeriode",
      "id" : 436
    }, {
      "elementReferenceType" : "IndicationPeriode",
      "id" : 418
    }, {
      "elementReferenceType" : "IndicationPeriode",
      "id" : 416
    }, {
      "elementReferenceType" : "IndicationPeriode",
      "id" : 435
    } ],
    "periodesOuvertures" : [ {
      "identifiant" : 21289492,
      "dateDebut" : "2021-01-01",
      "dateFin" : "2021-12-31",
      "type" : "OUVERTURE_TOUS_LES_JOURS",
      "tousLesAns" : true,
      "identifiantTechnique" : 21297679
    } ],
    "ouvertTouteLAnnee" : "OUVERT_TOUTE_L_ANNEE"
  },
  "descriptionTarif" : {
    "indicationTarif" : "GRATUIT",
    "gratuit" : true,
    "tarifsEnClair" : {
      "libelleFr" : "Gratuit.",
      "libelleEn" : "Free of charge.",
      "libelleEs" : "Gratis.",
      "libelleIt" : "Gratuito.",
      "libelleDe" : "Kostenlos.",
      "libelleNl" : "Gratis.",
      "libelleRu" : "Бесплатно.",
      "libelleZh" : "免费.",
      "libellePtBR" : "Gratuito.",
      "libelleJa" : "無料."
    },
    "tarifsEnClairGenerationMode" : "AUTOMATIQUE",
    "devise" : "EUR",
    "conditions" : { }
  },
  "reservation" : { },
  "criteresInternes" : [ {
    "id" : 16775
  }, {
    "id" : 16902
  } ],
  "contacts" : [ {
    "identifiant" : 17644393,
    "referent" : true,
    "civilite" : {
      "elementReferenceType" : "ContactCivilite",
      "id" : 443
    },
    "nom" : "DUMAS",
    "prenom" : "Cyril",
    "fonction" : {
      "elementReferenceType" : "ContactFonction",
      "id" : 6026
    },
    "moyensCommunication" : [ {
      "identifiant" : 81744192,
      "type" : {
        "elementReferenceType" : "MoyenCommunicationType",
        "id" : 201
      },
      "coordonnees" : {
        "fr" : "04 90 54 45 99"
      }
    } ]
  } ],
  "illustrations" : [ {
    "identifiant" : 10370043,
    "link" : false,
    "type" : "IMAGE",
    "nom" : {
      "libelleFr" : "Musee des santons"
    },
    "copyright" : {
      "libelleFr" : "Office de tourisme des Baux-de-Provenvce"
    },
    "traductionFichiers" : [ {
      "locale" : "fr",
      "url" : "https://static.apidae-tourisme.com/filestore/objets-touristiques/images/96/219/10148704.jpg",
      "urlListe" : "https://static.apidae-tourisme.com/filestore/objets-touristiques/images/96/219/10148704-liste.jpg",
      "urlFiche" : "https://static.apidae-tourisme.com/filestore/objets-touristiques/images/96/219/10148704-fiche.jpg",
      "urlDiaporama" : "https://static.apidae-tourisme.com/filestore/objets-touristiques/images/96/219/10148704-diaporama.jpg",
      "extension" : "jpg",
      "fileName" : "IMG_0096",
      "taille" : 4518373,
      "hauteur" : 3024,
      "largeur" : 4032,
      "lastModifiedDate" : "2021-06-27T09:57:09.000+0000"
    } ],
    "locked" : false
  }, {
    "identifiant" : 10370048,
    "link" : false,
    "type" : "IMAGE",
    "nom" : {
      "libelleFr" : "Musee des santons"
    },
    "copyright" : {
      "libelleFr" : "Office de tourisme des Baux-de-Provenvce"
    },
    "traductionFichiers" : [ {
      "locale" : "fr",
      "url" : "https://static.apidae-tourisme.com/filestore/objets-touristiques/images/101/219/10148709.jpg",
      "urlListe" : "https://static.apidae-tourisme.com/filestore/objets-touristiques/images/101/219/10148709-liste.jpg",
      "urlFiche" : "https://static.apidae-tourisme.com/filestore/objets-touristiques/images/101/219/10148709-fiche.jpg",
      "urlDiaporama" : "https://static.apidae-tourisme.com/filestore/objets-touristiques/images/101/219/10148709-diaporama.jpg",
      "extension" : "jpg",
      "fileName" : "IMG_0083",
      "taille" : 3658336,
      "hauteur" : 3024,
      "largeur" : 4032,
      "lastModifiedDate" : "2021-06-27T09:57:07.000+0000"
    } ],
    "locked" : false
  }, {
    "identifiant" : 10370051,
    "link" : false,
    "type" : "IMAGE",
    "nom" : {
      "libelleFr" : "Musee des santons"
    },
    "copyright" : {
      "libelleFr" : "Office de tourisme des Baux-de-Provenvce"
    },
    "traductionFichiers" : [ {
      "locale" : "fr",
      "url" : "https://static.apidae-tourisme.com/filestore/objets-touristiques/images/104/219/10148712.jpg",
      "urlListe" : "https://static.apidae-tourisme.com/filestore/objets-touristiques/images/104/219/10148712-liste.jpg",
      "urlFiche" : "https://static.apidae-tourisme.com/filestore/objets-touristiques/images/104/219/10148712-fiche.jpg",
      "urlDiaporama" : "https://static.apidae-tourisme.com/filestore/objets-touristiques/images/104/219/10148712-diaporama.jpg",
      "extension" : "jpg",
      "fileName" : "IMG_4084",
      "taille" : 2938307,
      "hauteur" : 3024,
      "largeur" : 4032,
      "lastModifiedDate" : "2021-06-27T09:57:04.000+0000"
    } ],
    "locked" : false
  } ],
  "tourismeAffaires" : {
    "tourismeAffairesEnabled" : true,
    "nombreSallesReunionEquipees" : 1,
    "capaciteMaxAccueil" : 50
  },
  "visites" : {
    "visitable" : true,
    "prestationsVisitesIndividuelles" : [ {
      "elementReferenceType" : "PrestationVisiteIndividuelle",
      "id" : 480
    } ],
    "prestationsVisitesGroupees" : [ {
      "elementReferenceType" : "PrestationVisiteGroupee",
      "id" : 488
    } ]
  },
  "territoires" : [ {
    "type" : "TERRITOIRE",
    "id" : 392
  }, {
    "type" : "TERRITOIRE",
    "id" : 591381
  }, {
    "type" : "TERRITOIRE",
    "id" : 591419
  }, {
    "type" : "TERRITOIRE",
    "id" : 658199
  }, {
    "type" : "TERRITOIRE",
    "id" : 4819487
  }, {
    "type" : "TERRITOIRE",
    "id" : 4881511
  }, {
    "type" : "TERRITOIRE",
    "id" : 5127066
  }, {
    "type" : "TERRITOIRE",
    "id" : 5447176
  }, {
    "type" : "TERRITOIRE",
    "id" : 5447185
  } ],
  "datesOuverture" : [ "2022-10-28", "2022-10-29", "2022-10-30", "2022-10-31", "2022-11-01", "2022-11-02", "2022-11-03", "2022-11-04", "2022-11-05", "2022-11-06", "2022-11-07", "2022-11-08", "2022-11-09", "2022-11-10", "2022-11-11", "2022-11-12", "2022-11-13", "2022-11-14", "2022-11-15", "2022-11-16", "2022-11-17", "2022-11-18", "2022-11-19", "2022-11-20", "2022-11-21", "2022-11-22", "2022-11-23", "2022-11-24", "2022-11-25", "2022-11-26", "2022-11-27", "2022-11-28", "2022-11-29", "2022-11-30", "2022-12-01", "2022-12-02", "2022-12-03", "2022-12-04", "2022-12-05", "2022-12-06", "2022-12-07", "2022-12-08", "2022-12-09", "2022-12-10", "2022-12-11", "2022-12-12", "2022-12-13", "2022-12-14", "2022-12-15", "2022-12-16", "2022-12-17", "2022-12-18", "2022-12-19", "2022-12-20", "2022-12-21", "2022-12-22", "2022-12-23", "2022-12-24", "2022-12-25", "2022-12-26", "2022-12-27", "2022-12-28", "2022-12-29", "2022-12-30", "2022-12-31", "2023-01-01", "2023-01-02", "2023-01-03", "2023-01-04", "2023-01-05", "2023-01-06", "2023-01-07", "2023-01-08", "2023-01-09", "2023-01-10", "2023-01-11", "2023-01-12", "2023-01-13", "2023-01-14", "2023-01-15", "2023-01-16", "2023-01-17", "2023-01-18", "2023-01-19", "2023-01-20", "2023-01-21", "2023-01-22", "2023-01-23", "2023-01-24", "2023-01-25", "2023-01-26", "2023-01-27", "2023-01-28", "2023-01-29", "2023-01-30", "2023-01-31", "2023-02-01", "2023-02-02", "2023-02-03", "2023-02-04", "2023-02-05", "2023-02-06", "2023-02-07", "2023-02-08", "2023-02-09", "2023-02-10", "2023-02-11", "2023-02-12", "2023-02-13", "2023-02-14", "2023-02-15", "2023-02-16", "2023-02-17", "2023-02-18", "2023-02-19", "2023-02-20", "2023-02-21", "2023-02-22", "2023-02-23", "2023-02-24", "2023-02-25", "2023-02-26", "2023-02-27", "2023-02-28", "2023-03-01", "2023-03-02", "2023-03-03", "2023-03-04", "2023-03-05", "2023-03-06", "2023-03-07", "2023-03-08", "2023-03-09", "2023-03-10", "2023-03-11", "2023-03-12", "2023-03-13", "2023-03-14", "2023-03-15", "2023-03-16", "2023-03-17", "2023-03-18", "2023-03-19", "2023-03-20", "2023-03-21", "2023-03-22", "2023-03-23", "2023-03-24", "2023-03-25", "2023-03-26", "2023-03-27", "2023-03-28", "2023-03-29", "2023-03-30", "2023-03-31", "2023-04-01", "2023-04-02", "2023-04-03", "2023-04-04", "2023-04-05", "2023-04-06", "2023-04-07", "2023-04-08", "2023-04-09", "2023-04-10", "2023-04-11", "2023-04-12", "2023-04-13", "2023-04-14", "2023-04-15", "2023-04-16", "2023-04-17", "2023-04-18", "2023-04-19", "2023-04-20", "2023-04-21", "2023-04-22", "2023-04-23", "2023-04-24", "2023-04-25", "2023-04-26", "2023-04-27", "2023-04-28", "2023-04-29", "2023-04-30", "2023-05-01", "2023-05-02", "2023-05-03", "2023-05-04", "2023-05-05", "2023-05-06", "2023-05-07", "2023-05-08", "2023-05-09", "2023-05-10", "2023-05-11", "2023-05-12", "2023-05-13", "2023-05-14", "2023-05-15", "2023-05-16", "2023-05-17", "2023-05-18", "2023-05-19", "2023-05-20", "2023-05-21", "2023-05-22", "2023-05-23", "2023-05-24", "2023-05-25", "2023-05-26", "2023-05-27", "2023-05-28", "2023-05-29", "2023-05-30", "2023-05-31", "2023-06-01", "2023-06-02", "2023-06-03", "2023-06-04", "2023-06-05", "2023-06-06", "2023-06-07", "2023-06-08", "2023-06-09", "2023-06-10", "2023-06-11", "2023-06-12", "2023-06-13", "2023-06-14", "2023-06-15", "2023-06-16", "2023-06-17", "2023-06-18", "2023-06-19", "2023-06-20", "2023-06-21", "2023-06-22", "2023-06-23", "2023-06-24", "2023-06-25", "2023-06-26", "2023-06-27", "2023-06-28", "2023-06-29", "2023-06-30", "2023-07-01", "2023-07-02", "2023-07-03", "2023-07-04", "2023-07-05", "2023-07-06", "2023-07-07", "2023-07-08", "2023-07-09", "2023-07-10", "2023-07-11", "2023-07-12", "2023-07-13", "2023-07-14", "2023-07-15", "2023-07-16", "2023-07-17", "2023-07-18", "2023-07-19", "2023-07-20", "2023-07-21", "2023-07-22", "2023-07-23", "2023-07-24", "2023-07-25", "2023-07-26", "2023-07-27", "2023-07-28", "2023-07-29", "2023-07-30", "2023-07-31", "2023-08-01", "2023-08-02", "2023-08-03", "2023-08-04", "2023-08-05", "2023-08-06", "2023-08-07", "2023-08-08", "2023-08-09", "2023-08-10", "2023-08-11", "2023-08-12", "2023-08-13", "2023-08-14", "2023-08-15", "2023-08-16", "2023-08-17", "2023-08-18", "2023-08-19", "2023-08-20", "2023-08-21", "2023-08-22", "2023-08-23", "2023-08-24", "2023-08-25", "2023-08-26", "2023-08-27", "2023-08-28", "2023-08-29", "2023-08-30", "2023-08-31", "2023-09-01", "2023-09-02", "2023-09-03", "2023-09-04", "2023-09-05", "2023-09-06", "2023-09-07", "2023-09-08", "2023-09-09", "2023-09-10", "2023-09-11", "2023-09-12", "2023-09-13", "2023-09-14", "2023-09-15", "2023-09-16", "2023-09-17", "2023-09-18", "2023-09-19", "2023-09-20", "2023-09-21", "2023-09-22", "2023-09-23", "2023-09-24", "2023-09-25", "2023-09-26", "2023-09-27", "2023-09-28", "2023-09-29", "2023-09-30", "2023-10-01", "2023-10-02", "2023-10-03", "2023-10-04", "2023-10-05", "2023-10-06", "2023-10-07", "2023-10-08", "2023-10-09", "2023-10-10", "2023-10-11", "2023-10-12", "2023-10-13", "2023-10-14", "2023-10-15", "2023-10-16", "2023-10-17", "2023-10-18", "2023-10-19", "2023-10-20", "2023-10-21", "2023-10-22", "2023-10-23", "2023-10-24", "2023-10-25", "2023-10-26", "2023-10-27", "2023-10-28", "2023-10-29", "2023-10-30", "2023-10-31", "2023-11-01", "2023-11-02", "2023-11-03", "2023-11-04", "2023-11-05", "2023-11-06", "2023-11-07", "2023-11-08", "2023-11-09", "2023-11-10", "2023-11-11", "2023-11-12", "2023-11-13", "2023-11-14", "2023-11-15", "2023-11-16", "2023-11-17", "2023-11-18", "2023-11-19", "2023-11-20", "2023-11-21", "2023-11-22", "2023-11-23", "2023-11-24", "2023-11-25", "2023-11-26", "2023-11-27", "2023-11-28", "2023-11-29", "2023-11-30", "2023-12-01", "2023-12-02", "2023-12-03", "2023-12-04", "2023-12-05", "2023-12-06", "2023-12-07", "2023-12-08", "2023-12-09", "2023-12-10", "2023-12-11", "2023-12-12", "2023-12-13", "2023-12-14", "2023-12-15", "2023-12-16", "2023-12-17", "2023-12-18", "2023-12-19", "2023-12-20", "2023-12-21", "2023-12-22", "2023-12-23", "2023-12-24", "2023-12-25", "2023-12-26", "2023-12-27", "2023-12-28", "2023-12-29", "2023-12-30", "2023-12-31", "2024-01-01", "2024-01-02", "2024-01-03", "2024-01-04", "2024-01-05", "2024-01-06", "2024-01-07", "2024-01-08", "2024-01-09", "2024-01-10", "2024-01-11", "2024-01-12", "2024-01-13", "2024-01-14", "2024-01-15", "2024-01-16", "2024-01-17", "2024-01-18", "2024-01-19", "2024-01-20", "2024-01-21", "2024-01-22", "2024-01-23", "2024-01-24", "2024-01-25", "2024-01-26", "2024-01-27", "2024-01-28", "2024-01-29", "2024-01-30", "2024-01-31", "2024-02-01", "2024-02-02", "2024-02-03", "2024-02-04", "2024-02-05", "2024-02-06", "2024-02-07", "2024-02-08", "2024-02-09", "2024-02-10", "2024-02-11", "2024-02-12", "2024-02-13", "2024-02-14", "2024-02-15", "2024-02-16", "2024-02-17", "2024-02-18", "2024-02-19", "2024-02-20", "2024-02-21", "2024-02-22", "2024-02-23", "2024-02-24", "2024-02-25", "2024-02-26", "2024-02-27", "2024-02-28", "2024-02-29", "2024-03-01", "2024-03-02", "2024-03-03", "2024-03-04", "2024-03-05", "2024-03-06", "2024-03-07", "2024-03-08", "2024-03-09", "2024-03-10", "2024-03-11", "2024-03-12", "2024-03-13", "2024-03-14", "2024-03-15", "2024-03-16", "2024-03-17", "2024-03-18", "2024-03-19", "2024-03-20", "2024-03-21", "2024-03-22", "2024-03-23", "2024-03-24", "2024-03-25", "2024-03-26", "2024-03-27", "2024-03-28", "2024-03-29", "2024-03-30", "2024-03-31", "2024-04-01", "2024-04-02", "2024-04-03", "2024-04-04", "2024-04-05", "2024-04-06", "2024-04-07", "2024-04-08", "2024-04-09", "2024-04-10", "2024-04-11", "2024-04-12", "2024-04-13", "2024-04-14", "2024-04-15", "2024-04-16", "2024-04-17", "2024-04-18", "2024-04-19", "2024-04-20", "2024-04-21", "2024-04-22", "2024-04-23", "2024-04-24", "2024-04-25", "2024-04-26", "2024-04-27", "2024-04-28", "2024-04-29", "2024-04-30", "2024-05-01", "2024-05-02", "2024-05-03", "2024-05-04", "2024-05-05", "2024-05-06", "2024-05-07", "2024-05-08", "2024-05-09", "2024-05-10", "2024-05-11", "2024-05-12", "2024-05-13", "2024-05-14", "2024-05-15", "2024-05-16", "2024-05-17", "2024-05-18", "2024-05-19", "2024-05-20", "2024-05-21", "2024-05-22", "2024-05-23", "2024-05-24", "2024-05-25", "2024-05-26", "2024-05-27", "2024-05-28", "2024-05-29", "2024-05-30", "2024-05-31", "2024-06-01", "2024-06-02", "2024-06-03", "2024-06-04", "2024-06-05", "2024-06-06", "2024-06-07", "2024-06-08", "2024-06-09", "2024-06-10", "2024-06-11", "2024-06-12", "2024-06-13", "2024-06-14", "2024-06-15", "2024-06-16", "2024-06-17", "2024-06-18", "2024-06-19", "2024-06-20", "2024-06-21", "2024-06-22", "2024-06-23", "2024-06-24", "2024-06-25", "2024-06-26", "2024-06-27", "2024-06-28", "2024-06-29", "2024-06-30", "2024-07-01", "2024-07-02", "2024-07-03", "2024-07-04", "2024-07-05", "2024-07-06", "2024-07-07", "2024-07-08", "2024-07-09", "2024-07-10", "2024-07-11", "2024-07-12", "2024-07-13", "2024-07-14", "2024-07-15", "2024-07-16", "2024-07-17", "2024-07-18", "2024-07-19", "2024-07-20", "2024-07-21", "2024-07-22", "2024-07-23", "2024-07-24", "2024-07-25", "2024-07-26", "2024-07-27", "2024-07-28", "2024-07-29", "2024-07-30", "2024-07-31", "2024-08-01", "2024-08-02", "2024-08-03", "2024-08-04", "2024-08-05", "2024-08-06", "2024-08-07", "2024-08-08", "2024-08-09", "2024-08-10", "2024-08-11", "2024-08-12", "2024-08-13", "2024-08-14", "2024-08-15", "2024-08-16", "2024-08-17", "2024-08-18", "2024-08-19", "2024-08-20", "2024-08-21", "2024-08-22", "2024-08-23", "2024-08-24", "2024-08-25", "2024-08-26", "2024-08-27", "2024-08-28", "2024-08-29", "2024-08-30", "2024-08-31", "2024-09-01", "2024-09-02", "2024-09-03", "2024-09-04", "2024-09-05", "2024-09-06", "2024-09-07", "2024-09-08", "2024-09-09", "2024-09-10", "2024-09-11", "2024-09-12", "2024-09-13", "2024-09-14", "2024-09-15", "2024-09-16", "2024-09-17", "2024-09-18", "2024-09-19", "2024-09-20", "2024-09-21", "2024-09-22", "2024-09-23", "2024-09-24", "2024-09-25", "2024-09-26", "2024-09-27", "2024-09-28", "2024-09-29", "2024-09-30", "2024-10-01", "2024-10-02", "2024-10-03", "2024-10-04", "2024-10-05", "2024-10-06", "2024-10-07", "2024-10-08", "2024-10-09", "2024-10-10", "2024-10-11", "2024-10-12", "2024-10-13", "2024-10-14", "2024-10-15", "2024-10-16", "2024-10-17", "2024-10-18", "2024-10-19", "2024-10-20", "2024-10-21", "2024-10-22", "2024-10-23", "2024-10-24", "2024-10-25", "2024-10-26", "2024-10-27" ],
  "informationsPatrimoineCulturel" : {
    "patrimoineCulturelType" : {
      "elementReferenceType" : "PatrimoineCulturelType",
      "id" : 3201
    },
    "themes" : [ {
      "elementReferenceType" : "PatrimoineCulturelTheme",
      "id" : 3419
    }, {
      "elementReferenceType" : "PatrimoineCulturelTheme",
      "id" : 3453
    } ]
  },
  "formatVersion" : "v002",
  "expiration" : { },
  "informationsPrestataireActivites" : {
    "prestataireActivites" : false
  },
  "enquete" : { },
  "donneesPrivees" : [ {
    "nomTechnique" : "1947_Id_patio",
    "libelleFr" : "Id_Patio",
    "ordre" : 1,
    "descriptif" : {
      "libelleFr" : "13T2000656"
    }
  }, {
    "nomTechnique" : "1947_Source_patio",
    "libelleFr" : "Source_Patio",
    "ordre" : 2,
    "descriptif" : {
      "libelleFr" : "OT Les Baux de Provence"
    }
  }, {
    "nomTechnique" : "1947_Url_patio",
    "libelleFr" : "URL_Patio",
    "ordre" : 3,
    "descriptif" : {
      "libelleFr" : "http://www.lesbauxdeprovence.com"
    }
  } ]
}