{
  "type" : "PATRIMOINE_CULTUREL",
  "id" : 5539047,
  "nom" : {
    "libelleFr" : "Port Antique - jardin des vestiges",
    "libelleEn" : "Ancient Port - garden of vestiges",
    "libelleEs" : "Puerto antiguo - jardín de restos",
    "libelleIt" : "Jardin des Vestiges",
    "libelleDe" : "Antike Hafen - Garten der Überreste",
    "libelleNl" : "Jardin des Vestiges"
  },
  "identifier" : "SITRA2_PCU_5539047",
  "state" : "PUBLISHED",
  "gestion" : {
    "dateCreation" : "2020-05-27T11:04:45.942+0000",
    "dateModification" : "2022-02-21T14:16:59.706+0000",
    "dateExportModification" : "2022-07-01T09:41:22.963+0000",
    "membreProprietaire" : {
      "type" : {
        "elementReferenceType" : "MembreSitraType",
        "id" : 233
      },
      "nom" : "Office Métropolitain de tourisme et des congrès de Marseille",
      "dateCreation" : "2017-02-13T09:29:30.842+0000",
      "dateModification" : "2022-10-24T08:49:48.642+0000",
      "id" : 1490,
      "siteWeb" : "http://www.marseille-tourisme.com"
    },
    "signalerUnProblemeMails" : [ "alegrand@marseille-tourisme.com", "hcochet@marseille-tourisme.com", "jorengo@marseille-tourisme.com", "lchavet@marseille-tourisme.com", "mamadier@marseille-tourisme.com", "sbenimeli@marseille-tourisme.com" ]
  },
  "informations" : {
    "moyensCommunication" : [ {
      "identifiant" : 79656375,
      "type" : {
        "elementReferenceType" : "MoyenCommunicationType",
        "id" : 201
      },
      "coordonnees" : {
        "fr" : "04 91 55 36 00"
      }
    }, {
      "identifiant" : 79656376,
      "type" : {
        "elementReferenceType" : "MoyenCommunicationType",
        "id" : 204
      },
      "coordonnees" : {
        "fr" : "musee-histoire@mairie-marseille.fr"
      }
    }, {
      "identifiant" : 79656377,
      "type" : {
        "elementReferenceType" : "MoyenCommunicationType",
        "id" : 205
      },
      "coordonnees" : {
        "fr" : "https://musees.marseille.fr/"
      }
    } ],
    "informationsLegales" : { },
    "structureGestion" : {
      "type" : "STRUCTURE",
      "id" : 5464061
    }
  },
  "presentation" : {
    "descriptifCourt" : {
      "libelleFr" : "Le site du Port Antique (dénommé Jardin des vestiges à son ouverture au public en 1983) présente les résultats des premières grandes fouilles archéologiques urbaines réalisées en France.",
      "libelleEn" : "The site of the Ancient Port (named Jardin des vestiges when it was opened to the public in 1983) presents the results of the first major urban archaeological excavations carried out in France.",
      "libelleEs" : "El yacimiento del Puerto Antiguo (denominado Jardin des vestiges cuando se abrió al público en 1983) presenta los resultados de las primeras grandes excavaciones arqueológicas urbanas realizadas en Francia.",
      "libelleDe" : "Das Gelände des Port Antique (bei seiner Eröffnung für die Öffentlichkeit im Jahr 1983 als Jardin des vestiges bezeichnet) zeigt die Ergebnisse der ersten großen städtischen archäologischen Ausgrabungen in Frankreich."
    },
    "descriptifDetaille" : {
      "libelleFr" : "Les vestiges, révélés en 1967 sur le chantier de construction du Centre Bourse, sont des témoins historiques majeurs. le site se structure autour de la voie romaine, des remparts grecs et autour du Port Antique où a été découverte la plus grande épave visible au monde. \r\n\r\nCette voie romaine longée par des monuments funéraires pénètre dans la ville par une entrée monumentale.\r\n\r\nL'entrée se fait par le Musée d'Histoire, à l'intérieur du Centre Bourse.",
      "libelleEn" : "The remains, revealed in 1967 on the construction site of the Centre Bourse, are major historical witnesses. The site is structured around the Roman road, the Greek ramparts and around the Ancient Port where the largest visible wreck in the world was discovered. \r\n\r\nThis Roman road, lined with funerary monuments, enters the city through a monumental entrance.\r\n\r\nThe entrance is through the Museum of History, inside the Exchange Center.",
      "libelleEs" : "Los restos, revelados en 1967 en las obras de construcción de la Bolsa del Centro, son importantes testigos históricos. El yacimiento se articula en torno a la calzada romana, las murallas griegas y alrededor del Puerto Antiguo, donde se descubrió el mayor pecio visible del mundo. \r\n\r\nEsta calzada romana, bordeada de monumentos funerarios, entra en la ciudad por una entrada monumental.\r\n\r\nLa entrada es por el Museo de Historia, dentro del Centre Bourse.",
      "libelleDe" : "Die Überreste, die 1967 auf der Baustelle des Centre Bourse entdeckt wurden, sind wichtige historische Zeugen. Der Ort ist um die römische Straße, die griechischen Stadtmauern und den antiken Hafen herum strukturiert, wo das größte sichtbare Schiffswrack der Welt entdeckt wurde. \r\n\r\nDiese von Grabdenkmälern gesäumte römische Straße führt durch einen monumentalen Eingang in die Stadt.\r\n\r\nDer Eingang befindet sich im Geschichtsmuseum innerhalb des Börsenzentrums."
    }
  },
  "localisation" : {
    "adresse" : {
      "adresse1" : "2 Rue Henri Barbusse",
      "adresse2" : "Centre Bourse",
      "codePostal" : "13001",
      "bureauDistribution" : "MARSEILLE",
      "commune" : {
        "id" : 4531
      }
    },
    "geolocalisation" : {
      "complement" : {
        "libelleFr" : "Vieux Port ligne 1 : Station de métro à 0.3km"
      },
      "valide" : true,
      "geoJson" : {
        "type" : "Point",
        "coordinates" : [ 5.374877, 43.297108 ]
      }
    },
    "perimetreGeographique" : [ {
      "id" : 4531
    } ],
    "environnements" : [ {
      "elementReferenceType" : "Environnement",
      "id" : 151
    }, {
      "elementReferenceType" : "Environnement",
      "id" : 173
    }, {
      "elementReferenceType" : "Environnement",
      "id" : 183
    }, {
      "elementReferenceType" : "Environnement",
      "id" : 3976
    }, {
      "elementReferenceType" : "Environnement",
      "id" : 6042
    } ]
  },
  "liens" : {
    "liensObjetsTouristiquesTypes" : [ {
      "type" : "SUR_PLACE",
      "libelleFr" : "Sur place",
      "libelleEn" : "On the premises",
      "libelleEs" : "In situ",
      "libelleIt" : "Sul posto",
      "libelleDe" : "Vor Ort",
      "libelleNl" : "Ter plaatse",
      "libelleRu" : "На месте",
      "libelleZh" : "堂食",
      "libellePtBR" : "No local",
      "libelleJa" : "現地で",
      "objetTouristique" : {
        "type" : "PATRIMOINE_CULTUREL",
        "id" : 5538019
      }
    } ]
  },
  "prestations" : {
    "equipements" : [ {
      "elementReferenceType" : "PrestationEquipement",
      "id" : 1321
    } ],
    "services" : [ {
      "elementReferenceType" : "PrestationService",
      "id" : 1190
    } ],
    "animauxAcceptes" : "NON_ACCEPTES",
    "animauxAcceptesSupplement" : "NON_DISPONIBLE",
    "languesParlees" : [ {
      "elementReferenceType" : "Langue",
      "id" : 1197
    } ],
    "complementAccueil" : {
      "libelleFr" : "Accessible pour handicapés\r\nParking public (Centre Bourse)",
      "libelleEn" : "Accessible for disabled people\r\nPublic parking (Centre Bourse)",
      "libelleEs" : "Accesible para discapacitados\r\nAparcamiento público (Centre Bourse)",
      "libelleIt" : "Accessibile ai disabili",
      "libelleDe" : "Zugänglich für Behinderte\r\nÖffentlicher Parkplatz (Centre Bourse)",
      "libelleNl" : "Toegankelijk voor mensen met een handicap"
    },
    "typesClientele" : [ {
      "elementReferenceType" : "TypeClientele",
      "id" : 593
    } ]
  },
  "ouverture" : {
    "periodeEnClair" : {
      "libelleFr" : "Du 01/01 au 31/12, tous les mardis, mercredis, jeudis, vendredis, samedis et dimanches de 9h à 18h.\nFermeture hebdomadaire le lundi, sauf les lundis de Pâques et de Pentecôte.\r\n\r\nFermeture les jours suivants : 1er janvier, 1er mai, 1er et 11 novembre et le 2­5 décembre.\r\n\r\nFermeture de la billetterie 30 minutes avant la fermeture du musée.",
      "libelleEn" : "From 01/01 to 31/12, every Tuesday, Wednesday, Thursday, Friday, Saturday and Sunday between 9 am and 6 pm.\nWeekly closure on Mondays, except Easter and Whitsun Mondays.\r\n\r\nClosed on the following days: January 1, May 1, November 1 and 11 and December 25.\r\n\r\nThe ticket office closes 30 minutes before the museum closes.",
      "libelleEs" : "Del 01/01 al 31/12, todos los martes, miércoles, jueves, viernes, sábados y domingos de 9 a 18.\nCierre semanal los lunes, excepto los de Semana Santa y Pentecostés.\r\n\r\nCerrado los siguientes días: 1 de enero, 1 de mayo, 1 y 11 de noviembre y 25 de diciembre.\r\n\r\nLa taquilla cierra 30 minutos antes del cierre del museo.",
      "libelleIt" : "Dal 01/01 al 31/12, tutti i martedì, mercoledì, giovedì, venerdì, sabati e domeniche dalle 9 alle 18.",
      "libelleDe" : "Vom 01/01 bis 31/12, jeden Dienstag, Mittwoch, Donnerstag, Freitag, Samstag und Sonntag von 9 Uhr bis 18 Uhr.\nWöchentliche Schließung am Montag, außer an Oster- und Pfingstmontagen.\r\n\r\nAn folgenden Tagen geschlossen: 1. Januar, 1. Mai, 1. und 11. November sowie am 25. Dezember.\r\n\r\nSchließung des Ticketverkaufs 30 Minuten vor Schließung des Museums.",
      "libelleNl" : "Van 01/01 tot en met 31/12, elke dinsdag, woensdag, donderdag, vrijdag, zaterdag en zondag van 9.00 tot en met 18.00 u.",
      "libelleRu" : "С 01/01 до 31/12, каждый вторники, среды, четверги, пятницы, субботы и воскресенья с 9h до 18h.",
      "libelleZh" : "从 1月1日 到 12月31日, 每星期二, 星期三, 星期四, 星期五, 星期六 和 星期日 小时小时 和 小时小时 之间.",
      "libellePtBR" : "De 01/01 a 31/12, todas as terças-feiras, quartas-feiras, quintas-feiras, sextas-feiras, sábados e domingos de 9h a  18h.",
      "libelleJa" : "01/01 から 31/12 まで, 毎火曜日, 水曜日, 木曜日, 金曜日, 土曜日 と 日曜日 9 午前 と 6 午後 の間."
    },
    "periodeEnClairGenerationMode" : "AUTOMATIQUE",
    "indicationsPeriode" : [ {
      "elementReferenceType" : "IndicationPeriode",
      "id" : 416
    }, {
      "elementReferenceType" : "IndicationPeriode",
      "id" : 418
    }, {
      "elementReferenceType" : "IndicationPeriode",
      "id" : 435
    }, {
      "elementReferenceType" : "IndicationPeriode",
      "id" : 436
    } ],
    "periodesOuvertures" : [ {
      "identifiant" : 19371986,
      "dateDebut" : "2022-01-01",
      "dateFin" : "2022-12-31",
      "complementHoraire" : {
        "libelleFr" : "Fermeture hebdomadaire le lundi, sauf les lundis de Pâques et de Pentecôte.\r\n\r\nFermeture les jours suivants : 1er janvier, 1er mai, 1er et 11 novembre et le 2­5 décembre.\r\n\r\nFermeture de la billetterie 30 minutes avant la fermeture du musée.",
        "libelleEn" : "Weekly closure on Mondays, except Easter and Whitsun Mondays.\r\n\r\nClosed on the following days: January 1, May 1, November 1 and 11 and December 25.\r\n\r\nThe ticket office closes 30 minutes before the museum closes.",
        "libelleEs" : "Cierre semanal los lunes, excepto los de Semana Santa y Pentecostés.\r\n\r\nCerrado los siguientes días: 1 de enero, 1 de mayo, 1 y 11 de noviembre y 25 de diciembre.\r\n\r\nLa taquilla cierra 30 minutos antes del cierre del museo.",
        "libelleDe" : "Wöchentliche Schließung am Montag, außer an Oster- und Pfingstmontagen.\r\n\r\nAn folgenden Tagen geschlossen: 1. Januar, 1. Mai, 1. und 11. November sowie am 25. Dezember.\r\n\r\nSchließung des Ticketverkaufs 30 Minuten vor Schließung des Museums."
      },
      "horaireOuverture" : "09:00:00",
      "horaireFermeture" : "18:00:00",
      "type" : "OUVERTURE_SEMAINE",
      "tousLesAns" : true,
      "ouverturesJournalieres" : [ {
        "jour" : "MARDI"
      }, {
        "jour" : "MERCREDI"
      }, {
        "jour" : "JEUDI"
      }, {
        "jour" : "VENDREDI"
      }, {
        "jour" : "SAMEDI"
      }, {
        "jour" : "DIMANCHE"
      } ],
      "identifiantTechnique" : 22746042
    } ]
  },
  "descriptionTarif" : {
    "indicationTarif" : "ACCES_LIBRE",
    "gratuit" : true,
    "tarifsEnClair" : {
      "libelleFr" : "Accès libre. Entrée par le musée d'Histoire dans le Centre Bourse.",
      "libelleEn" : "Free access. Entrance through the History Museum in the Centre Bourse.",
      "libelleEs" : "Acceso libre. Entrada por el Museo de Historia en el Centre Bourse.",
      "libelleIt" : "Accesso libero.",
      "libelleDe" : "Freier Zugang. Eingang durch das Geschichtsmuseum im Börsenzentrum.",
      "libelleNl" : "Gratis toegang.",
      "libelleRu" : "Вход свободный.",
      "libelleZh" : "自由访问.",
      "libellePtBR" : "Acesso livre.",
      "libelleJa" : "フリーアクセス."
    },
    "tarifsEnClairGenerationMode" : "AUTOMATIQUE",
    "complement" : {
      "libelleFr" : "Entrée par le musée d'Histoire dans le Centre Bourse",
      "libelleEn" : "Entrance through the History Museum in the Centre Bourse",
      "libelleEs" : "Entrada por el Museo de Historia en el Centre Bourse",
      "libelleDe" : "Eingang durch das Geschichtsmuseum im Börsenzentrum"
    },
    "devise" : "EUR",
    "conditions" : { }
  },
  "reservation" : { },
  "criteresInternes" : [ {
    "id" : 16775
  }, {
    "id" : 18002
  } ],
  "contacts" : [ {
    "identifiant" : 17641282,
    "referent" : true,
    "civilite" : {
      "elementReferenceType" : "ContactCivilite",
      "id" : 443
    },
    "nom" : "VEDRINE",
    "prenom" : "Laurent",
    "fonction" : {
      "elementReferenceType" : "ContactFonction",
      "id" : 6026
    },
    "moyensCommunication" : [ {
      "identifiant" : 81732628,
      "type" : {
        "elementReferenceType" : "MoyenCommunicationType",
        "id" : 204
      },
      "coordonnees" : {
        "fr" : "lvedrine@mairie-marseille.fr"
      }
    } ]
  }, {
    "identifiant" : 17641283,
    "referent" : false,
    "civilite" : {
      "elementReferenceType" : "ContactCivilite",
      "id" : 442
    },
    "nom" : "DESHAYE",
    "prenom" : "Sophie",
    "fonction" : {
      "elementReferenceType" : "ContactFonction",
      "id" : 458
    },
    "moyensCommunication" : [ {
      "identifiant" : 81732629,
      "type" : {
        "elementReferenceType" : "MoyenCommunicationType",
        "id" : 201
      },
      "coordonnees" : {
        "fr" : "04 91 55 36 10"
      }
    }, {
      "identifiant" : 81732630,
      "type" : {
        "elementReferenceType" : "MoyenCommunicationType",
        "id" : 204
      },
      "coordonnees" : {
        "fr" : "sdeshayes@mairie-marseille.fr"
      }
    } ]
  } ],
  "illustrations" : [ {
    "identifiant" : 12519564,
    "link" : false,
    "type" : "IMAGE",
    "nom" : {
      "libelleFr" : "Port antique jardin des vestiges Marseille.jpg"
    },
    "legende" : {
      "libelleFr" : "Port antique jardin des vestiges Marseille."
    },
    "copyright" : {
      "libelleFr" : "Ville de Marseille - Musée d'Histoire"
    },
    "traductionFichiers" : [ {
      "locale" : "fr",
      "url" : "https://static.apidae-tourisme.com/filestore/objets-touristiques/images/201/190/12697289.jpg",
      "urlListe" : "https://static.apidae-tourisme.com/filestore/objets-touristiques/images/201/190/12697289-liste.jpg",
      "urlFiche" : "https://static.apidae-tourisme.com/filestore/objets-touristiques/images/201/190/12697289-fiche.jpg",
      "urlDiaporama" : "https://static.apidae-tourisme.com/filestore/objets-touristiques/images/201/190/12697289-diaporama.jpg",
      "extension" : "jpg",
      "fileName" : "full",
      "taille" : 22899,
      "hauteur" : 250,
      "largeur" : 300,
      "lastModifiedDate" : "2022-02-21T14:17:00.103+0000"
    } ],
    "locked" : false
  }, {
    "identifiant" : 12519569,
    "link" : false,
    "type" : "IMAGE",
    "nom" : {
      "libelleFr" : "Port antique jardin des vestiges Marseille..jpg"
    },
    "legende" : {
      "libelleFr" : "Port antique jardin des vestiges Marseille."
    },
    "copyright" : {
      "libelleFr" : "Ville de Marseille - Musée d'Histoire"
    },
    "traductionFichiers" : [ {
      "locale" : "fr",
      "url" : "https://static.apidae-tourisme.com/filestore/objets-touristiques/images/206/190/12697294.jpg",
      "urlListe" : "https://static.apidae-tourisme.com/filestore/objets-touristiques/images/206/190/12697294-liste.jpg",
      "urlFiche" : "https://static.apidae-tourisme.com/filestore/objets-touristiques/images/206/190/12697294-fiche.jpg",
      "urlDiaporama" : "https://static.apidae-tourisme.com/filestore/objets-touristiques/images/206/190/12697294-diaporama.jpg",
      "extension" : "jpg",
      "fileName" : "full",
      "taille" : 40368,
      "hauteur" : 400,
      "largeur" : 300,
      "lastModifiedDate" : "2022-02-21T14:16:59.813+0000"
    } ],
    "locked" : false
  } ],
  "visites" : {
    "languesPanneauInformation" : [ {
      "elementReferenceType" : "Langue",
      "id" : 1192
    }, {
      "elementReferenceType" : "Langue",
      "id" : 1197
    }, {
      "elementReferenceType" : "Langue",
      "id" : 1200
    } ],
    "visitable" : true
  },
  "territoires" : [ {
    "type" : "TERRITOIRE",
    "id" : 591381
  }, {
    "type" : "TERRITOIRE",
    "id" : 591419
  }, {
    "type" : "TERRITOIRE",
    "id" : 5127066
  }, {
    "type" : "TERRITOIRE",
    "id" : 5427637
  }, {
    "type" : "TERRITOIRE",
    "id" : 5460436
  }, {
    "type" : "TERRITOIRE",
    "id" : 5693878
  }, {
    "type" : "TERRITOIRE",
    "id" : 5693903
  }, {
    "type" : "TERRITOIRE",
    "id" : 6008197
  } ],
  "datesOuverture" : [ "2022-10-19", "2022-10-20", "2022-10-21", "2022-10-22", "2022-10-23", "2022-10-25", "2022-10-26", "2022-10-27", "2022-10-28", "2022-10-29", "2022-10-30", "2022-11-01", "2022-11-02", "2022-11-03", "2022-11-04", "2022-11-05", "2022-11-06", "2022-11-08", "2022-11-09", "2022-11-10", "2022-11-11", "2022-11-12", "2022-11-13", "2022-11-15", "2022-11-16", "2022-11-17", "2022-11-18", "2022-11-19", "2022-11-20", "2022-11-22", "2022-11-23", "2022-11-24", "2022-11-25", "2022-11-26", "2022-11-27", "2022-11-29", "2022-11-30", "2022-12-01", "2022-12-02", "2022-12-03", "2022-12-04", "2022-12-06", "2022-12-07", "2022-12-08", "2022-12-09", "2022-12-10", "2022-12-11", "2022-12-13", "2022-12-14", "2022-12-15", "2022-12-16", "2022-12-17", "2022-12-18", "2022-12-20", "2022-12-21", "2022-12-22", "2022-12-23", "2022-12-24", "2022-12-25", "2022-12-27", "2022-12-28", "2022-12-29", "2022-12-30", "2022-12-31", "2023-01-01", "2023-01-03", "2023-01-04", "2023-01-05", "2023-01-06", "2023-01-07", "2023-01-08", "2023-01-10", "2023-01-11", "2023-01-12", "2023-01-13", "2023-01-14", "2023-01-15", "2023-01-17", "2023-01-18", "2023-01-19", "2023-01-20", "2023-01-21", "2023-01-22", "2023-01-24", "2023-01-25", "2023-01-26", "2023-01-27", "2023-01-28", "2023-01-29", "2023-01-31", "2023-02-01", "2023-02-02", "2023-02-03", "2023-02-04", "2023-02-05", "2023-02-07", "2023-02-08", "2023-02-09", "2023-02-10", "2023-02-11", "2023-02-12", "2023-02-14", "2023-02-15", "2023-02-16", "2023-02-17", "2023-02-18", "2023-02-19", "2023-02-21", "2023-02-22", "2023-02-23", "2023-02-24", "2023-02-25", "2023-02-26", "2023-02-28", "2023-03-01", "2023-03-02", "2023-03-03", "2023-03-04", "2023-03-05", "2023-03-07", "2023-03-08", "2023-03-09", "2023-03-10", "2023-03-11", "2023-03-12", "2023-03-14", "2023-03-15", "2023-03-16", "2023-03-17", "2023-03-18", "2023-03-19", "2023-03-21", "2023-03-22", "2023-03-23", "2023-03-24", "2023-03-25", "2023-03-26", "2023-03-28", "2023-03-29", "2023-03-30", "2023-03-31", "2023-04-01", "2023-04-02", "2023-04-04", "2023-04-05", "2023-04-06", "2023-04-07", "2023-04-08", "2023-04-09", "2023-04-11", "2023-04-12", "2023-04-13", "2023-04-14", "2023-04-15", "2023-04-16", "2023-04-18", "2023-04-19", "2023-04-20", "2023-04-21", "2023-04-22", "2023-04-23", "2023-04-25", "2023-04-26", "2023-04-27", "2023-04-28", "2023-04-29", "2023-04-30", "2023-05-02", "2023-05-03", "2023-05-04", "2023-05-05", "2023-05-06", "2023-05-07", "2023-05-09", "2023-05-10", "2023-05-11", "2023-05-12", "2023-05-13", "2023-05-14", "2023-05-16", "2023-05-17", "2023-05-18", "2023-05-19", "2023-05-20", "2023-05-21", "2023-05-23", "2023-05-24", "2023-05-25", "2023-05-26", "2023-05-27", "2023-05-28", "2023-05-30", "2023-05-31", "2023-06-01", "2023-06-02", "2023-06-03", "2023-06-04", "2023-06-06", "2023-06-07", "2023-06-08", "2023-06-09", "2023-06-10", "2023-06-11", "2023-06-13", "2023-06-14", "2023-06-15", "2023-06-16", "2023-06-17", "2023-06-18", "2023-06-20", "2023-06-21", "2023-06-22", "2023-06-23", "2023-06-24", "2023-06-25", "2023-06-27", "2023-06-28", "2023-06-29", "2023-06-30", "2023-07-01", "2023-07-02", "2023-07-04", "2023-07-05", "2023-07-06", "2023-07-07", "2023-07-08", "2023-07-09", "2023-07-11", "2023-07-12", "2023-07-13", "2023-07-14", "2023-07-15", "2023-07-16", "2023-07-18", "2023-07-19", "2023-07-20", "2023-07-21", "2023-07-22", "2023-07-23", "2023-07-25", "2023-07-26", "2023-07-27", "2023-07-28", "2023-07-29", "2023-07-30", "2023-08-01", "2023-08-02", "2023-08-03", "2023-08-04", "2023-08-05", "2023-08-06", "2023-08-08", "2023-08-09", "2023-08-10", "2023-08-11", "2023-08-12", "2023-08-13", "2023-08-15", "2023-08-16", "2023-08-17", "2023-08-18", "2023-08-19", "2023-08-20", "2023-08-22", "2023-08-23", "2023-08-24", "2023-08-25", "2023-08-26", "2023-08-27", "2023-08-29", "2023-08-30", "2023-08-31", "2023-09-01", "2023-09-02", "2023-09-03", "2023-09-05", "2023-09-06", "2023-09-07", "2023-09-08", "2023-09-09", "2023-09-10", "2023-09-12", "2023-09-13", "2023-09-14", "2023-09-15", "2023-09-16", "2023-09-17", "2023-09-19", "2023-09-20", "2023-09-21", "2023-09-22", "2023-09-23", "2023-09-24", "2023-09-26", "2023-09-27", "2023-09-28", "2023-09-29", "2023-09-30", "2023-10-01", "2023-10-03", "2023-10-04", "2023-10-05", "2023-10-06", "2023-10-07", "2023-10-08", "2023-10-10", "2023-10-11", "2023-10-12", "2023-10-13", "2023-10-14", "2023-10-15", "2023-10-17", "2023-10-18", "2023-10-19", "2023-10-20", "2023-10-21", "2023-10-22", "2023-10-24", "2023-10-25", "2023-10-26", "2023-10-27", "2023-10-28", "2023-10-29", "2023-10-31", "2023-11-01", "2023-11-02", "2023-11-03", "2023-11-04", "2023-11-05", "2023-11-07", "2023-11-08", "2023-11-09", "2023-11-10", "2023-11-11", "2023-11-12", "2023-11-14", "2023-11-15", "2023-11-16", "2023-11-17", "2023-11-18", "2023-11-19", "2023-11-21", "2023-11-22", "2023-11-23", "2023-11-24", "2023-11-25", "2023-11-26", "2023-11-28", "2023-11-29", "2023-11-30", "2023-12-01", "2023-12-02", "2023-12-03", "2023-12-05", "2023-12-06", "2023-12-07", "2023-12-08", "2023-12-09", "2023-12-10", "2023-12-12", "2023-12-13", "2023-12-14", "2023-12-15", "2023-12-16", "2023-12-17", "2023-12-19", "2023-12-20", "2023-12-21", "2023-12-22", "2023-12-23", "2023-12-24", "2023-12-26", "2023-12-27", "2023-12-28", "2023-12-29", "2023-12-30", "2023-12-31", "2024-01-02", "2024-01-03", "2024-01-04", "2024-01-05", "2024-01-06", "2024-01-07", "2024-01-09", "2024-01-10", "2024-01-11", "2024-01-12", "2024-01-13", "2024-01-14", "2024-01-16", "2024-01-17", "2024-01-18", "2024-01-19", "2024-01-20", "2024-01-21", "2024-01-23", "2024-01-24", "2024-01-25", "2024-01-26", "2024-01-27", "2024-01-28", "2024-01-30", "2024-01-31", "2024-02-01", "2024-02-02", "2024-02-03", "2024-02-04", "2024-02-06", "2024-02-07", "2024-02-08", "2024-02-09", "2024-02-10", "2024-02-11", "2024-02-13", "2024-02-14", "2024-02-15", "2024-02-16", "2024-02-17", "2024-02-18", "2024-02-20", "2024-02-21", "2024-02-22", "2024-02-23", "2024-02-24", "2024-02-25", "2024-02-27", "2024-02-28", "2024-02-29", "2024-03-01", "2024-03-02", "2024-03-03", "2024-03-05", "2024-03-06", "2024-03-07", "2024-03-08", "2024-03-09", "2024-03-10", "2024-03-12", "2024-03-13", "2024-03-14", "2024-03-15", "2024-03-16", "2024-03-17", "2024-03-19", "2024-03-20", "2024-03-21", "2024-03-22", "2024-03-23", "2024-03-24", "2024-03-26", "2024-03-27", "2024-03-28", "2024-03-29", "2024-03-30", "2024-03-31", "2024-04-02", "2024-04-03", "2024-04-04", "2024-04-05", "2024-04-06", "2024-04-07", "2024-04-09", "2024-04-10", "2024-04-11", "2024-04-12", "2024-04-13", "2024-04-14", "2024-04-16", "2024-04-17", "2024-04-18", "2024-04-19", "2024-04-20", "2024-04-21", "2024-04-23", "2024-04-24", "2024-04-25", "2024-04-26", "2024-04-27", "2024-04-28", "2024-04-30", "2024-05-01", "2024-05-02", "2024-05-03", "2024-05-04", "2024-05-05", "2024-05-07", "2024-05-08", "2024-05-09", "2024-05-10", "2024-05-11", "2024-05-12", "2024-05-14", "2024-05-15", "2024-05-16", "2024-05-17", "2024-05-18", "2024-05-19", "2024-05-21", "2024-05-22", "2024-05-23", "2024-05-24", "2024-05-25", "2024-05-26", "2024-05-28", "2024-05-29", "2024-05-30", "2024-05-31", "2024-06-01", "2024-06-02", "2024-06-04", "2024-06-05", "2024-06-06", "2024-06-07", "2024-06-08", "2024-06-09", "2024-06-11", "2024-06-12", "2024-06-13", "2024-06-14", "2024-06-15", "2024-06-16", "2024-06-18", "2024-06-19", "2024-06-20", "2024-06-21", "2024-06-22", "2024-06-23", "2024-06-25", "2024-06-26", "2024-06-27", "2024-06-28", "2024-06-29", "2024-06-30", "2024-07-02", "2024-07-03", "2024-07-04", "2024-07-05", "2024-07-06", "2024-07-07", "2024-07-09", "2024-07-10", "2024-07-11", "2024-07-12", "2024-07-13", "2024-07-14", "2024-07-16", "2024-07-17", "2024-07-18", "2024-07-19", "2024-07-20", "2024-07-21", "2024-07-23", "2024-07-24", "2024-07-25", "2024-07-26", "2024-07-27", "2024-07-28", "2024-07-30", "2024-07-31", "2024-08-01", "2024-08-02", "2024-08-03", "2024-08-04", "2024-08-06", "2024-08-07", "2024-08-08", "2024-08-09", "2024-08-10", "2024-08-11", "2024-08-13", "2024-08-14", "2024-08-15", "2024-08-16", "2024-08-17", "2024-08-18", "2024-08-20", "2024-08-21", "2024-08-22", "2024-08-23", "2024-08-24", "2024-08-25", "2024-08-27", "2024-08-28", "2024-08-29", "2024-08-30", "2024-08-31", "2024-09-01", "2024-09-03", "2024-09-04", "2024-09-05", "2024-09-06", "2024-09-07", "2024-09-08", "2024-09-10", "2024-09-11", "2024-09-12", "2024-09-13", "2024-09-14", "2024-09-15", "2024-09-17", "2024-09-18", "2024-09-19", "2024-09-20", "2024-09-21", "2024-09-22", "2024-09-24", "2024-09-25", "2024-09-26", "2024-09-27", "2024-09-28", "2024-09-29", "2024-10-01", "2024-10-02", "2024-10-03", "2024-10-04", "2024-10-05", "2024-10-06", "2024-10-08", "2024-10-09", "2024-10-10", "2024-10-11", "2024-10-12", "2024-10-13", "2024-10-15", "2024-10-16", "2024-10-17", "2024-10-18" ],
  "informationsPatrimoineCulturel" : {
    "patrimoineCulturelType" : {
      "elementReferenceType" : "PatrimoineCulturelType",
      "id" : 3203
    },
    "themes" : [ {
      "elementReferenceType" : "PatrimoineCulturelTheme",
      "id" : 3486
    }, {
      "elementReferenceType" : "PatrimoineCulturelTheme",
      "id" : 3505
    } ],
    "categories" : [ {
      "elementReferenceType" : "PatrimoineCulturelCategorie",
      "id" : 3314
    } ]
  },
  "formatVersion" : "v002",
  "expiration" : { },
  "informationsPrestataireActivites" : {
    "prestataireActivites" : true,
    "activitesCulturelles" : [ {
      "elementReferenceType" : "ActiviteCulturellePrestation",
      "id" : 1825
    }, {
      "elementReferenceType" : "ActiviteCulturellePrestation",
      "id" : 6332
    } ]
  },
  "enquete" : { },
  "donneesPrivees" : [ {
    "nomTechnique" : "1947_Id_patio",
    "libelleFr" : "Id_Patio",
    "ordre" : 1,
    "descriptif" : {
      "libelleFr" : "13T2000270"
    }
  }, {
    "nomTechnique" : "1947_Source_patio",
    "libelleFr" : "Source_Patio",
    "ordre" : 2,
    "descriptif" : {
      "libelleFr" : "OT Marseille"
    }
  }, {
    "nomTechnique" : "1947_Url_patio",
    "libelleFr" : "URL_Patio",
    "ordre" : 3,
    "descriptif" : {
      "libelleFr" : "http://www.marseille-tourisme.com"
    }
  } ],
  "prestationsList" : [ {
    "type" : "ACTIVITE",
    "id" : 5982149
  } ]
}