{
  "type" : "PATRIMOINE_CULTUREL",
  "id" : 5539500,
  "nom" : {
    "libelleFr" : "Eglise Sainte Marie-Madeleine",
    "libelleEn" : "Eglise Sainte Marie-Madeleine",
    "libelleEs" : "Eglise Sainte Marie-Madeleine",
    "libelleIt" : "Eglise Sainte Marie-Madeleine",
    "libelleDe" : "Eglise Sainte Marie-Madeleine",
    "libelleNl" : "Eglise Sainte Marie-Madeleine",
    "libelleRu" : "Eglise Sainte Marie-Madeleine",
    "libelleZh" : "Eglise Sainte Marie-Madeleine",
    "libellePtBR" : "Eglise Sainte Marie-Madeleine",
    "libelleJa" : "Eglise Sainte Marie-Madeleine"
  },
  "identifier" : "SITRA2_PCU_5539500",
  "state" : "PUBLISHED",
  "gestion" : {
    "dateCreation" : "2020-05-27T15:16:26.916+0000",
    "dateModification" : "2022-08-12T11:51:48.353+0000",
    "dateExportModification" : "2022-08-12T11:51:55.710+0000",
    "membreProprietaire" : {
      "type" : {
        "elementReferenceType" : "MembreSitraType",
        "id" : 233
      },
      "nom" : "Office de Tourisme et des Loisirs de Martigues",
      "dateCreation" : "2020-09-21T14:40:58.539+0000",
      "dateModification" : "2022-10-24T08:49:47.539+0000",
      "id" : 2082,
      "siteWeb" : "http://www.martigues-tourisme.com"
    },
    "signalerUnProblemeMails" : [ "caroline.otmartigues@gmail.com", "etourisme@splte-martigues.fr", "animations@martigues-tourisme.com", "aurelie@martigues-tourisme.com", "webmaster@splte-martigues.fr" ]
  },
  "informations" : {
    "moyensCommunication" : [ {
      "identifiant" : 77080073,
      "type" : {
        "elementReferenceType" : "MoyenCommunicationType",
        "id" : 201
      },
      "coordonnees" : {
        "fr" : "04 42 42 10 65"
      }
    }, {
      "identifiant" : 77080074,
      "type" : {
        "elementReferenceType" : "MoyenCommunicationType",
        "id" : 204
      },
      "coordonnees" : {
        "fr" : "accueilparoisse.m@gmail.com"
      }
    }, {
      "identifiant" : 77080076,
      "type" : {
        "elementReferenceType" : "MoyenCommunicationType",
        "id" : 205
      },
      "coordonnees" : {
        "fr" : "http://paroissedemartigues.over-blog.com"
      }
    } ],
    "informationsLegales" : { },
    "structureGestion" : {
      "type" : "STRUCTURE",
      "id" : 5469025
    }
  },
  "presentation" : {
    "descriptifCourt" : {
      "libelleFr" : "Longtemps appelée \"La Cathédrale\" par les martégaux, la plus imposante des églises de la ville caractéristique de l'architecture et des décors baroques provençaux d'influence italienne est classée au titre des Monuments historiques depuis 1947.",
      "libelleEn" : "Long called \"The Cathedral\" by the martégaux, the most imposing of the town's churches characteristic of Provencal architecture and Baroque decor with an Italian influence has been classified as Historic Monuments since 1947.",
      "libelleEs" : "Durante mucho tiempo conocida entre los habitantes como \"La Catedral\", es la iglesia más imponente de la ciudad y se caracteriza por la arquitectura y los decorados barrocos provenzales de influencia italiana. Además, está clasificada como Monumento Histórico desde 1947.",
      "libelleDe" : "Die imposanteste der Kirchen der Stadt, die von den Einwohnern Martigues‘ lange Zeit „Die Kathedrale“ genannt wurde, ist charakteristisch für die Architektur und die barocken Verzierungen der Provence mit italienischen Einflüssen und steht seit 1947 unter Denkmalschutz."
    },
    "descriptifDetaille" : {
      "libelleFr" : "Construite entre 1670 et 1680, elle témoigne de la prospérité de la ville au XVIIe et de l'attachement des habitants de l'Ile qui participèrent à son financement.\r\nLa façade présente deux niveaux séparés par une corniche volumétrique à modillons. \r\n\r\nSa partie inférieure est animée par quatre colonnes aux chapiteaux corinthiens, des pilastres cannelés et un fronton brisé. La partie haute est couronnée par un fronton triangulaire.\r\n\r\nL'orgue de tribune, construit vers 1850 par Prosper Antoine Moitessier, est situé au dessus du porche d'entrée de l'église. \r\nLe buffet, classé monument historique en 1908, est d'inspiration italienne, les riches ornements dorés à la feuille, reprennent des éléments de décors de l'édifice. \r\nLa partie instrumentale est dans le style français de l'époque avec 26 jeux, répartis sur 2 claviers ainsi que des pédaliers et 1500 tuyaux.\r\n\r\nOn s'attardera tout particulièrement sur la Vierge à l'Enfant (classé au titre des monuments historiques en 1908) et le portail, remarquablement sculptés, à l'intérieur, outre un riche décor peint, l'orgue du facteur montpelliérain Moitessier (1851), les tableaux des chapelles de Michel Serre (1694), la chaire à prêcher en noyer (1677).\r\nLa campagne de restauration de 15 ans fut primée par le ruban du patrimoine en 2000.",
      "libelleEn" : "Built between 1670 and 1680, it testifies to the prosperity of the city in the 17th century and the attachment of the inhabitants of the Island who participated in its financing.\r\nThe facade has two levels separated by a volumetric cornice with modillions. Its lower part is animated by four columns with Corinthian capitals, fluted pilasters and a broken pediment. The upper part is crowned by a triangular pediment.\r\n\r\nThe tribune organ, built around 1850 by Prosper Antoine Moitessier, is located above the entrance porch of the church.\r\nThe sideboard, classified as a historical monument in 1908, is of Italian inspiration, the rich gilded ornaments in leaf, take up decorative elements of the building.\r\nThe instrumental part is in the French style of the time with 26 stops, distributed over 2 keyboards as well as pedals and 1500 pipes.\r\n\r\nWe will pay particular attention to the Virgin and Child (classified as a historic monument in 1908) and the portal, remarkably carved, inside, in addition to a rich painted decoration, the organ of the Montpellier organbuilder Moitessier (1851 ), the tables of the chapels of Michel Serre (1694), the pulpit to preach in walnut (1677).\r\nThe 15-year restoration campaign was awarded the heritage ribbon in 2000.",
      "libelleEs" : "Construida entre 1670 y 1680, es testimonio de la prosperidad de la ciudad en el siglo XVII y del apego de los habitantes de L'Ile que participaron en su financiación.\r\n\r\nLa fachada presenta dos niveles separados por una cornisa volumétrica con modillones. Su parte inferior cuenta con cuatro columnas con capiteles corintios, pilastras acanaladas y un frontón partido. La parte más alta está coronada con un frontón triangular.\r\n\r\nEl órgano tribuna, construido alrededor de 1850 por Prosper Antoine Moitessier, se encuentra sobre el pórtico de entrada de la iglesia.\r\nEl aparador, catalogado como monumento histórico en 1908, es de inspiración italiana, los ricos adornos dorados en hojas, retoman elementos decorativos del edificio.\r\nLa parte instrumental es al estilo francés de la época con 26 paradas, distribuidas en 2 teclados además de pedales y 1500 tubos.\r\n\r\nPrincipalmente nos centraremos en la Virgen con el Niño (clasificada como Monumento Histórico en 1908) y en el pórtico, muy esculpido. En su interior, además de un abundante decorado de pinturas, el órgano de Moitessier (1851), los cuadros de las capillas de Michel Serre (1694), el púlpito de nogal (1677).\r\nLas obras de restauración duraron 15 años y fueron premiadas con el premio \"Les Rubans du Patrimoine\" en el año 2000.",
      "libelleDe" : "Zwischen 1670 und 1680 erbaut, zeugt sie vom Wohlstand der Stadt im 17. Jahrhundert und von der Verbundenheit der Bewohner des Stadtteils Ile, die sich an ihrer Finanzierung beteiligten.\r\n\r\nDie Fassade weist zwei Ebenen auf, die von einem volumetrischen Gesims mit verzierten Kragsteinen getrennt werden. Ihr unterer Teil wird von vier Säulen mit korinthischen Kapitellen, kannelierten Pilastern und einem durchbrochenen Frontgiebel belebt. Ihr oberer Teil wird von einem Giebeldreieck gekrönt.\r\n\r\nDie Tribünenorgel, die um 1850 von Prosper Antoine Moitessier erbaut wurde, befindet sich über der Eingangshalle der Kirche.\r\nDas Sideboard, das 1908 als historisches Denkmal eingestuft wurde, ist italienischer Inspiration. Die reich vergoldeten Blattornamente nehmen dekorative Elemente des Gebäudes auf.\r\nDer Instrumentalpart ist im französischen Stil der Zeit mit 26 Anschlägen, verteilt auf 2 Keyboards sowie Pedale und 1500 Pfeifen.\r\n\r\nAufhalten wird man sich insbesondere bei der Jungfrau mit dem Kind (seit 1908 unter Denkmalschutz) und beim Portal, beides auf bemerkenswerte Weise geformt im Inneren bei den üppigen Malereien, bei der Orgel des Orgelbauers Moitessier aus Montpellier (1851), bei den Kapellengemälden von Michel Serre (1694) und bei der Kanzel aus Nussbaumholz (1677).\r\nDie 15 Jahre andauernde Restaurierungsaktion wurde im Jahr 2000 mit dem Ruban du patrimoine ausgezeichnet."
    },
    "typologiesPromoSitra" : [ {
      "elementReferenceType" : "TypologiePromoSitra",
      "id" : 1603
    } ]
  },
  "localisation" : {
    "adresse" : {
      "adresse1" : "1 place Rouget de l'Isle",
      "adresse3" : "L'île",
      "codePostal" : "13500",
      "commune" : {
        "id" : 4467
      }
    },
    "geolocalisation" : {
      "complement" : {
        "libelleFr" : "Marseille Provence : Aéroport/Aérodrome à 20 km\r\nGare de Martigues Lavéra : Gare ferroviaire à 4 km",
        "libelleEn" : "Marseille Provence: Airport / Aerodrome 20 km\r\nMartigues Lavéra station: Train station at 4 km",
        "libelleEs" : "Marsella Provenza: Aeropuerto / Aeródromo 20 km\r\nEstación Martigues Lavéra: estación de tren a 4 km",
        "libelleDe" : "Marseille Provence: Flughafen / Flugplatz 20 km\r\nMartigues Lavéra Bahnhof: Bahnhof in 4 km Entfernung"
      },
      "valide" : true,
      "geoJson" : {
        "type" : "Point",
        "coordinates" : [ 5.054824, 43.405361 ]
      }
    },
    "perimetreGeographique" : [ {
      "id" : 4467
    } ],
    "environnements" : [ {
      "elementReferenceType" : "Environnement",
      "id" : 173
    }, {
      "elementReferenceType" : "Environnement",
      "id" : 181
    }, {
      "elementReferenceType" : "Environnement",
      "id" : 183
    }, {
      "elementReferenceType" : "Environnement",
      "id" : 3743
    }, {
      "elementReferenceType" : "Environnement",
      "id" : 3974
    }, {
      "elementReferenceType" : "Environnement",
      "id" : 5449
    }, {
      "elementReferenceType" : "Environnement",
      "id" : 6042
    } ]
  },
  "liens" : {
    "liensObjetsTouristiquesTypes" : [ {
      "type" : "ADRESSE_UTILE",
      "libelleFr" : "Adresse utile",
      "libelleEn" : "Useful address",
      "libelleEs" : "Dirección útil",
      "libelleIt" : "Indirizzi utili",
      "libelleDe" : "Nützliche Adresse",
      "libelleNl" : "Handig adres",
      "libelleRu" : "Полезный адрес",
      "libelleZh" : "实用地址",
      "libellePtBR" : "Endereço útil",
      "libelleJa" : "便利なアドレス",
      "objetTouristique" : {
        "type" : "PATRIMOINE_CULTUREL",
        "id" : 5538030
      }
    } ]
  },
  "prestations" : {
    "equipements" : [ {
      "elementReferenceType" : "PrestationEquipement",
      "id" : 1321
    } ],
    "animauxAcceptes" : "NON_ACCEPTES",
    "animauxAcceptesSupplement" : "NON_DISPONIBLE",
    "complementAccueil" : { },
    "tourismesAdaptes" : [ {
      "elementReferenceType" : "TourismeAdapte",
      "id" : 4219
    } ]
  },
  "ouverture" : {
    "periodeEnClair" : { },
    "periodeEnClairGenerationMode" : "AUTOMATIQUE"
  },
  "descriptionTarif" : {
    "indicationTarif" : "GRATUIT",
    "gratuit" : true,
    "tarifsEnClair" : {
      "libelleFr" : "Gratuit.",
      "libelleEn" : "Free of charge.",
      "libelleEs" : "Gratis.",
      "libelleIt" : "Gratuito.",
      "libelleDe" : "Kostenlos.",
      "libelleNl" : "Gratis.",
      "libelleRu" : "Бесплатно.",
      "libelleZh" : "免费.",
      "libellePtBR" : "Gratuito.",
      "libelleJa" : "無料."
    },
    "tarifsEnClairGenerationMode" : "AUTOMATIQUE",
    "devise" : "EUR",
    "conditions" : { }
  },
  "reservation" : { },
  "criteresInternes" : [ {
    "id" : 16775
  }, {
    "id" : 18002
  } ],
  "contacts" : [ {
    "identifiant" : 18316284,
    "referent" : true,
    "civilite" : {
      "elementReferenceType" : "ContactCivilite",
      "id" : 443
    },
    "nom" : "ROMAIN",
    "prenom" : "Bernard",
    "titre" : { },
    "fonction" : {
      "elementReferenceType" : "ContactFonction",
      "id" : 457
    },
    "moyensCommunication" : [ {
      "identifiant" : 83690151,
      "type" : {
        "elementReferenceType" : "MoyenCommunicationType",
        "id" : 201
      },
      "coordonnees" : {
        "fr" : "06 63 35 95 98"
      }
    }, {
      "identifiant" : 83690159,
      "type" : {
        "elementReferenceType" : "MoyenCommunicationType",
        "id" : 204
      },
      "coordonnees" : {
        "fr" : "annick.romain@yahoo.fr"
      }
    } ]
  }, {
    "identifiant" : 18316346,
    "referent" : false,
    "civilite" : {
      "elementReferenceType" : "ContactCivilite",
      "id" : 443
    },
    "nom" : "ROMERA",
    "prenom" : "Père Bastien",
    "titre" : { },
    "fonction" : {
      "elementReferenceType" : "ContactFonction",
      "id" : 4196
    },
    "moyensCommunication" : [ {
      "identifiant" : 83690299,
      "type" : {
        "elementReferenceType" : "MoyenCommunicationType",
        "id" : 201
      },
      "coordonnees" : {
        "fr" : "06 21 71 81 18"
      }
    } ]
  } ],
  "illustrations" : [ {
    "identifiant" : 13732308,
    "link" : false,
    "type" : "IMAGE",
    "nom" : {
      "libelleFr" : "Église Sainte Marie Madeleine"
    },
    "copyright" : {
      "libelleFr" : "Otmartigues / MyriamF"
    },
    "traductionFichiers" : [ {
      "locale" : "fr",
      "url" : "https://static.apidae-tourisme.com/filestore/objets-touristiques/images/231/237/13954535.jpg",
      "urlListe" : "https://static.apidae-tourisme.com/filestore/objets-touristiques/images/231/237/13954535-liste.jpg",
      "urlFiche" : "https://static.apidae-tourisme.com/filestore/objets-touristiques/images/231/237/13954535-fiche.jpg",
      "urlDiaporama" : "https://static.apidae-tourisme.com/filestore/objets-touristiques/images/231/237/13954535-diaporama.jpg",
      "extension" : "jpg",
      "fileName" : "Intérieur église Madeleine - Office de Tourisme de Martigues©OtMartigues-MF(2)",
      "taille" : 2664708,
      "hauteur" : 2448,
      "largeur" : 3264,
      "lastModifiedDate" : "2022-08-12T11:51:52.572+0000"
    } ],
    "locked" : false
  }, {
    "identifiant" : 13732304,
    "link" : false,
    "type" : "IMAGE",
    "nom" : {
      "libelleFr" : "Église Sainte Marie Madeleine"
    },
    "copyright" : {
      "libelleFr" : "Otmartigues / KarimK"
    },
    "traductionFichiers" : [ {
      "locale" : "fr",
      "url" : "https://static.apidae-tourisme.com/filestore/objets-touristiques/images/227/237/13954531.jpg",
      "urlListe" : "https://static.apidae-tourisme.com/filestore/objets-touristiques/images/227/237/13954531-liste.jpg",
      "urlFiche" : "https://static.apidae-tourisme.com/filestore/objets-touristiques/images/227/237/13954531-fiche.jpg",
      "urlDiaporama" : "https://static.apidae-tourisme.com/filestore/objets-touristiques/images/227/237/13954531-diaporama.jpg",
      "extension" : "jpg",
      "fileName" : "Eglise Madeleine - Office de Tourisme de Martigues©OtMartigues-KK (2)",
      "taille" : 4370710,
      "hauteur" : 3472,
      "largeur" : 4624,
      "lastModifiedDate" : "2022-08-12T11:51:48.472+0000"
    } ],
    "locked" : false
  }, {
    "identifiant" : 13732307,
    "link" : false,
    "type" : "IMAGE",
    "nom" : {
      "libelleFr" : "Église Sainte Marie Madeleine"
    },
    "copyright" : {
      "libelleFr" : "Otmartigues / KarimK"
    },
    "traductionFichiers" : [ {
      "locale" : "fr",
      "url" : "https://static.apidae-tourisme.com/filestore/objets-touristiques/images/230/237/13954534.jpg",
      "urlListe" : "https://static.apidae-tourisme.com/filestore/objets-touristiques/images/230/237/13954534-liste.jpg",
      "urlFiche" : "https://static.apidae-tourisme.com/filestore/objets-touristiques/images/230/237/13954534-fiche.jpg",
      "urlDiaporama" : "https://static.apidae-tourisme.com/filestore/objets-touristiques/images/230/237/13954534-diaporama.jpg",
      "extension" : "jpg",
      "fileName" : "Eglise Ste Marie Madeleine - Office de Tourisme de Martigues©OtMartigues-KK (1)",
      "taille" : 2226959,
      "hauteur" : 2448,
      "largeur" : 3264,
      "lastModifiedDate" : "2022-08-12T11:51:54.119+0000"
    } ],
    "locked" : false
  }, {
    "identifiant" : 13732306,
    "link" : false,
    "type" : "IMAGE",
    "nom" : {
      "libelleFr" : "Église Sainte Marie Madeleine"
    },
    "copyright" : {
      "libelleFr" : "Otmartigues / SergeT"
    },
    "traductionFichiers" : [ {
      "locale" : "fr",
      "url" : "https://static.apidae-tourisme.com/filestore/objets-touristiques/images/229/237/13954533.jpg",
      "urlListe" : "https://static.apidae-tourisme.com/filestore/objets-touristiques/images/229/237/13954533-liste.jpg",
      "urlFiche" : "https://static.apidae-tourisme.com/filestore/objets-touristiques/images/229/237/13954533-fiche.jpg",
      "urlDiaporama" : "https://static.apidae-tourisme.com/filestore/objets-touristiques/images/229/237/13954533-diaporama.jpg",
      "extension" : "jpg",
      "fileName" : "Eglise St Marie Madeleine - Office de Tourisme de Martigues©OtMartigues-SergeT (5)",
      "taille" : 1450270,
      "hauteur" : 2048,
      "largeur" : 1536,
      "lastModifiedDate" : "2022-08-12T11:51:51.190+0000"
    } ],
    "locked" : false
  }, {
    "identifiant" : 13732305,
    "link" : false,
    "type" : "IMAGE",
    "nom" : {
      "libelleFr" : "Église Sainte Marie Madeleine"
    },
    "copyright" : {
      "libelleFr" : "Otmartigues / SergeT"
    },
    "traductionFichiers" : [ {
      "locale" : "fr",
      "url" : "https://static.apidae-tourisme.com/filestore/objets-touristiques/images/228/237/13954532.jpg",
      "urlListe" : "https://static.apidae-tourisme.com/filestore/objets-touristiques/images/228/237/13954532-liste.jpg",
      "urlFiche" : "https://static.apidae-tourisme.com/filestore/objets-touristiques/images/228/237/13954532-fiche.jpg",
      "urlDiaporama" : "https://static.apidae-tourisme.com/filestore/objets-touristiques/images/228/237/13954532-diaporama.jpg",
      "extension" : "jpg",
      "fileName" : "Eglise St Marie Madeleine - Office de Tourisme de Martigues©OtMartigues-SergeT (4)",
      "taille" : 548685,
      "hauteur" : 960,
      "largeur" : 1280,
      "lastModifiedDate" : "2022-08-12T11:51:52.128+0000"
    } ],
    "locked" : false
  } ],
  "visites" : {
    "visitable" : false
  },
  "territoires" : [ {
    "type" : "TERRITOIRE",
    "id" : 591381
  }, {
    "type" : "TERRITOIRE",
    "id" : 591419
  }, {
    "type" : "TERRITOIRE",
    "id" : 5127066
  }, {
    "type" : "TERRITOIRE",
    "id" : 5427637
  }, {
    "type" : "TERRITOIRE",
    "id" : 5460459
  }, {
    "type" : "TERRITOIRE",
    "id" : 5693765
  }, {
    "type" : "TERRITOIRE",
    "id" : 5693912
  }, {
    "type" : "TERRITOIRE",
    "id" : 5853947
  } ],
  "informationsPatrimoineCulturel" : {
    "patrimoineCulturelType" : {
      "elementReferenceType" : "PatrimoineCulturelType",
      "id" : 3203
    },
    "themes" : [ {
      "elementReferenceType" : "PatrimoineCulturelTheme",
      "id" : 3488
    }, {
      "elementReferenceType" : "PatrimoineCulturelTheme",
      "id" : 3535
    } ],
    "categories" : [ {
      "elementReferenceType" : "PatrimoineCulturelCategorie",
      "id" : 3317
    } ]
  },
  "formatVersion" : "v002",
  "expiration" : { },
  "informationsPrestataireActivites" : {
    "prestataireActivites" : false
  },
  "enquete" : { },
  "donneesPrivees" : [ {
    "nomTechnique" : "1947_Id_patio",
    "libelleFr" : "Id_Patio",
    "ordre" : 1,
    "descriptif" : {
      "libelleFr" : "13T2000147"
    }
  }, {
    "nomTechnique" : "1947_Source_patio",
    "libelleFr" : "Source_Patio",
    "ordre" : 2,
    "descriptif" : {
      "libelleFr" : "OT Martigues"
    }
  }, {
    "nomTechnique" : "1947_Url_patio",
    "libelleFr" : "URL_Patio",
    "ordre" : 3,
    "descriptif" : {
      "libelleFr" : "http://www.martigues-tourisme.com"
    }
  } ]
}