{
  "type" : "PATRIMOINE_CULTUREL",
  "id" : 5538019,
  "nom" : {
    "libelleFr" : "Musée d'Histoire de Marseille - (MHM)",
    "libelleEn" : "History museum of Marseille",
    "libelleEs" : "Museo de Historia de Marsella",
    "libelleIt" : "Museo di storia",
    "libelleDe" : "Das Historische Museum",
    "libelleNl" : "Musée d'Histoire de Marseille"
  },
  "identifier" : "SITRA2_PCU_5538019",
  "state" : "PUBLISHED",
  "gestion" : {
    "dateCreation" : "2020-05-26T17:05:13.503+0000",
    "dateModification" : "2022-10-28T14:01:29.327+0000",
    "dateExportModification" : "2022-11-06T12:39:26.427+0000",
    "membreProprietaire" : {
      "type" : {
        "elementReferenceType" : "MembreSitraType",
        "id" : 233
      },
      "nom" : "Office Métropolitain de tourisme et des congrès de Marseille",
      "dateCreation" : "2017-02-13T09:29:30.842+0000",
      "dateModification" : "2022-10-24T08:49:48.642+0000",
      "id" : 1490,
      "siteWeb" : "http://www.marseille-tourisme.com"
    },
    "signalerUnProblemeMails" : [ "alegrand@marseille-tourisme.com", "hcochet@marseille-tourisme.com", "jorengo@marseille-tourisme.com", "lchavet@marseille-tourisme.com", "mamadier@marseille-tourisme.com", "sbenimeli@marseille-tourisme.com" ]
  },
  "informations" : {
    "moyensCommunication" : [ {
      "identifiant" : 79627460,
      "type" : {
        "elementReferenceType" : "MoyenCommunicationType",
        "id" : 201
      },
      "coordonnees" : {
        "fr" : "04 91 55 36 00"
      }
    }, {
      "identifiant" : 79627461,
      "type" : {
        "elementReferenceType" : "MoyenCommunicationType",
        "id" : 204
      },
      "coordonnees" : {
        "fr" : "musee-histoire@marseille.fr"
      }
    }, {
      "identifiant" : 79627462,
      "type" : {
        "elementReferenceType" : "MoyenCommunicationType",
        "id" : 205
      },
      "coordonnees" : {
        "fr" : "http://musees.marseille.fr/"
      }
    } ],
    "informationsLegales" : { },
    "structureGestion" : {
      "type" : "STRUCTURE",
      "id" : 6312245
    }
  },
  "presentation" : {
    "descriptifCourt" : {
      "libelleFr" : "A quelques pas du Vieux Port, tout autour du Port Antique où Marseille fut fondée par les Phocéens, le Musée d'Histoire, doté d'une technologie exceptionnelle, présente des collections uniques et inédites sur 3 500 m2, témoignages d'un passé très riche.",
      "libelleEn" : "\"Oldest town of France with 2 600 years of history, Marseille will open the doors of its new history museum in September, Thursday, September 12, 2013. \r\nAt a few steps from the Old Port, around the ancient port where Marseille was founded by Phocians, the History Museum, with exceptional technology, will present collections unique and previously unpublished 3,500 m2, evidence of a particularly rich past.",
      "libelleEs" : "A pocos pasos del Puerto Viejo, en torno al antiguo puerto donde los focenses fundaron Marsella, el Museo de Historia, dotado de una tecnología excepcional, presenta en 3.500 m2 colecciones únicas e inéditas, testimonios de un pasado muy rico.",
      "libelleDe" : "Nur wenige Schritte vom Vieux Port entfernt, ganz in der Nähe des Port Antique, wo Marseille von den Phokäern gegründet wurde, präsentiert das Musée d'Histoire mit seiner außergewöhnlichen Technologie auf 3.500 m2 einzigartige und nie zuvor gesehene Sammlungen, die von einer sehr reichen Vergangenheit zeugen."
    },
    "descriptifDetaille" : {
      "libelleFr" : "Des vestiges archéologiques\r\n- La plus grande flottille de vaisseaux antiques au monde, entièrement restaurée et présentée au public pour la première fois.\r\n- Lʼéglise de Malaval du Ve siècle découverte lors de fouilles archéologiques a permis de mieux comprendre les débuts de la Chrétienté en Europe occidentale et de reconstituer la fabrication de lʼhuile sainte.\r\n- La grotte Cosquer témoigne dʼune occupation humaine à Marseille, bien avant sa fondation en 600 av JC. Des milliers de peintures et gravures ornent cette grotte, habitée il y a plus de 27 000 ans.\r\n\r\nUn musée hors les murs.\r\nGrâce à des outils multimédias ultramodernes, le musée présente lʼhistoire de Marseille, bien au-delà de ses propres frontières.\r\nUne application numérique permettra aux visiteurs munis de smartphones ou de tablettes de découvrir certains lieux et monuments de la cité tels quʼils étaient jadis (Antiquité, Moyen-Age...). \r\nCette technologie fournira à la fois des informations historiques et une reconstitution fidèle du site, grâce à la réalité augmentée.\r\n\r\nLe Musée d'Histoire est un site de la Voie historique, axe qui reprend le tracé de l'ancienne voie grecque (IV siècle avant J.-C) et qui traverse la ville d'Est en Ouest.\r\n\r\nVisite commentée des collections permanentes : le premier samedi du mois. Circuit de la Voie historique : le premier dimanche du mois.\r\nLivret-jeu découverte \" Le jeu des petits massaliotes \", à destination des enfants de 8 à 12 ans.\r\n\r\nLe Mémorial de la Marseillaise, le Musée des Docks romains et le Mémorial des camps de la mort (actuellement fermé pour travaux) se trouvent sur la même voie et sont des sites annexes au musée d'Histoire de Marseille.\r\n\r\nRetrouvez les musée et ses sites annexes sur la page Facebook du Musée d'Histoire.\r\nEntrée rue Barbusse.\r\nLes tablettes tactiles ne sont plus à disposition, ni les audio-guides, ni la doc pour les enfants, à cause du Covid-19\r\nSurface de l'exposition permanente : 1800\r\nSurface de l'exposition temporaire : 150",
      "libelleEn" : "Archaeological remains.\r\nThe largest fleet of ancient vessels in the world, fully restored and presented to the public for the first time.-Lʼéglise de Malaval of 5th century discovered during archaeological excavations helped to better understand the beginnings of Christianity in Western Europe and to reconstruct the Holy oil manufacture.-La Grotte Cosquer testifies one human occupation in Marseille, long before its foundation in 600 BC. Thousands of paintings and prints adorn this cave, inhabited more than 27,000 years ago.\r\n\r\nA Museum without walls.\r\nThanks to ultra-modern multimedia tools, the Museum presents history of Marseille, beyond its own borders.A numerical application will allow customers with smartphones or tablets to discover some places and monuments of the city such as HMR were once (antiquity, middle ages...). This technology will provide both historical information and a faithful reconstruction of the site, thanks to augmented reality.\r\n\r\nUntil the end of the month of June History Museum entrance ticket allows you to visit the La Marseillaise memorial Saturdays and Sundays at fixed hours and on prior registration.\r\n\r\nGuided tours on permanent collections : first  saturday of the  month.\r\nHistoric way tour: first sunday  of the  month.\r\nDiscovery booklet-game \" le jeu des petits  massaliotes\", for children aged 8 to  12.\r\nThe Marseillaise  memorial, the museum of the Roman Docks and the memorial of the Death camps ( curretly  closed for works) are located on the same routes and are attached to the Marseille History museum.\r\nFind the museum and its related sites on the Facebook page of the Museum of History.\r\nEntrance on rue Barbusse.\r\nThe tactile tablets are  no longer available, nor the audio guides, nor the doc for  children, because of the Covid-19.\r\nSurface of the permanent  exhibition : 1800\r\nSurface of the temporary  exhibition: 150.",
      "libelleEs" : "Restos arqueológicos\r\n- La mayor flotilla de barcos antiguos del mundo, totalmente restaurada y presentada al público por primera vez.\r\n- La iglesia de Malaval, del siglo V, descubierta durante unas excavaciones arqueológicas, ha permitido comprender mejor los inicios del cristianismo en Europa Occidental y reconstruir la fabricación del aceite sagrado.\r\n- La cueva de Cosquer es testigo de la ocupación humana en Marsella, mucho antes de su fundación en el año 600 a.C. Miles de pinturas y grabados adornan esta cueva, habitada hace más de 27.000 años.\r\n\r\nUn museo extramuros.\r\nGracias a herramientas multimedia ultramodernas, el museo presenta la historia de Marsella mucho más allá de sus propias fronteras.\r\nUna aplicación digital permitirá a los visitantes con smartphones o tabletas descubrir determinados lugares y monumentos de la ciudad tal y como eran en el pasado (Antigüedad, Edad Media, etc.). \r\nEsta tecnología proporcionará tanto información histórica como una reconstrucción fiel del lugar, gracias a la realidad aumentada.\r\n\r\nEl Museo de Historia es un emplazamiento de la Vía Histórica, un eje que sigue el recorrido de la antigua vía griega (siglo IV a.C.) y que atraviesa la ciudad de este a oeste.\r\n\r\nVisita guiada a las colecciones permanentes: el primer sábado de cada mes. Recorrido por la ruta histórica: el primer domingo del mes.\r\nFolleto de descubrimiento \"Le jeu des petits massaliotes\", para niños de 8 a 12 años.\r\n\r\nEl Memorial de la Marsellesa, el Museo de los Muelles Romanos y el Memorial de los Campos de la Muerte (actualmente cerrado por obras) se encuentran en el mismo recorrido y están anexos al Museo de Historia de Marsella.\r\n\r\nEncuentra el museo y sus sitios relacionados en la página de Facebook del Museo de Historia.\r\nEntrada por la calle Barbusse.\r\nLas tabletas táctiles ya no están disponibles, ni las audioguías, ni el doc para niños, debido a la Covid-19\r\nSuperficie de la exposición permanente: 1800\r\nSuperficie de la exposición temporal: 150",
      "libelleDe" : "Archäologische Überreste\r\n- Die größte antike Schiffsflottille der Welt, die vollständig restauriert und zum ersten Mal der Öffentlichkeit präsentiert wurde.\r\n- Die bei archäologischen Ausgrabungen entdeckte Kirche von Malaval aus dem 5. Jahrhundert ermöglichte ein besseres Verständnis der Anfänge des Christentums in Westeuropa und die Rekonstruktion der Herstellung des heiligen Öls.\r\n- Die Cosquer-Höhle zeugt vonʼ einer menschlichen Besiedlung in Marseille, lange vor dessen Gründung 600 v. Chr.. Tausende von Malereien und Gravuren schmücken diese Höhle, die vor mehr als 27.000 Jahren bewohnt war.\r\n\r\nEin Museum außerhalb der Mauern.\r\nMithilfe modernster Multimedia-Tools präsentiert das Museum die Geschichte von Marseille weit über seine eigenen Grenzen hinaus.\r\nEine digitale Anwendung wird es Besuchern mit Smartphones oder Tablets ermöglichen, bestimmte Orte und Denkmäler der Stadt so zu entdecken, wie sie einst waren (Antike, Mittelalter...). \r\nDiese Technologie wird sowohl historische Informationen als auch eine originalgetreue Rekonstruktion der Stätte mithilfe von Augmented Reality liefern.\r\n\r\nDas Geschichtsmuseum ist ein Standort der Voie historique, einer Achse, die den Verlauf der antiken griechischen Straße (4. Jahrhundert v. Chr.) aufgreift und die Stadt von Ost nach West durchquert.\r\n\r\nKommentierte Besichtigung der ständigen Sammlungen: am ersten Samstag des Monats. Rundgang auf dem historischen Weg: am ersten Sonntag des Monats.\r\nEntdeckungsspielbuch \"Le jeu des petits massaliotes\" (Das Spiel der kleinen Massalioten), für Kinder von 8 bis 12 Jahren.\r\n\r\nDas Mémorial de la Marseillaise, das Musée des Docks romains und das Mémorial des camps de la mort (derzeit wegen Renovierungsarbeiten geschlossen) befinden sich auf demselben Weg und sind Nebenschauplätze des Musée d'Histoire de Marseille (Geschichtsmuseum von Marseille).\r\n\r\nDas Museum und seine Nebenstandorte finden Sie auf der Facebook-Seite des Geschichtsmuseums.\r\nEingang in der Rue Barbusse.\r\nAufgrund des Covid-19 stehen die Touchscreen-Tablets nicht mehr zur Verfügung, ebenso wenig wie die Audioguides und die Doku für Kinder.\r\nFläche der Dauerausstellung: 1800\r\nFläche der zeitlich begrenzten Ausstellung: 150\r\n*** Übersetzt mit www.DeepL.com/Translator (kostenlose Version) ***"
    },
    "descriptifsThematises" : [ {
      "dateDisponibilite" : null,
      "dateLimiteDePublication" : null,
      "theme" : {
        "elementReferenceType" : "DescriptifTheme",
        "id" : 6143
      },
      "description" : {
        "libelleFr" : "Application des gestes barrières\nPort du masque \nGestion des flux et de la circulation des visiteurs avec des\nModalités adaptées avec une signalétique\ninformative."
      }
    } ],
    "typologiesPromoSitra" : [ {
      "elementReferenceType" : "TypologiePromoSitra",
      "id" : 1593
    }, {
      "elementReferenceType" : "TypologiePromoSitra",
      "id" : 6199
    } ]
  },
  "localisation" : {
    "adresse" : {
      "adresse1" : "Centre Bourse",
      "adresse2" : "2 rue Henri Barbusse",
      "codePostal" : "13001",
      "bureauDistribution" : "MARSEILLE",
      "commune" : {
        "id" : 4531
      }
    },
    "geolocalisation" : {
      "complement" : {
        "libelleFr" : "Entrée 2 rue Henri Barbusse ou accès par la galerie marchande du Centre Bourse.\r\nVieux Port : Station de métro à 0.2km"
      },
      "valide" : true,
      "geoJson" : {
        "type" : "Point",
        "coordinates" : [ 5.374281, 43.297144 ]
      }
    },
    "perimetreGeographique" : [ {
      "id" : 4531
    } ],
    "environnements" : [ {
      "elementReferenceType" : "Environnement",
      "id" : 183
    }, {
      "elementReferenceType" : "Environnement",
      "id" : 3976
    } ]
  },
  "liens" : {
    "liensObjetsTouristiquesTypes" : [ {
      "type" : "SUR_PLACE",
      "libelleFr" : "Sur place",
      "libelleEn" : "On the premises",
      "libelleEs" : "In situ",
      "libelleIt" : "Sul posto",
      "libelleDe" : "Vor Ort",
      "libelleNl" : "Ter plaatse",
      "libelleRu" : "На месте",
      "libelleZh" : "堂食",
      "libellePtBR" : "No local",
      "libelleJa" : "現地で",
      "objetTouristique" : {
        "type" : "PATRIMOINE_CULTUREL",
        "id" : 5539047
      }
    }, {
      "type" : "SUR_PLACE",
      "libelleFr" : "Sur place",
      "libelleEn" : "On the premises",
      "libelleEs" : "In situ",
      "libelleIt" : "Sul posto",
      "libelleDe" : "Vor Ort",
      "libelleNl" : "Ter plaatse",
      "libelleRu" : "На месте",
      "libelleZh" : "堂食",
      "libellePtBR" : "No local",
      "libelleJa" : "現地で",
      "objetTouristique" : {
        "type" : "PATRIMOINE_CULTUREL",
        "id" : 5538533
      }
    }, {
      "type" : "SUR_PLACE",
      "libelleFr" : "Sur place",
      "libelleEn" : "On the premises",
      "libelleEs" : "In situ",
      "libelleIt" : "Sul posto",
      "libelleDe" : "Vor Ort",
      "libelleNl" : "Ter plaatse",
      "libelleRu" : "На месте",
      "libelleZh" : "堂食",
      "libellePtBR" : "No local",
      "libelleJa" : "現地で",
      "objetTouristique" : {
        "type" : "PATRIMOINE_CULTUREL",
        "id" : 5538110
      }
    }, {
      "type" : "SUR_PLACE",
      "libelleFr" : "Sur place",
      "libelleEn" : "On the premises",
      "libelleEs" : "In situ",
      "libelleIt" : "Sul posto",
      "libelleDe" : "Vor Ort",
      "libelleNl" : "Ter plaatse",
      "libelleRu" : "На месте",
      "libelleZh" : "堂食",
      "libellePtBR" : "No local",
      "libelleJa" : "現地で",
      "objetTouristique" : {
        "type" : "COMMERCE_ET_SERVICE",
        "id" : 5556528
      }
    } ]
  },
  "prestations" : {
    "equipements" : [ {
      "elementReferenceType" : "PrestationEquipement",
      "id" : 804
    }, {
      "elementReferenceType" : "PrestationEquipement",
      "id" : 826
    }, {
      "elementReferenceType" : "PrestationEquipement",
      "id" : 972
    }, {
      "elementReferenceType" : "PrestationEquipement",
      "id" : 1321
    }, {
      "elementReferenceType" : "PrestationEquipement",
      "id" : 1322
    } ],
    "services" : [ {
      "elementReferenceType" : "PrestationService",
      "id" : 1026
    }, {
      "elementReferenceType" : "PrestationService",
      "id" : 1115
    }, {
      "elementReferenceType" : "PrestationService",
      "id" : 1190
    } ],
    "animauxAcceptes" : "NON_ACCEPTES",
    "animauxAcceptesSupplement" : "NON_DISPONIBLE",
    "activites" : [ {
      "elementReferenceType" : "PrestationActivite",
      "id" : 652
    }, {
      "elementReferenceType" : "PrestationActivite",
      "id" : 6032
    } ],
    "languesParlees" : [ {
      "elementReferenceType" : "Langue",
      "id" : 1197
    } ],
    "complementAccueil" : {
      "libelleFr" : "Parking autocar\r\nParking public du Centre Bourse.",
      "libelleEn" : "Accessible for disabled",
      "libelleIt" : "Accessibile ai disabili",
      "libelleDe" : "Zugänglich für Behinderte",
      "libelleNl" : "Toegankelijk voor mensen met een handicap"
    },
    "labelsTourismeHandicap" : [ {
      "elementReferenceType" : "LabelTourismeHandicap",
      "id" : 1224
    }, {
      "elementReferenceType" : "LabelTourismeHandicap",
      "id" : 1225
    }, {
      "elementReferenceType" : "LabelTourismeHandicap",
      "id" : 1226
    }, {
      "elementReferenceType" : "LabelTourismeHandicap",
      "id" : 1227
    } ],
    "descriptifHandicapMoteur" : {
      "libelleFr" : "Pas de parking privé, mais places de stationnement réservées au parking payant du Centre Bourse. Espaces d'exposition, avec espaces de repos, accessibles via un ascenseur. WC accessibles : Côté Femme : transfert sur la gauche. Côté Homme : transfert vers la droite."
    },
    "descriptifHandicapAuditif" : {
      "libelleFr" : "Aide à l'audition à la demande. Possibilité de visite guidée adaptée sur réservation. Personnel sensibilisé."
    },
    "descriptifHandicapVisuel" : {
      "libelleFr" : "Documents de visite en gros caractère à la demande. Maquettes tactiles. Possibilité de visite guidée adaptée sur réservation."
    },
    "descriptifHandicapMental" : {
      "libelleFr" : "Possibilité de visite guidée adaptée sur réservation. Personnel sensibilisé."
    },
    "typesClientele" : [ {
      "elementReferenceType" : "TypeClientele",
      "id" : 496
    }, {
      "elementReferenceType" : "TypeClientele",
      "id" : 513
    }, {
      "elementReferenceType" : "TypeClientele",
      "id" : 593
    }, {
      "elementReferenceType" : "TypeClientele",
      "id" : 594
    } ]
  },
  "ouverture" : {
    "periodeEnClair" : {
      "libelleFr" : "Du 01/01 au 31/12 de 9h à 18h.\nFermé le lundi.\nFermeture hebdomadaire le lundi, sauf les lundis de Pâques et de Pentecôte.\r\n\r\nFermeture les jours suivants : 1er janvier, 1er mai, 1er et 11 novembre et le 25 décembre.\r\n\r\nFermeture de la billetterie 30 minutes avant la fermeture du musée.",
      "libelleEn" : "From 01/01 to 31/12 between 9 am and 6 pm.\nClosed on Monday.\nWeekly closure on Mondays, except Easter and Whitsun Mondays.\r\n\r\nClosed on the following days: January 1, May 1, November 1 and 11 and December 25.\r\n\r\nThe ticket office closes 30 minutes before the museum closes.",
      "libelleEs" : "Del 01/01 al 31/12 de 9 a 18.\nCerrado los lunes.\nCierre semanal los lunes, excepto los de Semana Santa y Pentecostés.\r\n\r\nCerrado los siguientes días: 1 de enero, 1 de mayo, 1 y 11 de noviembre y 25 de diciembre.\r\n\r\nLa taquilla cierra 30 minutos antes del cierre del museo.",
      "libelleIt" : "Dal 01/01 al 31/12 dalle 9 alle 18.\nChiuso il lunedì.",
      "libelleDe" : "Vom 01/01 bis 31/12 von 9 Uhr bis 18 Uhr.\nMontag geschlossen.\nWöchentliche Schließung am Montag, außer an Oster- und Pfingstmontagen.\r\n\r\nAn folgenden Tagen geschlossen: 1. Januar, 1. Mai, 1. und 11. November sowie am 25. Dezember.\r\n\r\nSchließung des Ticketverkaufs 30 Minuten vor Schließung des Museums.",
      "libelleNl" : "Van 01/01 tot en met 31/12 van 9.00 tot en met 18.00 u.\nMaandag gesloten.",
      "libelleRu" : "С 01/01 до 31/12 с 9h до 18h.\nНе работает понедельник.",
      "libelleZh" : "从 1月1日 到 12月31日 小时小时 和 小时小时 之间.\n星期一 关闭.",
      "libellePtBR" : "De 01/01 a 31/12 de 9h a  18h.\nFechado em segunda-feira.",
      "libelleJa" : "01/01 から 31/12 まで 9 午前 と 6 午後 の間.\n月曜日 は休み."
    },
    "periodeEnClairGenerationMode" : "AUTOMATIQUE",
    "indicationsPeriode" : [ {
      "elementReferenceType" : "IndicationPeriode",
      "id" : 416
    }, {
      "elementReferenceType" : "IndicationPeriode",
      "id" : 418
    }, {
      "elementReferenceType" : "IndicationPeriode",
      "id" : 435
    }, {
      "elementReferenceType" : "IndicationPeriode",
      "id" : 436
    } ],
    "periodesOuvertures" : [ {
      "identifiant" : 20955623,
      "dateDebut" : "2022-01-01",
      "dateFin" : "2022-12-31",
      "complementHoraire" : {
        "libelleFr" : "Fermeture hebdomadaire le lundi, sauf les lundis de Pâques et de Pentecôte.\r\n\r\nFermeture les jours suivants : 1er janvier, 1er mai, 1er et 11 novembre et le 25 décembre.\r\n\r\nFermeture de la billetterie 30 minutes avant la fermeture du musée.",
        "libelleEn" : "Weekly closure on Mondays, except Easter and Whitsun Mondays.\r\n\r\nClosed on the following days: January 1, May 1, November 1 and 11 and December 25.\r\n\r\nThe ticket office closes 30 minutes before the museum closes.",
        "libelleEs" : "Cierre semanal los lunes, excepto los de Semana Santa y Pentecostés.\r\n\r\nCerrado los siguientes días: 1 de enero, 1 de mayo, 1 y 11 de noviembre y 25 de diciembre.\r\n\r\nLa taquilla cierra 30 minutos antes del cierre del museo.",
        "libelleDe" : "Wöchentliche Schließung am Montag, außer an Oster- und Pfingstmontagen.\r\n\r\nAn folgenden Tagen geschlossen: 1. Januar, 1. Mai, 1. und 11. November sowie am 25. Dezember.\r\n\r\nSchließung des Ticketverkaufs 30 Minuten vor Schließung des Museums."
      },
      "horaireOuverture" : "09:00:00",
      "horaireFermeture" : "18:00:00",
      "type" : "OUVERTURE_SAUF",
      "tousLesAns" : true,
      "ouverturesJournalieres" : [ {
        "jour" : "LUNDI"
      } ],
      "identifiantTechnique" : 24633991
    } ]
  },
  "descriptionTarif" : {
    "indicationTarif" : "ACCES_LIBRE",
    "gratuit" : true,
    "tarifsEnClair" : {
      "libelleFr" : "Accès libre. Accès gratuit pour les collections permanentes.\r\nAccès gratuit pour les expositions temporaires le 1er jour de l'exposition, les autres jours restent payants.",
      "libelleEn" : "Free access. Free access for the permanent collections.\r\nFree access to temporary exhibitions on the first day of the exhibition, the other days are not free.",
      "libelleEs" : "Acceso libre. Entrada gratuita a las colecciones permanentes.\r\nAcceso gratuito a las exposiciones temporales el primer día de la exposición, los demás días son de pago.",
      "libelleIt" : "Accesso libero.",
      "libelleDe" : "Freier Zugang. Freier Zugang zu den ständigen Sammlungen.\r\nFreier Eintritt für temporäre Ausstellungen am 1. Tag der Ausstellung, an den anderen Tagen bleibt der Eintritt kostenpflichtig.",
      "libelleNl" : "Gratis toegang.",
      "libelleRu" : "Вход свободный.",
      "libelleZh" : "自由访问.",
      "libellePtBR" : "Acesso livre.",
      "libelleJa" : "フリーアクセス."
    },
    "tarifsEnClairGenerationMode" : "AUTOMATIQUE",
    "complement" : {
      "libelleFr" : "Accès gratuit pour les collections permanentes.\r\nAccès gratuit pour les expositions temporaires le 1er jour de l'exposition, les autres jours restent payants.",
      "libelleEn" : "Free access for the permanent collections.\r\nFree access to temporary exhibitions on the first day of the exhibition, the other days are not free.",
      "libelleEs" : "Entrada gratuita a las colecciones permanentes.\r\nAcceso gratuito a las exposiciones temporales el primer día de la exposición, los demás días son de pago.",
      "libelleDe" : "Freier Zugang zu den ständigen Sammlungen.\r\nFreier Eintritt für temporäre Ausstellungen am 1. Tag der Ausstellung, an den anderen Tagen bleibt der Eintritt kostenpflichtig."
    },
    "modesPaiement" : [ {
      "elementReferenceType" : "ModePaiement",
      "id" : 1268
    }, {
      "elementReferenceType" : "ModePaiement",
      "id" : 1271
    }, {
      "elementReferenceType" : "ModePaiement",
      "id" : 1277
    } ],
    "devise" : "EUR",
    "conditions" : { }
  },
  "reservation" : {
    "organismes" : [ {
      "identifiant" : 5087027,
      "structureReference" : {
        "type" : "STRUCTURE",
        "id" : 5464061
      },
      "nom" : "Musée d'Histoire de Marseille / Voie historique",
      "type" : {
        "elementReferenceType" : "ReservationType",
        "id" : 475
      },
      "moyensCommunication" : [ {
        "identifiant" : 80398825,
        "type" : {
          "elementReferenceType" : "MoyenCommunicationType",
          "id" : 201
        },
        "coordonnees" : {
          "fr" : "04 91 55 36 00"
        }
      }, {
        "identifiant" : 80398826,
        "type" : {
          "elementReferenceType" : "MoyenCommunicationType",
          "id" : 204
        },
        "coordonnees" : {
          "fr" : "musee-histoire@mairie-marseille.fr"
        }
      } ],
      "locked" : false
    } ]
  },
  "criteresInternes" : [ {
    "id" : 10234
  }, {
    "id" : 12888
  }, {
    "id" : 12889
  }, {
    "id" : 12891
  }, {
    "id" : 13198
  }, {
    "id" : 13246
  }, {
    "id" : 16639
  }, {
    "id" : 16775
  }, {
    "id" : 18002
  }, {
    "id" : 23526
  } ],
  "contacts" : [ {
    "identifiant" : 17636400,
    "referent" : true,
    "civilite" : {
      "elementReferenceType" : "ContactCivilite",
      "id" : 443
    },
    "nom" : "DENISE",
    "prenom" : "Fabrice",
    "fonction" : {
      "elementReferenceType" : "ContactFonction",
      "id" : 6026
    },
    "moyensCommunication" : [ {
      "identifiant" : 83917037,
      "type" : {
        "elementReferenceType" : "MoyenCommunicationType",
        "id" : 204
      },
      "coordonnees" : {
        "fr" : "fdenise@marseille.fr"
      }
    } ]
  }, {
    "identifiant" : 17636401,
    "referent" : false,
    "civilite" : {
      "elementReferenceType" : "ContactCivilite",
      "id" : 442
    },
    "nom" : "DESHAYE",
    "prenom" : "Sophie",
    "fonction" : {
      "elementReferenceType" : "ContactFonction",
      "id" : 458
    },
    "moyensCommunication" : [ {
      "identifiant" : 83917038,
      "type" : {
        "elementReferenceType" : "MoyenCommunicationType",
        "id" : 201
      },
      "coordonnees" : {
        "fr" : "04 91 55 36 10"
      }
    }, {
      "identifiant" : 83917039,
      "type" : {
        "elementReferenceType" : "MoyenCommunicationType",
        "id" : 204
      },
      "coordonnees" : {
        "fr" : "sdeshayes@marseille.fr"
      }
    } ]
  }, {
    "identifiant" : 17636402,
    "referent" : false,
    "civilite" : {
      "elementReferenceType" : "ContactCivilite",
      "id" : 442
    },
    "nom" : "LEROY",
    "prenom" : "Fanny",
    "fonction" : {
      "elementReferenceType" : "ContactFonction",
      "id" : 472
    },
    "moyensCommunication" : [ {
      "identifiant" : 83917040,
      "type" : {
        "elementReferenceType" : "MoyenCommunicationType",
        "id" : 201
      },
      "coordonnees" : {
        "fr" : "04 91 14 58 21"
      }
    }, {
      "identifiant" : 83917041,
      "type" : {
        "elementReferenceType" : "MoyenCommunicationType",
        "id" : 204
      },
      "coordonnees" : {
        "fr" : "fleroy@marseille.fr"
      }
    } ]
  } ],
  "illustrations" : [ {
    "identifiant" : 11611388,
    "link" : false,
    "type" : "IMAGE",
    "nom" : {
      "libelleFr" : "Musée d'Histoire de Marseille"
    },
    "legende" : {
      "libelleFr" : "Musée d'Histoire de Marseille"
    },
    "copyright" : {
      "libelleFr" : "Musée d'Histoire de Marseille"
    },
    "traductionFichiers" : [ {
      "locale" : "fr",
      "url" : "https://static.apidae-tourisme.com/filestore/objets-touristiques/images/37/162/11641381.jpg",
      "urlListe" : "https://static.apidae-tourisme.com/filestore/objets-touristiques/images/37/162/11641381-liste.jpg",
      "urlFiche" : "https://static.apidae-tourisme.com/filestore/objets-touristiques/images/37/162/11641381-fiche.jpg",
      "urlDiaporama" : "https://static.apidae-tourisme.com/filestore/objets-touristiques/images/37/162/11641381-diaporama.jpg",
      "extension" : "jpg",
      "fileName" : "full",
      "taille" : 31663,
      "hauteur" : 300,
      "largeur" : 400,
      "lastModifiedDate" : "2021-11-23T16:30:13.000+0000"
    } ],
    "locked" : false
  }, {
    "identifiant" : 11611392,
    "link" : false,
    "type" : "IMAGE",
    "nom" : {
      "libelleFr" : "Musée d'Histoire de Marseille."
    },
    "legende" : {
      "libelleFr" : "Musée d'Histoire de Marseille."
    },
    "copyright" : {
      "libelleFr" : "Sculpture bicéphale en calcaireProvenant de Roquepertuse (Velaux, Bouches-du-Rhône), Ve siècle av. J.-C. Musée d'Archéologie méditerranéenne © Musées de Marseille / CeTER"
    },
    "traductionFichiers" : [ {
      "locale" : "fr",
      "url" : "https://static.apidae-tourisme.com/filestore/objets-touristiques/images/41/162/11641385.jpg",
      "urlListe" : "https://static.apidae-tourisme.com/filestore/objets-touristiques/images/41/162/11641385-liste.jpg",
      "urlFiche" : "https://static.apidae-tourisme.com/filestore/objets-touristiques/images/41/162/11641385-fiche.jpg",
      "urlDiaporama" : "https://static.apidae-tourisme.com/filestore/objets-touristiques/images/41/162/11641385-diaporama.jpg",
      "extension" : "jpg",
      "fileName" : "full",
      "taille" : 11831,
      "hauteur" : 150,
      "largeur" : 215,
      "lastModifiedDate" : "2021-11-23T16:30:14.000+0000"
    } ],
    "locked" : false
  }, {
    "identifiant" : 11611408,
    "link" : false,
    "type" : "IMAGE",
    "nom" : {
      "libelleFr" : "Musée d'Histoire de Marseille"
    },
    "legende" : {
      "libelleFr" : "Musée d'Histoire de Marseille"
    },
    "copyright" : {
      "libelleFr" : "Roland Carta Architectes/ Studio Adeline Rispal/Photo Serge Demailly"
    },
    "traductionFichiers" : [ {
      "locale" : "fr",
      "url" : "https://static.apidae-tourisme.com/filestore/objets-touristiques/images/58/162/11641402.jpg",
      "urlListe" : "https://static.apidae-tourisme.com/filestore/objets-touristiques/images/58/162/11641402-liste.jpg",
      "urlFiche" : "https://static.apidae-tourisme.com/filestore/objets-touristiques/images/58/162/11641402-fiche.jpg",
      "urlDiaporama" : "https://static.apidae-tourisme.com/filestore/objets-touristiques/images/58/162/11641402-diaporama.jpg",
      "extension" : "jpg",
      "fileName" : "full",
      "taille" : 172154,
      "hauteur" : 600,
      "largeur" : 800,
      "lastModifiedDate" : "2021-11-23T16:30:15.000+0000"
    } ],
    "locked" : false
  }, {
    "identifiant" : 11611414,
    "link" : false,
    "type" : "IMAGE",
    "nom" : {
      "libelleFr" : "Musée d'Histoire de Marseille."
    },
    "legende" : {
      "libelleFr" : "Musée d'Histoire de Marseille."
    },
    "copyright" : {
      "libelleFr" : "Musée d'Histoire de Marseille."
    },
    "traductionFichiers" : [ {
      "locale" : "fr",
      "url" : "https://static.apidae-tourisme.com/filestore/objets-touristiques/images/64/162/11641408.jpg",
      "urlListe" : "https://static.apidae-tourisme.com/filestore/objets-touristiques/images/64/162/11641408-liste.jpg",
      "urlFiche" : "https://static.apidae-tourisme.com/filestore/objets-touristiques/images/64/162/11641408-fiche.jpg",
      "urlDiaporama" : "https://static.apidae-tourisme.com/filestore/objets-touristiques/images/64/162/11641408-diaporama.jpg",
      "extension" : "jpg",
      "fileName" : "full",
      "taille" : 116340,
      "hauteur" : 600,
      "largeur" : 800,
      "lastModifiedDate" : "2021-11-23T16:30:15.000+0000"
    } ],
    "locked" : false
  } ],
  "tourismeAffaires" : {
    "tourismeAffairesEnabled" : true,
    "sallesEquipement" : [ {
      "elementReferenceType" : "SalleEquipement",
      "id" : 1259
    } ],
    "nombreSallesReunionEquipees" : 3,
    "capaciteMaxAccueil" : 1400
  },
  "visites" : {
    "languesPanneauInformation" : [ {
      "elementReferenceType" : "Langue",
      "id" : 1192
    }, {
      "elementReferenceType" : "Langue",
      "id" : 1197
    }, {
      "elementReferenceType" : "Langue",
      "id" : 1200
    } ],
    "visitable" : true
  },
  "territoires" : [ {
    "type" : "TERRITOIRE",
    "id" : 591381
  }, {
    "type" : "TERRITOIRE",
    "id" : 591419
  }, {
    "type" : "TERRITOIRE",
    "id" : 5127066
  }, {
    "type" : "TERRITOIRE",
    "id" : 5427637
  }, {
    "type" : "TERRITOIRE",
    "id" : 5460436
  }, {
    "type" : "TERRITOIRE",
    "id" : 5693878
  }, {
    "type" : "TERRITOIRE",
    "id" : 5693903
  }, {
    "type" : "TERRITOIRE",
    "id" : 6008197
  } ],
  "datesOuverture" : [ "2022-11-08", "2022-11-09", "2022-11-10", "2022-11-11", "2022-11-12", "2022-11-13", "2022-11-15", "2022-11-16", "2022-11-17", "2022-11-18", "2022-11-19", "2022-11-20", "2022-11-22", "2022-11-23", "2022-11-24", "2022-11-25", "2022-11-26", "2022-11-27", "2022-11-29", "2022-11-30", "2022-12-01", "2022-12-02", "2022-12-03", "2022-12-04", "2022-12-06", "2022-12-07", "2022-12-08", "2022-12-09", "2022-12-10", "2022-12-11", "2022-12-13", "2022-12-14", "2022-12-15", "2022-12-16", "2022-12-17", "2022-12-18", "2022-12-20", "2022-12-21", "2022-12-22", "2022-12-23", "2022-12-24", "2022-12-25", "2022-12-27", "2022-12-28", "2022-12-29", "2022-12-30", "2022-12-31", "2023-01-01", "2023-01-03", "2023-01-04", "2023-01-05", "2023-01-06", "2023-01-07", "2023-01-08", "2023-01-10", "2023-01-11", "2023-01-12", "2023-01-13", "2023-01-14", "2023-01-15", "2023-01-17", "2023-01-18", "2023-01-19", "2023-01-20", "2023-01-21", "2023-01-22", "2023-01-24", "2023-01-25", "2023-01-26", "2023-01-27", "2023-01-28", "2023-01-29", "2023-01-31", "2023-02-01", "2023-02-02", "2023-02-03", "2023-02-04", "2023-02-05", "2023-02-07", "2023-02-08", "2023-02-09", "2023-02-10", "2023-02-11", "2023-02-12", "2023-02-14", "2023-02-15", "2023-02-16", "2023-02-17", "2023-02-18", "2023-02-19", "2023-02-21", "2023-02-22", "2023-02-23", "2023-02-24", "2023-02-25", "2023-02-26", "2023-02-28", "2023-03-01", "2023-03-02", "2023-03-03", "2023-03-04", "2023-03-05", "2023-03-07", "2023-03-08", "2023-03-09", "2023-03-10", "2023-03-11", "2023-03-12", "2023-03-14", "2023-03-15", "2023-03-16", "2023-03-17", "2023-03-18", "2023-03-19", "2023-03-21", "2023-03-22", "2023-03-23", "2023-03-24", "2023-03-25", "2023-03-26", "2023-03-28", "2023-03-29", "2023-03-30", "2023-03-31", "2023-04-01", "2023-04-02", "2023-04-04", "2023-04-05", "2023-04-06", "2023-04-07", "2023-04-08", "2023-04-09", "2023-04-11", "2023-04-12", "2023-04-13", "2023-04-14", "2023-04-15", "2023-04-16", "2023-04-18", "2023-04-19", "2023-04-20", "2023-04-21", "2023-04-22", "2023-04-23", "2023-04-25", "2023-04-26", "2023-04-27", "2023-04-28", "2023-04-29", "2023-04-30", "2023-05-02", "2023-05-03", "2023-05-04", "2023-05-05", "2023-05-06", "2023-05-07", "2023-05-09", "2023-05-10", "2023-05-11", "2023-05-12", "2023-05-13", "2023-05-14", "2023-05-16", "2023-05-17", "2023-05-18", "2023-05-19", "2023-05-20", "2023-05-21", "2023-05-23", "2023-05-24", "2023-05-25", "2023-05-26", "2023-05-27", "2023-05-28", "2023-05-30", "2023-05-31", "2023-06-01", "2023-06-02", "2023-06-03", "2023-06-04", "2023-06-06", "2023-06-07", "2023-06-08", "2023-06-09", "2023-06-10", "2023-06-11", "2023-06-13", "2023-06-14", "2023-06-15", "2023-06-16", "2023-06-17", "2023-06-18", "2023-06-20", "2023-06-21", "2023-06-22", "2023-06-23", "2023-06-24", "2023-06-25", "2023-06-27", "2023-06-28", "2023-06-29", "2023-06-30", "2023-07-01", "2023-07-02", "2023-07-04", "2023-07-05", "2023-07-06", "2023-07-07", "2023-07-08", "2023-07-09", "2023-07-11", "2023-07-12", "2023-07-13", "2023-07-14", "2023-07-15", "2023-07-16", "2023-07-18", "2023-07-19", "2023-07-20", "2023-07-21", "2023-07-22", "2023-07-23", "2023-07-25", "2023-07-26", "2023-07-27", "2023-07-28", "2023-07-29", "2023-07-30", "2023-08-01", "2023-08-02", "2023-08-03", "2023-08-04", "2023-08-05", "2023-08-06", "2023-08-08", "2023-08-09", "2023-08-10", "2023-08-11", "2023-08-12", "2023-08-13", "2023-08-15", "2023-08-16", "2023-08-17", "2023-08-18", "2023-08-19", "2023-08-20", "2023-08-22", "2023-08-23", "2023-08-24", "2023-08-25", "2023-08-26", "2023-08-27", "2023-08-29", "2023-08-30", "2023-08-31", "2023-09-01", "2023-09-02", "2023-09-03", "2023-09-05", "2023-09-06", "2023-09-07", "2023-09-08", "2023-09-09", "2023-09-10", "2023-09-12", "2023-09-13", "2023-09-14", "2023-09-15", "2023-09-16", "2023-09-17", "2023-09-19", "2023-09-20", "2023-09-21", "2023-09-22", "2023-09-23", "2023-09-24", "2023-09-26", "2023-09-27", "2023-09-28", "2023-09-29", "2023-09-30", "2023-10-01", "2023-10-03", "2023-10-04", "2023-10-05", "2023-10-06", "2023-10-07", "2023-10-08", "2023-10-10", "2023-10-11", "2023-10-12", "2023-10-13", "2023-10-14", "2023-10-15", "2023-10-17", "2023-10-18", "2023-10-19", "2023-10-20", "2023-10-21", "2023-10-22", "2023-10-24", "2023-10-25", "2023-10-26", "2023-10-27", "2023-10-28", "2023-10-29", "2023-10-31", "2023-11-01", "2023-11-02", "2023-11-03", "2023-11-04", "2023-11-05", "2023-11-07", "2023-11-08", "2023-11-09", "2023-11-10", "2023-11-11", "2023-11-12", "2023-11-14", "2023-11-15", "2023-11-16", "2023-11-17", "2023-11-18", "2023-11-19", "2023-11-21", "2023-11-22", "2023-11-23", "2023-11-24", "2023-11-25", "2023-11-26", "2023-11-28", "2023-11-29", "2023-11-30", "2023-12-01", "2023-12-02", "2023-12-03", "2023-12-05", "2023-12-06", "2023-12-07", "2023-12-08", "2023-12-09", "2023-12-10", "2023-12-12", "2023-12-13", "2023-12-14", "2023-12-15", "2023-12-16", "2023-12-17", "2023-12-19", "2023-12-20", "2023-12-21", "2023-12-22", "2023-12-23", "2023-12-24", "2023-12-26", "2023-12-27", "2023-12-28", "2023-12-29", "2023-12-30", "2023-12-31", "2024-01-02", "2024-01-03", "2024-01-04", "2024-01-05", "2024-01-06", "2024-01-07", "2024-01-09", "2024-01-10", "2024-01-11", "2024-01-12", "2024-01-13", "2024-01-14", "2024-01-16", "2024-01-17", "2024-01-18", "2024-01-19", "2024-01-20", "2024-01-21", "2024-01-23", "2024-01-24", "2024-01-25", "2024-01-26", "2024-01-27", "2024-01-28", "2024-01-30", "2024-01-31", "2024-02-01", "2024-02-02", "2024-02-03", "2024-02-04", "2024-02-06", "2024-02-07", "2024-02-08", "2024-02-09", "2024-02-10", "2024-02-11", "2024-02-13", "2024-02-14", "2024-02-15", "2024-02-16", "2024-02-17", "2024-02-18", "2024-02-20", "2024-02-21", "2024-02-22", "2024-02-23", "2024-02-24", "2024-02-25", "2024-02-27", "2024-02-28", "2024-02-29", "2024-03-01", "2024-03-02", "2024-03-03", "2024-03-05", "2024-03-06", "2024-03-07", "2024-03-08", "2024-03-09", "2024-03-10", "2024-03-12", "2024-03-13", "2024-03-14", "2024-03-15", "2024-03-16", "2024-03-17", "2024-03-19", "2024-03-20", "2024-03-21", "2024-03-22", "2024-03-23", "2024-03-24", "2024-03-26", "2024-03-27", "2024-03-28", "2024-03-29", "2024-03-30", "2024-03-31", "2024-04-02", "2024-04-03", "2024-04-04", "2024-04-05", "2024-04-06", "2024-04-07", "2024-04-09", "2024-04-10", "2024-04-11", "2024-04-12", "2024-04-13", "2024-04-14", "2024-04-16", "2024-04-17", "2024-04-18", "2024-04-19", "2024-04-20", "2024-04-21", "2024-04-23", "2024-04-24", "2024-04-25", "2024-04-26", "2024-04-27", "2024-04-28", "2024-04-30", "2024-05-01", "2024-05-02", "2024-05-03", "2024-05-04", "2024-05-05", "2024-05-07", "2024-05-08", "2024-05-09", "2024-05-10", "2024-05-11", "2024-05-12", "2024-05-14", "2024-05-15", "2024-05-16", "2024-05-17", "2024-05-18", "2024-05-19", "2024-05-21", "2024-05-22", "2024-05-23", "2024-05-24", "2024-05-25", "2024-05-26", "2024-05-28", "2024-05-29", "2024-05-30", "2024-05-31", "2024-06-01", "2024-06-02", "2024-06-04", "2024-06-05", "2024-06-06", "2024-06-07", "2024-06-08", "2024-06-09", "2024-06-11", "2024-06-12", "2024-06-13", "2024-06-14", "2024-06-15", "2024-06-16", "2024-06-18", "2024-06-19", "2024-06-20", "2024-06-21", "2024-06-22", "2024-06-23", "2024-06-25", "2024-06-26", "2024-06-27", "2024-06-28", "2024-06-29", "2024-06-30", "2024-07-02", "2024-07-03", "2024-07-04", "2024-07-05", "2024-07-06", "2024-07-07", "2024-07-09", "2024-07-10", "2024-07-11", "2024-07-12", "2024-07-13", "2024-07-14", "2024-07-16", "2024-07-17", "2024-07-18", "2024-07-19", "2024-07-20", "2024-07-21", "2024-07-23", "2024-07-24", "2024-07-25", "2024-07-26", "2024-07-27", "2024-07-28", "2024-07-30", "2024-07-31", "2024-08-01", "2024-08-02", "2024-08-03", "2024-08-04", "2024-08-06", "2024-08-07", "2024-08-08", "2024-08-09", "2024-08-10", "2024-08-11", "2024-08-13", "2024-08-14", "2024-08-15", "2024-08-16", "2024-08-17", "2024-08-18", "2024-08-20", "2024-08-21", "2024-08-22", "2024-08-23", "2024-08-24", "2024-08-25", "2024-08-27", "2024-08-28", "2024-08-29", "2024-08-30", "2024-08-31", "2024-09-01", "2024-09-03", "2024-09-04", "2024-09-05", "2024-09-06", "2024-09-07", "2024-09-08", "2024-09-10", "2024-09-11", "2024-09-12", "2024-09-13", "2024-09-14", "2024-09-15", "2024-09-17", "2024-09-18", "2024-09-19", "2024-09-20", "2024-09-21", "2024-09-22", "2024-09-24", "2024-09-25", "2024-09-26", "2024-09-27", "2024-09-28", "2024-09-29", "2024-10-01", "2024-10-02", "2024-10-03", "2024-10-04", "2024-10-05", "2024-10-06", "2024-10-08", "2024-10-09", "2024-10-10", "2024-10-11", "2024-10-12", "2024-10-13", "2024-10-15", "2024-10-16", "2024-10-17", "2024-10-18", "2024-10-19", "2024-10-20", "2024-10-22", "2024-10-23", "2024-10-24", "2024-10-25", "2024-10-26", "2024-10-27", "2024-10-29", "2024-10-30", "2024-10-31", "2024-11-01", "2024-11-02", "2024-11-03", "2024-11-05", "2024-11-06" ],
  "informationsPatrimoineCulturel" : {
    "patrimoineCulturelType" : {
      "elementReferenceType" : "PatrimoineCulturelType",
      "id" : 3201
    },
    "themes" : [ {
      "elementReferenceType" : "PatrimoineCulturelTheme",
      "id" : 3416
    }, {
      "elementReferenceType" : "PatrimoineCulturelTheme",
      "id" : 3419
    }, {
      "elementReferenceType" : "PatrimoineCulturelTheme",
      "id" : 3429
    }, {
      "elementReferenceType" : "PatrimoineCulturelTheme",
      "id" : 3456
    } ],
    "categories" : [ {
      "elementReferenceType" : "PatrimoineCulturelCategorie",
      "id" : 3226
    } ]
  },
  "formatVersion" : "v002",
  "expiration" : { },
  "informationsPrestataireActivites" : {
    "prestataireActivites" : true,
    "activitesCulturelles" : [ {
      "elementReferenceType" : "ActiviteCulturellePrestation",
      "id" : 1776
    }, {
      "elementReferenceType" : "ActiviteCulturellePrestation",
      "id" : 1815
    }, {
      "elementReferenceType" : "ActiviteCulturellePrestation",
      "id" : 1817
    }, {
      "elementReferenceType" : "ActiviteCulturellePrestation",
      "id" : 1818
    }, {
      "elementReferenceType" : "ActiviteCulturellePrestation",
      "id" : 1825
    } ]
  },
  "enquete" : { },
  "donneesPrivees" : [ {
    "nomTechnique" : "1947_Id_patio",
    "libelleFr" : "Id_Patio",
    "ordre" : 1,
    "descriptif" : {
      "libelleFr" : "13T2000686"
    }
  }, {
    "nomTechnique" : "1947_Source_patio",
    "libelleFr" : "Source_Patio",
    "ordre" : 2,
    "descriptif" : {
      "libelleFr" : "OT Marseille"
    }
  }, {
    "nomTechnique" : "1947_Url_patio",
    "libelleFr" : "URL_Patio",
    "ordre" : 3,
    "descriptif" : {
      "libelleFr" : "http://www.marseille-tourisme.com"
    }
  } ],
  "metadonnees" : [ {
    "noeudId" : "fairguest",
    "contenus" : [ {
      "cible" : "general",
      "metadonnee" : {
        "note" : 8.8,
        "label" : "Très bon",
        "couleur" : "#71a63e",
        "nombreAvis" : 530,
        "dateMaj" : 1667730518707
      }
    } ]
  } ]
}