{
  "type" : "FETE_ET_MANIFESTATION",
  "id" : 5577883,
  "nom" : {
    "libelleFr" : "Marché de Graveson",
    "libelleEn" : "Marché hebdomadaire",
    "libelleIt" : "Marché hebdomadaire",
    "libelleDe" : "Marché hebdomadaire",
    "libelleNl" : "Marché hebdomadaire"
  },
  "identifier" : "SITRA2_EVE_5577883",
  "state" : "PUBLISHED",
  "gestion" : {
    "dateCreation" : "2020-06-17T16:27:55.540+0000",
    "dateModification" : "2022-01-10T15:29:43.035+0000",
    "dateExportModification" : "2022-09-01T13:31:09.987+0000",
    "membreProprietaire" : {
      "type" : {
        "elementReferenceType" : "MembreSitraType",
        "id" : 233
      },
      "nom" : "Office de Tourisme Intercommunal de Terre de Provence",
      "dateCreation" : "2020-10-28T10:42:53.102+0000",
      "dateModification" : "2022-10-24T08:49:48.093+0000",
      "id" : 2119
    },
    "signalerUnProblemeMails" : [ "accueil.oti@terredeprovence-agglo.com", "accueil2.oti@terredeprovence-agglo.com", "espaceculturetourisme@orange.fr", "office.tourisme@st-andiol.fr", "office.tourisme@ville-graveson.fr", "ot-culture@maillane.fr", "promotion.oti@terredeprovence-agglo.com", "romain.pascal@ville-graveson.fr", "tourisme@noves.fr", "tourisme@terredeprovence-agglo.com" ]
  },
  "informations" : {
    "moyensCommunication" : [ {
      "identifiant" : 80383080,
      "type" : {
        "elementReferenceType" : "MoyenCommunicationType",
        "id" : 201
      },
      "coordonnees" : {
        "fr" : "04 90 95 88 44"
      },
      "observation" : {
        "libelleFr" : "Bureau d'Information Touristique de Graveson"
      }
    }, {
      "identifiant" : 80383081,
      "type" : {
        "elementReferenceType" : "MoyenCommunicationType",
        "id" : 204
      },
      "coordonnees" : {
        "fr" : "office.tourisme@ville-graveson.fr"
      }
    }, {
      "identifiant" : 80383082,
      "type" : {
        "elementReferenceType" : "MoyenCommunicationType",
        "id" : 205
      },
      "coordonnees" : {
        "fr" : "http://www.graveson-provence.fr"
      }
    } ],
    "informationsLegales" : { },
    "structureGestion" : {
      "type" : "STRUCTURE",
      "id" : 5577882
    }
  },
  "presentation" : {
    "descriptifCourt" : {
      "libelleFr" : "Marché du vendredi matin sur le Cours National"
    },
    "descriptifDetaille" : {
      "libelleFr" : "Venez le long du cours faire vos achats de proximité le vendredi matin !\r\nA la fois emblème fort de notre village et attractif par la valorisation des produits que l'on y trouve, il est devenu un lieu incontournable de rencontre et de convivialité hebdomadaire.\r\nReprésentatif de la diversité du terroir local, notre marché encourage l'agriculture en circuit court et répond aux attentes des consommateurs en produits frais, de qualité et de proximité."
    }
  },
  "localisation" : {
    "adresse" : {
      "adresse1" : "Cours National",
      "codePostal" : "13690",
      "commune" : {
        "id" : 4456
      }
    },
    "geolocalisation" : {
      "valide" : true,
      "geoJson" : {
        "type" : "Point",
        "coordinates" : [ 4.769296, 43.853151 ]
      }
    },
    "perimetreGeographique" : [ {
      "id" : 4456
    } ]
  },
  "liens" : { },
  "prestations" : {
    "animauxAcceptes" : "NON_DISPONIBLE",
    "animauxAcceptesSupplement" : "NON_DISPONIBLE",
    "complementAccueil" : {
      "libelleFr" : "Parking public(En face 4 places + 2 bleues limitées à 20 mn\r\nParking de la place du marché sinon à 2 minutes à pieds)",
      "libelleEn" : "Accessible for disabled",
      "libelleIt" : "Accessibile ai disabili",
      "libelleDe" : "Zugänglich für Behinderte",
      "libelleNl" : "Toegankelijk voor mensen met een handicap"
    }
  },
  "ouverture" : {
    "periodeEnClair" : {
      "libelleFr" : "Du 01/01 au 31/12, tous les vendredis.",
      "libelleEn" : "From 01/01 to 31/12, every Friday.",
      "libelleEs" : "Del 01/01 al 31/12, todos los viernes.",
      "libelleIt" : "Dal 01/01 al 31/12, tutti i venerdì.",
      "libelleDe" : "Vom 01/01 bis 31/12, jeden Freitag.",
      "libelleNl" : "Van 01/01 tot en met 31/12, elke vrijdag.",
      "libelleRu" : "С 01/01 до 31/12, каждый пятницы.",
      "libelleZh" : "从 1月1日 到 12月31日, 每星期五.",
      "libellePtBR" : "De 01/01 a 31/12, todas as sextas-feiras.",
      "libelleJa" : "01/01 から 31/12 まで, 毎金曜日."
    },
    "periodeEnClairGenerationMode" : "AUTOMATIQUE",
    "indicationsPeriode" : [ {
      "elementReferenceType" : "IndicationPeriode",
      "id" : 416
    }, {
      "elementReferenceType" : "IndicationPeriode",
      "id" : 418
    }, {
      "elementReferenceType" : "IndicationPeriode",
      "id" : 435
    }, {
      "elementReferenceType" : "IndicationPeriode",
      "id" : 436
    } ],
    "periodesOuvertures" : [ {
      "identifiant" : 19485642,
      "dateDebut" : "2021-01-01",
      "dateFin" : "2021-12-31",
      "complementHoraire" : { },
      "type" : "OUVERTURE_SEMAINE",
      "tousLesAns" : true,
      "ouverturesJournalieres" : [ {
        "jour" : "VENDREDI"
      } ],
      "identifiantTechnique" : 22447833
    } ]
  },
  "descriptionTarif" : {
    "indicationTarif" : "PAYANT_TARIFS_NON_COMMUNIQUES",
    "gratuit" : false,
    "tarifsEnClair" : {
      "libelleFr" : "Tarifs non communiqués.",
      "libelleEn" : "Prices not available.",
      "libelleEs" : "Tarifas no comunicadas.",
      "libelleIt" : "Tariffe non comunicate.",
      "libelleDe" : "Preise nicht mitgeteilt.",
      "libelleNl" : "Tarieven niet doorgegeven.",
      "libelleRu" : "Нет информации о тарифах.",
      "libelleZh" : "暂无价格.",
      "libellePtBR" : "Tarifas não informadas.",
      "libelleJa" : "料金表示がありません."
    },
    "tarifsEnClairGenerationMode" : "AUTOMATIQUE",
    "devise" : "EUR",
    "conditions" : { }
  },
  "reservation" : {
    "organismes" : [ {
      "identifiant" : 5097546,
      "structureReference" : {
        "type" : "STRUCTURE",
        "id" : 5577882
      },
      "nom" : "Bureau d'Information Touristique de Graveson",
      "type" : {
        "elementReferenceType" : "ReservationType",
        "id" : 475
      },
      "moyensCommunication" : [ {
        "identifiant" : 80471819,
        "type" : {
          "elementReferenceType" : "MoyenCommunicationType",
          "id" : 201
        },
        "coordonnees" : {
          "fr" : "04 90 95 88 44"
        }
      }, {
        "identifiant" : 80471820,
        "type" : {
          "elementReferenceType" : "MoyenCommunicationType",
          "id" : 204
        },
        "coordonnees" : {
          "fr" : "info.otgraveson@gmail.com"
        }
      }, {
        "identifiant" : 80471821,
        "type" : {
          "elementReferenceType" : "MoyenCommunicationType",
          "id" : 205
        },
        "coordonnees" : {
          "fr" : "http://www.graveson-provence.fr"
        }
      } ],
      "locked" : false
    } ]
  },
  "criteresInternes" : [ {
    "id" : 16902
  } ],
  "contacts" : [ {
    "identifiant" : 17761709,
    "referent" : true,
    "nom" : "OT GRAVESON",
    "fonction" : {
      "elementReferenceType" : "ContactFonction",
      "id" : 459
    },
    "moyensCommunication" : [ {
      "identifiant" : 82153531,
      "type" : {
        "elementReferenceType" : "MoyenCommunicationType",
        "id" : 201
      },
      "coordonnees" : {
        "fr" : "04 90 95 88 44"
      }
    } ]
  } ],
  "illustrations" : [ {
    "identifiant" : 8593867,
    "link" : false,
    "type" : "IMAGE",
    "nom" : {
      "libelleFr" : "13EVT083505_1_HD.jpg"
    },
    "traductionFichiers" : [ {
      "locale" : "fr",
      "url" : "https://static.apidae-tourisme.com/filestore/objets-touristiques/images/46/132/8356910.jpg",
      "urlListe" : "https://static.apidae-tourisme.com/filestore/objets-touristiques/images/46/132/8356910-liste.jpg",
      "urlFiche" : "https://static.apidae-tourisme.com/filestore/objets-touristiques/images/46/132/8356910-fiche.jpg",
      "urlDiaporama" : "https://static.apidae-tourisme.com/filestore/objets-touristiques/images/46/132/8356910-diaporama.jpg",
      "extension" : "jpg",
      "fileName" : "full",
      "taille" : 176423,
      "hauteur" : 600,
      "largeur" : 800,
      "lastModifiedDate" : "2020-08-01T04:53:23.000+0000"
    } ],
    "locked" : false
  } ],
  "territoires" : [ {
    "type" : "TERRITOIRE",
    "id" : 591381
  }, {
    "type" : "TERRITOIRE",
    "id" : 591419
  }, {
    "type" : "TERRITOIRE",
    "id" : 658199
  }, {
    "type" : "TERRITOIRE",
    "id" : 4819487
  }, {
    "type" : "TERRITOIRE",
    "id" : 5127066
  }, {
    "type" : "TERRITOIRE",
    "id" : 5424410
  }, {
    "type" : "TERRITOIRE",
    "id" : 5447176
  }, {
    "type" : "TERRITOIRE",
    "id" : 5693779
  } ],
  "datesOuverture" : [ "2022-11-11", "2022-11-18", "2022-11-25", "2022-12-02", "2022-12-09", "2022-12-16", "2022-12-23", "2022-12-30", "2023-01-06", "2023-01-13", "2023-01-20", "2023-01-27", "2023-02-03", "2023-02-10", "2023-02-17", "2023-02-24", "2023-03-03", "2023-03-10", "2023-03-17", "2023-03-24", "2023-03-31", "2023-04-07", "2023-04-14", "2023-04-21", "2023-04-28", "2023-05-05", "2023-05-12", "2023-05-19", "2023-05-26", "2023-06-02", "2023-06-09", "2023-06-16", "2023-06-23", "2023-06-30", "2023-07-07", "2023-07-14", "2023-07-21", "2023-07-28", "2023-08-04", "2023-08-11", "2023-08-18", "2023-08-25", "2023-09-01", "2023-09-08", "2023-09-15", "2023-09-22", "2023-09-29", "2023-10-06", "2023-10-13", "2023-10-20", "2023-10-27", "2023-11-03", "2023-11-10", "2023-11-17", "2023-11-24", "2023-12-01", "2023-12-08", "2023-12-15", "2023-12-22", "2023-12-29", "2024-01-05", "2024-01-12", "2024-01-19", "2024-01-26", "2024-02-02", "2024-02-09", "2024-02-16", "2024-02-23", "2024-03-01", "2024-03-08", "2024-03-15", "2024-03-22", "2024-03-29", "2024-04-05", "2024-04-12", "2024-04-19", "2024-04-26", "2024-05-03", "2024-05-10", "2024-05-17", "2024-05-24", "2024-05-31", "2024-06-07", "2024-06-14", "2024-06-21", "2024-06-28", "2024-07-05", "2024-07-12", "2024-07-19", "2024-07-26", "2024-08-02", "2024-08-09", "2024-08-16", "2024-08-23", "2024-08-30", "2024-09-06", "2024-09-13", "2024-09-20", "2024-09-27", "2024-10-04", "2024-10-11", "2024-10-18", "2024-10-25", "2024-11-01", "2024-11-08" ],
  "informationsFeteEtManifestation" : {
    "typesManifestation" : [ {
      "elementReferenceType" : "FeteEtManifestationType",
      "id" : 1962
    } ],
    "categories" : [ {
      "elementReferenceType" : "FeteEtManifestationCategorie",
      "id" : 2107
    } ],
    "themes" : [ {
      "elementReferenceType" : "FeteEtManifestationTheme",
      "id" : 2205
    } ],
    "portee" : {
      "elementReferenceType" : "FeteEtManifestationPortee",
      "id" : 2352
    }
  },
  "formatVersion" : "v002",
  "expiration" : { },
  "enquete" : { },
  "donneesPrivees" : [ {
    "nomTechnique" : "1947_Id_patio",
    "libelleFr" : "Id_Patio",
    "ordre" : 1,
    "descriptif" : {
      "libelleFr" : "13EVT083505"
    }
  }, {
    "nomTechnique" : "1947_Source_patio",
    "libelleFr" : "Source_Patio",
    "ordre" : 2,
    "descriptif" : {
      "libelleFr" : "OT Terre de Provence"
    }
  }, {
    "nomTechnique" : "1947_Url_patio",
    "libelleFr" : "URL_Patio",
    "ordre" : 3,
    "descriptif" : {
      "libelleFr" : "http://www.myterredeprovence.fr/"
    }
  } ]
}