{
  "type" : "FETE_ET_MANIFESTATION",
  "id" : 5533269,
  "nom" : {
    "libelleFr" : "Marché du quartier d'Encagnane",
    "libelleEn" : "Marché du quartier d'Encagnane",
    "libelleIt" : "Marché du quartier d'Encagnane",
    "libelleDe" : "Marché du quartier d'Encagnane",
    "libelleNl" : "Marché du quartier d'Encagnane"
  },
  "identifier" : "SITRA2_EVE_5533269",
  "state" : "PUBLISHED",
  "gestion" : {
    "dateCreation" : "2020-05-19T10:08:04.347+0000",
    "dateModification" : "2022-02-17T13:31:54.570+0000",
    "dateExportModification" : "2022-11-07T09:49:08.516+0000",
    "membreProprietaire" : {
      "type" : {
        "elementReferenceType" : "MembreSitraType",
        "id" : 233
      },
      "nom" : "Office de Tourisme d'Aix en Provence",
      "dateCreation" : "2020-02-14T10:34:37.912+0000",
      "dateModification" : "2022-10-24T08:49:34.452+0000",
      "id" : 1988,
      "siteWeb" : "http://www.aixenprovencetourism.com"
    },
    "signalerUnProblemeMails" : [ "jchevalier@aixenprovencetourism.com", "sdardenne@aixenprovencetourism.com", "vmontpellaz@aixenprovencetourism.com" ]
  },
  "informations" : {
    "moyensCommunication" : [ {
      "identifiant" : 77002296,
      "type" : {
        "elementReferenceType" : "MoyenCommunicationType",
        "id" : 201
      },
      "coordonnees" : {
        "fr" : "04 42 91 90 00"
      }
    }, {
      "identifiant" : 77002300,
      "type" : {
        "elementReferenceType" : "MoyenCommunicationType",
        "id" : 205
      },
      "coordonnees" : {
        "fr" : "https://www.aixenprovence.fr"
      }
    } ],
    "informationsLegales" : { },
    "structureGestion" : {
      "type" : "STRUCTURE",
      "id" : 5463105
    }
  },
  "presentation" : {
    "descriptifCourt" : {
      "libelleFr" : "Ce marché a lieu les jours suivants : lundi, mercredi, vendredi, dimanche de 8h à 12h"
    },
    "descriptifDetaille" : {
      "libelleFr" : "Marché en plein air. En semaine, légumes, fruits, vêtements. \r\nLe dimanche, pas de vêtements.",
      "libelleEn" : "On weekdays, vegetables, fruits, clothing. \r\nOn Sundays, no clothes."
    }
  },
  "localisation" : {
    "adresse" : {
      "adresse1" : "Place Romée de Villeneuve",
      "codePostal" : "13090",
      "commune" : {
        "id" : 4412
      }
    },
    "geolocalisation" : {
      "valide" : true,
      "geoJson" : {
        "type" : "Point",
        "coordinates" : [ 5.434486, 43.523752 ]
      }
    },
    "perimetreGeographique" : [ {
      "id" : 4412
    } ]
  },
  "liens" : { },
  "prestations" : {
    "animauxAcceptes" : "NON_DISPONIBLE",
    "animauxAcceptesSupplement" : "NON_DISPONIBLE"
  },
  "ouverture" : {
    "periodeEnClair" : {
      "libelleFr" : "Toute l'année, tous les lundis, mercredis, vendredis et dimanches de 8h à 12h.\nEn semaine, légumes, fruits, vêtements.\r\nLe dimanche, pas de vêtements.",
      "libelleEn" : "All year round, every Monday, Wednesday, Friday and Sunday between 8 am and 12 pm.",
      "libelleEs" : "Todo el año, todos los lunes, miércoles, viernes y domingos de 8 a 12.",
      "libelleIt" : "Tutto l'anno, tutti i lunedì, mercoledì, venerdì e domeniche dalle 8 alle 12.",
      "libelleDe" : "Ganzjährig, jeden Montag, Mittwoch, Freitag und Sonntag von 8 Uhr bis 12 Uhr.",
      "libelleNl" : "Het hele jaar, elke maandag, woensdag, vrijdag en zondag van 8.00 tot en met 12.00 u.",
      "libelleRu" : "В течение всего года, каждый понедельники, среды, пятницы и воскресенья с 8h до 12h.",
      "libelleZh" : "全年, 每星期一, 星期三, 星期五 和 星期日 小时小时 和 小时小时 之间.",
      "libellePtBR" : "Todo o ano, todas as segundas-feiras, quartas-feiras, sextas-feiras e domingos de 8h a  12h.",
      "libelleJa" : "オールシーズン, 毎月曜日, 水曜日, 金曜日 と 日曜日 8 午前 と 12 午後 の間."
    },
    "periodeEnClairGenerationMode" : "AUTOMATIQUE",
    "indicationsPeriode" : [ {
      "elementReferenceType" : "IndicationPeriode",
      "id" : 416
    }, {
      "elementReferenceType" : "IndicationPeriode",
      "id" : 418
    }, {
      "elementReferenceType" : "IndicationPeriode",
      "id" : 435
    }, {
      "elementReferenceType" : "IndicationPeriode",
      "id" : 436
    } ],
    "periodesOuvertures" : [ {
      "identifiant" : 20454560,
      "dateDebut" : "2021-01-01",
      "dateFin" : "2021-12-31",
      "complementHoraire" : {
        "libelleFr" : "En semaine, légumes, fruits, vêtements.\r\nLe dimanche, pas de vêtements."
      },
      "horaireOuverture" : "08:00:00",
      "horaireFermeture" : "12:00:00",
      "type" : "OUVERTURE_SEMAINE",
      "tousLesAns" : true,
      "ouverturesJournalieres" : [ {
        "jour" : "LUNDI"
      }, {
        "jour" : "MERCREDI"
      }, {
        "jour" : "VENDREDI"
      }, {
        "jour" : "DIMANCHE"
      } ],
      "identifiantTechnique" : 22725715
    } ],
    "ouvertTouteLAnnee" : "OUVERT_TOUTE_L_ANNEE"
  },
  "descriptionTarif" : {
    "indicationTarif" : "GRATUIT",
    "gratuit" : true,
    "tarifsEnClair" : {
      "libelleFr" : "Gratuit.",
      "libelleEn" : "Free of charge.",
      "libelleEs" : "Gratis.",
      "libelleIt" : "Gratuito.",
      "libelleDe" : "Kostenlos.",
      "libelleNl" : "Gratis.",
      "libelleRu" : "Бесплатно.",
      "libelleZh" : "免费.",
      "libellePtBR" : "Gratuito.",
      "libelleJa" : "無料."
    },
    "tarifsEnClairGenerationMode" : "AUTOMATIQUE",
    "devise" : "EUR",
    "conditions" : { }
  },
  "reservation" : { },
  "illustrations" : [ {
    "identifiant" : 8591500,
    "link" : false,
    "type" : "IMAGE",
    "nom" : {
      "libelleFr" : "13EVT003900_1_WEB.jpg"
    },
    "traductionFichiers" : [ {
      "locale" : "fr",
      "url" : "https://static.apidae-tourisme.com/filestore/objets-touristiques/images/251/122/8354555.jpg",
      "urlListe" : "https://static.apidae-tourisme.com/filestore/objets-touristiques/images/251/122/8354555-liste.jpg",
      "urlFiche" : "https://static.apidae-tourisme.com/filestore/objets-touristiques/images/251/122/8354555-fiche.jpg",
      "urlDiaporama" : "https://static.apidae-tourisme.com/filestore/objets-touristiques/images/251/122/8354555-diaporama.jpg",
      "extension" : "jpg",
      "fileName" : "full",
      "taille" : 34912,
      "hauteur" : 300,
      "largeur" : 400,
      "lastModifiedDate" : "2020-07-31T16:36:02.000+0000"
    } ],
    "locked" : false
  } ],
  "territoires" : [ {
    "type" : "TERRITOIRE",
    "id" : 591381
  }, {
    "type" : "TERRITOIRE",
    "id" : 591419
  }, {
    "type" : "TERRITOIRE",
    "id" : 5127066
  }, {
    "type" : "TERRITOIRE",
    "id" : 5427620
  }, {
    "type" : "TERRITOIRE",
    "id" : 5427637
  }, {
    "type" : "TERRITOIRE",
    "id" : 5460325
  }, {
    "type" : "TERRITOIRE",
    "id" : 5693839
  }, {
    "type" : "TERRITOIRE",
    "id" : 5775948
  }, {
    "type" : "TERRITOIRE",
    "id" : 5853930
  } ],
  "datesOuverture" : [ "2022-11-09", "2022-11-11", "2022-11-13", "2022-11-14", "2022-11-16", "2022-11-18", "2022-11-20", "2022-11-21", "2022-11-23", "2022-11-25", "2022-11-27", "2022-11-28", "2022-11-30", "2022-12-02", "2022-12-04", "2022-12-05", "2022-12-07", "2022-12-09", "2022-12-11", "2022-12-12", "2022-12-14", "2022-12-16", "2022-12-18", "2022-12-19", "2022-12-21", "2022-12-23", "2022-12-25", "2022-12-26", "2022-12-28", "2022-12-30", "2023-01-01", "2023-01-02", "2023-01-04", "2023-01-06", "2023-01-08", "2023-01-09", "2023-01-11", "2023-01-13", "2023-01-15", "2023-01-16", "2023-01-18", "2023-01-20", "2023-01-22", "2023-01-23", "2023-01-25", "2023-01-27", "2023-01-29", "2023-01-30", "2023-02-01", "2023-02-03", "2023-02-05", "2023-02-06", "2023-02-08", "2023-02-10", "2023-02-12", "2023-02-13", "2023-02-15", "2023-02-17", "2023-02-19", "2023-02-20", "2023-02-22", "2023-02-24", "2023-02-26", "2023-02-27", "2023-03-01", "2023-03-03", "2023-03-05", "2023-03-06", "2023-03-08", "2023-03-10", "2023-03-12", "2023-03-13", "2023-03-15", "2023-03-17", "2023-03-19", "2023-03-20", "2023-03-22", "2023-03-24", "2023-03-26", "2023-03-27", "2023-03-29", "2023-03-31", "2023-04-02", "2023-04-03", "2023-04-05", "2023-04-07", "2023-04-09", "2023-04-10", "2023-04-12", "2023-04-14", "2023-04-16", "2023-04-17", "2023-04-19", "2023-04-21", "2023-04-23", "2023-04-24", "2023-04-26", "2023-04-28", "2023-04-30", "2023-05-01", "2023-05-03", "2023-05-05", "2023-05-07", "2023-05-08", "2023-05-10", "2023-05-12", "2023-05-14", "2023-05-15", "2023-05-17", "2023-05-19", "2023-05-21", "2023-05-22", "2023-05-24", "2023-05-26", "2023-05-28", "2023-05-29", "2023-05-31", "2023-06-02", "2023-06-04", "2023-06-05", "2023-06-07", "2023-06-09", "2023-06-11", "2023-06-12", "2023-06-14", "2023-06-16", "2023-06-18", "2023-06-19", "2023-06-21", "2023-06-23", "2023-06-25", "2023-06-26", "2023-06-28", "2023-06-30", "2023-07-02", "2023-07-03", "2023-07-05", "2023-07-07", "2023-07-09", "2023-07-10", "2023-07-12", "2023-07-14", "2023-07-16", "2023-07-17", "2023-07-19", "2023-07-21", "2023-07-23", "2023-07-24", "2023-07-26", "2023-07-28", "2023-07-30", "2023-07-31", "2023-08-02", "2023-08-04", "2023-08-06", "2023-08-07", "2023-08-09", "2023-08-11", "2023-08-13", "2023-08-14", "2023-08-16", "2023-08-18", "2023-08-20", "2023-08-21", "2023-08-23", "2023-08-25", "2023-08-27", "2023-08-28", "2023-08-30", "2023-09-01", "2023-09-03", "2023-09-04", "2023-09-06", "2023-09-08", "2023-09-10", "2023-09-11", "2023-09-13", "2023-09-15", "2023-09-17", "2023-09-18", "2023-09-20", "2023-09-22", "2023-09-24", "2023-09-25", "2023-09-27", "2023-09-29", "2023-10-01", "2023-10-02", "2023-10-04", "2023-10-06", "2023-10-08", "2023-10-09", "2023-10-11", "2023-10-13", "2023-10-15", "2023-10-16", "2023-10-18", "2023-10-20", "2023-10-22", "2023-10-23", "2023-10-25", "2023-10-27", "2023-10-29", "2023-10-30", "2023-11-01", "2023-11-03", "2023-11-05", "2023-11-06", "2023-11-08", "2023-11-10", "2023-11-12", "2023-11-13", "2023-11-15", "2023-11-17", "2023-11-19", "2023-11-20", "2023-11-22", "2023-11-24", "2023-11-26", "2023-11-27", "2023-11-29", "2023-12-01", "2023-12-03", "2023-12-04", "2023-12-06", "2023-12-08", "2023-12-10", "2023-12-11", "2023-12-13", "2023-12-15", "2023-12-17", "2023-12-18", "2023-12-20", "2023-12-22", "2023-12-24", "2023-12-25", "2023-12-27", "2023-12-29", "2023-12-31", "2024-01-01", "2024-01-03", "2024-01-05", "2024-01-07", "2024-01-08", "2024-01-10", "2024-01-12", "2024-01-14", "2024-01-15", "2024-01-17", "2024-01-19", "2024-01-21", "2024-01-22", "2024-01-24", "2024-01-26", "2024-01-28", "2024-01-29", "2024-01-31", "2024-02-02", "2024-02-04", "2024-02-05", "2024-02-07", "2024-02-09", "2024-02-11", "2024-02-12", "2024-02-14", "2024-02-16", "2024-02-18", "2024-02-19", "2024-02-21", "2024-02-23", "2024-02-25", "2024-02-26", "2024-02-28", "2024-03-01", "2024-03-03", "2024-03-04", "2024-03-06", "2024-03-08", "2024-03-10", "2024-03-11", "2024-03-13", "2024-03-15", "2024-03-17", "2024-03-18", "2024-03-20", "2024-03-22", "2024-03-24", "2024-03-25", "2024-03-27", "2024-03-29", "2024-03-31", "2024-04-01", "2024-04-03", "2024-04-05", "2024-04-07", "2024-04-08", "2024-04-10", "2024-04-12", "2024-04-14", "2024-04-15", "2024-04-17", "2024-04-19", "2024-04-21", "2024-04-22", "2024-04-24", "2024-04-26", "2024-04-28", "2024-04-29", "2024-05-01", "2024-05-03", "2024-05-05", "2024-05-06", "2024-05-08", "2024-05-10", "2024-05-12", "2024-05-13", "2024-05-15", "2024-05-17", "2024-05-19", "2024-05-20", "2024-05-22", "2024-05-24", "2024-05-26", "2024-05-27", "2024-05-29", "2024-05-31", "2024-06-02", "2024-06-03", "2024-06-05", "2024-06-07", "2024-06-09", "2024-06-10", "2024-06-12", "2024-06-14", "2024-06-16", "2024-06-17", "2024-06-19", "2024-06-21", "2024-06-23", "2024-06-24", "2024-06-26", "2024-06-28", "2024-06-30", "2024-07-01", "2024-07-03", "2024-07-05", "2024-07-07", "2024-07-08", "2024-07-10", "2024-07-12", "2024-07-14", "2024-07-15", "2024-07-17", "2024-07-19", "2024-07-21", "2024-07-22", "2024-07-24", "2024-07-26", "2024-07-28", "2024-07-29", "2024-07-31", "2024-08-02", "2024-08-04", "2024-08-05", "2024-08-07", "2024-08-09", "2024-08-11", "2024-08-12", "2024-08-14", "2024-08-16", "2024-08-18", "2024-08-19", "2024-08-21", "2024-08-23", "2024-08-25", "2024-08-26", "2024-08-28", "2024-08-30", "2024-09-01", "2024-09-02", "2024-09-04", "2024-09-06", "2024-09-08", "2024-09-09", "2024-09-11", "2024-09-13", "2024-09-15", "2024-09-16", "2024-09-18", "2024-09-20", "2024-09-22", "2024-09-23", "2024-09-25", "2024-09-27", "2024-09-29", "2024-09-30", "2024-10-02", "2024-10-04", "2024-10-06", "2024-10-07", "2024-10-09", "2024-10-11", "2024-10-13", "2024-10-14", "2024-10-16", "2024-10-18", "2024-10-20", "2024-10-21", "2024-10-23", "2024-10-25", "2024-10-27", "2024-10-28", "2024-10-30", "2024-11-01", "2024-11-03", "2024-11-04", "2024-11-06" ],
  "informationsFeteEtManifestation" : {
    "typesManifestation" : [ {
      "elementReferenceType" : "FeteEtManifestationType",
      "id" : 1962
    } ],
    "categories" : [ {
      "elementReferenceType" : "FeteEtManifestationCategorie",
      "id" : 2107
    } ],
    "themes" : [ {
      "elementReferenceType" : "FeteEtManifestationTheme",
      "id" : 2273
    } ],
    "portee" : {
      "elementReferenceType" : "FeteEtManifestationPortee",
      "id" : 2352
    }
  },
  "formatVersion" : "v002",
  "expiration" : { },
  "enquete" : { },
  "donneesPrivees" : [ {
    "nomTechnique" : "1947_Id_patio",
    "libelleFr" : "Id_Patio",
    "ordre" : 1,
    "descriptif" : {
      "libelleFr" : "13EVT003900"
    }
  }, {
    "nomTechnique" : "1947_Source_patio",
    "libelleFr" : "Source_Patio",
    "ordre" : 2,
    "descriptif" : {
      "libelleFr" : "OT Aix en Provence"
    }
  }, {
    "nomTechnique" : "1947_Url_patio",
    "libelleFr" : "URL_Patio",
    "ordre" : 3,
    "descriptif" : {
      "libelleFr" : "http://www.aixenprovencetourism.com"
    }
  } ]
}