{
  "type" : "FETE_ET_MANIFESTATION",
  "id" : 5543039,
  "nom" : {
    "libelleFr" : "Marché d'Entressen",
    "libelleEn" : "Marché d'Entressen",
    "libelleIt" : "Marché d'Entressen",
    "libelleDe" : "Marché d'Entressen",
    "libelleNl" : "Marché d'Entressen"
  },
  "identifier" : "SITRA2_EVE_5543039",
  "state" : "PUBLISHED",
  "gestion" : {
    "dateCreation" : "2020-05-29T12:35:31.604+0000",
    "dateModification" : "2022-09-19T09:05:45.881+0000",
    "dateExportModification" : "2022-09-19T09:05:46.076+0000",
    "membreProprietaire" : {
      "type" : {
        "elementReferenceType" : "MembreSitraType",
        "id" : 233
      },
      "nom" : "Office de Tourisme d'Istres",
      "dateCreation" : "2020-02-18T15:09:26.099+0000",
      "dateModification" : "2022-10-24T08:49:35.836+0000",
      "id" : 1991,
      "siteWeb" : "http://www.istres-tourisme.com"
    },
    "signalerUnProblemeMails" : [ "bmeurin@istres.fr" ]
  },
  "informations" : {
    "moyensCommunication" : [ {
      "identifiant" : 84671310,
      "type" : {
        "elementReferenceType" : "MoyenCommunicationType",
        "id" : 201
      },
      "coordonnees" : {
        "fr" : "04 13 29 56 50"
      }
    } ],
    "informationsLegales" : { },
    "structureGestion" : {
      "type" : "STRUCTURE",
      "id" : 5680733
    }
  },
  "presentation" : {
    "descriptifCourt" : {
      "libelleFr" : "Le marché d'Entressen propose des produits du terroir provenant de producteurs locaux"
    },
    "descriptifDetaille" : {
      "libelleFr" : ". Vous y trouverez des produits gastronomiques et des produits artisanaux chaque vendredi matin sur la place du village."
    }
  },
  "localisation" : {
    "adresse" : {
      "nomDuLieu" : "Centre ville Entressen",
      "adresse1" : "Place Louis Blagiaire",
      "codePostal" : "13118",
      "commune" : {
        "id" : 4458
      }
    },
    "geolocalisation" : {
      "valide" : true,
      "geoJson" : {
        "type" : "Point",
        "coordinates" : [ 4.940202, 43.592591 ]
      }
    },
    "perimetreGeographique" : [ {
      "id" : 4458
    } ],
    "environnements" : [ {
      "elementReferenceType" : "Environnement",
      "id" : 6042
    }, {
      "elementReferenceType" : "Environnement",
      "id" : 151
    }, {
      "elementReferenceType" : "Environnement",
      "id" : 173
    }, {
      "elementReferenceType" : "Environnement",
      "id" : 180
    } ],
    "lieu" : {
      "id" : 15497
    }
  },
  "liens" : { },
  "prestations" : {
    "services" : [ {
      "elementReferenceType" : "PrestationService",
      "id" : 687
    } ],
    "animauxAcceptes" : "ACCEPTES",
    "animauxAcceptesSupplement" : "NON_DISPONIBLE",
    "complementAccueil" : {
      "libelleFr" : "Accessible pour handicapés\r\nParking public(Parking de l'hôtel de ville)\r\nParking public(Parking Victor Hugo\r\nParking des Carmes\r\nParking des Arnavaux)",
      "libelleEn" : "Accessible for disabled",
      "libelleIt" : "Accessibile ai disabili",
      "libelleDe" : "Zugänglich für Behinderte",
      "libelleNl" : "Toegankelijk voor mensen met een handicap"
    }
  },
  "ouverture" : {
    "periodeEnClair" : {
      "libelleFr" : "Du 01/01 au 31/12, tous les vendredis de 8h à 12h30.",
      "libelleEn" : "From 01/01 to 31/12, every Friday between 8 am and 12.30 pm.",
      "libelleEs" : "Del 01/01 al 31/12, todos los viernes de 8 a 12:30.",
      "libelleIt" : "Dal 01/01 al 31/12, tutti i venerdì dalle 8 alle 12:30.",
      "libelleDe" : "Vom 01/01 bis 31/12, jeden Freitag von 8 Uhr bis 12.30 Uhr.",
      "libelleNl" : "Van 01/01 tot en met 31/12, elke vrijdag van 8.00 tot en met 12.30 u.",
      "libelleRu" : "С 01/01 до 31/12, каждый пятницы с 8h до 12h30.",
      "libelleZh" : "从 1月1日 到 12月31日, 每星期五 小时小时 和 小时小时分钟  之间.",
      "libellePtBR" : "De 01/01 a 31/12, todas as sextas-feiras de 8h a  12h30.",
      "libelleJa" : "01/01 から 31/12 まで, 毎金曜日 8 午前 と 12.30 午後 の間."
    },
    "periodeEnClairGenerationMode" : "AUTOMATIQUE",
    "indicationsPeriode" : [ {
      "elementReferenceType" : "IndicationPeriode",
      "id" : 436
    }, {
      "elementReferenceType" : "IndicationPeriode",
      "id" : 418
    }, {
      "elementReferenceType" : "IndicationPeriode",
      "id" : 416
    }, {
      "elementReferenceType" : "IndicationPeriode",
      "id" : 435
    } ],
    "periodesOuvertures" : [ {
      "identifiant" : 19471235,
      "dateDebut" : "2022-01-01",
      "dateFin" : "2022-12-31",
      "horaireOuverture" : "08:00:00",
      "horaireFermeture" : "12:30:00",
      "type" : "OUVERTURE_SEMAINE",
      "tousLesAns" : true,
      "ouverturesJournalieres" : [ {
        "jour" : "VENDREDI"
      } ],
      "identifiantTechnique" : 24317327
    } ]
  },
  "descriptionTarif" : {
    "indicationTarif" : "ACCES_LIBRE",
    "gratuit" : true,
    "tarifsEnClair" : {
      "libelleFr" : "Accès libre.",
      "libelleEn" : "Free access.",
      "libelleEs" : "Acceso libre.",
      "libelleIt" : "Accesso libero.",
      "libelleDe" : "Freier Zugang.",
      "libelleNl" : "Gratis toegang.",
      "libelleRu" : "Вход свободный.",
      "libelleZh" : "自由访问.",
      "libellePtBR" : "Acesso livre.",
      "libelleJa" : "フリーアクセス."
    },
    "tarifsEnClairGenerationMode" : "AUTOMATIQUE",
    "devise" : "EUR",
    "conditions" : { }
  },
  "reservation" : {
    "organismes" : [ {
      "identifiant" : 5114050,
      "structureReference" : {
        "type" : "STRUCTURE",
        "id" : 5228515
      },
      "nom" : "Office de Tourisme d'Istres",
      "type" : {
        "elementReferenceType" : "ReservationType",
        "id" : 475
      },
      "moyensCommunication" : [ {
        "identifiant" : 80578934,
        "type" : {
          "elementReferenceType" : "MoyenCommunicationType",
          "id" : 201
        },
        "coordonnees" : {
          "fr" : "04 42 81 76 00"
        }
      }, {
        "identifiant" : 80578935,
        "type" : {
          "elementReferenceType" : "MoyenCommunicationType",
          "id" : 202
        },
        "coordonnees" : {
          "fr" : "04 42 81 76 15"
        }
      }, {
        "identifiant" : 80578936,
        "type" : {
          "elementReferenceType" : "MoyenCommunicationType",
          "id" : 204
        },
        "coordonnees" : {
          "fr" : "tourisme@istres.fr"
        }
      }, {
        "identifiant" : 80578937,
        "type" : {
          "elementReferenceType" : "MoyenCommunicationType",
          "id" : 205
        },
        "coordonnees" : {
          "fr" : "https://www.istres-tourisme.com"
        }
      } ],
      "locked" : false
    } ]
  },
  "criteresInternes" : [ {
    "id" : 16801
  }, {
    "id" : 17325
  } ],
  "illustrations" : [ {
    "identifiant" : 8579471,
    "link" : false,
    "type" : "IMAGE",
    "nom" : {
      "libelleFr" : "13EVT114171_1_HD.jpg"
    },
    "traductionFichiers" : [ {
      "locale" : "fr",
      "url" : "https://static.apidae-tourisme.com/filestore/objets-touristiques/images/16/76/8342544.jpg",
      "urlListe" : "https://static.apidae-tourisme.com/filestore/objets-touristiques/images/16/76/8342544-liste.jpg",
      "urlFiche" : "https://static.apidae-tourisme.com/filestore/objets-touristiques/images/16/76/8342544-fiche.jpg",
      "urlDiaporama" : "https://static.apidae-tourisme.com/filestore/objets-touristiques/images/16/76/8342544-diaporama.jpg",
      "extension" : "jpg",
      "fileName" : "full",
      "taille" : 119910,
      "hauteur" : 600,
      "largeur" : 800,
      "lastModifiedDate" : "2020-07-31T13:17:27.000+0000"
    } ],
    "locked" : false
  }, {
    "identifiant" : 8579472,
    "link" : false,
    "type" : "IMAGE",
    "nom" : {
      "libelleFr" : "13EVT114171_2_HD.jpg"
    },
    "traductionFichiers" : [ {
      "locale" : "fr",
      "url" : "https://static.apidae-tourisme.com/filestore/objets-touristiques/images/17/76/8342545.jpg",
      "urlListe" : "https://static.apidae-tourisme.com/filestore/objets-touristiques/images/17/76/8342545-liste.jpg",
      "urlFiche" : "https://static.apidae-tourisme.com/filestore/objets-touristiques/images/17/76/8342545-fiche.jpg",
      "urlDiaporama" : "https://static.apidae-tourisme.com/filestore/objets-touristiques/images/17/76/8342545-diaporama.jpg",
      "extension" : "jpg",
      "fileName" : "full",
      "taille" : 133334,
      "hauteur" : 600,
      "largeur" : 800,
      "lastModifiedDate" : "2020-07-31T13:17:27.000+0000"
    } ],
    "locked" : false
  } ],
  "territoires" : [ {
    "type" : "TERRITOIRE",
    "id" : 591381
  }, {
    "type" : "TERRITOIRE",
    "id" : 591419
  }, {
    "type" : "TERRITOIRE",
    "id" : 5127066
  }, {
    "type" : "TERRITOIRE",
    "id" : 5427637
  }, {
    "type" : "TERRITOIRE",
    "id" : 5693765
  }, {
    "type" : "TERRITOIRE",
    "id" : 5693899
  }, {
    "type" : "TERRITOIRE",
    "id" : 5853947
  } ],
  "datesOuverture" : [ "2022-10-21", "2022-10-28", "2022-11-04", "2022-11-11", "2022-11-18", "2022-11-25", "2022-12-02", "2022-12-09", "2022-12-16", "2022-12-23", "2022-12-30", "2023-01-06", "2023-01-13", "2023-01-20", "2023-01-27", "2023-02-03", "2023-02-10", "2023-02-17", "2023-02-24", "2023-03-03", "2023-03-10", "2023-03-17", "2023-03-24", "2023-03-31", "2023-04-07", "2023-04-14", "2023-04-21", "2023-04-28", "2023-05-05", "2023-05-12", "2023-05-19", "2023-05-26", "2023-06-02", "2023-06-09", "2023-06-16", "2023-06-23", "2023-06-30", "2023-07-07", "2023-07-14", "2023-07-21", "2023-07-28", "2023-08-04", "2023-08-11", "2023-08-18", "2023-08-25", "2023-09-01", "2023-09-08", "2023-09-15", "2023-09-22", "2023-09-29", "2023-10-06", "2023-10-13", "2023-10-20", "2023-10-27", "2023-11-03", "2023-11-10", "2023-11-17", "2023-11-24", "2023-12-01", "2023-12-08", "2023-12-15", "2023-12-22", "2023-12-29", "2024-01-05", "2024-01-12", "2024-01-19", "2024-01-26", "2024-02-02", "2024-02-09", "2024-02-16", "2024-02-23", "2024-03-01", "2024-03-08", "2024-03-15", "2024-03-22", "2024-03-29", "2024-04-05", "2024-04-12", "2024-04-19", "2024-04-26", "2024-05-03", "2024-05-10", "2024-05-17", "2024-05-24", "2024-05-31", "2024-06-07", "2024-06-14", "2024-06-21", "2024-06-28", "2024-07-05", "2024-07-12", "2024-07-19", "2024-07-26", "2024-08-02", "2024-08-09", "2024-08-16", "2024-08-23", "2024-08-30", "2024-09-06", "2024-09-13", "2024-09-20", "2024-09-27", "2024-10-04", "2024-10-11", "2024-10-18" ],
  "informationsFeteEtManifestation" : {
    "typesManifestation" : [ {
      "elementReferenceType" : "FeteEtManifestationType",
      "id" : 1962
    } ],
    "categories" : [ {
      "elementReferenceType" : "FeteEtManifestationCategorie",
      "id" : 2107
    } ],
    "themes" : [ {
      "elementReferenceType" : "FeteEtManifestationTheme",
      "id" : 2205
    }, {
      "elementReferenceType" : "FeteEtManifestationTheme",
      "id" : 2292
    } ],
    "portee" : {
      "elementReferenceType" : "FeteEtManifestationPortee",
      "id" : 2351
    },
    "nomLieu" : "Centre ville Entressen"
  },
  "formatVersion" : "v002",
  "expiration" : { },
  "enquete" : { },
  "donneesPrivees" : [ {
    "nomTechnique" : "1947_Id_patio",
    "libelleFr" : "Id_Patio",
    "ordre" : 1,
    "descriptif" : {
      "libelleFr" : "13EVT114171"
    }
  }, {
    "nomTechnique" : "1947_Source_patio",
    "libelleFr" : "Source_Patio",
    "ordre" : 2,
    "descriptif" : {
      "libelleFr" : "OT Istres"
    }
  }, {
    "nomTechnique" : "1947_Url_patio",
    "libelleFr" : "URL_Patio",
    "ordre" : 3,
    "descriptif" : {
      "libelleFr" : "http://www.istres.fr"
    }
  } ]
}