{
  "type" : "PATRIMOINE_CULTUREL",
  "id" : 5539438,
  "nom" : {
    "libelleFr" : "Musée des outils agraires et des traditions",
    "libelleEn" : "Museum of agricultural tools and traditions",
    "libelleEs" : "Museo de herramientas y tradiciones agrícolas",
    "libelleIt" : "Musée des outils agraires",
    "libelleDe" : "Museum für landwirtschaftliche Geräte und Traditionen",
    "libelleNl" : "Musée des outils agraires"
  },
  "identifier" : "SITRA2_PCU_5539438",
  "state" : "PUBLISHED",
  "gestion" : {
    "dateCreation" : "2020-05-27T15:08:34.714+0000",
    "dateModification" : "2022-11-04T15:50:57.615+0000",
    "dateExportModification" : "2022-11-04T15:50:57.799+0000",
    "membreProprietaire" : {
      "type" : {
        "elementReferenceType" : "MembreSitraType",
        "id" : 233
      },
      "nom" : "Office de Tourisme Intercommunal de Terre de Provence",
      "dateCreation" : "2020-10-28T10:42:53.102+0000",
      "dateModification" : "2022-10-24T08:49:48.093+0000",
      "id" : 2119
    },
    "signalerUnProblemeMails" : [ "accueil.oti@terredeprovence-agglo.com", "accueil2.oti@terredeprovence-agglo.com", "espaceculturetourisme@orange.fr", "office.tourisme@st-andiol.fr", "office.tourisme@ville-graveson.fr", "ot-culture@maillane.fr", "promotion.oti@terredeprovence-agglo.com", "romain.pascal@ville-graveson.fr", "tourisme@noves.fr", "tourisme@terredeprovence-agglo.com" ]
  },
  "informations" : {
    "moyensCommunication" : [ {
      "identifiant" : 70512202,
      "type" : {
        "elementReferenceType" : "MoyenCommunicationType",
        "id" : 201
      },
      "coordonnees" : {
        "fr" : "04 90 90 11 59"
      }
    }, {
      "identifiant" : 88013200,
      "type" : {
        "elementReferenceType" : "MoyenCommunicationType",
        "id" : 204
      },
      "coordonnees" : {
        "fr" : "culture@chateaurenard.com"
      }
    } ],
    "informationsLegales" : { },
    "structureGestion" : {
      "type" : "STRUCTURE",
      "id" : 5222885
    }
  },
  "presentation" : {
    "descriptifCourt" : {
      "libelleFr" : "Musée situé en centre ville de Châteaurenard.",
      "libelleEn" : "Museum located in the city center of Châteaurenard.",
      "libelleEs" : "Museo situado en el centro de la ciudad de Châteaurenard.",
      "libelleDe" : "Museum im Stadtzentrum von Châteaurenard."
    },
    "descriptifDetaille" : {
      "libelleFr" : "Le musée, écrin coloré, évoque l'évolution de l'agriculture dans la région grâce à une collection d'outils anciens, certains datant du XIXème siècle, servant à la culture maraîchère, viticole et céréalière. Découvrez ces femmes et ces hommes qui tirèrent de la terre et de l'eau le meilleur d'elles-mêmes, leur art de vivre, leurs fêtes, et les traditions.\r\n\r\nRez-de-chaussée + étage : Pas d'ascenseur pour les personnes en fauteuil roulant ou ayant des difficultés à se déplacer.",
      "libelleEn" : "Take a colourful walk through the museum and learn about the development of agriculture in the area, thanks to a collection of ancient tools which were used by cereal farmers, wine makers and market gardeners, some dating back to the 19th century. Find out how these women strived to get the best from land and water, and about their lifestyle, celebrations and traditions.",
      "libelleEs" : "El Museo, verde coloreado, habla sobre la evolución de la agricultura en la región a través de una colección de herramientas, algunos datan del siglo XIX, utilizado para el cultivo de vegetales, vino y grano. Compruebe hacia fuera estas mujeres y los hombres que dispararon la tierra y el agua lo mejor de sí mismos, su estilo de vida, sus fiestas y tradiciones.Planta baja + piso: sin ascensor para personas en sillas de ruedas o con dificultades para moverse.Museo abierto durante las Navidades, mercado libre.",
      "libelleIt" : "Il Museo, verde colorato, racconta l'evoluzione dell'agricoltura nella regione attraverso una raccolta di vecchi strumenti, alcuni risalenti al XIX secolo, utilizzato per la coltivazione di ortaggi, vino e grano. Scopri queste donne e quegli uomini che hanno sparato di terra e acqua il meglio di se stessi, loro stile di vita, loro feste e tradizioni.Piano terra + piano: senza ascensore per persone su sedia a rotelle o con difficoltà a muoversi.Museo è aperto durante le festività natalizie, il libero mercato.",
      "libelleDe" : "Das Museum, grün gefärbt, spricht über die Entwicklung der Landwirtschaft in der Region durch eine Sammlung von alten tools, einige aus bis ins 19. Jahrhundert verwendet, um Gemüse, Wein und Getreide wachsen. Schauen Sie sich diese Frauen und jenen Männern, die Erde gefeuert und Wasser das Beste aus sich selbst, ihren Lebensstil, ihre feste und Traditionen.Erdgeschoss + Floor: kein Aufzug für Menschen im Rollstuhl oder mit Schwierigkeiten zu bewegen.Museum in der Weihnachtszeit, freien Markt geöffnet.",
      "libelleNl" : "Midden in het oude centrum, in een huis met ongepleisterde stenen muren, toont het museum van landbouwwerktuigen de ontwikkeling van de landbouw in de streek, die zijn bestaan dankt aan irrigatie. U vindt er een gevarieerde collectie gerestaureerde oude werktuigen voor de graanbouw, wijnbouw en groenteteelt. Sommige van deze werktuigen dateren uit de negentiende eeuw. Deze gereedschappen van ijzer en hout fungeerden als verlengstuk van de handen van mannen en vrouwen die het beste uit de aarde wisten te halen.\r\nElk jaar worden met een expositie de tradities, gewoonten en vakkennis van de Provence belicht. Expositie 2013: rugby in Châteaurenard."
    }
  },
  "localisation" : {
    "adresse" : {
      "adresse1" : "31 bis Rue Jentelin",
      "codePostal" : "13838",
      "cedex" : "129",
      "commune" : {
        "id" : 4438
      }
    },
    "geolocalisation" : {
      "complement" : {
        "libelleFr" : "Rez-de-chaussée + étage"
      },
      "valide" : true,
      "geoJson" : {
        "type" : "Point",
        "coordinates" : [ 4.855622, 43.883437 ]
      }
    },
    "perimetreGeographique" : [ {
      "id" : 4438
    } ]
  },
  "liens" : { },
  "prestations" : {
    "equipements" : [ {
      "elementReferenceType" : "PrestationEquipement",
      "id" : 1321
    } ],
    "services" : [ {
      "elementReferenceType" : "PrestationService",
      "id" : 687
    }, {
      "elementReferenceType" : "PrestationService",
      "id" : 1190
    } ],
    "animauxAcceptes" : "ACCEPTES",
    "animauxAcceptesSupplement" : "NON_DISPONIBLE",
    "activites" : [ {
      "elementReferenceType" : "PrestationActivite",
      "id" : 652
    } ],
    "languesParlees" : [ {
      "elementReferenceType" : "Langue",
      "id" : 1189
    }, {
      "elementReferenceType" : "Langue",
      "id" : 1192
    }, {
      "elementReferenceType" : "Langue",
      "id" : 1200
    } ],
    "complementAccueil" : {
      "libelleFr" : "Parking public (À proximité : Allées Marcel Jullian, parking souterrain Voltaire).\r\nAccueil possible de 5 personnes à l'étage et 17 au rez-de-chaussée (guide compris).",
      "libelleEn" : "Accessible for disabled",
      "libelleIt" : "Accessibile ai disabili",
      "libelleDe" : "Zugänglich für Behinderte",
      "libelleNl" : "Toegankelijk voor mensen met een handicap"
    },
    "labelsTourismeHandicap" : [ {
      "elementReferenceType" : "LabelTourismeHandicap",
      "id" : 1224
    }, {
      "elementReferenceType" : "LabelTourismeHandicap",
      "id" : 1225
    }, {
      "elementReferenceType" : "LabelTourismeHandicap",
      "id" : 1226
    }, {
      "elementReferenceType" : "LabelTourismeHandicap",
      "id" : 1227
    } ],
    "descriptifHandicapMoteur" : {
      "libelleFr" : "Parking public Auguste Chapelle à 150 mètres, places adaptées. L'accès au musée est de plain-pied malgré la déclivité de la rue. L'étage n'étant accessible seulement par un escalier : les collections de l'étage ont été photographiées et sont diffusées sous forme de vidéo au rez-de-chaussée afin de rendre visible l'ensemble de l'offre. Pas de WC."
    },
    "descriptifHandicapAuditif" : {
      "libelleFr" : "Support écrit d'aide à la visite. Vidéo sous-titrée."
    },
    "descriptifHandicapVisuel" : {
      "libelleFr" : "Parking public Auguste Chapelle à 150 mètres, places adaptées. Des fiches d'aides à la visite sont proposées en gros caractères et sont également transcrites en braille et dans plusieurs langues. Accueil personnalisé."
    },
    "descriptifHandicapMental" : {
      "libelleFr" : "Accueil personnalisé. Aide à la visite."
    },
    "typesClientele" : [ {
      "elementReferenceType" : "TypeClientele",
      "id" : 593
    }, {
      "elementReferenceType" : "TypeClientele",
      "id" : 6486
    } ]
  },
  "ouverture" : {
    "periodeEnClair" : {
      "libelleFr" : "Du 01/04 au 30/09/2023, tous les mercredis, jeudis, vendredis et samedis.\nFermeture exceptionnelle le 1er mai.\nDu Mercredi au Samedi de 10h à 12h et de 15h à 18h.\r\n\r\nPour les fêtes de la Saint Eloi, de la Sainte Madeleine et de la Saint Omer ouverture non-stop le samedi et dimanche.\r\n\r\nJournées Européennes du Patrimoine, Samedi et Dimanche de 10h à 12h et de 15h00 à 18h.\r\n\r\nMusée ouvert pendant le marché de Noël, entrée libre.",
      "libelleEn" : "From 01/04 to 30/09/2023, every Wednesday, Thursday, Friday and Saturday.\nClosed exceptionally on May 1st.\nFrom Wednesday to Saturday from 10 am to 12 am and from 3 pm to 6 pm.\r\n\r\nFor the feasts of Saint Eloi, Saint Madeleine and Saint Omer opening non-stop on Saturday and Sunday.\r\n\r\nEuropean Heritage Days, Saturday and Sunday from 10am to 12pm and from 3pm to 6pm.\r\n\r\nMuseum open during the Christmas market, free entrance.",
      "libelleEs" : "Del 01/04 al 30/09/2023, todos los miércoles, jueves, viernes y sábados.\nSe cierra, excepcionalmente el 1er de mayo.\nDe miércoles a sábado de 10 a 12 y de 15 a 18 horas.\r\n\r\nPara las fiestas de San Eloy, Santa Magdalena y San Omer, apertura ininterrumpida el sábado y el domingo.\r\n\r\nJornadas Europeas de Patrimonio, sábado y domingo de 10 a 12 y de 15 a 18 horas.\r\n\r\nMuseo abierto durante el mercado de Navidad, entrada gratuita.",
      "libelleIt" : "Dal 01/04 al 30/09/2023, tutti i mercoledì, giovedì, venerdì e sabati.\nChiusura eccezionale il 1° maggio.",
      "libelleDe" : "Vom 01/04 bis 30/09/2023, jeden Mittwoch, Donnerstag, Freitag und Samstag.\nAusnahmsweise geschlossen am 1. Mai.\nMittwoch bis Samstag von 10:00 bis 12:00 Uhr und von 15:00 bis 18:00 Uhr.\r\n\r\nAnlässlich der Feiertage Saint Eloi, Sainte Madeleine und Saint Omer samstags und sonntags durchgehend geöffnet.\r\n\r\nEuropäische Tage des Kulturerbes, Samstag und Sonntag von 10:00 bis 12:00 Uhr und von 15:00 bis 18:00 Uhr.\r\n\r\nMuseum während des Weihnachtsmarkts geöffnet, Eintritt frei.",
      "libelleNl" : "Van 01/04 tot en met 30/09/2023, elke woensdag, donderdag, vrijdag en zaterdag.\nBij uitzondering gesloten op 1 mei.",
      "libelleRu" : "С 01/04 до 30/09/2023, каждый среды, четверги, пятницы и субботы.\nВ порядке исключения не работает 1 мая.",
      "libelleZh" : "从 4月1日 到 2023年9月30日, 每星期三, 星期四, 星期五 和 星期六.\n在 5月1日 例外关闭.",
      "libellePtBR" : "De 01/04 a 30/09/2023, todas as quartas-feiras, quintas-feiras, sextas-feiras e sábados.\nFechamento excepcional em 1º de maio.",
      "libelleJa" : "01/04 から 30/09/2023 まで, 毎水曜日, 木曜日, 金曜日 と 土曜日.\n5月1日 は特別休業."
    },
    "periodeEnClairGenerationMode" : "AUTOMATIQUE",
    "indicationsPeriode" : [ {
      "elementReferenceType" : "IndicationPeriode",
      "id" : 416
    }, {
      "elementReferenceType" : "IndicationPeriode",
      "id" : 418
    }, {
      "elementReferenceType" : "IndicationPeriode",
      "id" : 436
    } ],
    "periodesOuvertures" : [ {
      "identifiant" : 20804833,
      "dateDebut" : "2023-04-01",
      "dateFin" : "2023-09-30",
      "complementHoraire" : {
        "libelleFr" : "Du Mercredi au Samedi de 10h à 12h et de 15h à 18h.\r\n\r\nPour les fêtes de la Saint Eloi, de la Sainte Madeleine et de la Saint Omer ouverture non-stop le samedi et dimanche.\r\n\r\nJournées Européennes du Patrimoine, Samedi et Dimanche de 10h à 12h et de 15h00 à 18h.\r\n\r\nMusée ouvert pendant le marché de Noël, entrée libre.",
        "libelleEn" : "From Wednesday to Saturday from 10 am to 12 am and from 3 pm to 6 pm.\r\n\r\nFor the feasts of Saint Eloi, Saint Madeleine and Saint Omer opening non-stop on Saturday and Sunday.\r\n\r\nEuropean Heritage Days, Saturday and Sunday from 10am to 12pm and from 3pm to 6pm.\r\n\r\nMuseum open during the Christmas market, free entrance.",
        "libelleEs" : "De miércoles a sábado de 10 a 12 y de 15 a 18 horas.\r\n\r\nPara las fiestas de San Eloy, Santa Magdalena y San Omer, apertura ininterrumpida el sábado y el domingo.\r\n\r\nJornadas Europeas de Patrimonio, sábado y domingo de 10 a 12 y de 15 a 18 horas.\r\n\r\nMuseo abierto durante el mercado de Navidad, entrada gratuita.",
        "libelleDe" : "Mittwoch bis Samstag von 10:00 bis 12:00 Uhr und von 15:00 bis 18:00 Uhr.\r\n\r\nAnlässlich der Feiertage Saint Eloi, Sainte Madeleine und Saint Omer samstags und sonntags durchgehend geöffnet.\r\n\r\nEuropäische Tage des Kulturerbes, Samstag und Sonntag von 10:00 bis 12:00 Uhr und von 15:00 bis 18:00 Uhr.\r\n\r\nMuseum während des Weihnachtsmarkts geöffnet, Eintritt frei."
      },
      "type" : "OUVERTURE_SEMAINE",
      "tousLesAns" : false,
      "ouverturesJournalieres" : [ {
        "jour" : "MERCREDI"
      }, {
        "jour" : "JEUDI"
      }, {
        "jour" : "VENDREDI"
      }, {
        "jour" : "SAMEDI"
      } ],
      "identifiantTechnique" : 24700360
    } ],
    "fermeturesExceptionnelles" : [ {
      "dateSpeciale" : "PREMIER_MAI"
    } ]
  },
  "descriptionTarif" : {
    "indicationTarif" : "GRATUIT",
    "gratuit" : true,
    "tarifsEnClair" : {
      "libelleFr" : "Gratuit.",
      "libelleEn" : "Free of charge.",
      "libelleEs" : "Gratis.",
      "libelleIt" : "Gratuito.",
      "libelleDe" : "Kostenlos.",
      "libelleNl" : "Gratis.",
      "libelleRu" : "Бесплатно.",
      "libelleZh" : "免费.",
      "libellePtBR" : "Gratuito.",
      "libelleJa" : "無料."
    },
    "tarifsEnClairGenerationMode" : "AUTOMATIQUE",
    "devise" : "EUR",
    "conditions" : { }
  },
  "reservation" : { },
  "criteresInternes" : [ {
    "id" : 16902
  }, {
    "id" : 18002
  } ],
  "contacts" : [ {
    "identifiant" : 19091285,
    "referent" : true,
    "civilite" : {
      "elementReferenceType" : "ContactCivilite",
      "id" : 442
    },
    "nom" : "Schuster",
    "prenom" : "Adeline",
    "titre" : { }
  } ],
  "illustrations" : [ {
    "identifiant" : 12950689,
    "link" : false,
    "type" : "IMAGE",
    "copyright" : {
      "libelleFr" : "© Châteaurenard"
    },
    "traductionFichiers" : [ {
      "locale" : "fr",
      "url" : "https://static.apidae-tourisme.com/filestore/objets-touristiques/images/104/117/13137256.jpg",
      "urlListe" : "https://static.apidae-tourisme.com/filestore/objets-touristiques/images/104/117/13137256-liste.jpg",
      "urlFiche" : "https://static.apidae-tourisme.com/filestore/objets-touristiques/images/104/117/13137256-fiche.jpg",
      "urlDiaporama" : "https://static.apidae-tourisme.com/filestore/objets-touristiques/images/104/117/13137256-diaporama.jpg",
      "extension" : "jpg",
      "fileName" : "Châteaurenard 3",
      "taille" : 2660325,
      "hauteur" : 2000,
      "largeur" : 3008,
      "lastModifiedDate" : "2022-05-04T14:56:56.111+0000"
    } ],
    "locked" : false
  }, {
    "identifiant" : 12950690,
    "link" : false,
    "type" : "IMAGE",
    "copyright" : {
      "libelleFr" : "© Châteaurenard"
    },
    "traductionFichiers" : [ {
      "locale" : "fr",
      "url" : "https://static.apidae-tourisme.com/filestore/objets-touristiques/images/105/117/13137257.jpg",
      "urlListe" : "https://static.apidae-tourisme.com/filestore/objets-touristiques/images/105/117/13137257-liste.jpg",
      "urlFiche" : "https://static.apidae-tourisme.com/filestore/objets-touristiques/images/105/117/13137257-fiche.jpg",
      "urlDiaporama" : "https://static.apidae-tourisme.com/filestore/objets-touristiques/images/105/117/13137257-diaporama.jpg",
      "extension" : "jpg",
      "fileName" : "ChateaurenardMuséeAgraires",
      "taille" : 3419303,
      "hauteur" : 2592,
      "largeur" : 3456,
      "lastModifiedDate" : "2022-05-04T14:56:54.220+0000"
    } ],
    "locked" : false
  }, {
    "identifiant" : 12950693,
    "link" : false,
    "type" : "IMAGE",
    "copyright" : {
      "libelleFr" : "© Châteaurenard"
    },
    "traductionFichiers" : [ {
      "locale" : "fr",
      "url" : "https://static.apidae-tourisme.com/filestore/objets-touristiques/images/108/117/13137260.jpg",
      "urlListe" : "https://static.apidae-tourisme.com/filestore/objets-touristiques/images/108/117/13137260-liste.jpg",
      "urlFiche" : "https://static.apidae-tourisme.com/filestore/objets-touristiques/images/108/117/13137260-fiche.jpg",
      "urlDiaporama" : "https://static.apidae-tourisme.com/filestore/objets-touristiques/images/108/117/13137260-diaporama.jpg",
      "extension" : "jpg",
      "fileName" : "ChateaurenardMuséeAgraires2",
      "taille" : 3363257,
      "hauteur" : 2592,
      "largeur" : 3456,
      "lastModifiedDate" : "2022-05-04T14:56:52.247+0000"
    } ],
    "locked" : false
  }, {
    "identifiant" : 12950695,
    "link" : false,
    "type" : "IMAGE",
    "copyright" : {
      "libelleFr" : "© Châteaurenard"
    },
    "traductionFichiers" : [ {
      "locale" : "fr",
      "url" : "https://static.apidae-tourisme.com/filestore/objets-touristiques/images/110/117/13137262.jpg",
      "urlListe" : "https://static.apidae-tourisme.com/filestore/objets-touristiques/images/110/117/13137262-liste.jpg",
      "urlFiche" : "https://static.apidae-tourisme.com/filestore/objets-touristiques/images/110/117/13137262-fiche.jpg",
      "urlDiaporama" : "https://static.apidae-tourisme.com/filestore/objets-touristiques/images/110/117/13137262-diaporama.jpg",
      "extension" : "jpg",
      "fileName" : "Musee_Outils_Agraires_1",
      "taille" : 3999775,
      "hauteur" : 2592,
      "largeur" : 3456,
      "lastModifiedDate" : "2022-05-04T14:56:50.224+0000"
    } ],
    "locked" : false
  } ],
  "tourismeAffaires" : {
    "tourismeAffairesEnabled" : true,
    "nombreSallesReunionEquipees" : 2,
    "capaciteMaxAccueil" : 40
  },
  "visites" : {
    "languesPanneauInformation" : [ {
      "elementReferenceType" : "Langue",
      "id" : 1197
    } ],
    "visitable" : true
  },
  "territoires" : [ {
    "type" : "TERRITOIRE",
    "id" : 591381
  }, {
    "type" : "TERRITOIRE",
    "id" : 591419
  }, {
    "type" : "TERRITOIRE",
    "id" : 658199
  }, {
    "type" : "TERRITOIRE",
    "id" : 4819487
  }, {
    "type" : "TERRITOIRE",
    "id" : 5127066
  }, {
    "type" : "TERRITOIRE",
    "id" : 5424410
  }, {
    "type" : "TERRITOIRE",
    "id" : 5447176
  }, {
    "type" : "TERRITOIRE",
    "id" : 5693779
  } ],
  "datesOuverture" : [ "2023-04-01", "2023-04-05", "2023-04-06", "2023-04-07", "2023-04-08", "2023-04-12", "2023-04-13", "2023-04-14", "2023-04-15", "2023-04-19", "2023-04-20", "2023-04-21", "2023-04-22", "2023-04-26", "2023-04-27", "2023-04-28", "2023-04-29", "2023-05-03", "2023-05-04", "2023-05-05", "2023-05-06", "2023-05-10", "2023-05-11", "2023-05-12", "2023-05-13", "2023-05-17", "2023-05-18", "2023-05-19", "2023-05-20", "2023-05-24", "2023-05-25", "2023-05-26", "2023-05-27", "2023-05-31", "2023-06-01", "2023-06-02", "2023-06-03", "2023-06-07", "2023-06-08", "2023-06-09", "2023-06-10", "2023-06-14", "2023-06-15", "2023-06-16", "2023-06-17", "2023-06-21", "2023-06-22", "2023-06-23", "2023-06-24", "2023-06-28", "2023-06-29", "2023-06-30", "2023-07-01", "2023-07-05", "2023-07-06", "2023-07-07", "2023-07-08", "2023-07-12", "2023-07-13", "2023-07-14", "2023-07-15", "2023-07-19", "2023-07-20", "2023-07-21", "2023-07-22", "2023-07-26", "2023-07-27", "2023-07-28", "2023-07-29", "2023-08-02", "2023-08-03", "2023-08-04", "2023-08-05", "2023-08-09", "2023-08-10", "2023-08-11", "2023-08-12", "2023-08-16", "2023-08-17", "2023-08-18", "2023-08-19", "2023-08-23", "2023-08-24", "2023-08-25", "2023-08-26", "2023-08-30", "2023-08-31", "2023-09-01", "2023-09-02", "2023-09-06", "2023-09-07", "2023-09-08", "2023-09-09", "2023-09-13", "2023-09-14", "2023-09-15", "2023-09-16", "2023-09-20", "2023-09-21", "2023-09-22", "2023-09-23", "2023-09-27", "2023-09-28", "2023-09-29", "2023-09-30" ],
  "informationsPatrimoineCulturel" : {
    "patrimoineCulturelType" : {
      "elementReferenceType" : "PatrimoineCulturelType",
      "id" : 3201
    },
    "themes" : [ {
      "elementReferenceType" : "PatrimoineCulturelTheme",
      "id" : 3416
    }, {
      "elementReferenceType" : "PatrimoineCulturelTheme",
      "id" : 3428
    } ],
    "categories" : [ {
      "elementReferenceType" : "PatrimoineCulturelCategorie",
      "id" : 3229
    } ]
  },
  "formatVersion" : "v002",
  "expiration" : {
    "dateExpiration" : "2023-12-31T00:00:00.000+0000"
  },
  "informationsPrestataireActivites" : {
    "prestataireActivites" : true
  },
  "enquete" : { },
  "donneesPrivees" : [ {
    "nomTechnique" : "1947_Id_patio",
    "libelleFr" : "Id_Patio",
    "ordre" : 1,
    "descriptif" : {
      "libelleFr" : "13T2001328"
    }
  }, {
    "nomTechnique" : "1947_Source_patio",
    "libelleFr" : "Source_Patio",
    "ordre" : 2,
    "descriptif" : {
      "libelleFr" : "OT Terre de Provence"
    }
  }, {
    "nomTechnique" : "1947_Url_patio",
    "libelleFr" : "URL_Patio",
    "ordre" : 3,
    "descriptif" : {
      "libelleFr" : "http://www.myterredeprovence.fr/"
    }
  } ]
}