{
  "type" : "FETE_ET_MANIFESTATION",
  "id" : 5868121,
  "nom" : {
    "libelleFr" : "Provence & Lumière sur Van Gogh - Avec guide Privé",
    "libelleEn" : "Provence and light on Van Gogh – With private guide"
  },
  "identifier" : "SITRA2_EVE_5868121",
  "state" : "PUBLISHED",
  "gestion" : {
    "dateCreation" : "2021-07-12T10:49:21.805+0000",
    "dateModification" : "2022-09-13T14:15:47.891+0000",
    "dateExportModification" : "2022-09-13T14:16:00.049+0000",
    "membreProprietaire" : {
      "type" : {
        "elementReferenceType" : "MembreSitraType",
        "id" : 233
      },
      "nom" : "Office Métropolitain de tourisme et des congrès de Marseille",
      "dateCreation" : "2017-02-13T09:29:30.842+0000",
      "dateModification" : "2022-10-24T08:49:48.642+0000",
      "id" : 1490,
      "siteWeb" : "http://www.marseille-tourisme.com"
    },
    "signalerUnProblemeMails" : [ "alegrand@marseille-tourisme.com", "hcochet@marseille-tourisme.com", "jorengo@marseille-tourisme.com", "lchavet@marseille-tourisme.com", "mamadier@marseille-tourisme.com", "sbenimeli@marseille-tourisme.com" ]
  },
  "informations" : {
    "moyensCommunication" : [ {
      "identifiant" : 97816640,
      "type" : {
        "elementReferenceType" : "MoyenCommunicationType",
        "id" : 201
      },
      "coordonnees" : {
        "fr" : "+336 76 97 68 83"
      }
    }, {
      "identifiant" : 97816641,
      "type" : {
        "elementReferenceType" : "MoyenCommunicationType",
        "id" : 204
      },
      "coordonnees" : {
        "fr" : "bellepro@wanadoo.fr"
      }
    } ],
    "informationsLegales" : { },
    "structureGestion" : {
      "type" : "STRUCTURE",
      "id" : 5254270
    },
    "structureInformation" : {
      "type" : "STRUCTURE",
      "id" : 5465310
    }
  },
  "presentation" : {
    "descriptifCourt" : {
      "libelleFr" : "Lors de cette excursion vous serez accompagnés par un chauffeur privé et notre guide conférencière professionnelle expérimentée.\n\n \n\nVous aimerez... une journée conviviale centrée sur la vie de Van Gogh et loin des clichés, une guide passionnée par…",
      "libelleEn" : "On this excursion you will be accompanied by a private driver and our experienced professional tour guide.\n\n \n\nYou will like... a convivial day focused on the life of Van Gogh and far from clichés, a guide who is passionate about her work and…"
    },
    "descriptifDetaille" : {
      "libelleFr" : "Vous retrouverez dans le paysage de nature brute des Alpilles les couleurs du sud qui ont tant inspiré les oeuvres du  peintre.\n\nVous visiterez les lieux ayant marqué ses oeuvres et sa vie. A  Arles,  où Van Gogh a peint le spectacle des Arènes et le Pont de Langlois. A Saint Rémy de Provence  où sa chambre  est demeurée intacte à l'hospice Saint Paul de Mausole,  monastère de style roman provençal du XIe siècle.\n\n \n\nEgalement au programme, visites de sites incontournables des Alpilles selon vos souhaits, comme l'Eglise de Saint Rémy de Provence, les Antiques, monuments de la civilisation romaine remarquablement conservés.\n\nVous expérimenterez les produits locaux lors de dégustations sur un marché de producteurs ou dans un moulin à huile.\n\nLe saviez-vous ? \n\nC'est à Saint Rémy de Provence, que se situe la période la plus productive de Van Gogh, il y peint la fameuse toile \"La Nuit étoilée\"\n\n \n\nCette excursion sur les pas de Van Gogh est un cadeau parfait et inoubliable pour vos proches !\n\n Mesures COVID: Toutes les mesures sanitaires sont strictement appliquées",
      "libelleEn" : "You'll find in the raw nature landscape of the Alpilles the colors of the south that inspired the works of the painter.\n\nYou'll visit the places that marked his works and his life. In Arles, where Van Gogh painted the spectacle of the Arena and the “Pont de Langlois”. In Saint Rémy de Provence where his room has remained intact in the “Saint Paul de Mausole” hospice, a Romanesque Provencal monastery from the 11th century.\n\n \n\nAlso on the program, visits to must-see sites of the Alpilles according to your needs, such as the Church of “Saint Rémy de Provence”, the Antiques, monuments of the Roman civilization remarkably preserved.\n\nYou'll experience local products during tastings at a farmer's market or at an oil mill.\n\nDid you know ?\n\nIt's in Saint Rémy de Provence, that is located the most productive period ef Van Gogh, he painted the famous canva “La Nuit étoilée”\n\n \n\nThis excursion on the footstep of Van Gogh is a perfect and unforgettable gift for your loved ones!\n\nCOVID measures : All sanitary measures are strictly applied."
    }
  },
  "localisation" : {
    "adresse" : {
      "adresse1" : "13001 Marseille",
      "codePostal" : "13001",
      "commune" : {
        "id" : 4466
      }
    },
    "geolocalisation" : {
      "complement" : {
        "libelleFr" : "Ville de départ Marseille & villes de Provence, depuis votre lieu d'hébergement ou à votre convenance",
        "libelleEn" : "City of departure Marseille and cities of Provence, from your accomodation or at your convenience."
      },
      "valide" : true,
      "geoJson" : {
        "type" : "Point",
        "coordinates" : [ 5.382180, 43.300800 ]
      }
    },
    "perimetreGeographique" : [ {
      "id" : 4466
    }, {
      "id" : 4531
    } ]
  },
  "liens" : { },
  "prestations" : {
    "animauxAcceptes" : "NON_DISPONIBLE",
    "animauxAcceptesSupplement" : "NON_DISPONIBLE",
    "languesParlees" : [ {
      "elementReferenceType" : "Langue",
      "id" : 1192
    }, {
      "elementReferenceType" : "Langue",
      "id" : 1197
    }, {
      "elementReferenceType" : "Langue",
      "id" : 1200
    } ],
    "complementAccueil" : {
      "libelleFr" : "\nÀ prendre avec soi :\nChaussures confortables \n\nLunettes de soleil \n\nChapeau \n\nCrème solaire \n\nBouteille d'eau\nPrérequis :\nTous types de public : famille, senior, amis, couple, enfants \n\nNiveau de marche : facile\n\nPhotos non contractuelles\nInformations importantes :\nPensez à prendre: chaussures confortables, lunettes de soleil, chapeau, crème solaire, bouteille d'eau\n\nMasque obligatoire dans le véhicule \n\nKit sanitaire à disposition remis par le chauffeur à votre demande",
      "libelleEn" : "\nTo take with you:\nConfortable shoes\n\nSunglasses\n\nHat\n\nSunscreen\n\nWater bottle\nRequirements:\nAll types of public: family, senior, friends, couple, children\n\nWalking level : easy\n\nNon contractual pictures\nImportant information:\nRemember to take : Confortable shoes, Sunglasses, Hat, Sunscreen Water bottle\n\nMandatory mask in the vehicle\n\nHealth kit provided by the driver at your request"
    }
  },
  "ouverture" : {
    "periodeEnClair" : {
      "libelleFr" : "Du 01/01 au 31/12/2022, tous les jours.",
      "libelleEn" : "From 01/01 to 31/12/2022, daily.",
      "libelleEs" : "Del 01/01 al 31/12/2022, todos los dias.",
      "libelleIt" : "Dal 01/01 al 31/12/2022, ogni giorno.",
      "libelleDe" : "Vom 01/01 bis 31/12/2022, täglich.",
      "libelleNl" : "Van 01/01 tot en met 31/12/2022, iedere dag.",
      "libelleRu" : "С 01/01 до 31/12/2022, ежедневно.",
      "libelleZh" : "从 1月1日 到 2022年12月31日, 日常.",
      "libellePtBR" : "De 01/01 a 31/12/2022, todos os dias.",
      "libelleJa" : "01/01 から 31/12/2022 まで, 毎日."
    },
    "periodeEnClairGenerationMode" : "AUTOMATIQUE",
    "indicationsPeriode" : [ {
      "elementReferenceType" : "IndicationPeriode",
      "id" : 416
    }, {
      "elementReferenceType" : "IndicationPeriode",
      "id" : 418
    }, {
      "elementReferenceType" : "IndicationPeriode",
      "id" : 435
    }, {
      "elementReferenceType" : "IndicationPeriode",
      "id" : 436
    } ],
    "periodesOuvertures" : [ {
      "identifiant" : 24276199,
      "dateDebut" : "2022-01-01",
      "dateFin" : "2022-12-31",
      "type" : "OUVERTURE_TOUS_LES_JOURS",
      "tousLesAns" : false,
      "identifiantTechnique" : 24276199
    } ]
  },
  "descriptionTarif" : {
    "indicationTarif" : "PAYANT",
    "gratuit" : false,
    "tarifsEnClair" : {
      "libelleFr" : "Billet minivan : 985,00 EUR",
      "libelleEn" : "Billet minivan : 985,00 EUR"
    },
    "tarifsEnClairGenerationMode" : "MANUEL",
    "complement" : {
      "libelleFr" : "Compris : Transport en mini van \n\nChauffeur privé \n\nGuide conférencière spécialiste de la Provence\n\nElaboration du programme sur mesure \n\nDépart programmé à 09h00 ou à votre convenance.\n\nPéages\n\nCarburant\n\nKit sanitaire (gel hydro alcoolique, mouchoir jetable, masque)\nNon compris : Repas : pique-nique ou restaurant à décider sur place ou en amont de l'excursion \n\nEntrées payantes : Petite participation financière St Paul de Mausole / les Arènes d'Arles\n\nDépenses sur place\n\nPourboire",
      "libelleEn" : "Included: Transport by minivan\n\nPrivate driver\n\nTour guide specialized in Provence\n\nTailor-made program\n\nScheduled departure at 9am or at your convenience\n\nTolls\n\nGas\n\nHealth kit (hydro-alcoholic gel, disposable tissue, mask)\nNot included: Meal : picnic or restaurant, to be decided on the spot or before the excursion\n\nPaying entries : visit of “Saint Paul de Mausole” and “les Arènes d'Arles”\n\nOn-the-spot expenses\n\nTips"
    },
    "devise" : "EUR",
    "conditions" : { }
  },
  "reservation" : {
    "organismes" : [ {
      "identifiant" : 6781287,
      "structureReference" : {
        "type" : "STRUCTURE",
        "id" : 5465310
      },
      "nom" : "Belle Provence Minibus de Luxe",
      "type" : {
        "elementReferenceType" : "ReservationType",
        "id" : 475
      },
      "moyensCommunication" : [ {
        "identifiant" : 103148849,
        "type" : {
          "elementReferenceType" : "MoyenCommunicationType",
          "id" : 205
        },
        "coordonnees" : {
          "fr" : "https://marseilletourisme.regiondo.fr/provence-lumiere-sur-van-gogh-avec-guide"
        }
      } ],
      "locked" : false
    } ]
  },
  "illustrations" : [ {
    "identifiant" : 14024168,
    "link" : false,
    "type" : "IMAGE",
    "nom" : {
      "libelleFr" : "Provence & Lumière sur Van Gogh - Avec guide Privé",
      "libelleEn" : "Provence and light on Van Gogh – With private guide"
    },
    "legende" : {
      "libelleFr" : "Provence & Lumière sur Van Gogh - Avec guide Privé",
      "libelleEn" : "Provence and light on Van Gogh – With private guide"
    },
    "copyright" : {
      "libelleFr" : "Provence & Lumière sur Van Gogh - Avec guide Privé",
      "libelleEn" : "Provence and light on Van Gogh – With private guide"
    },
    "traductionFichiers" : [ {
      "locale" : "fr",
      "url" : "https://static.apidae-tourisme.com/filestore/objets-touristiques/images/78/86/14308942.jpg",
      "urlListe" : "https://static.apidae-tourisme.com/filestore/objets-touristiques/images/78/86/14308942-liste.jpg",
      "urlFiche" : "https://static.apidae-tourisme.com/filestore/objets-touristiques/images/78/86/14308942-fiche.jpg",
      "urlDiaporama" : "https://static.apidae-tourisme.com/filestore/objets-touristiques/images/78/86/14308942-diaporama.jpg",
      "extension" : "jpg",
      "fileName" : "big-ticket-image-60ca0934f19b9308354360-cropped600-400",
      "taille" : 89517,
      "hauteur" : 400,
      "largeur" : 600,
      "lastModifiedDate" : "2022-09-13T14:15:54.779+0000"
    } ],
    "locked" : false,
    "source" : "Regiondo"
  }, {
    "identifiant" : 14024169,
    "link" : false,
    "type" : "IMAGE",
    "nom" : {
      "libelleFr" : "Provence & Lumière sur Van Gogh - Avec guide Privé",
      "libelleEn" : "Provence and light on Van Gogh – With private guide"
    },
    "legende" : {
      "libelleFr" : "Provence & Lumière sur Van Gogh - Avec guide Privé",
      "libelleEn" : "Provence and light on Van Gogh – With private guide"
    },
    "copyright" : {
      "libelleFr" : "Provence & Lumière sur Van Gogh - Avec guide Privé",
      "libelleEn" : "Provence and light on Van Gogh – With private guide"
    },
    "traductionFichiers" : [ {
      "locale" : "fr",
      "url" : "https://static.apidae-tourisme.com/filestore/objets-touristiques/images/79/86/14308943.png",
      "urlListe" : "https://static.apidae-tourisme.com/filestore/objets-touristiques/images/79/86/14308943-liste.png",
      "urlFiche" : "https://static.apidae-tourisme.com/filestore/objets-touristiques/images/79/86/14308943-fiche.png",
      "urlDiaporama" : "https://static.apidae-tourisme.com/filestore/objets-touristiques/images/79/86/14308943-diaporama.png",
      "extension" : "png",
      "fileName" : "big-ticket-image-60ca09f13b3c9652160760-cropped600-400",
      "taille" : 498209,
      "hauteur" : 400,
      "largeur" : 600,
      "lastModifiedDate" : "2022-09-13T14:15:56.076+0000"
    } ],
    "locked" : false,
    "source" : "Regiondo"
  }, {
    "identifiant" : 14024170,
    "link" : false,
    "type" : "IMAGE",
    "nom" : {
      "libelleFr" : "Provence & Lumière sur Van Gogh - Avec guide Privé",
      "libelleEn" : "Provence and light on Van Gogh – With private guide"
    },
    "legende" : {
      "libelleFr" : "Provence & Lumière sur Van Gogh - Avec guide Privé",
      "libelleEn" : "Provence and light on Van Gogh – With private guide"
    },
    "copyright" : {
      "libelleFr" : "Provence & Lumière sur Van Gogh - Avec guide Privé",
      "libelleEn" : "Provence and light on Van Gogh – With private guide"
    },
    "traductionFichiers" : [ {
      "locale" : "fr",
      "url" : "https://static.apidae-tourisme.com/filestore/objets-touristiques/images/80/86/14308944.png",
      "urlListe" : "https://static.apidae-tourisme.com/filestore/objets-touristiques/images/80/86/14308944-liste.png",
      "urlFiche" : "https://static.apidae-tourisme.com/filestore/objets-touristiques/images/80/86/14308944-fiche.png",
      "urlDiaporama" : "https://static.apidae-tourisme.com/filestore/objets-touristiques/images/80/86/14308944-diaporama.png",
      "extension" : "png",
      "fileName" : "big-ticket-image-60ca0a1e2c2e2547145590-cropped600-400",
      "taille" : 606371,
      "hauteur" : 400,
      "largeur" : 600,
      "lastModifiedDate" : "2022-09-13T14:15:55.204+0000"
    } ],
    "locked" : false,
    "source" : "Regiondo"
  }, {
    "identifiant" : 14024171,
    "link" : false,
    "type" : "IMAGE",
    "nom" : {
      "libelleFr" : "Provence & Lumière sur Van Gogh - Avec guide Privé",
      "libelleEn" : "Provence and light on Van Gogh – With private guide"
    },
    "legende" : {
      "libelleFr" : "Provence & Lumière sur Van Gogh - Avec guide Privé",
      "libelleEn" : "Provence and light on Van Gogh – With private guide"
    },
    "copyright" : {
      "libelleFr" : "Provence & Lumière sur Van Gogh - Avec guide Privé",
      "libelleEn" : "Provence and light on Van Gogh – With private guide"
    },
    "traductionFichiers" : [ {
      "locale" : "fr",
      "url" : "https://static.apidae-tourisme.com/filestore/objets-touristiques/images/81/86/14308945.png",
      "urlListe" : "https://static.apidae-tourisme.com/filestore/objets-touristiques/images/81/86/14308945-liste.png",
      "urlFiche" : "https://static.apidae-tourisme.com/filestore/objets-touristiques/images/81/86/14308945-fiche.png",
      "urlDiaporama" : "https://static.apidae-tourisme.com/filestore/objets-touristiques/images/81/86/14308945-diaporama.png",
      "extension" : "png",
      "fileName" : "big-ticket-image-60ca0d36b5a5d248641962-cropped600-400",
      "taille" : 551506,
      "hauteur" : 400,
      "largeur" : 600,
      "lastModifiedDate" : "2022-09-13T14:15:51.876+0000"
    } ],
    "locked" : false,
    "source" : "Regiondo"
  }, {
    "identifiant" : 14024172,
    "link" : false,
    "type" : "IMAGE",
    "nom" : {
      "libelleFr" : "Provence & Lumière sur Van Gogh - Avec guide Privé",
      "libelleEn" : "Provence and light on Van Gogh – With private guide"
    },
    "legende" : {
      "libelleFr" : "Provence & Lumière sur Van Gogh - Avec guide Privé",
      "libelleEn" : "Provence and light on Van Gogh – With private guide"
    },
    "copyright" : {
      "libelleFr" : "Provence & Lumière sur Van Gogh - Avec guide Privé",
      "libelleEn" : "Provence and light on Van Gogh – With private guide"
    },
    "traductionFichiers" : [ {
      "locale" : "fr",
      "url" : "https://static.apidae-tourisme.com/filestore/objets-touristiques/images/82/86/14308946.png",
      "urlListe" : "https://static.apidae-tourisme.com/filestore/objets-touristiques/images/82/86/14308946-liste.png",
      "urlFiche" : "https://static.apidae-tourisme.com/filestore/objets-touristiques/images/82/86/14308946-fiche.png",
      "urlDiaporama" : "https://static.apidae-tourisme.com/filestore/objets-touristiques/images/82/86/14308946-diaporama.png",
      "extension" : "png",
      "fileName" : "big-ticket-image-60ca099bd3360008975349-cropped600-400",
      "taille" : 430872,
      "hauteur" : 400,
      "largeur" : 600,
      "lastModifiedDate" : "2022-09-13T14:15:50.772+0000"
    } ],
    "locked" : false,
    "source" : "Regiondo"
  }, {
    "identifiant" : 14024173,
    "link" : false,
    "type" : "IMAGE",
    "nom" : {
      "libelleFr" : "Provence & Lumière sur Van Gogh - Avec guide Privé",
      "libelleEn" : "Provence and light on Van Gogh – With private guide"
    },
    "legende" : {
      "libelleFr" : "Provence & Lumière sur Van Gogh - Avec guide Privé",
      "libelleEn" : "Provence and light on Van Gogh – With private guide"
    },
    "copyright" : {
      "libelleFr" : "Provence & Lumière sur Van Gogh - Avec guide Privé",
      "libelleEn" : "Provence and light on Van Gogh – With private guide"
    },
    "traductionFichiers" : [ {
      "locale" : "fr",
      "url" : "https://static.apidae-tourisme.com/filestore/objets-touristiques/images/83/86/14308947.png",
      "urlListe" : "https://static.apidae-tourisme.com/filestore/objets-touristiques/images/83/86/14308947-liste.png",
      "urlFiche" : "https://static.apidae-tourisme.com/filestore/objets-touristiques/images/83/86/14308947-fiche.png",
      "urlDiaporama" : "https://static.apidae-tourisme.com/filestore/objets-touristiques/images/83/86/14308947-diaporama.png",
      "extension" : "png",
      "fileName" : "big-ticket-image-60ca0a3bbc14e999675497-cropped600-400",
      "taille" : 490376,
      "hauteur" : 400,
      "largeur" : 600,
      "lastModifiedDate" : "2022-09-13T14:15:53.792+0000"
    } ],
    "locked" : false,
    "source" : "Regiondo"
  }, {
    "identifiant" : 14024174,
    "link" : false,
    "type" : "IMAGE",
    "nom" : {
      "libelleFr" : "Provence & Lumière sur Van Gogh - Avec guide Privé",
      "libelleEn" : "Provence and light on Van Gogh – With private guide"
    },
    "legende" : {
      "libelleFr" : "Provence & Lumière sur Van Gogh - Avec guide Privé",
      "libelleEn" : "Provence and light on Van Gogh – With private guide"
    },
    "copyright" : {
      "libelleFr" : "Provence & Lumière sur Van Gogh - Avec guide Privé",
      "libelleEn" : "Provence and light on Van Gogh – With private guide"
    },
    "traductionFichiers" : [ {
      "locale" : "fr",
      "url" : "https://static.apidae-tourisme.com/filestore/objets-touristiques/images/84/86/14308948.png",
      "urlListe" : "https://static.apidae-tourisme.com/filestore/objets-touristiques/images/84/86/14308948-liste.png",
      "urlFiche" : "https://static.apidae-tourisme.com/filestore/objets-touristiques/images/84/86/14308948-fiche.png",
      "urlDiaporama" : "https://static.apidae-tourisme.com/filestore/objets-touristiques/images/84/86/14308948-diaporama.png",
      "extension" : "png",
      "fileName" : "big-ticket-image-60ca09bdd9e2a520791484-cropped600-400",
      "taille" : 616017,
      "hauteur" : 400,
      "largeur" : 600,
      "lastModifiedDate" : "2022-09-13T14:15:52.847+0000"
    } ],
    "locked" : false,
    "source" : "Regiondo"
  }, {
    "identifiant" : 14024175,
    "link" : false,
    "type" : "IMAGE",
    "nom" : {
      "libelleFr" : "Provence & Lumière sur Van Gogh - Avec guide Privé",
      "libelleEn" : "Provence and light on Van Gogh – With private guide"
    },
    "legende" : {
      "libelleFr" : "Provence & Lumière sur Van Gogh - Avec guide Privé",
      "libelleEn" : "Provence and light on Van Gogh – With private guide"
    },
    "copyright" : {
      "libelleFr" : "Provence & Lumière sur Van Gogh - Avec guide Privé",
      "libelleEn" : "Provence and light on Van Gogh – With private guide"
    },
    "traductionFichiers" : [ {
      "locale" : "fr",
      "url" : "https://static.apidae-tourisme.com/filestore/objets-touristiques/images/85/86/14308949.png",
      "urlListe" : "https://static.apidae-tourisme.com/filestore/objets-touristiques/images/85/86/14308949-liste.png",
      "urlFiche" : "https://static.apidae-tourisme.com/filestore/objets-touristiques/images/85/86/14308949-fiche.png",
      "urlDiaporama" : "https://static.apidae-tourisme.com/filestore/objets-touristiques/images/85/86/14308949-diaporama.png",
      "extension" : "png",
      "fileName" : "big-ticket-image-60ca0a7db1e01652420712-cropped600-400",
      "taille" : 507345,
      "hauteur" : 400,
      "largeur" : 600,
      "lastModifiedDate" : "2022-09-13T14:15:57.681+0000"
    } ],
    "locked" : false,
    "source" : "Regiondo"
  }, {
    "identifiant" : 14024176,
    "link" : false,
    "type" : "IMAGE",
    "nom" : {
      "libelleFr" : "Provence & Lumière sur Van Gogh - Avec guide Privé",
      "libelleEn" : "Provence and light on Van Gogh – With private guide"
    },
    "legende" : {
      "libelleFr" : "Provence & Lumière sur Van Gogh - Avec guide Privé",
      "libelleEn" : "Provence and light on Van Gogh – With private guide"
    },
    "copyright" : {
      "libelleFr" : "Provence & Lumière sur Van Gogh - Avec guide Privé",
      "libelleEn" : "Provence and light on Van Gogh – With private guide"
    },
    "traductionFichiers" : [ {
      "locale" : "fr",
      "url" : "https://static.apidae-tourisme.com/filestore/objets-touristiques/images/86/86/14308950.jpg",
      "urlListe" : "https://static.apidae-tourisme.com/filestore/objets-touristiques/images/86/86/14308950-liste.jpg",
      "urlFiche" : "https://static.apidae-tourisme.com/filestore/objets-touristiques/images/86/86/14308950-fiche.jpg",
      "urlDiaporama" : "https://static.apidae-tourisme.com/filestore/objets-touristiques/images/86/86/14308950-diaporama.jpg",
      "extension" : "jpg",
      "fileName" : "big-ticket-image-60ca094dc7328656466085-cropped600-400",
      "taille" : 207939,
      "hauteur" : 400,
      "largeur" : 600,
      "lastModifiedDate" : "2022-09-13T14:15:57.179+0000"
    } ],
    "locked" : false,
    "source" : "Regiondo"
  }, {
    "identifiant" : 14024177,
    "link" : false,
    "type" : "IMAGE",
    "nom" : {
      "libelleFr" : "Provence & Lumière sur Van Gogh - Avec guide Privé",
      "libelleEn" : "Provence and light on Van Gogh – With private guide"
    },
    "legende" : {
      "libelleFr" : "Provence & Lumière sur Van Gogh - Avec guide Privé",
      "libelleEn" : "Provence and light on Van Gogh – With private guide"
    },
    "copyright" : {
      "libelleFr" : "Provence & Lumière sur Van Gogh - Avec guide Privé",
      "libelleEn" : "Provence and light on Van Gogh – With private guide"
    },
    "traductionFichiers" : [ {
      "locale" : "fr",
      "url" : "https://static.apidae-tourisme.com/filestore/objets-touristiques/images/87/86/14308951.jpg",
      "urlListe" : "https://static.apidae-tourisme.com/filestore/objets-touristiques/images/87/86/14308951-liste.jpg",
      "urlFiche" : "https://static.apidae-tourisme.com/filestore/objets-touristiques/images/87/86/14308951-fiche.jpg",
      "urlDiaporama" : "https://static.apidae-tourisme.com/filestore/objets-touristiques/images/87/86/14308951-diaporama.jpg",
      "extension" : "jpg",
      "fileName" : "big-ticket-image-60ca096984fca050412153-cropped600-400",
      "taille" : 106630,
      "hauteur" : 400,
      "largeur" : 600,
      "lastModifiedDate" : "2022-09-13T14:15:59.076+0000"
    } ],
    "locked" : false,
    "source" : "Regiondo"
  }, {
    "identifiant" : 14024178,
    "link" : false,
    "type" : "IMAGE",
    "nom" : {
      "libelleFr" : "Provence & Lumière sur Van Gogh - Avec guide Privé",
      "libelleEn" : "Provence and light on Van Gogh – With private guide"
    },
    "legende" : {
      "libelleFr" : "Provence & Lumière sur Van Gogh - Avec guide Privé",
      "libelleEn" : "Provence and light on Van Gogh – With private guide"
    },
    "copyright" : {
      "libelleFr" : "Provence & Lumière sur Van Gogh - Avec guide Privé",
      "libelleEn" : "Provence and light on Van Gogh – With private guide"
    },
    "traductionFichiers" : [ {
      "locale" : "fr",
      "url" : "https://static.apidae-tourisme.com/filestore/objets-touristiques/images/88/86/14308952.jpg",
      "urlListe" : "https://static.apidae-tourisme.com/filestore/objets-touristiques/images/88/86/14308952-liste.jpg",
      "urlFiche" : "https://static.apidae-tourisme.com/filestore/objets-touristiques/images/88/86/14308952-fiche.jpg",
      "urlDiaporama" : "https://static.apidae-tourisme.com/filestore/objets-touristiques/images/88/86/14308952-diaporama.jpg",
      "extension" : "jpg",
      "fileName" : "big-ticket-image-60ca0988692c9658762165-cropped600-400",
      "taille" : 149173,
      "hauteur" : 400,
      "largeur" : 600,
      "lastModifiedDate" : "2022-09-13T14:15:58.769+0000"
    } ],
    "locked" : false,
    "source" : "Regiondo"
  } ],
  "territoires" : [ {
    "type" : "TERRITOIRE",
    "id" : 591381
  }, {
    "type" : "TERRITOIRE",
    "id" : 591419
  }, {
    "type" : "TERRITOIRE",
    "id" : 5127066
  }, {
    "type" : "TERRITOIRE",
    "id" : 5427637
  }, {
    "type" : "TERRITOIRE",
    "id" : 5460436
  }, {
    "type" : "TERRITOIRE",
    "id" : 5693758
  }, {
    "type" : "TERRITOIRE",
    "id" : 5693878
  }, {
    "type" : "TERRITOIRE",
    "id" : 5693903
  }, {
    "type" : "TERRITOIRE",
    "id" : 6008197
  } ],
  "datesOuverture" : [ "2022-10-19", "2022-10-20", "2022-10-21", "2022-10-22", "2022-10-23", "2022-10-24", "2022-10-25", "2022-10-26", "2022-10-27", "2022-10-28", "2022-10-29", "2022-10-30", "2022-10-31", "2022-11-01", "2022-11-02", "2022-11-03", "2022-11-04", "2022-11-05", "2022-11-06", "2022-11-07", "2022-11-08", "2022-11-09", "2022-11-10", "2022-11-11", "2022-11-12", "2022-11-13", "2022-11-14", "2022-11-15", "2022-11-16", "2022-11-17", "2022-11-18", "2022-11-19", "2022-11-20", "2022-11-21", "2022-11-22", "2022-11-23", "2022-11-24", "2022-11-25", "2022-11-26", "2022-11-27", "2022-11-28", "2022-11-29", "2022-11-30", "2022-12-01", "2022-12-02", "2022-12-03", "2022-12-04", "2022-12-05", "2022-12-06", "2022-12-07", "2022-12-08", "2022-12-09", "2022-12-10", "2022-12-11", "2022-12-12", "2022-12-13", "2022-12-14", "2022-12-15", "2022-12-16", "2022-12-17", "2022-12-18", "2022-12-19", "2022-12-20", "2022-12-21", "2022-12-22", "2022-12-23", "2022-12-24", "2022-12-25", "2022-12-26", "2022-12-27", "2022-12-28", "2022-12-29", "2022-12-30", "2022-12-31" ],
  "informationsFeteEtManifestation" : {
    "typesManifestation" : [ {
      "elementReferenceType" : "FeteEtManifestationType",
      "id" : 1958
    } ],
    "categories" : [ {
      "elementReferenceType" : "FeteEtManifestationCategorie",
      "id" : 2101
    } ],
    "themes" : [ {
      "elementReferenceType" : "FeteEtManifestationTheme",
      "id" : 2129
    }, {
      "elementReferenceType" : "FeteEtManifestationTheme",
      "id" : 2162
    }, {
      "elementReferenceType" : "FeteEtManifestationTheme",
      "id" : 2168
    } ],
    "portee" : {
      "elementReferenceType" : "FeteEtManifestationPortee",
      "id" : 2351
    }
  },
  "formatVersion" : "v002",
  "expiration" : {
    "dateExpiration" : "2022-12-31T00:00:00.000+0000",
    "expirationAction" : "MASQUER"
  },
  "enquete" : { },
  "metadonnees" : [ {
    "noeudId" : "regiondo-paca",
    "contenus" : [ {
      "cible" : "general",
      "metadonnee" : {
        "product_id" : "181114",
        "product_supplier_id" : "38034",
        "sku" : "T-BE148-194877",
        "source" : "Marseille"
      }
    } ]
  } ]
}