{
  "type" : "PATRIMOINE_CULTUREL",
  "id" : 5538367,
  "nom" : {
    "libelleFr" : "Château de Montauban",
    "libelleEn" : "Montauban Castle",
    "libelleEs" : "Castillo de Montauban",
    "libelleIt" : "Château de Montauban",
    "libelleDe" : "Schloss Montauban",
    "libelleNl" : "Château de Montauban"
  },
  "identifier" : "SITRA2_PCU_5538367",
  "state" : "PUBLISHED",
  "gestion" : {
    "dateCreation" : "2020-05-26T17:29:45.791+0000",
    "dateModification" : "2022-09-28T09:36:23.947+0000",
    "dateExportModification" : "2022-09-28T09:36:24.131+0000",
    "membreProprietaire" : {
      "type" : {
        "elementReferenceType" : "MembreSitraType",
        "id" : 233
      },
      "nom" : "Régie Tourisme de la CC Vallée Des Baux-Alpilles",
      "dateCreation" : "2020-09-21T13:49:42.365+0000",
      "dateModification" : "2022-10-24T08:49:50.520+0000",
      "id" : 2081
    },
    "signalerUnProblemeMails" : [ "fontvieille@alpillesenprovence.com", "mouries@alpillesenprovence.com", "web@alpillesenprovence.com" ]
  },
  "informations" : {
    "moyensCommunication" : [ {
      "identifiant" : 79628736,
      "type" : {
        "elementReferenceType" : "MoyenCommunicationType",
        "id" : 201
      },
      "coordonnees" : {
        "fr" : "04 90 54 75 12",
        "en" : "00 33 4 90 54 75 12",
        "de" : "00 33 4 90 54 75 12"
      }
    }, {
      "identifiant" : 79628737,
      "type" : {
        "elementReferenceType" : "MoyenCommunicationType",
        "id" : 204
      },
      "coordonnees" : {
        "fr" : "chateaudemontauban@fontvieille.fr",
        "en" : "chateaudemontauban@fontvieille.fr",
        "de" : "chateaudemontauban@fontvieille.fr"
      }
    }, {
      "identifiant" : 70514780,
      "type" : {
        "elementReferenceType" : "MoyenCommunicationType",
        "id" : 204
      },
      "coordonnees" : {
        "fr" : "fontvieille@alpillesenprovence.com",
        "en" : "fontvieille@alpillesenprovence.com",
        "de" : "fontvieille@alpillesenprovence.com"
      }
    }, {
      "identifiant" : 70514778,
      "type" : {
        "elementReferenceType" : "MoyenCommunicationType",
        "id" : 201
      },
      "coordonnees" : {
        "fr" : "04 90 54 67 49",
        "en" : "00 33 4 90 54 67 49",
        "de" : "00 33 4 90 54 67 49"
      }
    } ],
    "informationsLegales" : { },
    "structureGestion" : {
      "type" : "STRUCTURE",
      "id" : 5226324
    },
    "structureInformation" : {
      "type" : "STRUCTURE",
      "id" : 5223773
    }
  },
  "presentation" : {
    "descriptifCourt" : {
      "libelleFr" : "Cette belle demeure fut avant tout un lieu de repos et d'inspiration pour Alphonse Daudet. Le musée propose une préfiguration d'un vaste projet et présente l'exposition permanente sur les découvertes archéologiques médiévales du territoire.",
      "libelleEn" : "This beautiful residence was above all a place of rest and inspiration for Alphonse Daudet. The museum offers a prefiguration of a vast project and presents the permanent exhibition on the medieval archaeological discoveries of the area.",
      "libelleEs" : "Esta hermosa residencia fue sobre todo un lugar de descanso e inspiración para Alphonse Daudet. El museo ofrece una prefiguración de un vasto proyecto y presenta la exposición permanente sobre los descubrimientos arqueológicos medievales de la zona.",
      "libelleDe" : "Dieser schöne Wohnsitz war vor allem ein Ort der Ruhe und Inspiration für Alphonse Daudet. Das Museum bietet einen Vorgeschmack auf ein umfangreiches Projekt und präsentiert die Dauerausstellung über die mittelalterlichen archäologischen Entdeckungen der Region."
    },
    "descriptifDetaille" : {
      "libelleFr" : "Cette demeure, décor de bon nombre de romans d'Alphonse Daudet, fut avant tout un lieu de calme et de repos pour l'auteur : “Maison bénie, que de fois je suis venu là, me reprendre à la nature, me guérir de Paris et de ses fièvres...”.\r\nCette superbe bâtisse, composée d'une façade monumentale du XIXe siècle accolée à un mas du XVIIIe siècle, était la demeure de la famille Ambroy qui accueillit l'auteur lors de ses séjours en Provence. Daudet y fît des passages réguliers avec son épouse Julia à partir de 1863, sur invitation de ses cousins.\r\nDevenu centre muséal dédié à l'histoire du village, le château de Montauban présente la préfiguration d'un vaste projet culturel dans lequel s'inscrit déjà l'exposition permanente sur les découvertes archéologiques médiévales du territoire, Exposition permanente : \"Fontvieille, détour par le Moyen Âge\"\r\n\r\nProgramme 2022 :\r\n\r\nExposition temporaire de photos \"Arménie\" par Michel Lacanaud",
      "libelleEn" : "This house, the setting for many of Alphonse Daudet's novels, was above all a place of calm and rest for the author: \"Blessed house, how many times I have come here to reconnect with nature, to cure myself of Paris and its fevers...\".\r\nThis superb building, with its monumental 19th century façade adjoining an 18th century farmhouse, was the home of the Ambroy family who welcomed the author during his stays in Provence. Daudet regularly visited the house with his wife Julia from 1863, at the invitation of his cousins.\r\nNow a museum centre dedicated to the history of the village, the Château de Montauban is the forerunner of a vast cultural project which already includes a permanent exhibition on the medieval archaeological discoveries of the area.",
      "libelleEs" : "Esta casa, escenario de muchas de las novelas de Alphonse Daudet, era ante todo un lugar de calma y descanso para el autor: \"Bendita casa, cuántas veces he venido aquí para reencontrarme con la naturaleza, para curarme de París y de sus fiebres...\".\r\nEste magnífico edificio, con su monumental fachada del siglo XIX que linda con una granja del siglo XVIII, fue el hogar de la familia Ambroy que acogió al autor durante sus estancias en la Provenza. Daudet visitó regularmente la casa con su esposa Julia a partir de 1863, por invitación de sus primos.\r\nConvertido en un centro museístico dedicado a la historia del pueblo, el Château de Montauban es el precursor de un vasto proyecto cultural que ya incluye una exposición permanente sobre los descubrimientos arqueológicos medievales de la zona, Exposición permanente: \"Fontvieille, desvíos a través de la Edad Media\".",
      "libelleDe" : "Dieses Haus, das Schauplatz zahlreicher Romane von Alphonse Daudet ist, war für den Schriftsteller vor allem ein Ort der Ruhe und Erholung: \"Gesegnetes Haus, wie oft bin ich hierher gekommen, um mich mit der Natur zu verbinden, um mich von Paris und seinem Fieber zu heilen...\".\r\nDieses prächtige Gebäude mit seiner monumentalen Fassade aus dem 19. Jahrhundert, das an ein Bauernhaus aus dem 18. Jahrhundert angrenzt, war das Haus der Familie Ambroy, die den Schriftsteller während seiner Aufenthalte in der Provence empfing. Daudet besuchte das Haus ab 1863 regelmäßig mit seiner Frau Julia auf Einladung seiner Cousins.\r\nDas Château de Montauban, das heute ein der Geschichte des Dorfes gewidmetes Museumszentrum ist, ist der Vorläufer eines umfassenden Kulturprojekts, das bereits eine Dauerausstellung über die mittelalterlichen archäologischen Funde der Region umfasst."
    }
  },
  "localisation" : {
    "adresse" : {
      "adresse1" : "Chemin Montauban",
      "codePostal" : "13990",
      "bureauDistribution" : "FONTVIEILLE",
      "commune" : {
        "id" : 4449
      }
    },
    "geolocalisation" : {
      "valide" : true,
      "geoJson" : {
        "type" : "Point",
        "coordinates" : [ 4.713982, 43.726073 ]
      }
    },
    "perimetreGeographique" : [ {
      "id" : 4449
    } ]
  },
  "liens" : {
    "liensObjetsTouristiquesTypes" : [ {
      "type" : "SUR_PLACE",
      "libelleFr" : "Sur place",
      "libelleEn" : "On the premises",
      "libelleEs" : "In situ",
      "libelleIt" : "Sul posto",
      "libelleDe" : "Vor Ort",
      "libelleNl" : "Ter plaatse",
      "libelleRu" : "На месте",
      "libelleZh" : "堂食",
      "libellePtBR" : "No local",
      "libelleJa" : "現地で",
      "objetTouristique" : {
        "type" : "PATRIMOINE_CULTUREL",
        "id" : 5543245
      }
    }, {
      "type" : "SUR_PLACE",
      "libelleFr" : "Sur place",
      "libelleEn" : "On the premises",
      "libelleEs" : "In situ",
      "libelleIt" : "Sul posto",
      "libelleDe" : "Vor Ort",
      "libelleNl" : "Ter plaatse",
      "libelleRu" : "На месте",
      "libelleZh" : "堂食",
      "libellePtBR" : "No local",
      "libelleJa" : "現地で",
      "objetTouristique" : {
        "type" : "PATRIMOINE_CULTUREL",
        "id" : 5539622
      }
    } ]
  },
  "prestations" : {
    "equipements" : [ {
      "elementReferenceType" : "PrestationEquipement",
      "id" : 972
    } ],
    "services" : [ {
      "elementReferenceType" : "PrestationService",
      "id" : 1190
    } ],
    "animauxAcceptes" : "NON_ACCEPTES",
    "animauxAcceptesSupplement" : "NON_DISPONIBLE",
    "activites" : [ {
      "elementReferenceType" : "PrestationActivite",
      "id" : 611
    }, {
      "elementReferenceType" : "PrestationActivite",
      "id" : 652
    }, {
      "elementReferenceType" : "PrestationActivite",
      "id" : 750
    }, {
      "elementReferenceType" : "PrestationActivite",
      "id" : 6032
    } ],
    "complementAccueil" : {
      "libelleFr" : "Accessible pour handicapés\r\nParking public",
      "libelleEn" : "Accessible for disabled",
      "libelleIt" : "Accessibile ai disabili",
      "libelleDe" : "Zugänglich für Behinderte",
      "libelleNl" : "Toegankelijk voor mensen met een handicap"
    },
    "typesClientele" : [ {
      "elementReferenceType" : "TypeClientele",
      "id" : 593
    }, {
      "elementReferenceType" : "TypeClientele",
      "id" : 596
    } ]
  },
  "ouverture" : {
    "periodeEnClair" : {
      "libelleFr" : "Du 02/06 au 25/09.\nFermé lundi et mardi.\nDu mercredi au dimanche 10h-13h / 14h30 - 18h.",
      "libelleEn" : "From 02/06 to 25/09.\nClosed Monday and Tuesday.\nWednesday to Sunday 10am-1pm / 2.30pm-6pm.",
      "libelleEs" : "Del 02/06 al 25/09.\nCerrado lunes y martes.\nDe miércoles a domingo, de 10:00 a 13:00 h. y de 14:30 a 18:00 h.",
      "libelleIt" : "Dal 02/06 al 25/09.\nChiuso lunedì e martedì.",
      "libelleDe" : "Vom 02/06 bis 25/09.\nMontag und Dienstag geschlossen.\nMittwoch bis Sonntag 10h-13h / 14h30 - 18h.",
      "libelleNl" : "Van 02/06 tot en met 25/09.\nMaandag en dinsdag gesloten.",
      "libelleRu" : "С 02/06 до 25/09.\nНе работает понедельник и вторник.",
      "libelleZh" : "从 6月2日 到 9月25日.\n星期一 和 星期二 关闭.",
      "libellePtBR" : "De 02/06 a 25/09.\nFechado em segunda-feira e terça-feira.",
      "libelleJa" : "02/06 から 25/09 まで.\n月曜日 と 火曜日 は休み."
    },
    "periodeEnClairGenerationMode" : "AUTOMATIQUE",
    "indicationsPeriode" : [ {
      "elementReferenceType" : "IndicationPeriode",
      "id" : 416
    }, {
      "elementReferenceType" : "IndicationPeriode",
      "id" : 418
    }, {
      "elementReferenceType" : "IndicationPeriode",
      "id" : 435
    }, {
      "elementReferenceType" : "IndicationPeriode",
      "id" : 436
    } ],
    "periodesOuvertures" : [ {
      "identifiant" : 19757847,
      "dateDebut" : "2021-06-02",
      "dateFin" : "2022-09-25",
      "complementHoraire" : {
        "libelleFr" : "Du mercredi au dimanche 10h-13h / 14h30 - 18h.",
        "libelleEn" : "Wednesday to Sunday 10am-1pm / 2.30pm-6pm.",
        "libelleEs" : "De miércoles a domingo, de 10:00 a 13:00 h. y de 14:30 a 18:00 h.",
        "libelleDe" : "Mittwoch bis Sonntag 10h-13h / 14h30 - 18h."
      },
      "type" : "OUVERTURE_SAUF",
      "tousLesAns" : true,
      "ouverturesJournalieres" : [ {
        "jour" : "LUNDI"
      }, {
        "jour" : "MARDI"
      } ],
      "identifiantTechnique" : 24385927
    } ]
  },
  "descriptionTarif" : {
    "indicationTarif" : "PAYANT",
    "gratuit" : false,
    "tarifsEnClair" : {
      "libelleFr" : "Entrée : 5€ / Adulte\r\nEntrée : 3.5€"
    },
    "tarifsEnClairGenerationMode" : "MANUEL",
    "complement" : {
      "libelleFr" : "Entrée : 5€ / Adulte\r\nEntrée : 3.5€",
      "libelleEn" : "Admission: 5€ / Adult\r\nEntrance fee : 3.5€ / Adult",
      "libelleEs" : "Entrada: 5€ / Adulto\r\nEntrada : 3,5€ / Adulto",
      "libelleDe" : "Eintritt: 5€ / Erwachsener\r\nEintritt: 3.5€"
    },
    "devise" : "EUR",
    "conditions" : { }
  },
  "reservation" : { },
  "criteresInternes" : [ {
    "id" : 16775
  }, {
    "id" : 16902
  }, {
    "id" : 18002
  }, {
    "id" : 18428
  } ],
  "contacts" : [ {
    "identifiant" : 17636587,
    "referent" : true,
    "nom" : "MAIRIE DE FONTVIEILLE",
    "fonction" : {
      "elementReferenceType" : "ContactFonction",
      "id" : 459
    },
    "moyensCommunication" : [ {
      "identifiant" : 83236231,
      "type" : {
        "elementReferenceType" : "MoyenCommunicationType",
        "id" : 201
      },
      "coordonnees" : {
        "fr" : "04 90 54 79 027"
      }
    }, {
      "identifiant" : 83236232,
      "type" : {
        "elementReferenceType" : "MoyenCommunicationType",
        "id" : 204
      },
      "coordonnees" : {
        "fr" : "chateaudemontauan@fontvieille.fr"
      }
    } ]
  } ],
  "illustrations" : [ {
    "identifiant" : 13106559,
    "link" : false,
    "type" : "IMAGE",
    "nom" : {
      "libelleFr" : "Ouverture Château de Montauban"
    },
    "copyright" : {
      "libelleFr" : "Mairie Fontvieille"
    },
    "traductionFichiers" : [ {
      "locale" : "fr",
      "url" : "https://static.apidae-tourisme.com/filestore/objets-touristiques/images/82/193/13287762.jpeg",
      "urlListe" : "https://static.apidae-tourisme.com/filestore/objets-touristiques/images/82/193/13287762-liste.jpg",
      "urlFiche" : "https://static.apidae-tourisme.com/filestore/objets-touristiques/images/82/193/13287762-fiche.jpg",
      "urlDiaporama" : "https://static.apidae-tourisme.com/filestore/objets-touristiques/images/82/193/13287762-diaporama.jpg",
      "extension" : "jpeg",
      "fileName" : "Ouverture Cha^teau Fontvieille (003)",
      "taille" : 204819,
      "hauteur" : 1440,
      "largeur" : 1028,
      "lastModifiedDate" : "2022-05-25T13:53:16.413+0000"
    } ],
    "locked" : false
  }, {
    "identifiant" : 8855842,
    "link" : false,
    "type" : "IMAGE",
    "nom" : {
      "libelleFr" : "13T2000110_1_HD.jpg"
    },
    "copyright" : {
      "libelleFr" : "OT Fontvieille"
    },
    "traductionFichiers" : [ {
      "locale" : "fr",
      "url" : "https://static.apidae-tourisme.com/filestore/objets-touristiques/images/86/141/8621398.jpg",
      "urlListe" : "https://static.apidae-tourisme.com/filestore/objets-touristiques/images/86/141/8621398-liste.jpg",
      "urlFiche" : "https://static.apidae-tourisme.com/filestore/objets-touristiques/images/86/141/8621398-fiche.jpg",
      "urlDiaporama" : "https://static.apidae-tourisme.com/filestore/objets-touristiques/images/86/141/8621398-diaporama.jpg",
      "extension" : "jpg",
      "fileName" : "full",
      "taille" : 580793,
      "hauteur" : 1440,
      "largeur" : 1920,
      "lastModifiedDate" : "2020-10-02T04:04:57.000+0000"
    } ],
    "locked" : false
  }, {
    "identifiant" : 9117609,
    "link" : false,
    "type" : "IMAGE",
    "nom" : {
      "libelleFr" : "Château de Montauban"
    },
    "legende" : {
      "libelleFr" : "Château de Montauban"
    },
    "copyright" : {
      "libelleFr" : "Bureau d'Information Touristique Fontvieille"
    },
    "traductionFichiers" : [ {
      "locale" : "fr",
      "url" : "https://static.apidae-tourisme.com/filestore/objets-touristiques/images/11/96/8871947.jpg",
      "urlListe" : "https://static.apidae-tourisme.com/filestore/objets-touristiques/images/11/96/8871947-liste.jpg",
      "urlFiche" : "https://static.apidae-tourisme.com/filestore/objets-touristiques/images/11/96/8871947-fiche.jpg",
      "urlDiaporama" : "https://static.apidae-tourisme.com/filestore/objets-touristiques/images/11/96/8871947-diaporama.jpg",
      "extension" : "jpg",
      "fileName" : "Chateau de Montauban 3",
      "taille" : 2615622,
      "hauteur" : 1440,
      "largeur" : 1920,
      "lastModifiedDate" : "2020-11-23T11:01:39.000+0000"
    } ],
    "locked" : false
  }, {
    "identifiant" : 13440183,
    "link" : false,
    "type" : "IMAGE",
    "nom" : {
      "libelleFr" : "Château de Montauban"
    },
    "copyright" : {
      "libelleFr" : "Château de Montauban"
    },
    "traductionFichiers" : [ {
      "locale" : "fr",
      "url" : "https://static.apidae-tourisme.com/filestore/objets-touristiques/images/147/171/13609875.jpg",
      "urlListe" : "https://static.apidae-tourisme.com/filestore/objets-touristiques/images/147/171/13609875-liste.jpg",
      "urlFiche" : "https://static.apidae-tourisme.com/filestore/objets-touristiques/images/147/171/13609875-fiche.jpg",
      "urlDiaporama" : "https://static.apidae-tourisme.com/filestore/objets-touristiques/images/147/171/13609875-diaporama.jpg",
      "extension" : "jpg",
      "fileName" : "Offre groupe Château 1",
      "taille" : 385962,
      "hauteur" : 1196,
      "largeur" : 1600,
      "lastModifiedDate" : "2022-07-11T13:50:03.199+0000"
    } ],
    "locked" : false
  }, {
    "identifiant" : 13440184,
    "link" : false,
    "type" : "IMAGE",
    "nom" : {
      "libelleFr" : "Château de Montauban"
    },
    "copyright" : {
      "libelleFr" : "Château de Montauban"
    },
    "traductionFichiers" : [ {
      "locale" : "fr",
      "url" : "https://static.apidae-tourisme.com/filestore/objets-touristiques/images/148/171/13609876.jpg",
      "urlListe" : "https://static.apidae-tourisme.com/filestore/objets-touristiques/images/148/171/13609876-liste.jpg",
      "urlFiche" : "https://static.apidae-tourisme.com/filestore/objets-touristiques/images/148/171/13609876-fiche.jpg",
      "urlDiaporama" : "https://static.apidae-tourisme.com/filestore/objets-touristiques/images/148/171/13609876-diaporama.jpg",
      "extension" : "jpg",
      "fileName" : "Offre groupe Château 2",
      "taille" : 330891,
      "hauteur" : 1195,
      "largeur" : 1600,
      "lastModifiedDate" : "2022-07-11T13:50:02.426+0000"
    } ],
    "locked" : false
  }, {
    "identifiant" : 13440185,
    "link" : false,
    "type" : "IMAGE",
    "nom" : {
      "libelleFr" : "Château de Montauban"
    },
    "copyright" : {
      "libelleFr" : "Château de Montauban"
    },
    "traductionFichiers" : [ {
      "locale" : "fr",
      "url" : "https://static.apidae-tourisme.com/filestore/objets-touristiques/images/149/171/13609877.jpg",
      "urlListe" : "https://static.apidae-tourisme.com/filestore/objets-touristiques/images/149/171/13609877-liste.jpg",
      "urlFiche" : "https://static.apidae-tourisme.com/filestore/objets-touristiques/images/149/171/13609877-fiche.jpg",
      "urlDiaporama" : "https://static.apidae-tourisme.com/filestore/objets-touristiques/images/149/171/13609877-diaporama.jpg",
      "extension" : "jpg",
      "fileName" : "Offre groupe Château 3",
      "taille" : 260428,
      "hauteur" : 1196,
      "largeur" : 1600,
      "lastModifiedDate" : "2022-07-11T13:50:04.923+0000"
    } ],
    "locked" : false
  }, {
    "identifiant" : 13440186,
    "link" : false,
    "type" : "IMAGE",
    "nom" : {
      "libelleFr" : "Château de Montauban"
    },
    "copyright" : {
      "libelleFr" : "Château de Montauban"
    },
    "traductionFichiers" : [ {
      "locale" : "fr",
      "url" : "https://static.apidae-tourisme.com/filestore/objets-touristiques/images/150/171/13609878.jpg",
      "urlListe" : "https://static.apidae-tourisme.com/filestore/objets-touristiques/images/150/171/13609878-liste.jpg",
      "urlFiche" : "https://static.apidae-tourisme.com/filestore/objets-touristiques/images/150/171/13609878-fiche.jpg",
      "urlDiaporama" : "https://static.apidae-tourisme.com/filestore/objets-touristiques/images/150/171/13609878-diaporama.jpg",
      "extension" : "jpg",
      "fileName" : "Offre groupe Château 4",
      "taille" : 249699,
      "hauteur" : 1197,
      "largeur" : 1600,
      "lastModifiedDate" : "2022-07-11T13:50:04.091+0000"
    } ],
    "locked" : false
  }, {
    "identifiant" : 13440187,
    "link" : false,
    "type" : "IMAGE",
    "nom" : {
      "libelleFr" : "Château de Montauban"
    },
    "copyright" : {
      "libelleFr" : "Château de Montauban"
    },
    "traductionFichiers" : [ {
      "locale" : "fr",
      "url" : "https://static.apidae-tourisme.com/filestore/objets-touristiques/images/151/171/13609879.jpg",
      "urlListe" : "https://static.apidae-tourisme.com/filestore/objets-touristiques/images/151/171/13609879-liste.jpg",
      "urlFiche" : "https://static.apidae-tourisme.com/filestore/objets-touristiques/images/151/171/13609879-fiche.jpg",
      "urlDiaporama" : "https://static.apidae-tourisme.com/filestore/objets-touristiques/images/151/171/13609879-diaporama.jpg",
      "extension" : "jpg",
      "fileName" : "Offre groupe Château 5",
      "taille" : 322989,
      "hauteur" : 1138,
      "largeur" : 1520,
      "lastModifiedDate" : "2022-07-11T13:50:01.615+0000"
    } ],
    "locked" : false
  } ],
  "tourismeAffaires" : {
    "tourismeAffairesEnabled" : true,
    "nombreSallesReunionEquipees" : 4,
    "capaciteMaxAccueil" : 150
  },
  "visites" : {
    "visitable" : false
  },
  "territoires" : [ {
    "type" : "TERRITOIRE",
    "id" : 591381
  }, {
    "type" : "TERRITOIRE",
    "id" : 591419
  }, {
    "type" : "TERRITOIRE",
    "id" : 658199
  }, {
    "type" : "TERRITOIRE",
    "id" : 4819487
  }, {
    "type" : "TERRITOIRE",
    "id" : 4881511
  }, {
    "type" : "TERRITOIRE",
    "id" : 5127066
  }, {
    "type" : "TERRITOIRE",
    "id" : 5427354
  }, {
    "type" : "TERRITOIRE",
    "id" : 5447176
  }, {
    "type" : "TERRITOIRE",
    "id" : 5447185
  } ],
  "datesOuverture" : [ "2022-10-29", "2022-10-30", "2022-11-02", "2022-11-03", "2022-11-04", "2022-11-05", "2022-11-06", "2022-11-09", "2022-11-10", "2022-11-11", "2022-11-12", "2022-11-13", "2022-11-16", "2022-11-17", "2022-11-18", "2022-11-19", "2022-11-20", "2022-11-23", "2022-11-24", "2022-11-25", "2022-11-26", "2022-11-27", "2022-11-30", "2022-12-01", "2022-12-02", "2022-12-03", "2022-12-04", "2022-12-07", "2022-12-08", "2022-12-09", "2022-12-10", "2022-12-11", "2022-12-14", "2022-12-15", "2022-12-16", "2022-12-17", "2022-12-18", "2022-12-21", "2022-12-22", "2022-12-23", "2022-12-24", "2022-12-25", "2022-12-28", "2022-12-29", "2022-12-30", "2022-12-31", "2023-01-01", "2023-01-04", "2023-01-05", "2023-01-06", "2023-01-07", "2023-01-08", "2023-01-11", "2023-01-12", "2023-01-13", "2023-01-14", "2023-01-15", "2023-01-18", "2023-01-19", "2023-01-20", "2023-01-21", "2023-01-22", "2023-01-25", "2023-01-26", "2023-01-27", "2023-01-28", "2023-01-29", "2023-02-01", "2023-02-02", "2023-02-03", "2023-02-04", "2023-02-05", "2023-02-08", "2023-02-09", "2023-02-10", "2023-02-11", "2023-02-12", "2023-02-15", "2023-02-16", "2023-02-17", "2023-02-18", "2023-02-19", "2023-02-22", "2023-02-23", "2023-02-24", "2023-02-25", "2023-02-26", "2023-03-01", "2023-03-02", "2023-03-03", "2023-03-04", "2023-03-05", "2023-03-08", "2023-03-09", "2023-03-10", "2023-03-11", "2023-03-12", "2023-03-15", "2023-03-16", "2023-03-17", "2023-03-18", "2023-03-19", "2023-03-22", "2023-03-23", "2023-03-24", "2023-03-25", "2023-03-26", "2023-03-29", "2023-03-30", "2023-03-31", "2023-04-01", "2023-04-02", "2023-04-05", "2023-04-06", "2023-04-07", "2023-04-08", "2023-04-09", "2023-04-12", "2023-04-13", "2023-04-14", "2023-04-15", "2023-04-16", "2023-04-19", "2023-04-20", "2023-04-21", "2023-04-22", "2023-04-23", "2023-04-26", "2023-04-27", "2023-04-28", "2023-04-29", "2023-04-30", "2023-05-03", "2023-05-04", "2023-05-05", "2023-05-06", "2023-05-07", "2023-05-10", "2023-05-11", "2023-05-12", "2023-05-13", "2023-05-14", "2023-05-17", "2023-05-18", "2023-05-19", "2023-05-20", "2023-05-21", "2023-05-24", "2023-05-25", "2023-05-26", "2023-05-27", "2023-05-28", "2023-05-31", "2023-06-01", "2023-06-02", "2023-06-03", "2023-06-04", "2023-06-07", "2023-06-08", "2023-06-09", "2023-06-10", "2023-06-11", "2023-06-14", "2023-06-15", "2023-06-16", "2023-06-17", "2023-06-18", "2023-06-21", "2023-06-22", "2023-06-23", "2023-06-24", "2023-06-25", "2023-06-28", "2023-06-29", "2023-06-30", "2023-07-01", "2023-07-02", "2023-07-05", "2023-07-06", "2023-07-07", "2023-07-08", "2023-07-09", "2023-07-12", "2023-07-13", "2023-07-14", "2023-07-15", "2023-07-16", "2023-07-19", "2023-07-20", "2023-07-21", "2023-07-22", "2023-07-23", "2023-07-26", "2023-07-27", "2023-07-28", "2023-07-29", "2023-07-30", "2023-08-02", "2023-08-03", "2023-08-04", "2023-08-05", "2023-08-06", "2023-08-09", "2023-08-10", "2023-08-11", "2023-08-12", "2023-08-13", "2023-08-16", "2023-08-17", "2023-08-18", "2023-08-19", "2023-08-20", "2023-08-23", "2023-08-24", "2023-08-25", "2023-08-26", "2023-08-27", "2023-08-30", "2023-08-31", "2023-09-01", "2023-09-02", "2023-09-03", "2023-09-06", "2023-09-07", "2023-09-08", "2023-09-09", "2023-09-10", "2023-09-13", "2023-09-14", "2023-09-15", "2023-09-16", "2023-09-17", "2023-09-20", "2023-09-21", "2023-09-22", "2023-09-23", "2023-09-24", "2023-09-27", "2023-09-28", "2023-09-29", "2023-09-30", "2023-10-01", "2023-10-04", "2023-10-05", "2023-10-06", "2023-10-07", "2023-10-08", "2023-10-11", "2023-10-12", "2023-10-13", "2023-10-14", "2023-10-15", "2023-10-18", "2023-10-19", "2023-10-20", "2023-10-21", "2023-10-22", "2023-10-25", "2023-10-26", "2023-10-27", "2023-10-28", "2023-10-29", "2023-11-01", "2023-11-02", "2023-11-03", "2023-11-04", "2023-11-05", "2023-11-08", "2023-11-09", "2023-11-10", "2023-11-11", "2023-11-12", "2023-11-15", "2023-11-16", "2023-11-17", "2023-11-18", "2023-11-19", "2023-11-22", "2023-11-23", "2023-11-24", "2023-11-25", "2023-11-26", "2023-11-29", "2023-11-30", "2023-12-01", "2023-12-02", "2023-12-03", "2023-12-06", "2023-12-07", "2023-12-08", "2023-12-09", "2023-12-10", "2023-12-13", "2023-12-14", "2023-12-15", "2023-12-16", "2023-12-17", "2023-12-20", "2023-12-21", "2023-12-22", "2023-12-23", "2023-12-24", "2023-12-27", "2023-12-28", "2023-12-29", "2023-12-30", "2023-12-31", "2024-01-03", "2024-01-04", "2024-01-05", "2024-01-06", "2024-01-07", "2024-01-10", "2024-01-11", "2024-01-12", "2024-01-13", "2024-01-14", "2024-01-17", "2024-01-18", "2024-01-19", "2024-01-20", "2024-01-21", "2024-01-24", "2024-01-25", "2024-01-26", "2024-01-27", "2024-01-28", "2024-01-31", "2024-02-01", "2024-02-02", "2024-02-03", "2024-02-04", "2024-02-07", "2024-02-08", "2024-02-09", "2024-02-10", "2024-02-11", "2024-02-14", "2024-02-15", "2024-02-16", "2024-02-17", "2024-02-18", "2024-02-21", "2024-02-22", "2024-02-23", "2024-02-24", "2024-02-25", "2024-02-28", "2024-02-29", "2024-03-01", "2024-03-02", "2024-03-03", "2024-03-06", "2024-03-07", "2024-03-08", "2024-03-09", "2024-03-10", "2024-03-13", "2024-03-14", "2024-03-15", "2024-03-16", "2024-03-17", "2024-03-20", "2024-03-21", "2024-03-22", "2024-03-23", "2024-03-24", "2024-03-27", "2024-03-28", "2024-03-29", "2024-03-30", "2024-03-31", "2024-04-03", "2024-04-04", "2024-04-05", "2024-04-06", "2024-04-07", "2024-04-10", "2024-04-11", "2024-04-12", "2024-04-13", "2024-04-14", "2024-04-17", "2024-04-18", "2024-04-19", "2024-04-20", "2024-04-21", "2024-04-24", "2024-04-25", "2024-04-26", "2024-04-27", "2024-04-28", "2024-05-01", "2024-05-02", "2024-05-03", "2024-05-04", "2024-05-05", "2024-05-08", "2024-05-09", "2024-05-10", "2024-05-11", "2024-05-12", "2024-05-15", "2024-05-16", "2024-05-17", "2024-05-18", "2024-05-19", "2024-05-22", "2024-05-23", "2024-05-24", "2024-05-25", "2024-05-26", "2024-05-29", "2024-05-30", "2024-05-31", "2024-06-01", "2024-06-02", "2024-06-05", "2024-06-06", "2024-06-07", "2024-06-08", "2024-06-09", "2024-06-12", "2024-06-13", "2024-06-14", "2024-06-15", "2024-06-16", "2024-06-19", "2024-06-20", "2024-06-21", "2024-06-22", "2024-06-23", "2024-06-26", "2024-06-27", "2024-06-28", "2024-06-29", "2024-06-30", "2024-07-03", "2024-07-04", "2024-07-05", "2024-07-06", "2024-07-07", "2024-07-10", "2024-07-11", "2024-07-12", "2024-07-13", "2024-07-14", "2024-07-17", "2024-07-18", "2024-07-19", "2024-07-20", "2024-07-21", "2024-07-24", "2024-07-25", "2024-07-26", "2024-07-27", "2024-07-28", "2024-07-31", "2024-08-01", "2024-08-02", "2024-08-03", "2024-08-04", "2024-08-07", "2024-08-08", "2024-08-09", "2024-08-10", "2024-08-11", "2024-08-14", "2024-08-15", "2024-08-16", "2024-08-17", "2024-08-18", "2024-08-21", "2024-08-22", "2024-08-23", "2024-08-24", "2024-08-25", "2024-08-28", "2024-08-29", "2024-08-30", "2024-08-31", "2024-09-01", "2024-09-04", "2024-09-05", "2024-09-06", "2024-09-07", "2024-09-08", "2024-09-11", "2024-09-12", "2024-09-13", "2024-09-14", "2024-09-15", "2024-09-18", "2024-09-19", "2024-09-20", "2024-09-21", "2024-09-22", "2024-09-25", "2024-09-26", "2024-09-27", "2024-09-28", "2024-09-29", "2024-10-02", "2024-10-03", "2024-10-04", "2024-10-05", "2024-10-06", "2024-10-09", "2024-10-10", "2024-10-11", "2024-10-12", "2024-10-13", "2024-10-16", "2024-10-17", "2024-10-18", "2024-10-19", "2024-10-20", "2024-10-23", "2024-10-24", "2024-10-25", "2024-10-26", "2024-10-27" ],
  "informationsPatrimoineCulturel" : {
    "patrimoineCulturelType" : {
      "elementReferenceType" : "PatrimoineCulturelType",
      "id" : 3203
    },
    "themes" : [ {
      "elementReferenceType" : "PatrimoineCulturelTheme",
      "id" : 3486
    }, {
      "elementReferenceType" : "PatrimoineCulturelTheme",
      "id" : 3495
    } ],
    "categories" : [ {
      "elementReferenceType" : "PatrimoineCulturelCategorie",
      "id" : 3365
    } ]
  },
  "formatVersion" : "v002",
  "expiration" : { },
  "informationsPrestataireActivites" : {
    "prestataireActivites" : true,
    "activitesCulturelles" : [ {
      "elementReferenceType" : "ActiviteCulturellePrestation",
      "id" : 1776
    }, {
      "elementReferenceType" : "ActiviteCulturellePrestation",
      "id" : 1811
    }, {
      "elementReferenceType" : "ActiviteCulturellePrestation",
      "id" : 1825
    } ]
  },
  "enquete" : { },
  "donneesPrivees" : [ {
    "nomTechnique" : "1947_Id_patio",
    "libelleFr" : "Id_Patio",
    "ordre" : 1,
    "descriptif" : {
      "libelleFr" : "13T2000110"
    }
  }, {
    "nomTechnique" : "1947_Source_patio",
    "libelleFr" : "Source_Patio",
    "ordre" : 2,
    "descriptif" : {
      "libelleFr" : "OTI Saint Rémy de Provence"
    }
  }, {
    "nomTechnique" : "1947_Url_patio",
    "libelleFr" : "URL_Patio",
    "ordre" : 3,
    "descriptif" : {
      "libelleFr" : "http://www.saintremy-de-provence.com"
    }
  } ]
}