{
  "type" : "PATRIMOINE_CULTUREL",
  "id" : 5539380,
  "nom" : {
    "libelleFr" : "Maison du riz",
    "libelleEn" : "Maison du Riz",
    "libelleEs" : "Casa del Arroz",
    "libelleIt" : "Maison du riz",
    "libelleDe" : "Haus des Reises",
    "libelleNl" : "Maison du riz"
  },
  "identifier" : "SITRA2_PCU_5539380",
  "state" : "PUBLISHED",
  "gestion" : {
    "dateCreation" : "2020-05-27T14:58:57.779+0000",
    "dateModification" : "2022-06-07T10:05:50.247+0000",
    "dateExportModification" : "2022-11-06T11:49:02.641+0000",
    "membreProprietaire" : {
      "type" : {
        "elementReferenceType" : "MembreSitraType",
        "id" : 233
      },
      "nom" : "Office de Tourisme d'Arles",
      "dateCreation" : "2020-10-20T08:31:09.923+0000",
      "dateModification" : "2022-10-24T08:49:35.216+0000",
      "id" : 2112,
      "siteWeb" : "http://www.arlestourisme.com"
    },
    "signalerUnProblemeMails" : [ "a.quarta@arlestourisme.com", "f.soliveres@arlestourisme.com", "m.louvet@arlestourisme.com" ]
  },
  "informations" : {
    "moyensCommunication" : [ {
      "identifiant" : 70511975,
      "type" : {
        "elementReferenceType" : "MoyenCommunicationType",
        "id" : 201
      },
      "coordonnees" : {
        "fr" : "06 31 03 40 11"
      }
    }, {
      "identifiant" : 79673695,
      "type" : {
        "elementReferenceType" : "MoyenCommunicationType",
        "id" : 204
      },
      "coordonnees" : {
        "fr" : "maisonduriz@orange.fr"
      }
    }, {
      "identifiant" : 79673696,
      "type" : {
        "elementReferenceType" : "MoyenCommunicationType",
        "id" : 205
      },
      "coordonnees" : {
        "fr" : "http://www.maisonduriz.com/"
      }
    } ],
    "informationsLegales" : { },
    "structureGestion" : {
      "type" : "STRUCTURE",
      "id" : 5222829
    }
  },
  "presentation" : {
    "descriptifCourt" : {
      "libelleFr" : "Découvrez la riziculture camarguaise dans un espace pédagogique dédié. Vous serez accueillis par une famille de riziculteurs passionnés.",
      "libelleEn" : "Learn all about Camargue rice growing in a special educational centre. You will be welcomed by a family of passionate rice farmers.",
      "libelleEs" : "Descubra el cultivo del arroz de Camargo en un espacio educativo específico. Será recibido por una familia de apasionados cultivadores de arroz.",
      "libelleDe" : "Entdecken Sie den Reisanbau in der Camargue in einem eigens dafür vorgesehenen pädagogischen Bereich. Sie werden von einer begeisterten Reisbauernfamilie empfangen."
    },
    "descriptifDetaille" : {
      "libelleFr" : "La Maison du Riz est un endroit pédagogique parlant de l'évolution de la riziculture lorsqu'elle débuta en Camargue jusqu'à nos jours, trois espaces ont été créés : un espace consacré au matériel spécifique à la riziculture, un espace dédié au grain de riz et ses différentes étapes de transformation, un coin boutique. Riziculteurs passionnés, la famille Roziere sera heureuse de vous y accueillir.",
      "libelleEn" : "The Maison du Riz is an educational centre where visitors can learn about how rice growing has evolved from when it first began in Camargue to the present day, in three different areas: a space devoted to specific rice cultivation equipment, a space dedicated to the grain of rice and the various stages of processing, and a small shop. The Rozière family, passionate rice farmers, will be delighted to welcome you.",
      "libelleEs" : "Arroz casa es un lugar de aprendizaje habla de la evolución de arroz cuando empezó en la Camarga hasta la actualidad, se han creado tres espacios: un espacio dedicado a los materiales específicos al cultivo de arroz, un espacio dedicado al grano de arroz y sus distintas etapas de procesamiento, una tienda de la esquina. Rozière, familia de agricultores apasionados, estaremos encantado de darle la bienvenida.",
      "libelleIt" : "Rice House è un luogo di apprendimento parlando dell'evoluzione del riso quando ha iniziato in Camargue fino ai giorni nostri, sono stati creati tre spazi: uno spazio dedicato al materiale specifico per la coltivazione del riso, uno spazio dedicato per il chicco di riso e le sue varie fasi di lavorazione, un negozio d'angolo. Il Rozière, famiglia di agricoltori appassionati, sarà lieto di darvi il benvenuto.",
      "libelleDe" : "Reis-Haus ist ein Ort des Lernens sprechen über die Entwicklung des Reis, begann sie in der Camargue bis zum heutigen Tag, drei Räume geschaffen: ein Raum gewidmet die materiell spezifisch auf Reisanbau, ein Leerzeichen, das Reiskorn und den verschiedenen Stufen der Verarbeitung, ein Tante-Emma-Laden gewidmet. Rozière, leidenschaftliche Landwirte-Familie, werden Sie herzlich willkommen.",
      "libelleNl" : "Rijst-huis is een plaats van leren spreken van de evolutie van rijst, toen ze begon in de Camargue tot heden, drie ruimtes zijn gemaakt: een ruimte gewijd aan de materiaalspecifieke streefcijfers aan rijstteelt, een ruimte gewijd aan de korrel van rijst en de verschillende stadia van verwerking, een winkel op de hoek. De Rozière, gepassioneerde boeren familie, zullen u graag welkom."
    },
    "descriptifsThematises" : [ {
      "dateDisponibilite" : null,
      "dateLimiteDePublication" : null,
      "theme" : {
        "elementReferenceType" : "DescriptifTheme",
        "id" : 5417
      },
      "description" : {
        "libelleFr" : "C’est d’abord une histoire de famille, celle des Rozière dont le nom à une lettre près prédestinait à avoir les pieds dans l’eau d’une rizière. Depuis plusieurs générations, ils exploitent 500 ha de terre camarguaise.\r\nAfin de faire partager leur passion, ils ont créé un musée à vocation pédagogique. On y trouve du matériel spécifique à la riziculture. Les différentes étapes de la transformation du riz après récolte sont expliquées par des visuels ou par la présence de machines et des démonstrations. Suivant la période de l’année, une visite d’une petite rizière proche du bâtiment permet d’approcher cette culture si spécifique. Enfin, une boutique propose des souvenirs à déguster chez soi.\r\nAprès cette visite, vous ne regarderez plus le grain de riz de la même façon."
      }
    } ],
    "typologiesPromoSitra" : [ {
      "elementReferenceType" : "TypologiePromoSitra",
      "id" : 1674
    } ]
  },
  "localisation" : {
    "adresse" : {
      "adresse1" : "Mas de la vigne",
      "codePostal" : "13123",
      "bureauDistribution" : "L'ALBARON",
      "commune" : {
        "id" : 4415
      }
    },
    "geolocalisation" : {
      "complement" : {
        "libelleFr" : "Prendre le bus des Saintes Maries et descendre à l'arrêt Agachon Albaron. Il y reste ensuite environ 3 km à faire à pied.\r\n\r\n- Service(s) proposé(s) : espace pédagogique\r\n- Ouverture tous les jours de 9h à 12h / 14h30 à 18h30\r\n- Précautions sanitaires prises par l'établissement : masques, visière, gel\r\nhydro alcoolique, désinfection avec nébulisateur et virucide, sens de\r\nvisite pour ne pas se croiser, distanciation, nettoyage régulier, accueil\r\navec hygiaphone. Disposition particulière pour la boutique\r\n Préconisations demandées au client : apporter son masque (port obligatoire)"
      },
      "valide" : true,
      "geoJson" : {
        "type" : "Point",
        "coordinates" : [ 4.500581, 43.606707 ]
      }
    },
    "perimetreGeographique" : [ {
      "id" : 4415
    } ]
  },
  "liens" : { },
  "prestations" : {
    "animauxAcceptes" : "NON_DISPONIBLE",
    "animauxAcceptesSupplement" : "NON_DISPONIBLE",
    "complementAccueil" : {
      "libelleFr" : "Garage",
      "libelleEn" : "Accessible for disabled",
      "libelleIt" : "Accessibile ai disabili",
      "libelleDe" : "Zugänglich für Behinderte",
      "libelleNl" : "Toegankelijk voor mensen met een handicap"
    }
  },
  "ouverture" : {
    "periodeEnClair" : {
      "libelleFr" : "Du 01/04 au 30/10 \nOuverture le lundi, mardi, mercredi, jeudi, vendredi et dimanche de 9h à 12h30 et de 14h à 18h.\nFermé le samedi.\nSamedi sur réservation.",
      "libelleEn" : "From 01/04 to 30/10 \nOpening hours on Monday, Tuesday, Wednesday, Thursday, Friday and Sunday between 9 am and 12.30 pm and between 2 pm and 6 pm.\nClosed on Saturday.\nOn reservation.",
      "libelleEs" : "Del 01/04 al 30/10 \nHorarios de apertura los lunes, martes, miércoles, jueves, viernes y domingo de 9 a 12:30 y de 14 a 18.\nCerrado los sábado.\nPor reserva.",
      "libelleIt" : "Dal 01/04 al 30/10 \nOrari di apertura il lunedì, martedì, mercoledì, giovedì, venerdì e domenica dalle 9 alle 12:30 e dalle 14 alle 18.\nChiuso il sabato.",
      "libelleDe" : "Vom 01/04 bis 30/10 \nÖffnungszeiten jeden Montag, Dienstag, Mittwoch, Donnerstag, Freitag und Sonntag von 9 Uhr bis 12.30 Uhr und von 14 Uhr bis 18 Uhr.\nSamstag geschlossen.\nAuf Reservierung.",
      "libelleNl" : "Van 01/04 tot en met 30/10 \nOpeningstijden op maandag, dinsdag, woensdag, donderdag, vrijdag en zondag van 9.00 tot en met 12.30 u en van 14.00 tot en met 18.00 u.\nZaterdag gesloten.",
      "libelleRu" : "С 01/04 до 30/10 \nЧасы открытия на понедельник, вторник, среда, четверг, пятница и воскресенье с 9h до 12h30 и с 14h до 18h.\nНе работает суббота.",
      "libelleZh" : "从 4月1日 到 10月30日 \n开放时间 上 星期一, 星期二, 星期三, 星期四, 星期五 和 星期日 小时小时 和 小时小时分钟  之间 和 小时小时 和 小时小时 之间.\n星期六 关闭.",
      "libellePtBR" : "De 01/04 a 30/10 \nOuverture na segunda-feira, terça-feira, quarta-feira, quinta-feira, sexta-feira e domingo de 9h a  12h30 e de 14h a  18h.\nFechado em sábado.",
      "libelleJa" : "01/04 から 30/10 まで \n開館時間 月曜日, 火曜日, 水曜日, 木曜日, 金曜日 と 日曜日 に 9 午前 と 12.30 午後 の間 と 2 午後 と 6 午後 の間.\n土曜日 は休み."
    },
    "periodeEnClairGenerationMode" : "AUTOMATIQUE",
    "indicationsPeriode" : [ {
      "elementReferenceType" : "IndicationPeriode",
      "id" : 416
    }, {
      "elementReferenceType" : "IndicationPeriode",
      "id" : 418
    }, {
      "elementReferenceType" : "IndicationPeriode",
      "id" : 436
    } ],
    "periodesOuvertures" : [ {
      "identifiant" : 19973514,
      "dateDebut" : "2022-04-01",
      "dateFin" : "2022-10-30",
      "complementHoraire" : {
        "libelleFr" : "Samedi sur réservation",
        "libelleEn" : "On reservation",
        "libelleEs" : "Por reserva",
        "libelleDe" : "Auf Reservierung"
      },
      "type" : "OUVERTURE_SAUF",
      "tousLesAns" : true,
      "ouverturesJournalieres" : [ {
        "jour" : "SAMEDI"
      } ],
      "identifiantTechnique" : 22801565
    } ]
  },
  "descriptionTarif" : {
    "indicationTarif" : "PAYANT",
    "gratuit" : false,
    "tarifsEnClair" : {
      "libelleFr" : "Plein tarif : 4 €.\n\n Gratuit pour les moins de 10 ans.",
      "libelleEn" : "Full price: 4 €.\n\n Free entry for children < 10 years.",
      "libelleEs" : "Tarifa completa: 4 €.\n\n Gratuito para los niños menores de 10 años.",
      "libelleIt" : "Tarrifa intera: 4 €.\n\n Gratuito per i bambini di età inferiore a 10 anni.",
      "libelleDe" : "Voller Preis: 4 €.\n\n Kostenlos für Kinder unter 10 Jahren.",
      "libelleNl" : "Vol tarief: € 4.\n\n Gratis voor kinderen onder de 10 jaar.",
      "libelleRu" : "Полную цену : 4 €.\n\n Бесплатно для лицам младше 10 лет.",
      "libelleZh" : "全额 : 4 €.\n\n 儿童 < 10 岁自由进入.",
      "libellePtBR" : "Tarifa inteira: 4 €.\n\n Gratuito para menores de 10 anos.",
      "libelleJa" : "通常料金: 4 €.\n\n 子供 < 10 歳 は入場無料."
    },
    "tarifsEnClairGenerationMode" : "AUTOMATIQUE",
    "complement" : { },
    "periodes" : [ {
      "identifiant" : 12029138,
      "dateDebut" : "2022-04-01",
      "dateFin" : "2022-10-30",
      "tarifs" : [ {
        "devise" : "EUR",
        "minimum" : 4.00,
        "maximum" : 4.00,
        "type" : {
          "elementReferenceType" : "TarifType",
          "id" : 5250
        }
      } ]
    } ],
    "devise" : "EUR",
    "conditions" : {
      "gratuitPourLesMoinsDe" : 10
    }
  },
  "reservation" : { },
  "criteresInternes" : [ {
    "id" : 15330
  }, {
    "id" : 16176
  }, {
    "id" : 16177
  }, {
    "id" : 16574
  }, {
    "id" : 16575
  }, {
    "id" : 16576
  }, {
    "id" : 16704
  }, {
    "id" : 18002
  }, {
    "id" : 19073
  }, {
    "id" : 20075
  }, {
    "id" : 23526
  } ],
  "illustrations" : [ {
    "identifiant" : 9039250,
    "link" : false,
    "type" : "IMAGE",
    "nom" : {
      "libelleFr" : "13MUS000048_1_WEB.jpg"
    },
    "traductionFichiers" : [ {
      "locale" : "fr",
      "url" : "https://static.apidae-tourisme.com/filestore/objets-touristiques/images/118/94/8806006.jpg",
      "urlListe" : "https://static.apidae-tourisme.com/filestore/objets-touristiques/images/118/94/8806006-liste.jpg",
      "urlFiche" : "https://static.apidae-tourisme.com/filestore/objets-touristiques/images/118/94/8806006-fiche.jpg",
      "urlDiaporama" : "https://static.apidae-tourisme.com/filestore/objets-touristiques/images/118/94/8806006-diaporama.jpg",
      "extension" : "jpg",
      "fileName" : "full",
      "taille" : 27695,
      "hauteur" : 300,
      "largeur" : 400,
      "lastModifiedDate" : "2020-11-10T09:54:38.000+0000"
    } ],
    "locked" : false
  } ],
  "visites" : {
    "visitable" : false
  },
  "territoires" : [ {
    "type" : "TERRITOIRE",
    "id" : 324346
  }, {
    "type" : "TERRITOIRE",
    "id" : 324348
  }, {
    "type" : "TERRITOIRE",
    "id" : 591381
  }, {
    "type" : "TERRITOIRE",
    "id" : 591419
  }, {
    "type" : "TERRITOIRE",
    "id" : 658199
  }, {
    "type" : "TERRITOIRE",
    "id" : 4877700
  }, {
    "type" : "TERRITOIRE",
    "id" : 5127066
  }, {
    "type" : "TERRITOIRE",
    "id" : 5427584
  }, {
    "type" : "TERRITOIRE",
    "id" : 5447176
  }, {
    "type" : "TERRITOIRE",
    "id" : 5853849
  }, {
    "type" : "TERRITOIRE",
    "id" : 5853921
  } ],
  "datesOuverture" : [ "2023-04-02", "2023-04-03", "2023-04-04", "2023-04-05", "2023-04-06", "2023-04-07", "2023-04-09", "2023-04-10", "2023-04-11", "2023-04-12", "2023-04-13", "2023-04-14", "2023-04-16", "2023-04-17", "2023-04-18", "2023-04-19", "2023-04-20", "2023-04-21", "2023-04-23", "2023-04-24", "2023-04-25", "2023-04-26", "2023-04-27", "2023-04-28", "2023-04-30", "2023-05-01", "2023-05-02", "2023-05-03", "2023-05-04", "2023-05-05", "2023-05-07", "2023-05-08", "2023-05-09", "2023-05-10", "2023-05-11", "2023-05-12", "2023-05-14", "2023-05-15", "2023-05-16", "2023-05-17", "2023-05-18", "2023-05-19", "2023-05-21", "2023-05-22", "2023-05-23", "2023-05-24", "2023-05-25", "2023-05-26", "2023-05-28", "2023-05-29", "2023-05-30", "2023-05-31", "2023-06-01", "2023-06-02", "2023-06-04", "2023-06-05", "2023-06-06", "2023-06-07", "2023-06-08", "2023-06-09", "2023-06-11", "2023-06-12", "2023-06-13", "2023-06-14", "2023-06-15", "2023-06-16", "2023-06-18", "2023-06-19", "2023-06-20", "2023-06-21", "2023-06-22", "2023-06-23", "2023-06-25", "2023-06-26", "2023-06-27", "2023-06-28", "2023-06-29", "2023-06-30", "2023-07-02", "2023-07-03", "2023-07-04", "2023-07-05", "2023-07-06", "2023-07-07", "2023-07-09", "2023-07-10", "2023-07-11", "2023-07-12", "2023-07-13", "2023-07-14", "2023-07-16", "2023-07-17", "2023-07-18", "2023-07-19", "2023-07-20", "2023-07-21", "2023-07-23", "2023-07-24", "2023-07-25", "2023-07-26", "2023-07-27", "2023-07-28", "2023-07-30", "2023-07-31", "2023-08-01", "2023-08-02", "2023-08-03", "2023-08-04", "2023-08-06", "2023-08-07", "2023-08-08", "2023-08-09", "2023-08-10", "2023-08-11", "2023-08-13", "2023-08-14", "2023-08-15", "2023-08-16", "2023-08-17", "2023-08-18", "2023-08-20", "2023-08-21", "2023-08-22", "2023-08-23", "2023-08-24", "2023-08-25", "2023-08-27", "2023-08-28", "2023-08-29", "2023-08-30", "2023-08-31", "2023-09-01", "2023-09-03", "2023-09-04", "2023-09-05", "2023-09-06", "2023-09-07", "2023-09-08", "2023-09-10", "2023-09-11", "2023-09-12", "2023-09-13", "2023-09-14", "2023-09-15", "2023-09-17", "2023-09-18", "2023-09-19", "2023-09-20", "2023-09-21", "2023-09-22", "2023-09-24", "2023-09-25", "2023-09-26", "2023-09-27", "2023-09-28", "2023-09-29", "2023-10-01", "2023-10-02", "2023-10-03", "2023-10-04", "2023-10-05", "2023-10-06", "2023-10-08", "2023-10-09", "2023-10-10", "2023-10-11", "2023-10-12", "2023-10-13", "2023-10-15", "2023-10-16", "2023-10-17", "2023-10-18", "2023-10-19", "2023-10-20", "2023-10-22", "2023-10-23", "2023-10-24", "2023-10-25", "2023-10-26", "2023-10-27", "2023-10-29", "2023-10-30", "2024-04-01", "2024-04-02", "2024-04-03", "2024-04-04", "2024-04-05", "2024-04-07", "2024-04-08", "2024-04-09", "2024-04-10", "2024-04-11", "2024-04-12", "2024-04-14", "2024-04-15", "2024-04-16", "2024-04-17", "2024-04-18", "2024-04-19", "2024-04-21", "2024-04-22", "2024-04-23", "2024-04-24", "2024-04-25", "2024-04-26", "2024-04-28", "2024-04-29", "2024-04-30", "2024-05-01", "2024-05-02", "2024-05-03", "2024-05-05", "2024-05-06", "2024-05-07", "2024-05-08", "2024-05-09", "2024-05-10", "2024-05-12", "2024-05-13", "2024-05-14", "2024-05-15", "2024-05-16", "2024-05-17", "2024-05-19", "2024-05-20", "2024-05-21", "2024-05-22", "2024-05-23", "2024-05-24", "2024-05-26", "2024-05-27", "2024-05-28", "2024-05-29", "2024-05-30", "2024-05-31", "2024-06-02", "2024-06-03", "2024-06-04", "2024-06-05", "2024-06-06", "2024-06-07", "2024-06-09", "2024-06-10", "2024-06-11", "2024-06-12", "2024-06-13", "2024-06-14", "2024-06-16", "2024-06-17", "2024-06-18", "2024-06-19", "2024-06-20", "2024-06-21", "2024-06-23", "2024-06-24", "2024-06-25", "2024-06-26", "2024-06-27", "2024-06-28", "2024-06-30", "2024-07-01", "2024-07-02", "2024-07-03", "2024-07-04", "2024-07-05", "2024-07-07", "2024-07-08", "2024-07-09", "2024-07-10", "2024-07-11", "2024-07-12", "2024-07-14", "2024-07-15", "2024-07-16", "2024-07-17", "2024-07-18", "2024-07-19", "2024-07-21", "2024-07-22", "2024-07-23", "2024-07-24", "2024-07-25", "2024-07-26", "2024-07-28", "2024-07-29", "2024-07-30", "2024-07-31", "2024-08-01", "2024-08-02", "2024-08-04", "2024-08-05", "2024-08-06", "2024-08-07", "2024-08-08", "2024-08-09", "2024-08-11", "2024-08-12", "2024-08-13", "2024-08-14", "2024-08-15", "2024-08-16", "2024-08-18", "2024-08-19", "2024-08-20", "2024-08-21", "2024-08-22", "2024-08-23", "2024-08-25", "2024-08-26", "2024-08-27", "2024-08-28", "2024-08-29", "2024-08-30", "2024-09-01", "2024-09-02", "2024-09-03", "2024-09-04", "2024-09-05", "2024-09-06", "2024-09-08", "2024-09-09", "2024-09-10", "2024-09-11", "2024-09-12", "2024-09-13", "2024-09-15", "2024-09-16", "2024-09-17", "2024-09-18", "2024-09-19", "2024-09-20", "2024-09-22", "2024-09-23", "2024-09-24", "2024-09-25", "2024-09-26", "2024-09-27", "2024-09-29", "2024-09-30", "2024-10-01", "2024-10-02", "2024-10-03", "2024-10-04", "2024-10-06", "2024-10-07", "2024-10-08", "2024-10-09", "2024-10-10", "2024-10-11", "2024-10-13", "2024-10-14", "2024-10-15", "2024-10-16", "2024-10-17", "2024-10-18", "2024-10-20", "2024-10-21", "2024-10-22", "2024-10-23", "2024-10-24", "2024-10-25", "2024-10-27", "2024-10-28", "2024-10-29", "2024-10-30" ],
  "informationsPatrimoineCulturel" : {
    "patrimoineCulturelType" : {
      "elementReferenceType" : "PatrimoineCulturelType",
      "id" : 3201
    }
  },
  "formatVersion" : "v002",
  "expiration" : { },
  "informationsPrestataireActivites" : {
    "prestataireActivites" : false
  },
  "enquete" : { },
  "donneesPrivees" : [ {
    "nomTechnique" : "1947_Id_patio",
    "libelleFr" : "Id_Patio",
    "ordre" : 1,
    "descriptif" : {
      "libelleFr" : "13MUS000048"
    }
  }, {
    "nomTechnique" : "1947_Source_patio",
    "libelleFr" : "Source_Patio",
    "ordre" : 2,
    "descriptif" : {
      "libelleFr" : "OT Arles"
    }
  }, {
    "nomTechnique" : "1947_Url_patio",
    "libelleFr" : "URL_Patio",
    "ordre" : 3,
    "descriptif" : {
      "libelleFr" : "http://www.arlestourisme.com"
    }
  } ],
  "metadonnees" : [ {
    "noeudId" : "fairguest",
    "contenus" : [ {
      "cible" : "general",
      "metadonnee" : {
        "note" : 8.5,
        "label" : "Très bon",
        "couleur" : "#71a63e",
        "nombreAvis" : 295,
        "dateMaj" : 1667729984774
      }
    } ]
  } ]
}