{
  "type" : "PATRIMOINE_CULTUREL",
  "id" : 5538991,
  "nom" : {
    "libelleFr" : "Polaris - Centre d'Art",
    "libelleEn" : "Centre d'Art",
    "libelleEs" : "Centre d'Art",
    "libelleIt" : "Centre d'Art",
    "libelleDe" : "Centre d'Art",
    "libelleNl" : "Centre d'Art",
    "libelleRu" : "Centre d'Art",
    "libelleZh" : "Centre d'Art",
    "libellePtBR" : "Centre d'Art",
    "libelleJa" : "Centre d'Art"
  },
  "identifier" : "SITRA2_PCU_5538991",
  "state" : "PUBLISHED",
  "gestion" : {
    "dateCreation" : "2020-05-27T10:52:13.491+0000",
    "dateModification" : "2022-10-20T14:09:17.123+0000",
    "dateExportModification" : "2022-10-20T14:09:17.372+0000",
    "membreProprietaire" : {
      "type" : {
        "elementReferenceType" : "MembreSitraType",
        "id" : 233
      },
      "nom" : "Office de Tourisme d'Istres",
      "dateCreation" : "2020-02-18T15:09:26.099+0000",
      "dateModification" : "2022-10-24T08:49:35.836+0000",
      "id" : 1991,
      "siteWeb" : "http://www.istres-tourisme.com"
    },
    "signalerUnProblemeMails" : [ "bmeurin@istres.fr" ]
  },
  "informations" : {
    "moyensCommunication" : [ {
      "identifiant" : 79655308,
      "type" : {
        "elementReferenceType" : "MoyenCommunicationType",
        "id" : 201
      },
      "coordonnees" : {
        "fr" : "04 42 55 17 10"
      }
    }, {
      "identifiant" : 79655309,
      "type" : {
        "elementReferenceType" : "MoyenCommunicationType",
        "id" : 202
      },
      "coordonnees" : {
        "fr" : "04 42 55 98 62"
      }
    }, {
      "identifiant" : 79655310,
      "type" : {
        "elementReferenceType" : "MoyenCommunicationType",
        "id" : 204
      },
      "coordonnees" : {
        "fr" : "contact-polariscentredart@ampmetropole.fr"
      }
    }, {
      "identifiant" : 79655311,
      "type" : {
        "elementReferenceType" : "MoyenCommunicationType",
        "id" : 205
      },
      "coordonnees" : {
        "fr" : "http://www.ouestprovence.fr"
      }
    }, {
      "identifiant" : 79655312,
      "type" : {
        "elementReferenceType" : "MoyenCommunicationType",
        "id" : 207
      },
      "coordonnees" : {
        "fr" : "http://www.facebook.com/centredart.istresouestprovenceatampmetropole.fr"
      }
    } ],
    "informationsLegales" : { },
    "structureGestion" : {
      "type" : "STRUCTURE",
      "id" : 5529877
    }
  },
  "presentation" : {
    "descriptifCourt" : {
      "libelleFr" : "Polaris centre d’art a ouvert ses portes en juin 2022, portant l’ambition de créer des liens durables avec les publics à travers des expositions et des expériences à vivre.",
      "libelleEn" : "The main objectives of the Contemporary Art Center are to support young creation, the dissemination of contemporary art and artistic education. It hosts exhibitions and artistic workshops all year round.",
      "libelleEs" : "Los principales objetivos del Centro de Arte Contemporáneo son apoyar la creación joven, la difusión del arte contemporáneo y la educación artística. Alberga exposiciones y talleres artísticos durante todo el año."
    },
    "descriptifDetaille" : {
      "libelleFr" : "Situé au cœur de la ville d’Istres, cet établissement métropolitain propose des expositions artistiques dans lesquelles l’art actuel entre en résonnance avec le monde qui l’entoure.\r\n\r\nSes missions s’articulent autour de deux axes : l’exposition de la création vivante et des actions de transmission, de diffusion et de formation à l’art, notamment contemporain.\r\n\r\nFort de ses principes de visibilité, d’ouverture, d’échange et d’interactivité, Polaris centre d’art se positionne comme le lieu ressources des arts visuels sur la métropole d’Aix-Marseille-Provence. Polaris, l’étoile Polaire, désignée sous le nom de Alpha Ursae Minoris.\r\n\r\nAlpha Ursae Minoris est l’étoile la plus brillante de la constellation de la Petite Ourse. Elle est connue pour indiquer avec précision à la direction du pôle Nord céleste, ce qui lui vaut l’appellation commune d’étoile Polaire ou plus simplement de Polaire.\r\n\r\nEn choisissant de nommer ce nouveau centre d’art, Polaris, l’idée même est d’afficher la culture comme un éclairage sur le monde. Telle une métaphore de la notion de guide mais aussi de lumière et de savoir, du lumineux qui fait écho à la façade et à l’architecture vitrée du bâtiment.",
      "libelleEn" : "Every year, its programme includes three exhibitions with the primary objective of supporting young creativity, the spread of contemporary art and artistic education, relying primarily on painting, drawing, illustration and the issue of the figure in present-day art.\r\nThe search for partnerships with intercommunal and regional cultural bodies, other art centres in France and Europe, and the meeting of disciplines and artists are at the centre of a synergy bringing creativity and sharing.\r\nNumerous cultural actions complete the programme (internships, talks, debates...). Guided tours of the exhibitions can be booked.",
      "libelleEs" : "Su programación se organiza a un ritmo anual de tres exposiciones, cuyo objetivos principales son el apoyo a la joven creación, la difusión del arte contemporáneo y la educación artística, basándose esencialmente en la pintura, el dibujo, la ilustración y la cuestión del lugar que ocupa la figura en el arte contemporáneo.\r\nAsimismo, la búsqueda de asociaciones con las instituciones culturales intermunicipales y regionales, los demás centros de arte de Francia y Europa, y el encuentro de las disciplinas y de los artistas constituyen el centro de una sinergia portadora de creatividad y colaboración.\r\nEsta programación se complementa con diversas acciones culturales (prácticas, conferencias, debates, etc.). Se pueden realizar visitas comentadas de las exposiciones previa reserva."
    },
    "descriptifsThematises" : [ {
      "dateDisponibilite" : null,
      "dateLimiteDePublication" : null,
      "theme" : {
        "elementReferenceType" : "DescriptifTheme",
        "id" : 6143
      },
      "description" : {
        "libelleFr" : "Port du masque et gel hydroalcoolique à l'entrée."
      }
    } ]
  },
  "localisation" : {
    "adresse" : {
      "adresse1" : "Place Patricia Tranchand",
      "adresse2" : "Forum des Carmes",
      "codePostal" : "13800",
      "bureauDistribution" : "ISTRES",
      "commune" : {
        "id" : 4458
      }
    },
    "geolocalisation" : {
      "complement" : {
        "libelleFr" : "Situé dans le centre ville\r\n\r\nGare Routière : Arrêt de bus à 0.7km\r\nDépartemental 5 : Route départementale à 3km\r\nMarseille Provence (Marignane) : Aéroport/Aérodrome à 40km\r\nA55 (En venant de Marseille) : Sortie autoroute à 15km"
      },
      "valide" : true,
      "geoJson" : {
        "type" : "Point",
        "coordinates" : [ 4.988021, 43.512902 ]
      }
    },
    "perimetreGeographique" : [ {
      "id" : 4458
    } ],
    "environnements" : [ {
      "elementReferenceType" : "Environnement",
      "id" : 141
    }, {
      "elementReferenceType" : "Environnement",
      "id" : 143
    }, {
      "elementReferenceType" : "Environnement",
      "id" : 180
    }, {
      "elementReferenceType" : "Environnement",
      "id" : 183
    }, {
      "elementReferenceType" : "Environnement",
      "id" : 3974
    } ]
  },
  "liens" : { },
  "prestations" : {
    "equipements" : [ {
      "elementReferenceType" : "PrestationEquipement",
      "id" : 1321
    } ],
    "services" : [ {
      "elementReferenceType" : "PrestationService",
      "id" : 1130
    }, {
      "elementReferenceType" : "PrestationService",
      "id" : 1190
    } ],
    "animauxAcceptes" : "NON_ACCEPTES",
    "animauxAcceptesSupplement" : "NON_DISPONIBLE",
    "activites" : [ {
      "elementReferenceType" : "PrestationActivite",
      "id" : 652
    } ],
    "languesParlees" : [ {
      "elementReferenceType" : "Langue",
      "id" : 1192
    }, {
      "elementReferenceType" : "Langue",
      "id" : 1197
    } ],
    "languesDocumentation" : [ {
      "elementReferenceType" : "Langue",
      "id" : 1197
    } ],
    "complementAccueil" : {
      "libelleFr" : "Parking public(Parking Pasteur, Saint-Catherine, Cordier)\r\nParking public(Parking Sous-Terrain dans le centre ville)",
      "libelleEn" : "Accessible for disabled",
      "libelleIt" : "Accessibile ai disabili",
      "libelleDe" : "Zugänglich für Behinderte",
      "libelleNl" : "Toegankelijk voor mensen met een handicap"
    },
    "tourismesAdaptes" : [ {
      "elementReferenceType" : "TourismeAdapte",
      "id" : 3653
    }, {
      "elementReferenceType" : "TourismeAdapte",
      "id" : 1191
    } ],
    "descriptifHandicapAuditif" : {
      "libelleFr" : "Visites programmées en LSF"
    },
    "typesClientele" : [ {
      "elementReferenceType" : "TypeClientele",
      "id" : 596
    }, {
      "elementReferenceType" : "TypeClientele",
      "id" : 593
    } ]
  },
  "ouverture" : {
    "periodeEnClair" : {
      "libelleFr" : "Du 01/01 au 31/12 \nOuverture le lundi, mardi, mercredi, jeudi, vendredi et samedi .\nFermé le lundi.\nDu mardi au samedi de 10h à 19h\r\nLe dimanche de 14h à 19h.",
      "libelleEn" : "From 01/01 to 31/12 \nOpening hours on Monday, Tuesday, Wednesday, Thursday, Friday and Saturday .\nClosed on Monday.",
      "libelleEs" : "Del 01/01 al 31/12 \nHorarios de apertura los lunes, martes, miércoles, jueves, viernes y sábado .\nCerrado los lunes.",
      "libelleIt" : "Dal 01/01 al 31/12 \nOrari di apertura il lunedì, martedì, mercoledì, giovedì, venerdì e sabato .\nChiuso il lunedì.",
      "libelleDe" : "Vom 01/01 bis 31/12 \nÖffnungszeiten jeden Montag, Dienstag, Mittwoch, Donnerstag, Freitag und Samstag .\nMontag geschlossen.",
      "libelleNl" : "Van 01/01 tot en met 31/12 \nOpeningstijden op maandag, dinsdag, woensdag, donderdag, vrijdag en zaterdag .\nMaandag gesloten.",
      "libelleRu" : "С 01/01 до 31/12 \nЧасы открытия на понедельник, вторник, среда, четверг, пятница и суббота .\nНе работает понедельник.",
      "libelleZh" : "从 1月1日 到 12月31日 \n开放时间 上 星期一, 星期二, 星期三, 星期四, 星期五 和 星期六 .\n星期一 关闭.",
      "libellePtBR" : "De 01/01 a 31/12 \nOuverture na segunda-feira, terça-feira, quarta-feira, quinta-feira, sexta-feira e sábado .\nFechado em segunda-feira.",
      "libelleJa" : "01/01 から 31/12 まで \n開館時間 月曜日, 火曜日, 水曜日, 木曜日, 金曜日 と 土曜日 に .\n月曜日 は休み."
    },
    "periodeEnClairGenerationMode" : "AUTOMATIQUE",
    "indicationsPeriode" : [ {
      "elementReferenceType" : "IndicationPeriode",
      "id" : 416
    }, {
      "elementReferenceType" : "IndicationPeriode",
      "id" : 418
    }, {
      "elementReferenceType" : "IndicationPeriode",
      "id" : 435
    }, {
      "elementReferenceType" : "IndicationPeriode",
      "id" : 436
    } ],
    "periodesOuvertures" : [ {
      "identifiant" : 20983956,
      "dateDebut" : "2022-01-01",
      "dateFin" : "2022-12-31",
      "complementHoraire" : {
        "libelleFr" : "Du mardi au samedi de 10h à 19h\r\nLe dimanche de 14h à 19h"
      },
      "type" : "OUVERTURE_SAUF",
      "tousLesAns" : true,
      "ouverturesJournalieres" : [ {
        "jour" : "LUNDI"
      } ],
      "identifiantTechnique" : 24548117
    } ]
  },
  "descriptionTarif" : {
    "indicationTarif" : "ACCES_LIBRE",
    "gratuit" : true,
    "tarifsEnClair" : {
      "libelleFr" : "Accès libre.",
      "libelleEn" : "Free access.",
      "libelleEs" : "Acceso libre.",
      "libelleIt" : "Accesso libero.",
      "libelleDe" : "Freier Zugang.",
      "libelleNl" : "Gratis toegang.",
      "libelleRu" : "Вход свободный.",
      "libelleZh" : "自由访问.",
      "libellePtBR" : "Acesso livre.",
      "libelleJa" : "フリーアクセス."
    },
    "tarifsEnClairGenerationMode" : "AUTOMATIQUE",
    "devise" : "EUR",
    "conditions" : { }
  },
  "reservation" : { },
  "criteresInternes" : [ {
    "id" : 16775
  }, {
    "id" : 17325
  } ],
  "contacts" : [ {
    "identifiant" : 18472376,
    "referent" : true,
    "civilite" : {
      "elementReferenceType" : "ContactCivilite",
      "id" : 442
    },
    "nom" : "JOVIADO",
    "prenom" : "Sandrine",
    "fonction" : {
      "elementReferenceType" : "ContactFonction",
      "id" : 458
    },
    "moyensCommunication" : [ {
      "identifiant" : 84515872,
      "type" : {
        "elementReferenceType" : "MoyenCommunicationType",
        "id" : 201
      },
      "coordonnees" : {
        "fr" : "04 42 55 17 10"
      }
    }, {
      "identifiant" : 84515916,
      "type" : {
        "elementReferenceType" : "MoyenCommunicationType",
        "id" : 204
      },
      "coordonnees" : {
        "fr" : "sandrine.joviado@ampmetropole.fr"
      }
    } ]
  } ],
  "illustrations" : [ {
    "identifiant" : 13247335,
    "link" : false,
    "type" : "IMAGE",
    "nom" : {
      "libelleFr" : "Polaris Centre d'art Istres"
    },
    "copyright" : {
      "libelleFr" : "OT istres"
    },
    "traductionFichiers" : [ {
      "locale" : "fr",
      "url" : "https://static.apidae-tourisme.com/filestore/objets-touristiques/images/158/199/13420446.jpg",
      "urlListe" : "https://static.apidae-tourisme.com/filestore/objets-touristiques/images/158/199/13420446-liste.jpg",
      "urlFiche" : "https://static.apidae-tourisme.com/filestore/objets-touristiques/images/158/199/13420446-fiche.jpg",
      "urlDiaporama" : "https://static.apidae-tourisme.com/filestore/objets-touristiques/images/158/199/13420446-diaporama.jpg",
      "extension" : "jpg",
      "fileName" : "IMG_20220614_104555",
      "taille" : 1219537,
      "hauteur" : 2448,
      "largeur" : 3264,
      "lastModifiedDate" : "2022-06-14T12:48:54.713+0000"
    } ],
    "locked" : false
  }, {
    "identifiant" : 13247336,
    "link" : false,
    "type" : "IMAGE",
    "nom" : {
      "libelleFr" : "Polaris Centre d'art Istres"
    },
    "copyright" : {
      "libelleFr" : "OT Istres"
    },
    "traductionFichiers" : [ {
      "locale" : "fr",
      "url" : "https://static.apidae-tourisme.com/filestore/objets-touristiques/images/159/199/13420447.jpg",
      "urlListe" : "https://static.apidae-tourisme.com/filestore/objets-touristiques/images/159/199/13420447-liste.jpg",
      "urlFiche" : "https://static.apidae-tourisme.com/filestore/objets-touristiques/images/159/199/13420447-fiche.jpg",
      "urlDiaporama" : "https://static.apidae-tourisme.com/filestore/objets-touristiques/images/159/199/13420447-diaporama.jpg",
      "extension" : "jpg",
      "fileName" : "IMG_20220614_104610",
      "taille" : 434349,
      "hauteur" : 2448,
      "largeur" : 3264,
      "lastModifiedDate" : "2022-06-14T12:48:56.943+0000"
    } ],
    "locked" : false
  }, {
    "identifiant" : 13247334,
    "link" : false,
    "type" : "IMAGE",
    "nom" : {
      "libelleFr" : "Polaris Centre d'art Istres"
    },
    "legende" : {
      "libelleFr" : "Polaris Centre d'art Istres"
    },
    "copyright" : {
      "libelleFr" : "OT Istres"
    },
    "traductionFichiers" : [ {
      "locale" : "fr",
      "url" : "https://static.apidae-tourisme.com/filestore/objets-touristiques/images/157/199/13420445.jpg",
      "urlListe" : "https://static.apidae-tourisme.com/filestore/objets-touristiques/images/157/199/13420445-liste.jpg",
      "urlFiche" : "https://static.apidae-tourisme.com/filestore/objets-touristiques/images/157/199/13420445-fiche.jpg",
      "urlDiaporama" : "https://static.apidae-tourisme.com/filestore/objets-touristiques/images/157/199/13420445-diaporama.jpg",
      "extension" : "jpg",
      "fileName" : "IMG_20220614_104353",
      "taille" : 734326,
      "hauteur" : 3472,
      "largeur" : 4624,
      "lastModifiedDate" : "2022-06-14T12:48:51.705+0000"
    } ],
    "locked" : false
  } ],
  "multimedias" : [ {
    "identifiant" : 13247257,
    "link" : false,
    "type" : "DOCUMENT",
    "nom" : {
      "libelleFr" : "Plaquette Polaris saison 2022"
    },
    "legende" : {
      "libelleFr" : "Plaquette Polaris saison 2022"
    },
    "traductionFichiers" : [ {
      "locale" : "fr",
      "url" : "https://static.apidae-tourisme.com/filestore/objets-touristiques/documents/81/199/13420369/POLARIS+2022+plaquette_Saison_sans_tdc.pdf",
      "extension" : "pdf",
      "fileName" : "POLARIS 2022 plaquette_Saison_sans_tdc",
      "taille" : 4506679,
      "lastModifiedDate" : "2022-06-14T12:46:50.014+0000"
    } ],
    "locked" : false
  }, {
    "identifiant" : 13247258,
    "link" : false,
    "type" : "DOCUMENT",
    "nom" : {
      "libelleFr" : "Programmation d'activités culturelles Polaris 2022"
    },
    "legende" : {
      "libelleFr" : "Programmation d'activités culturelles Polaris 2022"
    },
    "traductionFichiers" : [ {
      "locale" : "fr",
      "url" : "https://static.apidae-tourisme.com/filestore/objets-touristiques/documents/82/199/13420370/Polaris_prog-activite__s_culturelles_sans_tdc.pdf",
      "extension" : "pdf",
      "fileName" : "Polaris_prog-activite__s_culturelles_sans_tdc",
      "taille" : 3645273,
      "lastModifiedDate" : "2022-06-14T12:46:50.469+0000"
    } ],
    "locked" : false
  }, {
    "identifiant" : 13248018,
    "link" : false,
    "type" : "DOCUMENT",
    "nom" : {
      "libelleFr" : "DP"
    },
    "traductionFichiers" : [ {
      "locale" : "fr",
      "url" : "https://static.apidae-tourisme.com/filestore/objets-touristiques/documents/61/202/13421117/DP_CT5-Polaris+centre+dart+Istres.pdf",
      "extension" : "pdf",
      "fileName" : "DP_CT5-Polaris centre d'art Istres",
      "taille" : 7953092,
      "lastModifiedDate" : "2022-06-14T13:24:21.155+0000"
    } ],
    "locked" : false
  } ],
  "tourismeAffaires" : {
    "tourismeAffairesEnabled" : true,
    "nombreSallesReunionEquipees" : 4,
    "capaciteMaxAccueil" : 120
  },
  "visites" : {
    "languesVisite" : [ {
      "elementReferenceType" : "Langue",
      "id" : 1197
    } ],
    "languesPanneauInformation" : [ {
      "elementReferenceType" : "Langue",
      "id" : 1197
    } ],
    "visitable" : true,
    "prestationsVisitesIndividuelles" : [ {
      "elementReferenceType" : "PrestationVisiteIndividuelle",
      "id" : 480
    }, {
      "elementReferenceType" : "PrestationVisiteIndividuelle",
      "id" : 483
    }, {
      "elementReferenceType" : "PrestationVisiteIndividuelle",
      "id" : 484
    } ],
    "prestationsVisitesGroupees" : [ {
      "elementReferenceType" : "PrestationVisiteGroupee",
      "id" : 488
    }, {
      "elementReferenceType" : "PrestationVisiteGroupee",
      "id" : 491
    }, {
      "elementReferenceType" : "PrestationVisiteGroupee",
      "id" : 492
    } ]
  },
  "territoires" : [ {
    "type" : "TERRITOIRE",
    "id" : 591381
  }, {
    "type" : "TERRITOIRE",
    "id" : 591419
  }, {
    "type" : "TERRITOIRE",
    "id" : 5127066
  }, {
    "type" : "TERRITOIRE",
    "id" : 5427637
  }, {
    "type" : "TERRITOIRE",
    "id" : 5693765
  }, {
    "type" : "TERRITOIRE",
    "id" : 5693899
  }, {
    "type" : "TERRITOIRE",
    "id" : 5853947
  } ],
  "datesOuverture" : [ "2022-10-20", "2022-10-21", "2022-10-22", "2022-10-23", "2022-10-25", "2022-10-26", "2022-10-27", "2022-10-28", "2022-10-29", "2022-10-30", "2022-11-01", "2022-11-02", "2022-11-03", "2022-11-04", "2022-11-05", "2022-11-06", "2022-11-08", "2022-11-09", "2022-11-10", "2022-11-11", "2022-11-12", "2022-11-13", "2022-11-15", "2022-11-16", "2022-11-17", "2022-11-18", "2022-11-19", "2022-11-20", "2022-11-22", "2022-11-23", "2022-11-24", "2022-11-25", "2022-11-26", "2022-11-27", "2022-11-29", "2022-11-30", "2022-12-01", "2022-12-02", "2022-12-03", "2022-12-04", "2022-12-06", "2022-12-07", "2022-12-08", "2022-12-09", "2022-12-10", "2022-12-11", "2022-12-13", "2022-12-14", "2022-12-15", "2022-12-16", "2022-12-17", "2022-12-18", "2022-12-20", "2022-12-21", "2022-12-22", "2022-12-23", "2022-12-24", "2022-12-25", "2022-12-27", "2022-12-28", "2022-12-29", "2022-12-30", "2022-12-31", "2023-01-01", "2023-01-03", "2023-01-04", "2023-01-05", "2023-01-06", "2023-01-07", "2023-01-08", "2023-01-10", "2023-01-11", "2023-01-12", "2023-01-13", "2023-01-14", "2023-01-15", "2023-01-17", "2023-01-18", "2023-01-19", "2023-01-20", "2023-01-21", "2023-01-22", "2023-01-24", "2023-01-25", "2023-01-26", "2023-01-27", "2023-01-28", "2023-01-29", "2023-01-31", "2023-02-01", "2023-02-02", "2023-02-03", "2023-02-04", "2023-02-05", "2023-02-07", "2023-02-08", "2023-02-09", "2023-02-10", "2023-02-11", "2023-02-12", "2023-02-14", "2023-02-15", "2023-02-16", "2023-02-17", "2023-02-18", "2023-02-19", "2023-02-21", "2023-02-22", "2023-02-23", "2023-02-24", "2023-02-25", "2023-02-26", "2023-02-28", "2023-03-01", "2023-03-02", "2023-03-03", "2023-03-04", "2023-03-05", "2023-03-07", "2023-03-08", "2023-03-09", "2023-03-10", "2023-03-11", "2023-03-12", "2023-03-14", "2023-03-15", "2023-03-16", "2023-03-17", "2023-03-18", "2023-03-19", "2023-03-21", "2023-03-22", "2023-03-23", "2023-03-24", "2023-03-25", "2023-03-26", "2023-03-28", "2023-03-29", "2023-03-30", "2023-03-31", "2023-04-01", "2023-04-02", "2023-04-04", "2023-04-05", "2023-04-06", "2023-04-07", "2023-04-08", "2023-04-09", "2023-04-11", "2023-04-12", "2023-04-13", "2023-04-14", "2023-04-15", "2023-04-16", "2023-04-18", "2023-04-19", "2023-04-20", "2023-04-21", "2023-04-22", "2023-04-23", "2023-04-25", "2023-04-26", "2023-04-27", "2023-04-28", "2023-04-29", "2023-04-30", "2023-05-02", "2023-05-03", "2023-05-04", "2023-05-05", "2023-05-06", "2023-05-07", "2023-05-09", "2023-05-10", "2023-05-11", "2023-05-12", "2023-05-13", "2023-05-14", "2023-05-16", "2023-05-17", "2023-05-18", "2023-05-19", "2023-05-20", "2023-05-21", "2023-05-23", "2023-05-24", "2023-05-25", "2023-05-26", "2023-05-27", "2023-05-28", "2023-05-30", "2023-05-31", "2023-06-01", "2023-06-02", "2023-06-03", "2023-06-04", "2023-06-06", "2023-06-07", "2023-06-08", "2023-06-09", "2023-06-10", "2023-06-11", "2023-06-13", "2023-06-14", "2023-06-15", "2023-06-16", "2023-06-17", "2023-06-18", "2023-06-20", "2023-06-21", "2023-06-22", "2023-06-23", "2023-06-24", "2023-06-25", "2023-06-27", "2023-06-28", "2023-06-29", "2023-06-30", "2023-07-01", "2023-07-02", "2023-07-04", "2023-07-05", "2023-07-06", "2023-07-07", "2023-07-08", "2023-07-09", "2023-07-11", "2023-07-12", "2023-07-13", "2023-07-14", "2023-07-15", "2023-07-16", "2023-07-18", "2023-07-19", "2023-07-20", "2023-07-21", "2023-07-22", "2023-07-23", "2023-07-25", "2023-07-26", "2023-07-27", "2023-07-28", "2023-07-29", "2023-07-30", "2023-08-01", "2023-08-02", "2023-08-03", "2023-08-04", "2023-08-05", "2023-08-06", "2023-08-08", "2023-08-09", "2023-08-10", "2023-08-11", "2023-08-12", "2023-08-13", "2023-08-15", "2023-08-16", "2023-08-17", "2023-08-18", "2023-08-19", "2023-08-20", "2023-08-22", "2023-08-23", "2023-08-24", "2023-08-25", "2023-08-26", "2023-08-27", "2023-08-29", "2023-08-30", "2023-08-31", "2023-09-01", "2023-09-02", "2023-09-03", "2023-09-05", "2023-09-06", "2023-09-07", "2023-09-08", "2023-09-09", "2023-09-10", "2023-09-12", "2023-09-13", "2023-09-14", "2023-09-15", "2023-09-16", "2023-09-17", "2023-09-19", "2023-09-20", "2023-09-21", "2023-09-22", "2023-09-23", "2023-09-24", "2023-09-26", "2023-09-27", "2023-09-28", "2023-09-29", "2023-09-30", "2023-10-01", "2023-10-03", "2023-10-04", "2023-10-05", "2023-10-06", "2023-10-07", "2023-10-08", "2023-10-10", "2023-10-11", "2023-10-12", "2023-10-13", "2023-10-14", "2023-10-15", "2023-10-17", "2023-10-18", "2023-10-19", "2023-10-20", "2023-10-21", "2023-10-22", "2023-10-24", "2023-10-25", "2023-10-26", "2023-10-27", "2023-10-28", "2023-10-29", "2023-10-31", "2023-11-01", "2023-11-02", "2023-11-03", "2023-11-04", "2023-11-05", "2023-11-07", "2023-11-08", "2023-11-09", "2023-11-10", "2023-11-11", "2023-11-12", "2023-11-14", "2023-11-15", "2023-11-16", "2023-11-17", "2023-11-18", "2023-11-19", "2023-11-21", "2023-11-22", "2023-11-23", "2023-11-24", "2023-11-25", "2023-11-26", "2023-11-28", "2023-11-29", "2023-11-30", "2023-12-01", "2023-12-02", "2023-12-03", "2023-12-05", "2023-12-06", "2023-12-07", "2023-12-08", "2023-12-09", "2023-12-10", "2023-12-12", "2023-12-13", "2023-12-14", "2023-12-15", "2023-12-16", "2023-12-17", "2023-12-19", "2023-12-20", "2023-12-21", "2023-12-22", "2023-12-23", "2023-12-24", "2023-12-26", "2023-12-27", "2023-12-28", "2023-12-29", "2023-12-30", "2023-12-31", "2024-01-02", "2024-01-03", "2024-01-04", "2024-01-05", "2024-01-06", "2024-01-07", "2024-01-09", "2024-01-10", "2024-01-11", "2024-01-12", "2024-01-13", "2024-01-14", "2024-01-16", "2024-01-17", "2024-01-18", "2024-01-19", "2024-01-20", "2024-01-21", "2024-01-23", "2024-01-24", "2024-01-25", "2024-01-26", "2024-01-27", "2024-01-28", "2024-01-30", "2024-01-31", "2024-02-01", "2024-02-02", "2024-02-03", "2024-02-04", "2024-02-06", "2024-02-07", "2024-02-08", "2024-02-09", "2024-02-10", "2024-02-11", "2024-02-13", "2024-02-14", "2024-02-15", "2024-02-16", "2024-02-17", "2024-02-18", "2024-02-20", "2024-02-21", "2024-02-22", "2024-02-23", "2024-02-24", "2024-02-25", "2024-02-27", "2024-02-28", "2024-02-29", "2024-03-01", "2024-03-02", "2024-03-03", "2024-03-05", "2024-03-06", "2024-03-07", "2024-03-08", "2024-03-09", "2024-03-10", "2024-03-12", "2024-03-13", "2024-03-14", "2024-03-15", "2024-03-16", "2024-03-17", "2024-03-19", "2024-03-20", "2024-03-21", "2024-03-22", "2024-03-23", "2024-03-24", "2024-03-26", "2024-03-27", "2024-03-28", "2024-03-29", "2024-03-30", "2024-03-31", "2024-04-02", "2024-04-03", "2024-04-04", "2024-04-05", "2024-04-06", "2024-04-07", "2024-04-09", "2024-04-10", "2024-04-11", "2024-04-12", "2024-04-13", "2024-04-14", "2024-04-16", "2024-04-17", "2024-04-18", "2024-04-19", "2024-04-20", "2024-04-21", "2024-04-23", "2024-04-24", "2024-04-25", "2024-04-26", "2024-04-27", "2024-04-28", "2024-04-30", "2024-05-01", "2024-05-02", "2024-05-03", "2024-05-04", "2024-05-05", "2024-05-07", "2024-05-08", "2024-05-09", "2024-05-10", "2024-05-11", "2024-05-12", "2024-05-14", "2024-05-15", "2024-05-16", "2024-05-17", "2024-05-18", "2024-05-19", "2024-05-21", "2024-05-22", "2024-05-23", "2024-05-24", "2024-05-25", "2024-05-26", "2024-05-28", "2024-05-29", "2024-05-30", "2024-05-31", "2024-06-01", "2024-06-02", "2024-06-04", "2024-06-05", "2024-06-06", "2024-06-07", "2024-06-08", "2024-06-09", "2024-06-11", "2024-06-12", "2024-06-13", "2024-06-14", "2024-06-15", "2024-06-16", "2024-06-18", "2024-06-19", "2024-06-20", "2024-06-21", "2024-06-22", "2024-06-23", "2024-06-25", "2024-06-26", "2024-06-27", "2024-06-28", "2024-06-29", "2024-06-30", "2024-07-02", "2024-07-03", "2024-07-04", "2024-07-05", "2024-07-06", "2024-07-07", "2024-07-09", "2024-07-10", "2024-07-11", "2024-07-12", "2024-07-13", "2024-07-14", "2024-07-16", "2024-07-17", "2024-07-18", "2024-07-19", "2024-07-20", "2024-07-21", "2024-07-23", "2024-07-24", "2024-07-25", "2024-07-26", "2024-07-27", "2024-07-28", "2024-07-30", "2024-07-31", "2024-08-01", "2024-08-02", "2024-08-03", "2024-08-04", "2024-08-06", "2024-08-07", "2024-08-08", "2024-08-09", "2024-08-10", "2024-08-11", "2024-08-13", "2024-08-14", "2024-08-15", "2024-08-16", "2024-08-17", "2024-08-18", "2024-08-20", "2024-08-21", "2024-08-22", "2024-08-23", "2024-08-24", "2024-08-25", "2024-08-27", "2024-08-28", "2024-08-29", "2024-08-30", "2024-08-31", "2024-09-01", "2024-09-03", "2024-09-04", "2024-09-05", "2024-09-06", "2024-09-07", "2024-09-08", "2024-09-10", "2024-09-11", "2024-09-12", "2024-09-13", "2024-09-14", "2024-09-15", "2024-09-17", "2024-09-18", "2024-09-19", "2024-09-20", "2024-09-21", "2024-09-22", "2024-09-24", "2024-09-25", "2024-09-26", "2024-09-27", "2024-09-28", "2024-09-29", "2024-10-01", "2024-10-02", "2024-10-03", "2024-10-04", "2024-10-05", "2024-10-06", "2024-10-08", "2024-10-09", "2024-10-10", "2024-10-11", "2024-10-12", "2024-10-13", "2024-10-15", "2024-10-16", "2024-10-17", "2024-10-18", "2024-10-19" ],
  "informationsPatrimoineCulturel" : {
    "patrimoineCulturelType" : {
      "elementReferenceType" : "PatrimoineCulturelType",
      "id" : 3201
    },
    "themes" : [ {
      "elementReferenceType" : "PatrimoineCulturelTheme",
      "id" : 3393
    }, {
      "elementReferenceType" : "PatrimoineCulturelTheme",
      "id" : 3420
    }, {
      "elementReferenceType" : "PatrimoineCulturelTheme",
      "id" : 3422
    }, {
      "elementReferenceType" : "PatrimoineCulturelTheme",
      "id" : 3423
    } ]
  },
  "formatVersion" : "v002",
  "expiration" : { },
  "informationsPrestataireActivites" : {
    "prestataireActivites" : true,
    "activitesCulturelles" : [ {
      "elementReferenceType" : "ActiviteCulturellePrestation",
      "id" : 1818
    } ]
  },
  "enquete" : { },
  "donneesPrivees" : [ {
    "nomTechnique" : "1947_Id_patio",
    "libelleFr" : "Id_Patio",
    "ordre" : 1,
    "descriptif" : {
      "libelleFr" : "13T2000036"
    }
  }, {
    "nomTechnique" : "1947_Source_patio",
    "libelleFr" : "Source_Patio",
    "ordre" : 2,
    "descriptif" : {
      "libelleFr" : "OT Istres"
    }
  }, {
    "nomTechnique" : "1947_Url_patio",
    "libelleFr" : "URL_Patio",
    "ordre" : 3,
    "descriptif" : {
      "libelleFr" : "http://www.istres.fr"
    }
  } ],
  "prestationsList" : [ {
    "type" : "ACTIVITE",
    "id" : 6301297
  }, {
    "type" : "ACTIVITE",
    "id" : 6301323
  } ],
  "metadonnees" : [ {
    "noeudId" : "fairguest",
    "contenus" : [ {
      "cible" : "general",
      "metadonnee" : {
        "note" : 9.0,
        "label" : "Excellent",
        "couleur" : "#277712",
        "nombreAvis" : 10,
        "dateMaj" : 1637955165655
      }
    } ]
  } ]
}