{
  "type" : "PATRIMOINE_CULTUREL",
  "id" : 5538950,
  "nom" : {
    "libelleFr" : "Tour Musée",
    "libelleEn" : "Tour-musée de Velaux - Le Donjon",
    "libelleEs" : "Tour-musée de Velaux - Le Donjon",
    "libelleIt" : "Tour-musée de Velaux - Le Donjon",
    "libelleDe" : "Tour-musée de Velaux - Le Donjon",
    "libelleNl" : "Tour-musée de Velaux - Le Donjon"
  },
  "identifier" : "SITRA2_PCU_5538950",
  "state" : "PUBLISHED",
  "gestion" : {
    "dateCreation" : "2020-05-27T10:43:24.237+0000",
    "dateModification" : "2021-06-14T09:43:29.961+0000",
    "dateExportModification" : "2022-09-05T08:52:11.702+0000",
    "membreProprietaire" : {
      "type" : {
        "elementReferenceType" : "MembreSitraType",
        "id" : 233
      },
      "nom" : "Provence Tourisme",
      "dateCreation" : "2019-11-08T09:11:11.347+0000",
      "dateModification" : "2022-10-24T08:49:52.230+0000",
      "id" : 1947,
      "siteWeb" : "http://www.myprovence.fr"
    },
    "signalerUnProblemeMails" : [ "abartorello@myprovence.fr", "ccombrie@myprovence.fr" ]
  },
  "informations" : {
    "moyensCommunication" : [ {
      "identifiant" : 70513228,
      "type" : {
        "elementReferenceType" : "MoyenCommunicationType",
        "id" : 201
      },
      "coordonnees" : {
        "fr" : "04 42 87 73 66"
      }
    }, {
      "identifiant" : 70513230,
      "type" : {
        "elementReferenceType" : "MoyenCommunicationType",
        "id" : 202
      },
      "coordonnees" : {
        "fr" : "04 42 87 73 74"
      }
    }, {
      "identifiant" : 70513231,
      "type" : {
        "elementReferenceType" : "MoyenCommunicationType",
        "id" : 204
      },
      "coordonnees" : {
        "fr" : "m.calvier@mairie-de-velaux.fr"
      }
    }, {
      "identifiant" : 70513232,
      "type" : {
        "elementReferenceType" : "MoyenCommunicationType",
        "id" : 205
      },
      "coordonnees" : {
        "fr" : "http://www.velaux.fr"
      }
    }, {
      "identifiant" : 85037931,
      "type" : {
        "elementReferenceType" : "MoyenCommunicationType",
        "id" : 201
      },
      "coordonnees" : {
        "fr" : "04 42 87 73 73"
      }
    }, {
      "identifiant" : 85037932,
      "type" : {
        "elementReferenceType" : "MoyenCommunicationType",
        "id" : 201
      },
      "coordonnees" : {
        "fr" : "06 32 87 96 10"
      }
    } ],
    "informationsLegales" : {
      "siret" : "21130112200019"
    },
    "structureGestion" : {
      "type" : "STRUCTURE",
      "id" : 5223277
    }
  },
  "presentation" : {
    "descriptifCourt" : {
      "libelleFr" : "Véritable symbole de Velaux, la tour surplombant le village est l'unique vestige d'un ancien château médiéval."
    },
    "descriptifDetaille" : {
      "libelleFr" : "Après une importante restauration, cet édifice de 15 mètres de haut est aujourd'hui un musée exposant les collections archéologiques municipales allant des hommes du Néolithique aux Paléochrétiens.\r\nPlusieurs salles sont dédiées aux vestiges trouvés sur le site de Roquepertuse et à l'habitat gaulois. Une autre salle est consacrée aux fours de potiers gallo-romains et à la cité paléochrétienne de Sainte Propice. \r\nDeux terrasses panoramiques donnent aux visiteurs une vue exceptionnelle sur la ville et l'Etang-de-Berre."
    },
    "descriptifsThematises" : [ {
      "dateDisponibilite" : null,
      "dateLimiteDePublication" : null,
      "theme" : {
        "elementReferenceType" : "DescriptifTheme",
        "id" : 6143
      },
      "description" : {
        "libelleFr" : "Les visiteurs auront à disposition du gel hydro-alcoolique. \nLe port du masque est obligatoire car certains passages sont exigus. \nUn marquage au sol et une sortie différenciée guideront les visiteurs.\nLa Tour Musée peut accueillir 15 personnes en simultané.\nA partir du 6 juin des visites guidées, limitées à 5 personnes et sur inscription, seront proposées.\nPour plus d'information se rendre sur le site velaux.fr ou contacter le 06 32 87 96 10."
      }
    } ],
    "typologiesPromoSitra" : [ {
      "elementReferenceType" : "TypologiePromoSitra",
      "id" : 6199
    } ]
  },
  "localisation" : {
    "adresse" : {
      "adresse1" : "Rue De la Tour",
      "codePostal" : "13880",
      "bureauDistribution" : "VELAUX",
      "commune" : {
        "id" : 4523
      }
    },
    "geolocalisation" : {
      "complement" : {
        "libelleFr" : "Escalier"
      },
      "valide" : true,
      "geoJson" : {
        "type" : "Point",
        "coordinates" : [ 5.249279, 43.460427 ]
      }
    },
    "perimetreGeographique" : [ {
      "id" : 4523
    } ],
    "environnements" : [ {
      "elementReferenceType" : "Environnement",
      "id" : 151
    }, {
      "elementReferenceType" : "Environnement",
      "id" : 173
    }, {
      "elementReferenceType" : "Environnement",
      "id" : 6042
    } ]
  },
  "liens" : { },
  "prestations" : {
    "equipements" : [ {
      "elementReferenceType" : "PrestationEquipement",
      "id" : 972
    }, {
      "elementReferenceType" : "PrestationEquipement",
      "id" : 1321
    }, {
      "elementReferenceType" : "PrestationEquipement",
      "id" : 1322
    } ],
    "services" : [ {
      "elementReferenceType" : "PrestationService",
      "id" : 1026
    }, {
      "elementReferenceType" : "PrestationService",
      "id" : 1130
    }, {
      "elementReferenceType" : "PrestationService",
      "id" : 1190
    } ],
    "animauxAcceptes" : "NON_ACCEPTES",
    "animauxAcceptesSupplement" : "NON_DISPONIBLE",
    "activites" : [ {
      "elementReferenceType" : "PrestationActivite",
      "id" : 652
    }, {
      "elementReferenceType" : "PrestationActivite",
      "id" : 6032
    } ],
    "languesParlees" : [ {
      "elementReferenceType" : "Langue",
      "id" : 1197
    } ],
    "complementAccueil" : {
      "libelleFr" : "Parking public(La Devalade près de la Mairie)\r\nParking autocar(Place et parking de la Poste)",
      "libelleEn" : "Accessible for disabled",
      "libelleIt" : "Accessibile ai disabili",
      "libelleDe" : "Zugänglich für Behinderte",
      "libelleNl" : "Toegankelijk voor mensen met een handicap"
    },
    "typesClientele" : [ {
      "elementReferenceType" : "TypeClientele",
      "id" : 593
    } ]
  },
  "ouverture" : {
    "periodeEnClair" : {
      "libelleFr" : "Du 01/07 au 31/07, tous les samedis de 15h à 18h.\nOuvert le samedi. Visite guidée sur rendez-vous.\n\nDu 01/08 au 31/08/2021.\nFermé lundi, mardi, mercredi, jeudi, vendredi, samedi et dimanche.\n\nDu 01/09 au 30/06, tous les samedis de 14h à 17h.\nOuvert le samedi. Visite guidée sur rendez-vous.",
      "libelleEn" : "From 01/07 to 31/07, every Saturday between 3 pm and 6 pm.\n\nFrom 01/08 to 31/08/2021.\nClosed Monday, Tuesday, Wednesday, Thursday, Friday, Saturday and Sunday.\n\nFrom 01/09 to 30/06, every Saturday between 2 pm and 5 pm.",
      "libelleEs" : "Del 01/07 al 31/07, todos los sábados de 15 a 18.\n\nDel 01/08 al 31/08/2021.\nCerrado lunes, martes, miércoles, jueves, viernes, sábado y domingo.\n\nDel 01/09 al 30/06, todos los sábados de 14 a 17.",
      "libelleIt" : "Dal 01/07 al 31/07, tutti i sabati dalle 15 alle 18.\n\nDal 01/08 al 31/08/2021.\nChiuso lunedì, martedì, mercoledì, giovedì, venerdì, sabato e domenica.\n\nDal 01/09 al 30/06, tutti i sabati dalle 14 alle 17.",
      "libelleDe" : "Vom 01/07 bis 31/07, jeden Samstag von 15 Uhr bis 18 Uhr.\n\nVom 01/08 bis 31/08/2021.\nMontag, Dienstag, Mittwoch, Donnerstag, Freitag, Samstag und Sonntag geschlossen.\n\nVom 01/09 bis 30/06, jeden Samstag von 14 Uhr bis 17 Uhr.",
      "libelleNl" : "Van 01/07 tot en met 31/07, elke zaterdag van 15.00 tot en met 18.00 u.\n\nVan 01/08 tot en met 31/08/2021.\nMaandag, dinsdag, woensdag, donderdag, vrijdag, zaterdag en zondag gesloten.\n\nVan 01/09 tot en met 30/06, elke zaterdag van 14.00 tot en met 17.00 u.",
      "libelleRu" : "С 01/07 до 31/07, каждый субботы с 15h до 18h.\n\nС 01/08 до 31/08/2021.\nНе работает понедельник, вторник, среда, четверг, пятница, суббота и воскресенье.\n\nС 01/09 до 30/06, каждый субботы с 14h до 17h.",
      "libelleZh" : "从 7月1日 到 7月31日, 每星期六 小时小时 和 小时小时 之间.\n\n从 8月1日 到 2021年8月31日.\n星期一, 星期二, 星期三, 星期四, 星期五, 星期六 和 星期日 关闭.\n\n从 9月1日 到 6月30日, 每星期六 小时小时 和 小时小时 之间.",
      "libellePtBR" : "De 01/07 a 31/07, todas as sábados de 15h a  18h.\n\nDe 01/08 a 31/08/2021.\nFechado em segunda-feira, terça-feira, quarta-feira, quinta-feira, sexta-feira, sábado e domingo.\n\nDe 01/09 a 30/06, todas as sábados de 14h a  17h.",
      "libelleJa" : "01/07 から 31/07 まで, 毎土曜日 3 午後 と 6 午後 の間.\n\n01/08 から 31/08/2021 まで.\n月曜日, 火曜日, 水曜日, 木曜日, 金曜日, 土曜日 と 日曜日 は休み.\n\n01/09 から 30/06 まで, 毎土曜日 2 午後 と 5 午後 の間."
    },
    "periodeEnClairGenerationMode" : "AUTOMATIQUE",
    "indicationsPeriode" : [ {
      "elementReferenceType" : "IndicationPeriode",
      "id" : 416
    }, {
      "elementReferenceType" : "IndicationPeriode",
      "id" : 418
    }, {
      "elementReferenceType" : "IndicationPeriode",
      "id" : 435
    }, {
      "elementReferenceType" : "IndicationPeriode",
      "id" : 436
    } ],
    "periodesOuvertures" : [ {
      "identifiant" : 20162688,
      "dateDebut" : "2021-08-01",
      "dateFin" : "2021-08-31",
      "type" : "OUVERTURE_SAUF",
      "tousLesAns" : false,
      "ouverturesJournalieres" : [ {
        "jour" : "LUNDI"
      }, {
        "jour" : "MARDI"
      }, {
        "jour" : "MERCREDI"
      }, {
        "jour" : "JEUDI"
      }, {
        "jour" : "VENDREDI"
      }, {
        "jour" : "SAMEDI"
      }, {
        "jour" : "DIMANCHE"
      } ],
      "identifiantTechnique" : 21175733
    }, {
      "identifiant" : 19372943,
      "dateDebut" : "2021-07-01",
      "dateFin" : "2021-07-31",
      "complementHoraire" : {
        "libelleFr" : "Ouvert le samedi. Visite guidée sur rendez-vous"
      },
      "horaireOuverture" : "15:00:00",
      "horaireFermeture" : "18:00:00",
      "type" : "OUVERTURE_SEMAINE",
      "tousLesAns" : true,
      "ouverturesJournalieres" : [ {
        "jour" : "SAMEDI"
      } ],
      "identifiantTechnique" : 21175732
    }, {
      "identifiant" : 19372944,
      "dateDebut" : "2020-09-01",
      "dateFin" : "2021-06-30",
      "complementHoraire" : {
        "libelleFr" : "Ouvert le samedi. Visite guidée sur rendez-vous"
      },
      "horaireOuverture" : "14:00:00",
      "horaireFermeture" : "17:00:00",
      "type" : "OUVERTURE_SEMAINE",
      "tousLesAns" : true,
      "ouverturesJournalieres" : [ {
        "jour" : "SAMEDI"
      } ],
      "identifiantTechnique" : 21175731
    } ]
  },
  "descriptionTarif" : {
    "indicationTarif" : "GRATUIT",
    "gratuit" : true,
    "tarifsEnClair" : {
      "libelleFr" : "Gratuit.",
      "libelleEn" : "Free of charge.",
      "libelleEs" : "Gratis.",
      "libelleIt" : "Gratuito.",
      "libelleDe" : "Kostenlos.",
      "libelleNl" : "Gratis.",
      "libelleRu" : "Бесплатно.",
      "libelleZh" : "免费.",
      "libellePtBR" : "Gratuito.",
      "libelleJa" : "無料."
    },
    "tarifsEnClairGenerationMode" : "AUTOMATIQUE",
    "modesPaiement" : [ {
      "elementReferenceType" : "ModePaiement",
      "id" : 1271
    }, {
      "elementReferenceType" : "ModePaiement",
      "id" : 1277
    } ],
    "devise" : "EUR",
    "conditions" : { }
  },
  "reservation" : {
    "organismes" : [ {
      "identifiant" : 5087144,
      "structureReference" : {
        "type" : "STRUCTURE",
        "id" : 5223277
      },
      "nom" : "Tour-musée",
      "type" : {
        "elementReferenceType" : "ReservationType",
        "id" : 475
      },
      "moyensCommunication" : [ {
        "identifiant" : 80399824,
        "type" : {
          "elementReferenceType" : "MoyenCommunicationType",
          "id" : 201
        },
        "coordonnees" : {
          "fr" : "04 42 87 73 59"
        }
      }, {
        "identifiant" : 80399825,
        "type" : {
          "elementReferenceType" : "MoyenCommunicationType",
          "id" : 201
        },
        "coordonnees" : {
          "fr" : "06 32 87 96 10"
        }
      }, {
        "identifiant" : 80399826,
        "type" : {
          "elementReferenceType" : "MoyenCommunicationType",
          "id" : 202
        },
        "coordonnees" : {
          "fr" : "04 42 87 73 74"
        }
      }, {
        "identifiant" : 80399827,
        "type" : {
          "elementReferenceType" : "MoyenCommunicationType",
          "id" : 204
        },
        "coordonnees" : {
          "fr" : "m.calvier@mairie-de-velaux.fr"
        }
      } ],
      "locked" : false
    } ],
    "complement" : {
      "libelleFr" : "Visite guidée sur rendez-vous"
    }
  },
  "criteresInternes" : [ {
    "id" : 23313
  } ],
  "contacts" : [ {
    "identifiant" : 18571030,
    "referent" : true,
    "civilite" : {
      "elementReferenceType" : "ContactCivilite",
      "id" : 442
    },
    "nom" : "CALVIER",
    "prenom" : "Muriel",
    "titre" : {
      "libelleFr" : "Service Patrimoine"
    },
    "fonction" : {
      "elementReferenceType" : "ContactFonction",
      "id" : 459
    },
    "moyensCommunication" : [ {
      "identifiant" : 85037934,
      "type" : {
        "elementReferenceType" : "MoyenCommunicationType",
        "id" : 201
      },
      "coordonnees" : {
        "fr" : "06 32 87 96 10"
      }
    }, {
      "identifiant" : 85037935,
      "type" : {
        "elementReferenceType" : "MoyenCommunicationType",
        "id" : 204
      },
      "coordonnees" : {
        "fr" : "m.calvier@mairie-de-velaux.fr"
      }
    } ]
  } ],
  "illustrations" : [ {
    "identifiant" : 10270110,
    "link" : false,
    "type" : "IMAGE",
    "nom" : {
      "libelleFr" : "13T2000708_2_WEB.jpg"
    },
    "legende" : { },
    "copyright" : {
      "libelleFr" : "Mairie de Velaux"
    },
    "traductionFichiers" : [ {
      "locale" : "fr",
      "url" : "https://static.apidae-tourisme.com/filestore/objets-touristiques/images/118/84/10048630.jpg",
      "urlListe" : "https://static.apidae-tourisme.com/filestore/objets-touristiques/images/118/84/10048630-liste.jpg",
      "urlFiche" : "https://static.apidae-tourisme.com/filestore/objets-touristiques/images/118/84/10048630-fiche.jpg",
      "urlDiaporama" : "https://static.apidae-tourisme.com/filestore/objets-touristiques/images/118/84/10048630-diaporama.jpg",
      "extension" : "jpg",
      "fileName" : "full",
      "taille" : 27769,
      "hauteur" : 300,
      "largeur" : 400,
      "lastModifiedDate" : "2021-06-14T09:43:32.000+0000"
    } ],
    "locked" : false
  }, {
    "identifiant" : 10270111,
    "link" : false,
    "type" : "IMAGE",
    "nom" : {
      "libelleFr" : "13T2000708_5_HD.jpg"
    },
    "legende" : { },
    "copyright" : {
      "libelleFr" : "Mairie de Velaux"
    },
    "traductionFichiers" : [ {
      "locale" : "fr",
      "url" : "https://static.apidae-tourisme.com/filestore/objets-touristiques/images/119/84/10048631.jpg",
      "urlListe" : "https://static.apidae-tourisme.com/filestore/objets-touristiques/images/119/84/10048631-liste.jpg",
      "urlFiche" : "https://static.apidae-tourisme.com/filestore/objets-touristiques/images/119/84/10048631-fiche.jpg",
      "urlDiaporama" : "https://static.apidae-tourisme.com/filestore/objets-touristiques/images/119/84/10048631-diaporama.jpg",
      "extension" : "jpg",
      "fileName" : "full",
      "taille" : 127373,
      "hauteur" : 600,
      "largeur" : 800,
      "lastModifiedDate" : "2021-06-14T09:43:30.000+0000"
    } ],
    "locked" : false
  }, {
    "identifiant" : 10270112,
    "link" : false,
    "type" : "IMAGE",
    "nom" : {
      "libelleFr" : "13T2000708_1_WEB.jpg"
    },
    "legende" : { },
    "copyright" : {
      "libelleFr" : "Mairie de Velaux"
    },
    "traductionFichiers" : [ {
      "locale" : "fr",
      "url" : "https://static.apidae-tourisme.com/filestore/objets-touristiques/images/120/84/10048632.jpg",
      "urlListe" : "https://static.apidae-tourisme.com/filestore/objets-touristiques/images/120/84/10048632-liste.jpg",
      "urlFiche" : "https://static.apidae-tourisme.com/filestore/objets-touristiques/images/120/84/10048632-fiche.jpg",
      "urlDiaporama" : "https://static.apidae-tourisme.com/filestore/objets-touristiques/images/120/84/10048632-diaporama.jpg",
      "extension" : "jpg",
      "fileName" : "full",
      "taille" : 21266,
      "hauteur" : 400,
      "largeur" : 300,
      "lastModifiedDate" : "2021-06-14T09:43:30.000+0000"
    } ],
    "locked" : false
  }, {
    "identifiant" : 10270113,
    "link" : false,
    "type" : "IMAGE",
    "nom" : {
      "libelleFr" : "13T2000708_3_HD.jpg"
    },
    "legende" : { },
    "copyright" : {
      "libelleFr" : "Mairie de Velaux"
    },
    "traductionFichiers" : [ {
      "locale" : "fr",
      "url" : "https://static.apidae-tourisme.com/filestore/objets-touristiques/images/121/84/10048633.jpg",
      "urlListe" : "https://static.apidae-tourisme.com/filestore/objets-touristiques/images/121/84/10048633-liste.jpg",
      "urlFiche" : "https://static.apidae-tourisme.com/filestore/objets-touristiques/images/121/84/10048633-fiche.jpg",
      "urlDiaporama" : "https://static.apidae-tourisme.com/filestore/objets-touristiques/images/121/84/10048633-diaporama.jpg",
      "extension" : "jpg",
      "fileName" : "full",
      "taille" : 905794,
      "hauteur" : 1440,
      "largeur" : 1920,
      "lastModifiedDate" : "2021-06-14T09:43:31.000+0000"
    } ],
    "locked" : false
  }, {
    "identifiant" : 10270114,
    "link" : false,
    "type" : "IMAGE",
    "nom" : {
      "libelleFr" : "13T2000708_4_HD.jpg"
    },
    "legende" : { },
    "copyright" : {
      "libelleFr" : "Mairie de Velaux"
    },
    "traductionFichiers" : [ {
      "locale" : "fr",
      "url" : "https://static.apidae-tourisme.com/filestore/objets-touristiques/images/122/84/10048634.jpg",
      "urlListe" : "https://static.apidae-tourisme.com/filestore/objets-touristiques/images/122/84/10048634-liste.jpg",
      "urlFiche" : "https://static.apidae-tourisme.com/filestore/objets-touristiques/images/122/84/10048634-fiche.jpg",
      "urlDiaporama" : "https://static.apidae-tourisme.com/filestore/objets-touristiques/images/122/84/10048634-diaporama.jpg",
      "extension" : "jpg",
      "fileName" : "full",
      "taille" : 90796,
      "hauteur" : 600,
      "largeur" : 800,
      "lastModifiedDate" : "2021-06-14T09:43:32.000+0000"
    } ],
    "locked" : false
  } ],
  "tourismeAffaires" : {
    "tourismeAffairesEnabled" : true,
    "nombreSallesReunionEquipees" : 9,
    "capaciteMaxAccueil" : 32
  },
  "visites" : {
    "languesPanneauInformation" : [ {
      "elementReferenceType" : "Langue",
      "id" : 1197
    } ],
    "visitable" : true,
    "prestationsVisitesIndividuelles" : [ {
      "elementReferenceType" : "PrestationVisiteIndividuelle",
      "id" : 480
    }, {
      "elementReferenceType" : "PrestationVisiteIndividuelle",
      "id" : 483
    } ]
  },
  "territoires" : [ {
    "type" : "TERRITOIRE",
    "id" : 591381
  }, {
    "type" : "TERRITOIRE",
    "id" : 591419
  }, {
    "type" : "TERRITOIRE",
    "id" : 5127066
  }, {
    "type" : "TERRITOIRE",
    "id" : 5427637
  }, {
    "type" : "TERRITOIRE",
    "id" : 5693839
  }, {
    "type" : "TERRITOIRE",
    "id" : 5693907
  }, {
    "type" : "TERRITOIRE",
    "id" : 5775948
  }, {
    "type" : "TERRITOIRE",
    "id" : 5853933
  } ],
  "datesOuverture" : [ "2023-07-01", "2023-07-08", "2023-07-15", "2023-07-22", "2023-07-29", "2024-07-06", "2024-07-13", "2024-07-20", "2024-07-27", "2022-11-12", "2022-11-19", "2022-11-26", "2022-12-03", "2022-12-10", "2022-12-17", "2022-12-24", "2022-12-31", "2023-01-07", "2023-01-14", "2023-01-21", "2023-01-28", "2023-02-04", "2023-02-11", "2023-02-18", "2023-02-25", "2023-03-04", "2023-03-11", "2023-03-18", "2023-03-25", "2023-04-01", "2023-04-08", "2023-04-15", "2023-04-22", "2023-04-29", "2023-05-06", "2023-05-13", "2023-05-20", "2023-05-27", "2023-06-03", "2023-06-10", "2023-06-17", "2023-06-24", "2023-09-02", "2023-09-09", "2023-09-16", "2023-09-23", "2023-09-30", "2023-10-07", "2023-10-14", "2023-10-21", "2023-10-28", "2023-11-04", "2023-11-11", "2023-11-18", "2023-11-25", "2023-12-02", "2023-12-09", "2023-12-16", "2023-12-23", "2023-12-30", "2024-01-06", "2024-01-13", "2024-01-20", "2024-01-27", "2024-02-03", "2024-02-10", "2024-02-17", "2024-02-24", "2024-03-02", "2024-03-09", "2024-03-16", "2024-03-23", "2024-03-30", "2024-04-06", "2024-04-13", "2024-04-20", "2024-04-27", "2024-05-04", "2024-05-11", "2024-05-18", "2024-05-25", "2024-06-01", "2024-06-08", "2024-06-15", "2024-06-22", "2024-06-29", "2024-09-07", "2024-09-14", "2024-09-21", "2024-09-28", "2024-10-05", "2024-10-12", "2024-10-19", "2024-10-26", "2024-11-02" ],
  "informationsPatrimoineCulturel" : {
    "patrimoineCulturelType" : {
      "elementReferenceType" : "PatrimoineCulturelType",
      "id" : 3201
    },
    "themes" : [ {
      "elementReferenceType" : "PatrimoineCulturelTheme",
      "id" : 3416
    }, {
      "elementReferenceType" : "PatrimoineCulturelTheme",
      "id" : 3429
    } ],
    "categories" : [ {
      "elementReferenceType" : "PatrimoineCulturelCategorie",
      "id" : 3229
    } ]
  },
  "formatVersion" : "v002",
  "expiration" : { },
  "informationsPrestataireActivites" : {
    "prestataireActivites" : true
  },
  "enquete" : {
    "enquetes" : [ {
      "identifiant" : 1598308,
      "annee" : 2021,
      "retour" : true,
      "titre" : {
        "elementReferenceType" : "EnqueteTitre",
        "id" : 3934
      }
    } ]
  },
  "donneesPrivees" : [ {
    "nomTechnique" : "1947_Id_patio",
    "libelleFr" : "Id_Patio",
    "ordre" : 1,
    "descriptif" : {
      "libelleFr" : "13T2000708"
    }
  }, {
    "nomTechnique" : "1947_Source_patio",
    "libelleFr" : "Source_Patio",
    "ordre" : 2,
    "descriptif" : {
      "libelleFr" : "Provence Tourisme"
    }
  }, {
    "nomTechnique" : "1947_Url_patio",
    "libelleFr" : "URL_Patio",
    "ordre" : 3,
    "descriptif" : {
      "libelleFr" : "http://www.myprovence.fr"
    }
  } ]
}