{
  "type" : "PATRIMOINE_CULTUREL",
  "id" : 5538413,
  "nom" : {
    "libelleFr" : "Tour carrée du Roy René",
    "libelleEn" : "Tour carrée du Roy René",
    "libelleEs" : "Tour carrée du Roy René",
    "libelleIt" : "Tour carrée du Roy René",
    "libelleDe" : "Tour carrée du Roy René",
    "libelleNl" : "Tour carrée du Roy René"
  },
  "identifier" : "SITRA2_PCU_5538413",
  "state" : "PUBLISHED",
  "gestion" : {
    "dateCreation" : "2020-05-26T17:33:43.833+0000",
    "dateModification" : "2021-12-10T09:08:39.455+0000",
    "dateExportModification" : "2022-07-01T09:40:34.166+0000",
    "membreProprietaire" : {
      "type" : {
        "elementReferenceType" : "MembreSitraType",
        "id" : 233
      },
      "nom" : "Office Métropolitain de tourisme et des congrès de Marseille",
      "dateCreation" : "2017-02-13T09:29:30.842+0000",
      "dateModification" : "2022-10-24T08:49:48.642+0000",
      "id" : 1490,
      "siteWeb" : "http://www.marseille-tourisme.com"
    },
    "signalerUnProblemeMails" : [ "alegrand@marseille-tourisme.com", "hcochet@marseille-tourisme.com", "jorengo@marseille-tourisme.com", "lchavet@marseille-tourisme.com", "mamadier@marseille-tourisme.com", "sbenimeli@marseille-tourisme.com" ]
  },
  "informations" : {
    "moyensCommunication" : [ {
      "identifiant" : 79628977,
      "type" : {
        "elementReferenceType" : "MoyenCommunicationType",
        "id" : 201
      },
      "coordonnees" : {
        "fr" : "04 96 13 80 92"
      }
    }, {
      "identifiant" : 79628978,
      "type" : {
        "elementReferenceType" : "MoyenCommunicationType",
        "id" : 205
      },
      "coordonnees" : {
        "fr" : "https://www.mucem.org/"
      }
    } ],
    "informationsLegales" : { },
    "structureGestion" : {
      "type" : "STRUCTURE",
      "id" : 5527607
    }
  },
  "presentation" : {
    "descriptifCourt" : {
      "libelleFr" : "A l'époque des croisades, le site avait été concédé aux Hospitaliers de Saint-Jean de Jérusalem qui s'installèrent sur ce promontoire abrupt et y élevèrent leur Commanderie pour acheminer les troupes vers la Terre Sainte."
    },
    "descriptifDetaille" : {
      "libelleFr" : "Les Hospitaliers occupèrent l'ancienne chapelle de Saint-Jean- Baptiste, puis entreprirent la construction d'une nouvelle église, de l'hôpital et du palais du Commandeur. L'ensemble était achevé en 1365. Le contrôle de l'entrée du port était assuré par une chaîne de 226 gros anneaux qui reliait les deux tours Saint-Nicolas et Maubec. Celle-ci, lors du sac de Marseille en 1423 par les Aragonais, fut entièrement détruite et la chaîne emportée comme trophée par les Espagnols. Le Roy René, désireux d'assurer plus efficacement la défense du port, fit édifier sur le même emplacement de la tour Maubec une nouvelle tour qui porte son nom : Tour du Roy René ou Tour Carrée (1447-1453). La tour, d'une hauteur de 28,50 mètres se compose de 4 salles desservies par un escalier à vis de 147 marches. Une première salle de 42 m2, une deuxième salle de 58,60 m2, une troisième de 44,20 m2, et une dernière de 42,20 m2. Le toit-terrasse a une superficie de 180 m2 exploitables. \r\n\r\nElle accueille aujourd'hui une partie du Mucem, le musée des civilisations de l'Europe et de la Méditerranée, et n'est ouverte que lors d'expositions temporaires."
    }
  },
  "localisation" : {
    "adresse" : {
      "adresse1" : "Quai Du Port",
      "codePostal" : "13002",
      "bureauDistribution" : "MARSEILLE",
      "commune" : {
        "id" : 4532
      }
    },
    "geolocalisation" : {
      "valide" : true,
      "geoJson" : {
        "type" : "Point",
        "coordinates" : [ 5.362715, 43.294756 ]
      }
    },
    "perimetreGeographique" : [ {
      "id" : 4532
    } ],
    "environnements" : [ {
      "elementReferenceType" : "Environnement",
      "id" : 183
    }, {
      "elementReferenceType" : "Environnement",
      "id" : 3974
    }, {
      "elementReferenceType" : "Environnement",
      "id" : 3976
    } ]
  },
  "liens" : {
    "liensObjetsTouristiquesTypes" : [ {
      "type" : "SUR_PLACE",
      "libelleFr" : "Sur place",
      "libelleEn" : "On the premises",
      "libelleEs" : "In situ",
      "libelleIt" : "Sul posto",
      "libelleDe" : "Vor Ort",
      "libelleNl" : "Ter plaatse",
      "libelleRu" : "На месте",
      "libelleZh" : "堂食",
      "libellePtBR" : "No local",
      "libelleJa" : "現地で",
      "objetTouristique" : {
        "type" : "PATRIMOINE_CULTUREL",
        "id" : 5539450
      }
    }, {
      "type" : "SUR_PLACE",
      "libelleFr" : "Sur place",
      "libelleEn" : "On the premises",
      "libelleEs" : "In situ",
      "libelleIt" : "Sul posto",
      "libelleDe" : "Vor Ort",
      "libelleNl" : "Ter plaatse",
      "libelleRu" : "На месте",
      "libelleZh" : "堂食",
      "libellePtBR" : "No local",
      "libelleJa" : "現地で",
      "objetTouristique" : {
        "type" : "PATRIMOINE_CULTUREL",
        "id" : 5538116
      }
    } ]
  },
  "prestations" : {
    "equipements" : [ {
      "elementReferenceType" : "PrestationEquipement",
      "id" : 1321
    } ],
    "animauxAcceptes" : "NON_DISPONIBLE",
    "animauxAcceptesSupplement" : "NON_DISPONIBLE",
    "complementAccueil" : {
      "libelleFr" : "Parking public(Esplanade Saint Jean)",
      "libelleEn" : "Accessible for disabled",
      "libelleIt" : "Accessibile ai disabili",
      "libelleDe" : "Zugänglich für Behinderte",
      "libelleNl" : "Toegankelijk voor mensen met een handicap"
    }
  },
  "ouverture" : {
    "periodeEnClair" : {
      "libelleFr" : "Du 19/05 au 31/12 de 10h à 19h.\nFermé le mardi.",
      "libelleEn" : "From 19/05 to 31/12 between 10 am and 7 pm.\nClosed on Tuesday.",
      "libelleEs" : "Del 19/05 al 31/12 de 10 a 19.\nCerrado los martes.",
      "libelleIt" : "Dal 19/05 al 31/12 dalle 10 alle 19.\nChiuso il martedì.",
      "libelleDe" : "Vom 19/05 bis 31/12 von 10 Uhr bis 19 Uhr.\nDienstag geschlossen.",
      "libelleNl" : "Van 19/05 tot en met 31/12 van 10.00 tot en met 19.00 u.\nDinsdag gesloten.",
      "libelleRu" : "С 19/05 до 31/12 с 10h до 19h.\nНе работает вторник.",
      "libelleZh" : "从 5月19日 到 12月31日 小时小时 和 小时小时 之间.\n星期二 关闭.",
      "libellePtBR" : "De 19/05 a 31/12 de 10h a  19h.\nFechado em terça-feira.",
      "libelleJa" : "19/05 から 31/12 まで 10 午前 と 7 午後 の間.\n火曜日 は休み."
    },
    "periodeEnClairGenerationMode" : "AUTOMATIQUE",
    "indicationsPeriode" : [ {
      "elementReferenceType" : "IndicationPeriode",
      "id" : 416
    }, {
      "elementReferenceType" : "IndicationPeriode",
      "id" : 418
    }, {
      "elementReferenceType" : "IndicationPeriode",
      "id" : 435
    }, {
      "elementReferenceType" : "IndicationPeriode",
      "id" : 436
    } ],
    "periodesOuvertures" : [ {
      "identifiant" : 19701071,
      "dateDebut" : "2021-05-19",
      "dateFin" : "2021-12-31",
      "horaireOuverture" : "10:00:00",
      "horaireFermeture" : "19:00:00",
      "type" : "OUVERTURE_SAUF",
      "tousLesAns" : true,
      "ouverturesJournalieres" : [ {
        "jour" : "MARDI"
      } ],
      "identifiantTechnique" : 22263396
    } ]
  },
  "descriptionTarif" : {
    "indicationTarif" : "GRATUIT",
    "gratuit" : true,
    "tarifsEnClair" : {
      "libelleFr" : "Gratuit.",
      "libelleEn" : "Free of charge.",
      "libelleEs" : "Gratis.",
      "libelleIt" : "Gratuito.",
      "libelleDe" : "Kostenlos.",
      "libelleNl" : "Gratis.",
      "libelleRu" : "Бесплатно.",
      "libelleZh" : "免费.",
      "libellePtBR" : "Gratuito.",
      "libelleJa" : "無料."
    },
    "tarifsEnClairGenerationMode" : "AUTOMATIQUE",
    "devise" : "EUR",
    "conditions" : { }
  },
  "reservation" : { },
  "criteresInternes" : [ {
    "id" : 16775
  } ],
  "contacts" : [ {
    "identifiant" : 17636611,
    "referent" : true,
    "nom" : "MUCEM",
    "fonction" : {
      "elementReferenceType" : "ContactFonction",
      "id" : 457
    }
  } ],
  "illustrations" : [ {
    "identifiant" : 8779483,
    "link" : false,
    "type" : "IMAGE",
    "nom" : {
      "libelleFr" : "13T2001560_1_WEB.jpg"
    },
    "copyright" : {
      "libelleFr" : "DR Office Métropolitain de Tourisme et Congrès de Marseille"
    },
    "traductionFichiers" : [ {
      "locale" : "fr",
      "url" : "https://static.apidae-tourisme.com/filestore/objets-touristiques/images/109/89/8542573.jpg",
      "urlListe" : "https://static.apidae-tourisme.com/filestore/objets-touristiques/images/109/89/8542573-liste.jpg",
      "urlFiche" : "https://static.apidae-tourisme.com/filestore/objets-touristiques/images/109/89/8542573-fiche.jpg",
      "urlDiaporama" : "https://static.apidae-tourisme.com/filestore/objets-touristiques/images/109/89/8542573-diaporama.jpg",
      "extension" : "jpg",
      "fileName" : "full",
      "taille" : 50541,
      "hauteur" : 300,
      "largeur" : 400,
      "lastModifiedDate" : "2020-09-22T08:29:43.000+0000"
    } ],
    "locked" : false
  }, {
    "identifiant" : 8779484,
    "link" : false,
    "type" : "IMAGE",
    "nom" : {
      "libelleFr" : "13T2001560_2_HD.jpg"
    },
    "copyright" : {
      "libelleFr" : "DR Office Métropolitain de Tourisme et Congrès de Marseille"
    },
    "traductionFichiers" : [ {
      "locale" : "fr",
      "url" : "https://static.apidae-tourisme.com/filestore/objets-touristiques/images/110/89/8542574.jpg",
      "urlListe" : "https://static.apidae-tourisme.com/filestore/objets-touristiques/images/110/89/8542574-liste.jpg",
      "urlFiche" : "https://static.apidae-tourisme.com/filestore/objets-touristiques/images/110/89/8542574-fiche.jpg",
      "urlDiaporama" : "https://static.apidae-tourisme.com/filestore/objets-touristiques/images/110/89/8542574-diaporama.jpg",
      "extension" : "jpg",
      "fileName" : "full",
      "taille" : 79217,
      "hauteur" : 800,
      "largeur" : 600,
      "lastModifiedDate" : "2020-09-22T08:29:43.000+0000"
    } ],
    "locked" : false
  } ],
  "tourismeAffaires" : {
    "tourismeAffairesEnabled" : true,
    "nombreSallesReunionEquipees" : 4,
    "capaciteMaxAccueil" : 50
  },
  "visites" : {
    "visitable" : false
  },
  "territoires" : [ {
    "type" : "TERRITOIRE",
    "id" : 591381
  }, {
    "type" : "TERRITOIRE",
    "id" : 591419
  }, {
    "type" : "TERRITOIRE",
    "id" : 5127066
  }, {
    "type" : "TERRITOIRE",
    "id" : 5427637
  }, {
    "type" : "TERRITOIRE",
    "id" : 5460436
  }, {
    "type" : "TERRITOIRE",
    "id" : 5693878
  }, {
    "type" : "TERRITOIRE",
    "id" : 5693903
  }, {
    "type" : "TERRITOIRE",
    "id" : 6008197
  } ],
  "datesOuverture" : [ "2022-11-09", "2022-11-10", "2022-11-11", "2022-11-12", "2022-11-13", "2022-11-14", "2022-11-16", "2022-11-17", "2022-11-18", "2022-11-19", "2022-11-20", "2022-11-21", "2022-11-23", "2022-11-24", "2022-11-25", "2022-11-26", "2022-11-27", "2022-11-28", "2022-11-30", "2022-12-01", "2022-12-02", "2022-12-03", "2022-12-04", "2022-12-05", "2022-12-07", "2022-12-08", "2022-12-09", "2022-12-10", "2022-12-11", "2022-12-12", "2022-12-14", "2022-12-15", "2022-12-16", "2022-12-17", "2022-12-18", "2022-12-19", "2022-12-21", "2022-12-22", "2022-12-23", "2022-12-24", "2022-12-25", "2022-12-26", "2022-12-28", "2022-12-29", "2022-12-30", "2022-12-31", "2023-05-19", "2023-05-20", "2023-05-21", "2023-05-22", "2023-05-24", "2023-05-25", "2023-05-26", "2023-05-27", "2023-05-28", "2023-05-29", "2023-05-31", "2023-06-01", "2023-06-02", "2023-06-03", "2023-06-04", "2023-06-05", "2023-06-07", "2023-06-08", "2023-06-09", "2023-06-10", "2023-06-11", "2023-06-12", "2023-06-14", "2023-06-15", "2023-06-16", "2023-06-17", "2023-06-18", "2023-06-19", "2023-06-21", "2023-06-22", "2023-06-23", "2023-06-24", "2023-06-25", "2023-06-26", "2023-06-28", "2023-06-29", "2023-06-30", "2023-07-01", "2023-07-02", "2023-07-03", "2023-07-05", "2023-07-06", "2023-07-07", "2023-07-08", "2023-07-09", "2023-07-10", "2023-07-12", "2023-07-13", "2023-07-14", "2023-07-15", "2023-07-16", "2023-07-17", "2023-07-19", "2023-07-20", "2023-07-21", "2023-07-22", "2023-07-23", "2023-07-24", "2023-07-26", "2023-07-27", "2023-07-28", "2023-07-29", "2023-07-30", "2023-07-31", "2023-08-02", "2023-08-03", "2023-08-04", "2023-08-05", "2023-08-06", "2023-08-07", "2023-08-09", "2023-08-10", "2023-08-11", "2023-08-12", "2023-08-13", "2023-08-14", "2023-08-16", "2023-08-17", "2023-08-18", "2023-08-19", "2023-08-20", "2023-08-21", "2023-08-23", "2023-08-24", "2023-08-25", "2023-08-26", "2023-08-27", "2023-08-28", "2023-08-30", "2023-08-31", "2023-09-01", "2023-09-02", "2023-09-03", "2023-09-04", "2023-09-06", "2023-09-07", "2023-09-08", "2023-09-09", "2023-09-10", "2023-09-11", "2023-09-13", "2023-09-14", "2023-09-15", "2023-09-16", "2023-09-17", "2023-09-18", "2023-09-20", "2023-09-21", "2023-09-22", "2023-09-23", "2023-09-24", "2023-09-25", "2023-09-27", "2023-09-28", "2023-09-29", "2023-09-30", "2023-10-01", "2023-10-02", "2023-10-04", "2023-10-05", "2023-10-06", "2023-10-07", "2023-10-08", "2023-10-09", "2023-10-11", "2023-10-12", "2023-10-13", "2023-10-14", "2023-10-15", "2023-10-16", "2023-10-18", "2023-10-19", "2023-10-20", "2023-10-21", "2023-10-22", "2023-10-23", "2023-10-25", "2023-10-26", "2023-10-27", "2023-10-28", "2023-10-29", "2023-10-30", "2023-11-01", "2023-11-02", "2023-11-03", "2023-11-04", "2023-11-05", "2023-11-06", "2023-11-08", "2023-11-09", "2023-11-10", "2023-11-11", "2023-11-12", "2023-11-13", "2023-11-15", "2023-11-16", "2023-11-17", "2023-11-18", "2023-11-19", "2023-11-20", "2023-11-22", "2023-11-23", "2023-11-24", "2023-11-25", "2023-11-26", "2023-11-27", "2023-11-29", "2023-11-30", "2023-12-01", "2023-12-02", "2023-12-03", "2023-12-04", "2023-12-06", "2023-12-07", "2023-12-08", "2023-12-09", "2023-12-10", "2023-12-11", "2023-12-13", "2023-12-14", "2023-12-15", "2023-12-16", "2023-12-17", "2023-12-18", "2023-12-20", "2023-12-21", "2023-12-22", "2023-12-23", "2023-12-24", "2023-12-25", "2023-12-27", "2023-12-28", "2023-12-29", "2023-12-30", "2023-12-31", "2024-05-19", "2024-05-20", "2024-05-22", "2024-05-23", "2024-05-24", "2024-05-25", "2024-05-26", "2024-05-27", "2024-05-29", "2024-05-30", "2024-05-31", "2024-06-01", "2024-06-02", "2024-06-03", "2024-06-05", "2024-06-06", "2024-06-07", "2024-06-08", "2024-06-09", "2024-06-10", "2024-06-12", "2024-06-13", "2024-06-14", "2024-06-15", "2024-06-16", "2024-06-17", "2024-06-19", "2024-06-20", "2024-06-21", "2024-06-22", "2024-06-23", "2024-06-24", "2024-06-26", "2024-06-27", "2024-06-28", "2024-06-29", "2024-06-30", "2024-07-01", "2024-07-03", "2024-07-04", "2024-07-05", "2024-07-06", "2024-07-07", "2024-07-08", "2024-07-10", "2024-07-11", "2024-07-12", "2024-07-13", "2024-07-14", "2024-07-15", "2024-07-17", "2024-07-18", "2024-07-19", "2024-07-20", "2024-07-21", "2024-07-22", "2024-07-24", "2024-07-25", "2024-07-26", "2024-07-27", "2024-07-28", "2024-07-29", "2024-07-31", "2024-08-01", "2024-08-02", "2024-08-03", "2024-08-04", "2024-08-05", "2024-08-07", "2024-08-08", "2024-08-09", "2024-08-10", "2024-08-11", "2024-08-12", "2024-08-14", "2024-08-15", "2024-08-16", "2024-08-17", "2024-08-18", "2024-08-19", "2024-08-21", "2024-08-22", "2024-08-23", "2024-08-24", "2024-08-25", "2024-08-26", "2024-08-28", "2024-08-29", "2024-08-30", "2024-08-31", "2024-09-01", "2024-09-02", "2024-09-04", "2024-09-05", "2024-09-06", "2024-09-07", "2024-09-08", "2024-09-09", "2024-09-11", "2024-09-12", "2024-09-13", "2024-09-14", "2024-09-15", "2024-09-16", "2024-09-18", "2024-09-19", "2024-09-20", "2024-09-21", "2024-09-22", "2024-09-23", "2024-09-25", "2024-09-26", "2024-09-27", "2024-09-28", "2024-09-29", "2024-09-30", "2024-10-02", "2024-10-03", "2024-10-04", "2024-10-05", "2024-10-06", "2024-10-07", "2024-10-09", "2024-10-10", "2024-10-11", "2024-10-12", "2024-10-13", "2024-10-14", "2024-10-16", "2024-10-17", "2024-10-18", "2024-10-19", "2024-10-20", "2024-10-21", "2024-10-23", "2024-10-24", "2024-10-25", "2024-10-26", "2024-10-27", "2024-10-28", "2024-10-30", "2024-10-31", "2024-11-01", "2024-11-02", "2024-11-03", "2024-11-04", "2024-11-06", "2024-11-07", "2024-11-08" ],
  "informationsPatrimoineCulturel" : {
    "patrimoineCulturelType" : {
      "elementReferenceType" : "PatrimoineCulturelType",
      "id" : 3203
    },
    "themes" : [ {
      "elementReferenceType" : "PatrimoineCulturelTheme",
      "id" : 3486
    }, {
      "elementReferenceType" : "PatrimoineCulturelTheme",
      "id" : 3506
    } ]
  },
  "formatVersion" : "v002",
  "expiration" : { },
  "informationsPrestataireActivites" : {
    "prestataireActivites" : false
  },
  "enquete" : { },
  "donneesPrivees" : [ {
    "nomTechnique" : "1947_Id_patio",
    "libelleFr" : "Id_Patio",
    "ordre" : 1,
    "descriptif" : {
      "libelleFr" : "13T2001560"
    }
  }, {
    "nomTechnique" : "1947_Source_patio",
    "libelleFr" : "Source_Patio",
    "ordre" : 2,
    "descriptif" : {
      "libelleFr" : "OT Marseille"
    }
  }, {
    "nomTechnique" : "1947_Url_patio",
    "libelleFr" : "URL_Patio",
    "ordre" : 3,
    "descriptif" : {
      "libelleFr" : "http://www.marseille-tourisme.com"
    }
  } ]
}