{
  "type" : "PATRIMOINE_CULTUREL",
  "id" : 5539468,
  "nom" : {
    "libelleFr" : "Aqueducs romains de Barbegal",
    "libelleEn" : "Roman aqueducts of Barbegal",
    "libelleEs" : "Acueductos romanos de Barbegal",
    "libelleIt" : "Aqueduc et Meunerie de Barbegal",
    "libelleDe" : "Römische Aquädukte von Barbegal",
    "libelleNl" : "Aqueduc et Meunerie de Barbegal"
  },
  "identifier" : "SITRA2_PCU_5539468",
  "state" : "PUBLISHED",
  "gestion" : {
    "dateCreation" : "2020-05-27T15:11:58.664+0000",
    "dateModification" : "2022-07-28T06:56:18.603+0000",
    "dateExportModification" : "2022-07-28T06:56:19.221+0000",
    "membreProprietaire" : {
      "type" : {
        "elementReferenceType" : "MembreSitraType",
        "id" : 233
      },
      "nom" : "Régie Tourisme de la CC Vallée Des Baux-Alpilles",
      "dateCreation" : "2020-09-21T13:49:42.365+0000",
      "dateModification" : "2022-10-24T08:49:50.520+0000",
      "id" : 2081
    },
    "signalerUnProblemeMails" : [ "fontvieille@alpillesenprovence.com", "mouries@alpillesenprovence.com", "web@alpillesenprovence.com" ]
  },
  "informations" : {
    "moyensCommunication" : [ {
      "identifiant" : 79674960,
      "type" : {
        "elementReferenceType" : "MoyenCommunicationType",
        "id" : 201
      },
      "coordonnees" : {
        "fr" : "04 90 54 67 49",
        "en" : "00 33 4 90 54 67 49",
        "de" : "00 33 4 90 54 67 49"
      }
    }, {
      "identifiant" : 92437825,
      "type" : {
        "elementReferenceType" : "MoyenCommunicationType",
        "id" : 204
      },
      "coordonnees" : {
        "fr" : "fontvieille@alpillesenprovence.com",
        "en" : "fontvieille@alpillesenprovence.com",
        "de" : "fontvieille@alpillesenprovence.com"
      }
    }, {
      "identifiant" : 92437920,
      "type" : {
        "elementReferenceType" : "MoyenCommunicationType",
        "id" : 205
      },
      "coordonnees" : {
        "fr" : "https://www.alpillesenprovence.com",
        "en" : "https://www.alpillesenprovence.com",
        "de" : "https://www.alpillesenprovence.com"
      }
    } ],
    "informationsLegales" : { },
    "structureGestion" : {
      "type" : "STRUCTURE",
      "id" : 5230726
    },
    "structureInformation" : {
      "type" : "STRUCTURE",
      "id" : 5223773
    }
  },
  "presentation" : {
    "descriptifCourt" : {
      "libelleFr" : "Les aqueducs et le meunerie de Barbegal composaient un ouvrage complexe de deux aqueducs parallèles, conduisant l'eau potable vers la cité d'Arles à partir des Alpilles et qui alimentaient une meunerie pouvant produire de la farine pour \"Arelate\"",
      "libelleEn" : "The aqueducts and mills of Barbegal were a complex work of two parallel aqueducts, leading drinking water to the city of Arles from the Alpilles and also made turn the mills that could produce flour for \"Arelate\".",
      "libelleEs" : "Los acueductos y la fábrica de molienda de Barbegal eran una compleja obra de dos acueductos paralelos que conducían agua potable a la ciudad de Arles desde los Alpilles y alimentaban una fábrica de molienda que podía producir harina para \"Arelate\".",
      "libelleDe" : "Die Aquädukte und Mühlen von Barbegal waren ein komplexes Werk aus zwei parallelen Aquädukten, die Trinkwasser aus den Alpillen in die Stadt Arles leiteten und auch die Mühlen drehten, die Mehl für \"Arelate\" herstellen konnten."
    },
    "descriptifDetaille" : {
      "libelleFr" : "Les aqueducs dont il subsiste des vestiges à proximité de la meunerie de Barbegal est une déviation de celui, dit \"de caparon\", qui acheminait l'eau du versant sud des Alpilles. Les techniques de construction du segment qui précède la meunerie diffèrent de celles observées sur le parcours de l'aqueduc de Caparon.\r\nFernand Benoît avait dans un premier temps daté cette construction au IV° de notre ère, la liant avec la diffusion du christianisme et la raréfaction de l'esclavage qu'elle aurait entraîné. Cependant, des recherches effectuées dans les années 80 par le CNRS et l'Université de Provence ont démenti cette hypothèse et restitué l'élaboration du complexe au II° après J.C. Les piles sont élevées en petit appareil et utilisent parfois à leur soubassement des blocs de grand appareil en réemploi les arches sont également en petit appareil, complété par de la brique. Cette façon de procéder se retrouve cependant ponctuellement sur le tracé de l'aqueduc du versant sud, notamment sur le tronçon parallèle à l'aqueduc d'alimentation de la meunerie, ce qui laisse croire que la construction de cette dernière est contemporaine d'une campagne de restauration générale du réseau hydraulique. Ces deux merveilleux vestiges uniques en Europe se situent à 3 km du centre du village.",
      "libelleEn" : "The aqueducts, remains of which can still be seen near the Barbegal mill, are a diversion of the 'De Caperon', aqueduct which channelled water from the southern slope of the Alpilles. The construction techniques used for the section before the mill differ from those observed on the route of the Caparon aqueduct.\r\nFernand Benoît had originally dated this construction to the 4th century AD, connecting it with the spread of Christianity and the increasing scarcity of the slavery it would have entailed. However, research carried out by the CNRS and the University of Provence in the 1980s refuted this hypothesis and dated the construction of the complex to the 2nd century AD. The columns are built from small stones, although some of their bases consist of large reused blocks; the arches are also made of small blocks, supplemented with brick. However, this system can also be found from time to time along the course of the aqueduct on the southern slope, particularly on the section parallel to the aqueduct that supplied the mill. This leads us to believe that the mill was constructed at the same time as a campaign was carried out to restore the hydraulic network. These two wonderful vestiges are unique in Europe and are 2 km from the centre of the village.",
      "libelleEs" : "Los acueductos de los que subsisten restos cerca de la molinería de Barbegal son una desviación del mismo, llamado \"de caparon\", que conducía el agua desde la vertiente sur de los Alpilles. Las técnicas de construcción del segmento que precede a la molinería difieren de las observadas en el recorrido del acueducto de Caparon.\r\nFernand Benoît había datado en un primer momento esta construcción en el siglo IV de nuestra era, relacionándola con la difusión del cristianismo y la desaparición de la esclavitud que habría conllevado. Sin embargo, algunas investigaciones efectuadas en los años 80 por el CNRS y la Universidad de Provenza han desmentido esta hipótesis y restituido la elaboración del complejo en el siglo II d.C. Las pilas son levantas en aparejo pequeño y utilizan a veces en su basamento bloques de gran aparejo reutilizando los arcos que son igualmente de aparejo pequeño, completado por ladrillos. Esta forma de proceder se vuelve a encontrar sin embargo puntualmente en el trazado del acueducto en la vertiente sur, sobre todo en el tramo paralelo al acueducto de alimentación de la molinería, lo que hace pensar que la construcción de esta última es contemporánea a una campaña de restauración general de la red hidráulica. Estos dos maravillosos restos únicos en Europa se sitúan a 2 kms del centro del pueblo.",
      "libelleIt" : "L’acquedotto di cui permangono vestigia nelle vicinanze del complesso molitorio di Barbegal è una deviazione di quello, detto \"di Caparon\", che incanalava l’acqua dal versante sud delle Alpille. Le tecniche di costruzione del segmento che precede il complesso differiscono da quelle osservate sul percorso dell’acquedotto di Caparon.\r\nFernand Benoît aveva, in un primo tempo, datato questa costruzione al IV secolo della nostra era, collegandola con la diffusione del cristianesimo e la rarefazione della schiavitù che avrebbe generato. Tuttavia, ricerche effettuate negli anni ‘80 dal CNRS e dall’Université de Provence hanno smentito quest’ipotesi e restituito l’elaborazione del complesso al II secolo d.C. I piloni sono eretti in opus piccolo e, talvolta, utilizzano al loro basamento blocchi di opus quadratum di recupero, gli archi sono altresì costruiti come opus piccolo, completato da mattoni. Questa maniera di procedere si ritrova, tuttavia, puntualmente sul tracciato dell’acquedotto del versante meridionale, in particolare sul tronco parallelo all’acquedotto di alimentazione del complesso molitorio; ciò lascia credere che la costruzione di quest’ultimo sia contemporanea ad una campagna di restauro generale della rete idraulica. Queste due meravigliose vestigia, uniche in Europa, si situano a 2 km dal centro del paese.",
      "libelleDe" : "Das Aquädukt, von dem in der Nähe der Mühle Barbegal noch Überreste vorhanden sind, ist ein Abzweig des Aquädukts von Caparon, welches das Wasser von den Südhängen der Alpilles her leitete. Die Bautechniken des Abschnitts vor der Mühle unterscheiden sich von denjenigen des Aquädukts von Caparon.\r\nFernand Benoît hatte zunächst diesen Bau auf das 4. Jhd. unserer Ära datiert; er brachte es mit der Verbreitung des Christentums und der damit einhergehenden Abnahme der Sklaverei in Verbindung. Doch in den 80er Jahren widerlegten Recherchen des CNRS und der Université de Provence diese Hypothese und datierten den Baukomplex auf das 2. Jhd. nach J.Chr. Die Pfeiler wurden aus kleinen Werksteinen errichtet, für ihren Unterbau wurden mitunter große Steinblöcke verwendet. Die Bögen sind ebenfalls aus kleinen Werksteinen, die mit Backsteinen ergänzt wurden.  Diese Vorgehensweise findet man jedoch punktuell am Aquädukt auf dem Südhang, insbesondere auf dem Abschnitt, der parallel zum Aquädukt verläuft, das die Müllerei mit Wasser versorgte, was darauf schließen lässt, dass der Bau mit einer Generalüberholung des Wassernetzes zeitlich zusammenfiel.  Diese beiden fantastischen, in Europa einmaligen Überreste befinden sich 2 km vom Dorfzentrum entfernt."
    }
  },
  "localisation" : {
    "adresse" : {
      "adresse1" : "RD 33",
      "codePostal" : "13990",
      "bureauDistribution" : "FONTVIEILLE",
      "commune" : {
        "id" : 4449
      }
    },
    "geolocalisation" : {
      "valide" : true,
      "geoJson" : {
        "type" : "Point",
        "coordinates" : [ 4.721439, 43.704336 ]
      }
    },
    "perimetreGeographique" : [ {
      "id" : 4449
    } ]
  },
  "liens" : {
    "liensObjetsTouristiquesTypes" : [ {
      "type" : "SUR_PLACE",
      "libelleFr" : "Sur place",
      "libelleEn" : "On the premises",
      "libelleEs" : "In situ",
      "libelleIt" : "Sul posto",
      "libelleDe" : "Vor Ort",
      "libelleNl" : "Ter plaatse",
      "libelleRu" : "На месте",
      "libelleZh" : "堂食",
      "libellePtBR" : "No local",
      "libelleJa" : "現地で",
      "objetTouristique" : {
        "type" : "PATRIMOINE_CULTUREL",
        "id" : 5539406
      }
    } ]
  },
  "prestations" : {
    "animauxAcceptes" : "NON_DISPONIBLE",
    "animauxAcceptesSupplement" : "NON_DISPONIBLE",
    "typesClientele" : [ {
      "elementReferenceType" : "TypeClientele",
      "id" : 593
    } ]
  },
  "ouverture" : {
    "periodeEnClair" : {
      "libelleFr" : "Toute l'année, tous les jours.",
      "libelleEn" : "All year round, daily.",
      "libelleEs" : "Todo el año, todos los dias.",
      "libelleIt" : "Tutto l'anno, ogni giorno.",
      "libelleDe" : "Ganzjährig, täglich.",
      "libelleNl" : "Het hele jaar, iedere dag.",
      "libelleRu" : "В течение всего года, ежедневно.",
      "libelleZh" : "全年, 日常.",
      "libellePtBR" : "Todo o ano, todos os dias.",
      "libelleJa" : "オールシーズン, 毎日."
    },
    "periodeEnClairGenerationMode" : "AUTOMATIQUE",
    "indicationsPeriode" : [ {
      "elementReferenceType" : "IndicationPeriode",
      "id" : 416
    }, {
      "elementReferenceType" : "IndicationPeriode",
      "id" : 418
    }, {
      "elementReferenceType" : "IndicationPeriode",
      "id" : 435
    }, {
      "elementReferenceType" : "IndicationPeriode",
      "id" : 436
    } ],
    "periodesOuvertures" : [ {
      "identifiant" : 19972032,
      "dateDebut" : "2020-01-01",
      "dateFin" : "2020-12-31",
      "type" : "OUVERTURE_TOUS_LES_JOURS",
      "tousLesAns" : true,
      "identifiantTechnique" : 23970853
    } ],
    "ouvertTouteLAnnee" : "OUVERT_TOUTE_L_ANNEE"
  },
  "descriptionTarif" : {
    "indicationTarif" : "GRATUIT",
    "gratuit" : true,
    "tarifsEnClair" : {
      "libelleFr" : "Gratuit.",
      "libelleEn" : "Free of charge.",
      "libelleEs" : "Gratis.",
      "libelleIt" : "Gratuito.",
      "libelleDe" : "Kostenlos.",
      "libelleNl" : "Gratis.",
      "libelleRu" : "Бесплатно.",
      "libelleZh" : "免费.",
      "libellePtBR" : "Gratuito.",
      "libelleJa" : "無料."
    },
    "tarifsEnClairGenerationMode" : "AUTOMATIQUE",
    "devise" : "EUR",
    "conditions" : { }
  },
  "reservation" : { },
  "criteresInternes" : [ {
    "id" : 16775
  }, {
    "id" : 16902
  }, {
    "id" : 18002
  }, {
    "id" : 18428
  } ],
  "contacts" : [ {
    "identifiant" : 17644242,
    "referent" : true,
    "nom" : "Bureau d'Information Touristique de Fontvieille",
    "fonction" : {
      "elementReferenceType" : "ContactFonction",
      "id" : 467
    }
  }, {
    "identifiant" : 18515175,
    "referent" : false,
    "nom" : "Bureau d'Information touristique de Fontvieille",
    "fonction" : {
      "elementReferenceType" : "ContactFonction",
      "id" : 457
    }
  } ],
  "illustrations" : [ {
    "identifiant" : 9038040,
    "link" : false,
    "type" : "IMAGE",
    "nom" : {
      "libelleFr" : "13T2000011_1_HD.jpg"
    },
    "copyright" : {
      "libelleFr" : "Bureau d'Information Touristique Fontvieille"
    },
    "traductionFichiers" : [ {
      "locale" : "fr",
      "url" : "https://static.apidae-tourisme.com/filestore/objets-touristiques/images/194/89/8804802.jpg",
      "urlListe" : "https://static.apidae-tourisme.com/filestore/objets-touristiques/images/194/89/8804802-liste.jpg",
      "urlFiche" : "https://static.apidae-tourisme.com/filestore/objets-touristiques/images/194/89/8804802-fiche.jpg",
      "urlDiaporama" : "https://static.apidae-tourisme.com/filestore/objets-touristiques/images/194/89/8804802-diaporama.jpg",
      "extension" : "jpg",
      "fileName" : "full",
      "taille" : 807323,
      "hauteur" : 1440,
      "largeur" : 1920,
      "lastModifiedDate" : "2020-11-10T09:27:51.000+0000"
    } ],
    "locked" : false
  }, {
    "identifiant" : 9038035,
    "link" : false,
    "type" : "IMAGE",
    "nom" : {
      "libelleFr" : "13T2000011_2_HD.jpg"
    },
    "copyright" : {
      "libelleFr" : "Bureau d'Information Touristique Fontvieille"
    },
    "traductionFichiers" : [ {
      "locale" : "fr",
      "url" : "https://static.apidae-tourisme.com/filestore/objets-touristiques/images/186/89/8804794.jpg",
      "urlListe" : "https://static.apidae-tourisme.com/filestore/objets-touristiques/images/186/89/8804794-liste.jpg",
      "urlFiche" : "https://static.apidae-tourisme.com/filestore/objets-touristiques/images/186/89/8804794-fiche.jpg",
      "urlDiaporama" : "https://static.apidae-tourisme.com/filestore/objets-touristiques/images/186/89/8804794-diaporama.jpg",
      "extension" : "jpg",
      "fileName" : "full",
      "taille" : 883467,
      "hauteur" : 1440,
      "largeur" : 1920,
      "lastModifiedDate" : "2020-11-10T09:27:50.000+0000"
    } ],
    "locked" : false
  }, {
    "identifiant" : 9038009,
    "link" : false,
    "type" : "IMAGE",
    "nom" : {
      "libelleFr" : "13T2000011_3_HD.jpg"
    },
    "copyright" : {
      "libelleFr" : "Bureau d'Information Touristique Fontvieille"
    },
    "traductionFichiers" : [ {
      "locale" : "fr",
      "url" : "https://static.apidae-tourisme.com/filestore/objets-touristiques/images/160/89/8804768.jpg",
      "urlListe" : "https://static.apidae-tourisme.com/filestore/objets-touristiques/images/160/89/8804768-liste.jpg",
      "urlFiche" : "https://static.apidae-tourisme.com/filestore/objets-touristiques/images/160/89/8804768-fiche.jpg",
      "urlDiaporama" : "https://static.apidae-tourisme.com/filestore/objets-touristiques/images/160/89/8804768-diaporama.jpg",
      "extension" : "jpg",
      "fileName" : "full",
      "taille" : 1177513,
      "hauteur" : 1440,
      "largeur" : 1920,
      "lastModifiedDate" : "2020-11-10T09:27:52.000+0000"
    } ],
    "locked" : false
  }, {
    "identifiant" : 9037986,
    "link" : false,
    "type" : "IMAGE",
    "nom" : {
      "libelleFr" : "Aqueducs"
    },
    "copyright" : {
      "libelleFr" : "Bureau d'Information Touristique"
    },
    "traductionFichiers" : [ {
      "locale" : "fr",
      "url" : "https://static.apidae-tourisme.com/filestore/objets-touristiques/images/137/89/8804745.jpg",
      "urlListe" : "https://static.apidae-tourisme.com/filestore/objets-touristiques/images/137/89/8804745-liste.jpg",
      "urlFiche" : "https://static.apidae-tourisme.com/filestore/objets-touristiques/images/137/89/8804745-fiche.jpg",
      "urlDiaporama" : "https://static.apidae-tourisme.com/filestore/objets-touristiques/images/137/89/8804745-diaporama.jpg",
      "extension" : "jpg",
      "fileName" : "Aqueducs",
      "taille" : 1056208,
      "hauteur" : 1163,
      "largeur" : 1920,
      "lastModifiedDate" : "2020-11-10T09:27:49.000+0000"
    } ],
    "locked" : false
  } ],
  "visites" : {
    "visitable" : true,
    "prestationsVisitesIndividuelles" : [ {
      "elementReferenceType" : "PrestationVisiteIndividuelle",
      "id" : 480
    } ],
    "prestationsVisitesGroupees" : [ {
      "elementReferenceType" : "PrestationVisiteGroupee",
      "id" : 488
    } ],
    "complementVisite" : {
      "libelleFr" : "Les Aqueducs et la meunerie de Barbegal sont accèsibles toute l'année en visite libre. Vous pouvez télécharger la brochure sur www.alpillesenprovence.com"
    }
  },
  "territoires" : [ {
    "type" : "TERRITOIRE",
    "id" : 591381
  }, {
    "type" : "TERRITOIRE",
    "id" : 591419
  }, {
    "type" : "TERRITOIRE",
    "id" : 658199
  }, {
    "type" : "TERRITOIRE",
    "id" : 4819487
  }, {
    "type" : "TERRITOIRE",
    "id" : 4881511
  }, {
    "type" : "TERRITOIRE",
    "id" : 5127066
  }, {
    "type" : "TERRITOIRE",
    "id" : 5427354
  }, {
    "type" : "TERRITOIRE",
    "id" : 5447176
  }, {
    "type" : "TERRITOIRE",
    "id" : 5447185
  } ],
  "datesOuverture" : [ "2022-10-29", "2022-10-30", "2022-10-31", "2022-11-01", "2022-11-02", "2022-11-03", "2022-11-04", "2022-11-05", "2022-11-06", "2022-11-07", "2022-11-08", "2022-11-09", "2022-11-10", "2022-11-11", "2022-11-12", "2022-11-13", "2022-11-14", "2022-11-15", "2022-11-16", "2022-11-17", "2022-11-18", "2022-11-19", "2022-11-20", "2022-11-21", "2022-11-22", "2022-11-23", "2022-11-24", "2022-11-25", "2022-11-26", "2022-11-27", "2022-11-28", "2022-11-29", "2022-11-30", "2022-12-01", "2022-12-02", "2022-12-03", "2022-12-04", "2022-12-05", "2022-12-06", "2022-12-07", "2022-12-08", "2022-12-09", "2022-12-10", "2022-12-11", "2022-12-12", "2022-12-13", "2022-12-14", "2022-12-15", "2022-12-16", "2022-12-17", "2022-12-18", "2022-12-19", "2022-12-20", "2022-12-21", "2022-12-22", "2022-12-23", "2022-12-24", "2022-12-25", "2022-12-26", "2022-12-27", "2022-12-28", "2022-12-29", "2022-12-30", "2022-12-31", "2023-01-01", "2023-01-02", "2023-01-03", "2023-01-04", "2023-01-05", "2023-01-06", "2023-01-07", "2023-01-08", "2023-01-09", "2023-01-10", "2023-01-11", "2023-01-12", "2023-01-13", "2023-01-14", "2023-01-15", "2023-01-16", "2023-01-17", "2023-01-18", "2023-01-19", "2023-01-20", "2023-01-21", "2023-01-22", "2023-01-23", "2023-01-24", "2023-01-25", "2023-01-26", "2023-01-27", "2023-01-28", "2023-01-29", "2023-01-30", "2023-01-31", "2023-02-01", "2023-02-02", "2023-02-03", "2023-02-04", "2023-02-05", "2023-02-06", "2023-02-07", "2023-02-08", "2023-02-09", "2023-02-10", "2023-02-11", "2023-02-12", "2023-02-13", "2023-02-14", "2023-02-15", "2023-02-16", "2023-02-17", "2023-02-18", "2023-02-19", "2023-02-20", "2023-02-21", "2023-02-22", "2023-02-23", "2023-02-24", "2023-02-25", "2023-02-26", "2023-02-27", "2023-02-28", "2023-03-01", "2023-03-02", "2023-03-03", "2023-03-04", "2023-03-05", "2023-03-06", "2023-03-07", "2023-03-08", "2023-03-09", "2023-03-10", "2023-03-11", "2023-03-12", "2023-03-13", "2023-03-14", "2023-03-15", "2023-03-16", "2023-03-17", "2023-03-18", "2023-03-19", "2023-03-20", "2023-03-21", "2023-03-22", "2023-03-23", "2023-03-24", "2023-03-25", "2023-03-26", "2023-03-27", "2023-03-28", "2023-03-29", "2023-03-30", "2023-03-31", "2023-04-01", "2023-04-02", "2023-04-03", "2023-04-04", "2023-04-05", "2023-04-06", "2023-04-07", "2023-04-08", "2023-04-09", "2023-04-10", "2023-04-11", "2023-04-12", "2023-04-13", "2023-04-14", "2023-04-15", "2023-04-16", "2023-04-17", "2023-04-18", "2023-04-19", "2023-04-20", "2023-04-21", "2023-04-22", "2023-04-23", "2023-04-24", "2023-04-25", "2023-04-26", "2023-04-27", "2023-04-28", "2023-04-29", "2023-04-30", "2023-05-01", "2023-05-02", "2023-05-03", "2023-05-04", "2023-05-05", "2023-05-06", "2023-05-07", "2023-05-08", "2023-05-09", "2023-05-10", "2023-05-11", "2023-05-12", "2023-05-13", "2023-05-14", "2023-05-15", "2023-05-16", "2023-05-17", "2023-05-18", "2023-05-19", "2023-05-20", "2023-05-21", "2023-05-22", "2023-05-23", "2023-05-24", "2023-05-25", "2023-05-26", "2023-05-27", "2023-05-28", "2023-05-29", "2023-05-30", "2023-05-31", "2023-06-01", "2023-06-02", "2023-06-03", "2023-06-04", "2023-06-05", "2023-06-06", "2023-06-07", "2023-06-08", "2023-06-09", "2023-06-10", "2023-06-11", "2023-06-12", "2023-06-13", "2023-06-14", "2023-06-15", "2023-06-16", "2023-06-17", "2023-06-18", "2023-06-19", "2023-06-20", "2023-06-21", "2023-06-22", "2023-06-23", "2023-06-24", "2023-06-25", "2023-06-26", "2023-06-27", "2023-06-28", "2023-06-29", "2023-06-30", "2023-07-01", "2023-07-02", "2023-07-03", "2023-07-04", "2023-07-05", "2023-07-06", "2023-07-07", "2023-07-08", "2023-07-09", "2023-07-10", "2023-07-11", "2023-07-12", "2023-07-13", "2023-07-14", "2023-07-15", "2023-07-16", "2023-07-17", "2023-07-18", "2023-07-19", "2023-07-20", "2023-07-21", "2023-07-22", "2023-07-23", "2023-07-24", "2023-07-25", "2023-07-26", "2023-07-27", "2023-07-28", "2023-07-29", "2023-07-30", "2023-07-31", "2023-08-01", "2023-08-02", "2023-08-03", "2023-08-04", "2023-08-05", "2023-08-06", "2023-08-07", "2023-08-08", "2023-08-09", "2023-08-10", "2023-08-11", "2023-08-12", "2023-08-13", "2023-08-14", "2023-08-15", "2023-08-16", "2023-08-17", "2023-08-18", "2023-08-19", "2023-08-20", "2023-08-21", "2023-08-22", "2023-08-23", "2023-08-24", "2023-08-25", "2023-08-26", "2023-08-27", "2023-08-28", "2023-08-29", "2023-08-30", "2023-08-31", "2023-09-01", "2023-09-02", "2023-09-03", "2023-09-04", "2023-09-05", "2023-09-06", "2023-09-07", "2023-09-08", "2023-09-09", "2023-09-10", "2023-09-11", "2023-09-12", "2023-09-13", "2023-09-14", "2023-09-15", "2023-09-16", "2023-09-17", "2023-09-18", "2023-09-19", "2023-09-20", "2023-09-21", "2023-09-22", "2023-09-23", "2023-09-24", "2023-09-25", "2023-09-26", "2023-09-27", "2023-09-28", "2023-09-29", "2023-09-30", "2023-10-01", "2023-10-02", "2023-10-03", "2023-10-04", "2023-10-05", "2023-10-06", "2023-10-07", "2023-10-08", "2023-10-09", "2023-10-10", "2023-10-11", "2023-10-12", "2023-10-13", "2023-10-14", "2023-10-15", "2023-10-16", "2023-10-17", "2023-10-18", "2023-10-19", "2023-10-20", "2023-10-21", "2023-10-22", "2023-10-23", "2023-10-24", "2023-10-25", "2023-10-26", "2023-10-27", "2023-10-28", "2023-10-29", "2023-10-30", "2023-10-31", "2023-11-01", "2023-11-02", "2023-11-03", "2023-11-04", "2023-11-05", "2023-11-06", "2023-11-07", "2023-11-08", "2023-11-09", "2023-11-10", "2023-11-11", "2023-11-12", "2023-11-13", "2023-11-14", "2023-11-15", "2023-11-16", "2023-11-17", "2023-11-18", "2023-11-19", "2023-11-20", "2023-11-21", "2023-11-22", "2023-11-23", "2023-11-24", "2023-11-25", "2023-11-26", "2023-11-27", "2023-11-28", "2023-11-29", "2023-11-30", "2023-12-01", "2023-12-02", "2023-12-03", "2023-12-04", "2023-12-05", "2023-12-06", "2023-12-07", "2023-12-08", "2023-12-09", "2023-12-10", "2023-12-11", "2023-12-12", "2023-12-13", "2023-12-14", "2023-12-15", "2023-12-16", "2023-12-17", "2023-12-18", "2023-12-19", "2023-12-20", "2023-12-21", "2023-12-22", "2023-12-23", "2023-12-24", "2023-12-25", "2023-12-26", "2023-12-27", "2023-12-28", "2023-12-29", "2023-12-30", "2023-12-31", "2024-01-01", "2024-01-02", "2024-01-03", "2024-01-04", "2024-01-05", "2024-01-06", "2024-01-07", "2024-01-08", "2024-01-09", "2024-01-10", "2024-01-11", "2024-01-12", "2024-01-13", "2024-01-14", "2024-01-15", "2024-01-16", "2024-01-17", "2024-01-18", "2024-01-19", "2024-01-20", "2024-01-21", "2024-01-22", "2024-01-23", "2024-01-24", "2024-01-25", "2024-01-26", "2024-01-27", "2024-01-28", "2024-01-29", "2024-01-30", "2024-01-31", "2024-02-01", "2024-02-02", "2024-02-03", "2024-02-04", "2024-02-05", "2024-02-06", "2024-02-07", "2024-02-08", "2024-02-09", "2024-02-10", "2024-02-11", "2024-02-12", "2024-02-13", "2024-02-14", "2024-02-15", "2024-02-16", "2024-02-17", "2024-02-18", "2024-02-19", "2024-02-20", "2024-02-21", "2024-02-22", "2024-02-23", "2024-02-24", "2024-02-25", "2024-02-26", "2024-02-27", "2024-02-28", "2024-02-29", "2024-03-01", "2024-03-02", "2024-03-03", "2024-03-04", "2024-03-05", "2024-03-06", "2024-03-07", "2024-03-08", "2024-03-09", "2024-03-10", "2024-03-11", "2024-03-12", "2024-03-13", "2024-03-14", "2024-03-15", "2024-03-16", "2024-03-17", "2024-03-18", "2024-03-19", "2024-03-20", "2024-03-21", "2024-03-22", "2024-03-23", "2024-03-24", "2024-03-25", "2024-03-26", "2024-03-27", "2024-03-28", "2024-03-29", "2024-03-30", "2024-03-31", "2024-04-01", "2024-04-02", "2024-04-03", "2024-04-04", "2024-04-05", "2024-04-06", "2024-04-07", "2024-04-08", "2024-04-09", "2024-04-10", "2024-04-11", "2024-04-12", "2024-04-13", "2024-04-14", "2024-04-15", "2024-04-16", "2024-04-17", "2024-04-18", "2024-04-19", "2024-04-20", "2024-04-21", "2024-04-22", "2024-04-23", "2024-04-24", "2024-04-25", "2024-04-26", "2024-04-27", "2024-04-28", "2024-04-29", "2024-04-30", "2024-05-01", "2024-05-02", "2024-05-03", "2024-05-04", "2024-05-05", "2024-05-06", "2024-05-07", "2024-05-08", "2024-05-09", "2024-05-10", "2024-05-11", "2024-05-12", "2024-05-13", "2024-05-14", "2024-05-15", "2024-05-16", "2024-05-17", "2024-05-18", "2024-05-19", "2024-05-20", "2024-05-21", "2024-05-22", "2024-05-23", "2024-05-24", "2024-05-25", "2024-05-26", "2024-05-27", "2024-05-28", "2024-05-29", "2024-05-30", "2024-05-31", "2024-06-01", "2024-06-02", "2024-06-03", "2024-06-04", "2024-06-05", "2024-06-06", "2024-06-07", "2024-06-08", "2024-06-09", "2024-06-10", "2024-06-11", "2024-06-12", "2024-06-13", "2024-06-14", "2024-06-15", "2024-06-16", "2024-06-17", "2024-06-18", "2024-06-19", "2024-06-20", "2024-06-21", "2024-06-22", "2024-06-23", "2024-06-24", "2024-06-25", "2024-06-26", "2024-06-27", "2024-06-28", "2024-06-29", "2024-06-30", "2024-07-01", "2024-07-02", "2024-07-03", "2024-07-04", "2024-07-05", "2024-07-06", "2024-07-07", "2024-07-08", "2024-07-09", "2024-07-10", "2024-07-11", "2024-07-12", "2024-07-13", "2024-07-14", "2024-07-15", "2024-07-16", "2024-07-17", "2024-07-18", "2024-07-19", "2024-07-20", "2024-07-21", "2024-07-22", "2024-07-23", "2024-07-24", "2024-07-25", "2024-07-26", "2024-07-27", "2024-07-28", "2024-07-29", "2024-07-30", "2024-07-31", "2024-08-01", "2024-08-02", "2024-08-03", "2024-08-04", "2024-08-05", "2024-08-06", "2024-08-07", "2024-08-08", "2024-08-09", "2024-08-10", "2024-08-11", "2024-08-12", "2024-08-13", "2024-08-14", "2024-08-15", "2024-08-16", "2024-08-17", "2024-08-18", "2024-08-19", "2024-08-20", "2024-08-21", "2024-08-22", "2024-08-23", "2024-08-24", "2024-08-25", "2024-08-26", "2024-08-27", "2024-08-28", "2024-08-29", "2024-08-30", "2024-08-31", "2024-09-01", "2024-09-02", "2024-09-03", "2024-09-04", "2024-09-05", "2024-09-06", "2024-09-07", "2024-09-08", "2024-09-09", "2024-09-10", "2024-09-11", "2024-09-12", "2024-09-13", "2024-09-14", "2024-09-15", "2024-09-16", "2024-09-17", "2024-09-18", "2024-09-19", "2024-09-20", "2024-09-21", "2024-09-22", "2024-09-23", "2024-09-24", "2024-09-25", "2024-09-26", "2024-09-27", "2024-09-28", "2024-09-29", "2024-09-30", "2024-10-01", "2024-10-02", "2024-10-03", "2024-10-04", "2024-10-05", "2024-10-06", "2024-10-07", "2024-10-08", "2024-10-09", "2024-10-10", "2024-10-11", "2024-10-12", "2024-10-13", "2024-10-14", "2024-10-15", "2024-10-16", "2024-10-17", "2024-10-18", "2024-10-19", "2024-10-20", "2024-10-21", "2024-10-22", "2024-10-23", "2024-10-24", "2024-10-25", "2024-10-26", "2024-10-27", "2024-10-28" ],
  "informationsPatrimoineCulturel" : {
    "patrimoineCulturelType" : {
      "elementReferenceType" : "PatrimoineCulturelType",
      "id" : 3203
    },
    "themes" : [ {
      "elementReferenceType" : "PatrimoineCulturelTheme",
      "id" : 3485
    }, {
      "elementReferenceType" : "PatrimoineCulturelTheme",
      "id" : 3491
    } ],
    "categories" : [ {
      "elementReferenceType" : "PatrimoineCulturelCategorie",
      "id" : 3314
    } ]
  },
  "formatVersion" : "v002",
  "expiration" : { },
  "informationsPrestataireActivites" : {
    "prestataireActivites" : false
  },
  "enquete" : { },
  "donneesPrivees" : [ {
    "nomTechnique" : "1947_Id_patio",
    "libelleFr" : "Id_Patio",
    "ordre" : 1,
    "descriptif" : {
      "libelleFr" : "13T2000011"
    }
  }, {
    "nomTechnique" : "1947_Source_patio",
    "libelleFr" : "Source_Patio",
    "ordre" : 2,
    "descriptif" : {
      "libelleFr" : "OTI Saint Rémy de Provence"
    }
  }, {
    "nomTechnique" : "1947_Url_patio",
    "libelleFr" : "URL_Patio",
    "ordre" : 3,
    "descriptif" : {
      "libelleFr" : "http://www.saintremy-de-provence.com"
    }
  } ]
}