{
  "type" : "FETE_ET_MANIFESTATION",
  "id" : 5480883,
  "nom" : {
    "libelleFr" : "Marché provençal",
    "libelleEn" : "Marché provençal",
    "libelleIt" : "Marché provençal",
    "libelleDe" : "Marché provençal",
    "libelleNl" : "Marché provençal"
  },
  "identifier" : "SITRA2_EVE_5480883",
  "state" : "PUBLISHED",
  "gestion" : {
    "dateCreation" : "2020-03-05T21:03:37.287+0000",
    "dateModification" : "2022-06-07T12:38:58.755+0000",
    "dateExportModification" : "2022-10-03T16:13:32.357+0000",
    "membreProprietaire" : {
      "type" : {
        "elementReferenceType" : "MembreSitraType",
        "id" : 233
      },
      "nom" : "Bureau municipal du Tourisme de Lambesc",
      "dateCreation" : "2020-12-03T09:26:21.649+0000",
      "dateModification" : "2022-11-03T11:45:21.917+0000",
      "id" : 2145,
      "siteWeb" : "https://www.lambesc.fr/ma-ville/decouvrez-lambesc/bureau-municipal-de-tourisme/"
    },
    "signalerUnProblemeMails" : [ "anne.vasserot-merle@lambesc.fr", "eric.bavay@lambesc.fr" ]
  },
  "informations" : {
    "moyensCommunication" : [ {
      "identifiant" : 90084257,
      "type" : {
        "elementReferenceType" : "MoyenCommunicationType",
        "id" : 201
      },
      "coordonnees" : {
        "fr" : "04 42 17 00 50"
      },
      "observation" : {
        "libelleFr" : "Accueil"
      }
    } ],
    "informationsLegales" : { },
    "structureGestion" : {
      "type" : "STRUCTURE",
      "id" : 5859593
    }
  },
  "presentation" : {
    "descriptifCourt" : {
      "libelleFr" : "Tous les vendredis matins Lambesc accueille son grand marché provençal hebdomadaire : fruits, légumes, fleurs, alimentaires, vêtements...proposés par plus de 100 exposants."
    },
    "descriptifDetaille" : {
      "libelleFr" : "Installé sur la place des Etats-Généraux et dans la rue de la République, le marché de Lambesc vous propose, toute l'année, des fruits et légumes de saison, fleurs, viandes, fromages, huile  d'olive, plats cuisinés et des spécialités régionales. \r\nDe nombreux stands de vêtements sont également à la disposition des visiteurs, mais aussi de confections faites à la main, mercerie, sacs et autres accessoires."
    },
    "descriptifsThematises" : [ {
      "dateDisponibilite" : null,
      "dateLimiteDePublication" : null,
      "theme" : {
        "elementReferenceType" : "DescriptifTheme",
        "id" : 6143
      },
      "description" : {
        "libelleFr" : "Dans le respect des mesures sanitaires en vigueur."
      }
    } ],
    "typologiesPromoSitra" : [ {
      "elementReferenceType" : "TypologiePromoSitra",
      "id" : 1676
    } ]
  },
  "localisation" : {
    "adresse" : {
      "nomDuLieu" : "Place des Etats-généraux",
      "adresse1" : "place des Etats-généraux",
      "codePostal" : "13410",
      "commune" : {
        "id" : 4461
      }
    },
    "geolocalisation" : {
      "valide" : true,
      "geoJson" : {
        "type" : "Point",
        "coordinates" : [ 5.262854, 43.655297 ]
      }
    },
    "perimetreGeographique" : [ {
      "id" : 4461
    } ],
    "environnements" : [ {
      "elementReferenceType" : "Environnement",
      "id" : 151
    }, {
      "elementReferenceType" : "Environnement",
      "id" : 173
    } ],
    "lieu" : {
      "id" : 17556
    }
  },
  "liens" : {
    "liensObjetsTouristiquesTypes" : [ {
      "type" : "DEFAUT",
      "libelleFr" : "En lien avec",
      "libelleEn" : "Related to",
      "libelleEs" : "En relación con",
      "libelleIt" : "In collegamento con",
      "libelleDe" : "In Verbindung mit",
      "libelleNl" : "In verband met",
      "libelleRu" : "Применительно к",
      "libelleZh" : "与携手",
      "libellePtBR" : "Em relação com",
      "libelleJa" : "と関連して",
      "objetTouristique" : {
        "type" : "FETE_ET_MANIFESTATION",
        "id" : 5470213
      }
    } ]
  },
  "prestations" : {
    "services" : [ {
      "elementReferenceType" : "PrestationService",
      "id" : 687
    } ],
    "animauxAcceptes" : "ACCEPTES",
    "animauxAcceptesSupplement" : "NON_DISPONIBLE",
    "descriptifAnimauxAcceptes" : {
      "libelleFr" : "Les chiens doivent être tenus en laisse."
    },
    "languesParlees" : [ {
      "elementReferenceType" : "Langue",
      "id" : 1197
    } ],
    "tourismesAdaptes" : [ {
      "elementReferenceType" : "TourismeAdapte",
      "id" : 3652
    } ]
  },
  "ouverture" : {
    "periodeEnClair" : {
      "libelleFr" : "Du 01/01 au 31/12/2022, tous les vendredis de 8h30 à 12h30.",
      "libelleEn" : "From 01/01 to 31/12/2022, every Friday between 8.30 am and 12.30 pm.",
      "libelleEs" : "Del 01/01 al 31/12/2022, todos los viernes de 8:30 a 12:30.",
      "libelleIt" : "Dal 01/01 al 31/12/2022, tutti i venerdì dalle 8:30 alle 12:30.",
      "libelleDe" : "Vom 01/01 bis 31/12/2022, jeden Freitag von 8.30 Uhr bis 12.30 Uhr.",
      "libelleNl" : "Van 01/01 tot en met 31/12/2022, elke vrijdag van 8.30 tot en met 12.30 u.",
      "libelleRu" : "С 01/01 до 31/12/2022, каждый пятницы с 8h30 до 12h30.",
      "libelleZh" : "从 1月1日 到 2022年12月31日, 每星期五 小时小时分钟  和 小时小时分钟  之间.",
      "libellePtBR" : "De 01/01 a 31/12/2022, todas as sextas-feiras de 8h30 a  12h30.",
      "libelleJa" : "01/01 から 31/12/2022 まで, 毎金曜日 8.30 午前 と 12.30 午後 の間."
    },
    "periodeEnClairGenerationMode" : "AUTOMATIQUE",
    "indicationsPeriode" : [ {
      "elementReferenceType" : "IndicationPeriode",
      "id" : 416
    }, {
      "elementReferenceType" : "IndicationPeriode",
      "id" : 418
    }, {
      "elementReferenceType" : "IndicationPeriode",
      "id" : 435
    }, {
      "elementReferenceType" : "IndicationPeriode",
      "id" : 436
    } ],
    "periodesOuvertures" : [ {
      "identifiant" : 19482723,
      "dateDebut" : "2022-01-01",
      "dateFin" : "2022-12-31",
      "horaireOuverture" : "08:30:00",
      "horaireFermeture" : "12:30:00",
      "type" : "OUVERTURE_SEMAINE",
      "tousLesAns" : false,
      "ouverturesJournalieres" : [ {
        "jour" : "VENDREDI"
      } ],
      "identifiantTechnique" : 23538243
    } ]
  },
  "descriptionTarif" : {
    "indicationTarif" : "ACCES_LIBRE",
    "gratuit" : true,
    "tarifsEnClair" : {
      "libelleFr" : "Accès libre.",
      "libelleEn" : "Free access.",
      "libelleEs" : "Acceso libre.",
      "libelleIt" : "Accesso libero.",
      "libelleDe" : "Freier Zugang.",
      "libelleNl" : "Gratis toegang.",
      "libelleRu" : "Вход свободный.",
      "libelleZh" : "自由访问.",
      "libellePtBR" : "Acesso livre.",
      "libelleJa" : "フリーアクセス."
    },
    "tarifsEnClairGenerationMode" : "AUTOMATIQUE",
    "devise" : "EUR",
    "conditions" : { }
  },
  "reservation" : { },
  "illustrations" : [ {
    "identifiant" : 12658995,
    "link" : false,
    "type" : "IMAGE",
    "nom" : {
      "libelleFr" : "Marché provençal"
    },
    "copyright" : {
      "libelleFr" : "Ville de Lambesc"
    },
    "traductionFichiers" : [ {
      "locale" : "fr",
      "url" : "https://static.apidae-tourisme.com/filestore/objets-touristiques/images/41/26/12851753.jpg",
      "urlListe" : "https://static.apidae-tourisme.com/filestore/objets-touristiques/images/41/26/12851753-liste.jpg",
      "urlFiche" : "https://static.apidae-tourisme.com/filestore/objets-touristiques/images/41/26/12851753-fiche.jpg",
      "urlDiaporama" : "https://static.apidae-tourisme.com/filestore/objets-touristiques/images/41/26/12851753-diaporama.jpg",
      "extension" : "jpg",
      "fileName" : "_DSC0071",
      "taille" : 3907805,
      "hauteur" : 2136,
      "largeur" : 3216,
      "lastModifiedDate" : "2022-03-08T10:07:41.123+0000"
    } ],
    "locked" : false
  } ],
  "territoires" : [ {
    "type" : "TERRITOIRE",
    "id" : 591381
  }, {
    "type" : "TERRITOIRE",
    "id" : 591419
  }, {
    "type" : "TERRITOIRE",
    "id" : 5127066
  }, {
    "type" : "TERRITOIRE",
    "id" : 5427620
  }, {
    "type" : "TERRITOIRE",
    "id" : 5427637
  }, {
    "type" : "TERRITOIRE",
    "id" : 5775948
  }, {
    "type" : "TERRITOIRE",
    "id" : 5853930
  } ],
  "datesOuverture" : [ "2022-11-04", "2022-11-11", "2022-11-18", "2022-11-25", "2022-12-02", "2022-12-09", "2022-12-16", "2022-12-23", "2022-12-30" ],
  "informationsFeteEtManifestation" : {
    "typesManifestation" : [ {
      "elementReferenceType" : "FeteEtManifestationType",
      "id" : 1962
    } ],
    "categories" : [ {
      "elementReferenceType" : "FeteEtManifestationCategorie",
      "id" : 2083
    } ],
    "themes" : [ {
      "elementReferenceType" : "FeteEtManifestationTheme",
      "id" : 2188
    }, {
      "elementReferenceType" : "FeteEtManifestationTheme",
      "id" : 2205
    }, {
      "elementReferenceType" : "FeteEtManifestationTheme",
      "id" : 2217
    }, {
      "elementReferenceType" : "FeteEtManifestationTheme",
      "id" : 2273
    } ],
    "portee" : {
      "elementReferenceType" : "FeteEtManifestationPortee",
      "id" : 2351
    },
    "nomLieu" : "Place des Etats-généraux"
  },
  "formatVersion" : "v002",
  "expiration" : {
    "dateExpiration" : "2022-12-31T00:00:00.000+0000",
    "expirationAction" : "MASQUER"
  },
  "enquete" : { },
  "donneesPrivees" : [ {
    "nomTechnique" : "1947_Id_patio",
    "libelleFr" : "Id_Patio",
    "ordre" : 1,
    "descriptif" : {
      "libelleFr" : "13EVT013420"
    }
  }, {
    "nomTechnique" : "1947_Source_patio",
    "libelleFr" : "Source_Patio",
    "ordre" : 2,
    "descriptif" : {
      "libelleFr" : "BMT Lambesc"
    }
  }, {
    "nomTechnique" : "1947_Url_patio",
    "libelleFr" : "URL_Patio",
    "ordre" : 3,
    "descriptif" : {
      "libelleFr" : "http://www.lambesc.fr"
    }
  } ]
}