{
  "type" : "FETE_ET_MANIFESTATION",
  "id" : 5480343,
  "nom" : {
    "libelleFr" : "Collections permanentes du Musée d'Archéologie Méditerranéenne",
    "libelleEn" : "Les civilisations antiques du bassin méditerranéen - collections permanentes du Musée d'Archéologie Méditerranéenne",
    "libelleIt" : "Les civilisations antiques du bassin méditerranéen - collections permanentes du Musée d'Archéologie Méditerranéenne",
    "libelleDe" : "Les civilisations antiques du bassin méditerranéen - collections permanentes du Musée d'Archéologie Méditerranéenne",
    "libelleNl" : "Les civilisations antiques du bassin méditerranéen - collections permanentes du Musée d'Archéologie Méditerranéenne"
  },
  "identifier" : "SITRA2_EVE_5480343",
  "state" : "PUBLISHED",
  "gestion" : {
    "dateCreation" : "2020-03-05T18:59:10.662+0000",
    "dateModification" : "2022-04-27T14:08:54.351+0000",
    "dateExportModification" : "2022-04-27T14:08:54.577+0000",
    "membreProprietaire" : {
      "type" : {
        "elementReferenceType" : "MembreSitraType",
        "id" : 233
      },
      "nom" : "Ville de Marseille",
      "dateCreation" : "2017-01-24T06:54:50.567+0000",
      "dateModification" : "2022-10-24T08:49:51.518+0000",
      "id" : 1470,
      "siteWeb" : "http://www.marseille.fr/"
    },
    "signalerUnProblemeMails" : [ "narezki@marseille.fr", "sortir@marseille.fr" ]
  },
  "informations" : {
    "moyensCommunication" : [ {
      "identifiant" : 77176081,
      "type" : {
        "elementReferenceType" : "MoyenCommunicationType",
        "id" : 205
      },
      "coordonnees" : {
        "fr" : "http://musees.marseille.fr/musee-darcheologie-mediterraneenne-mam"
      }
    }, {
      "identifiant" : 88897033,
      "type" : {
        "elementReferenceType" : "MoyenCommunicationType",
        "id" : 207
      },
      "coordonnees" : {
        "fr" : "https://www.facebook.com/museesmarseille"
      }
    } ],
    "informationsLegales" : { },
    "structureGestion" : {
      "type" : "STRUCTURE",
      "id" : 5464064
    }
  },
  "presentation" : {
    "descriptifCourt" : {
      "libelleFr" : "Le visiteur est convié à un fascinant voyage de prés de six mille ans, une histoire qui part du Proche-Orient et qui traverse tout le pourtour méditerranéen."
    },
    "descriptifDetaille" : {
      "libelleFr" : "Le Musée d'Archéologie Méditerranéenne accueille deux collections majeures : le département d'égyptologie, premier de France après le Louvre et la nouveau département des civilisations du proche orient et du bassin méditerranéen.\r\n\r\nLa présentation dans un nouvel écrin, du département des civilisations antiques du bassin méditerranéen, valorise prés de 800 objets du Musée d'Archéologie Méditerranéenne et propose un nouveau discours et de nouvelles hypothèses.\r\n\r\nLe visiteur est convié à un fascinant voyage de prés de six mille ans, une histoire qui part du Proche-Orient et qui traverse tout le pourtour méditerranéen.\r\n\r\nDes inventions majeures pour l'homme ont vu le jour dans cette partie géographique du monde. Des progrès techniques et des savoir-faire encore utilisés par l'homme aujourd'hui ont été mis au point, toujours dans ce même périmètre. Comment faire le lien entre tous ces objets ? Comment dérouler leur histoire, pour mieux les comprendre et les admirer ? C'est un parcours à double lecture auquel le visiteur est convié.\r\n\r\nGrâce à des espaces expliquant les diverses invention et techniques (l'écriture, le verre, les alliages cuivreux...) ponctuant la visite, il est possible d'envisager l'histoire artistique de l'objet, de le contextualiser, de le socialiser et de mieux comprendre les besoins et les contraintes des artisans et des techniciens qui l'ont réalisé. Les croyances et la ferveur, qui animaient ces femmes et hommes, se sont au fil des siècles, mêlées, séparées parfois, avec toujours l'espoir de progresser et d'avancer pour vivre mieux au sein d'un groupe, dans une société.\r\n\r\nDes focus thématiques sur plusieurs savoir-faire antiques, les τέχναι (technaï), sont proposés au visiteur pour qu'il puisse apprécier de lui-même la maîtrise technique des artisans de l'époque et dans bien des cas, la prouesse dont relèvent certaines créations.\r\n\r\n► Afin d'être certain(e) de pouvoir bénéficier de la visite complète de toutes nos salles d'exposition, nous vous invitons à contacter le Musée avant votre visite\r\n\r\n► Toutes les visites et activités autour de l'exposition sont disponibles sur le site musees.marseille.fr"
    }
  },
  "localisation" : {
    "adresse" : {
      "nomDuLieu" : "Musée d'Archéologie Méditerranéenne",
      "adresse1" : "Centre de la Vieille Charité",
      "adresse2" : "2 Rue De la Charité",
      "codePostal" : "13002",
      "bureauDistribution" : "MARSEILLE",
      "commune" : {
        "id" : 4466
      }
    },
    "geolocalisation" : {
      "valide" : true,
      "geoJson" : {
        "type" : "Point",
        "coordinates" : [ 5.367909, 43.300102 ]
      }
    },
    "perimetreGeographique" : [ {
      "id" : 4466
    } ]
  },
  "liens" : { },
  "prestations" : {
    "animauxAcceptes" : "NON_DISPONIBLE",
    "animauxAcceptesSupplement" : "NON_DISPONIBLE",
    "complementAccueil" : {
      "libelleEn" : "Accessible for disabled",
      "libelleIt" : "Accessibile ai disabili",
      "libelleDe" : "Zugänglich für Behinderte",
      "libelleNl" : "Toegankelijk voor mensen met een handicap"
    }
  },
  "ouverture" : {
    "periodeEnClair" : {
      "libelleFr" : "Du 01/01 au 31/12/2022 de 9h à 18h sauf les 1er janvier, 1er mai, 1er novembre, 11 novembre et 25 décembre.\nFermé le lundi.\nDu mardi au dimanche de 9h à 18h.\r\n\r\nOuvertures exceptionnelles : Lundi de Pâques, Jeudi de l'Ascension, Lundi de Pentecôte.",
      "libelleEn" : "From 01/01 to 31/12/2022 between 9 am and 6 pm except on January 1st, May 1st, November 1st, November 11th and December 25th.\nClosed on Monday.",
      "libelleEs" : "Del 01/01 al 31/12/2022 de 9 a 18 excepto los días 1er de enero, 1er de mayo, 1er de noviembre, 11 de noviembre y 25 de diciembre.\nCerrado los lunes.",
      "libelleIt" : "Dal 01/01 al 31/12/2022 dalle 9 alle 18 tranne 1° gennaio, 1° maggio, 1° novembre, 11 novembre e 25 dicembre.\nChiuso il lunedì.",
      "libelleDe" : "Vom 01/01 bis 31/12/2022 von 9 Uhr bis 18 Uhr (außer 1. Januar, 1. Mai, 1. November, 11. Dezember und 25. Dezember).\nMontag geschlossen.",
      "libelleNl" : "Van 01/01 tot en met 31/12/2022 van 9.00 tot en met 18.00 u m.u.v. 1 januari, 1 mei, 1er november, 11 november en 25 december.\nMaandag gesloten.",
      "libelleRu" : "С 01/01 до 31/12/2022 с 9h до 18h кроме 1 января, 1 мая, 1 ноября, 11 ноября и 25 декабря.\nНе работает понедельник.",
      "libelleZh" : "从 1月1日 到 2022年12月31日 小时小时 和 小时小时 之间 不包括 1月1日, 5月1日, 11月1日, 11月11日 和 12月25日.\n星期一 关闭.",
      "libellePtBR" : "De 01/01 a 31/12/2022 de 9h a  18h exceto em 1º de janeiro, 1º de maio, 1º de novembro, 11 de novembro e 25 de dezembro.\nFechado em segunda-feira.",
      "libelleJa" : "01/01 から 31/12/2022 まで 9 午前 と 6 午後 の間 1月1日, 5月1日, 11月1日, 11月11日 と 12月25日 を除き.\n月曜日 は休み."
    },
    "periodeEnClairGenerationMode" : "AUTOMATIQUE",
    "indicationsPeriode" : [ {
      "elementReferenceType" : "IndicationPeriode",
      "id" : 416
    }, {
      "elementReferenceType" : "IndicationPeriode",
      "id" : 418
    }, {
      "elementReferenceType" : "IndicationPeriode",
      "id" : 435
    }, {
      "elementReferenceType" : "IndicationPeriode",
      "id" : 436
    } ],
    "periodesOuvertures" : [ {
      "identifiant" : 22328850,
      "dateDebut" : "2022-01-01",
      "dateFin" : "2022-12-31",
      "complementHoraire" : {
        "libelleFr" : "Du mardi au dimanche de 9h à 18h.\r\n\r\nOuvertures exceptionnelles : Lundi de Pâques, Jeudi de l'Ascension, Lundi de Pentecôte"
      },
      "horaireOuverture" : "09:00:00",
      "horaireFermeture" : "18:00:00",
      "type" : "OUVERTURE_SAUF",
      "tousLesAns" : false,
      "ouverturesJournalieres" : [ {
        "jour" : "LUNDI"
      } ],
      "identifiantTechnique" : 23206203
    } ],
    "fermeturesExceptionnelles" : [ {
      "dateSpeciale" : "PREMIER_JANVIER"
    }, {
      "dateSpeciale" : "PREMIER_MAI"
    }, {
      "dateSpeciale" : "PREMIER_NOVEMBRE"
    }, {
      "dateSpeciale" : "ONZE_NOVEMBRE"
    }, {
      "dateSpeciale" : "VINGT_CINQ_DECEMBRE"
    } ]
  },
  "descriptionTarif" : {
    "indicationTarif" : "GRATUIT",
    "gratuit" : true,
    "tarifsEnClair" : {
      "libelleFr" : "Gratuit.",
      "libelleEn" : "Free of charge.",
      "libelleEs" : "Gratis.",
      "libelleIt" : "Gratuito.",
      "libelleDe" : "Kostenlos.",
      "libelleNl" : "Gratis.",
      "libelleRu" : "Бесплатно.",
      "libelleZh" : "免费.",
      "libellePtBR" : "Gratuito.",
      "libelleJa" : "無料."
    },
    "tarifsEnClairGenerationMode" : "AUTOMATIQUE",
    "complement" : { },
    "devise" : "EUR",
    "conditions" : { }
  },
  "reservation" : { },
  "illustrations" : [ {
    "identifiant" : 9420474,
    "link" : false,
    "type" : "IMAGE",
    "nom" : {
      "libelleFr" : "Collections permanentes du Musée d'Archéologie Méditerranéenne"
    },
    "copyright" : {
      "libelleFr" : "Collections permanentes du Musée d'Archéologie Méditerranéenne - Musées de Marseille"
    },
    "traductionFichiers" : [ {
      "locale" : "fr",
      "url" : "https://static.apidae-tourisme.com/filestore/objets-touristiques/images/105/10/9177705.jpg",
      "urlListe" : "https://static.apidae-tourisme.com/filestore/objets-touristiques/images/105/10/9177705-liste.jpg",
      "urlFiche" : "https://static.apidae-tourisme.com/filestore/objets-touristiques/images/105/10/9177705-fiche.jpg",
      "urlDiaporama" : "https://static.apidae-tourisme.com/filestore/objets-touristiques/images/105/10/9177705-diaporama.jpg",
      "extension" : "jpg",
      "fileName" : "archeologie",
      "taille" : 92820,
      "hauteur" : 600,
      "largeur" : 800,
      "lastModifiedDate" : "2021-01-25T15:33:22.000+0000"
    } ],
    "locked" : false
  } ],
  "territoires" : [ {
    "type" : "TERRITOIRE",
    "id" : 591381
  }, {
    "type" : "TERRITOIRE",
    "id" : 591419
  }, {
    "type" : "TERRITOIRE",
    "id" : 5127066
  }, {
    "type" : "TERRITOIRE",
    "id" : 5427637
  }, {
    "type" : "TERRITOIRE",
    "id" : 5460436
  }, {
    "type" : "TERRITOIRE",
    "id" : 5693758
  }, {
    "type" : "TERRITOIRE",
    "id" : 5693878
  }, {
    "type" : "TERRITOIRE",
    "id" : 5693903
  }, {
    "type" : "TERRITOIRE",
    "id" : 6008197
  } ],
  "datesOuverture" : [ "2022-11-02", "2022-11-03", "2022-11-04", "2022-11-05", "2022-11-06", "2022-11-08", "2022-11-09", "2022-11-10", "2022-11-12", "2022-11-13", "2022-11-15", "2022-11-16", "2022-11-17", "2022-11-18", "2022-11-19", "2022-11-20", "2022-11-22", "2022-11-23", "2022-11-24", "2022-11-25", "2022-11-26", "2022-11-27", "2022-11-29", "2022-11-30", "2022-12-01", "2022-12-02", "2022-12-03", "2022-12-04", "2022-12-06", "2022-12-07", "2022-12-08", "2022-12-09", "2022-12-10", "2022-12-11", "2022-12-13", "2022-12-14", "2022-12-15", "2022-12-16", "2022-12-17", "2022-12-18", "2022-12-20", "2022-12-21", "2022-12-22", "2022-12-23", "2022-12-24", "2022-12-27", "2022-12-28", "2022-12-29", "2022-12-30", "2022-12-31" ],
  "informationsFeteEtManifestation" : {
    "typesManifestation" : [ {
      "elementReferenceType" : "FeteEtManifestationType",
      "id" : 1958
    } ],
    "categories" : [ {
      "elementReferenceType" : "FeteEtManifestationCategorie",
      "id" : 2080
    } ],
    "themes" : [ {
      "elementReferenceType" : "FeteEtManifestationTheme",
      "id" : 2206
    }, {
      "elementReferenceType" : "FeteEtManifestationTheme",
      "id" : 2293
    }, {
      "elementReferenceType" : "FeteEtManifestationTheme",
      "id" : 3831
    } ],
    "portee" : {
      "elementReferenceType" : "FeteEtManifestationPortee",
      "id" : 2352
    },
    "nomLieu" : "Musée d'Archéologie Méditerranéenne"
  },
  "formatVersion" : "v002",
  "expiration" : {
    "dateExpiration" : "2022-12-31T00:00:00.000+0000",
    "expirationAction" : "MASQUER_AUTOMATIQUEMENT"
  },
  "enquete" : { },
  "donneesPrivees" : [ {
    "nomTechnique" : "1947_Id_patio",
    "libelleFr" : "Id_Patio",
    "ordre" : 1,
    "descriptif" : {
      "libelleFr" : "13EVT046860"
    }
  }, {
    "nomTechnique" : "1947_Source_patio",
    "libelleFr" : "Source_Patio",
    "ordre" : 2,
    "descriptif" : {
      "libelleFr" : "Ville de Marseille"
    }
  }, {
    "nomTechnique" : "1947_Url_patio",
    "libelleFr" : "URL_Patio",
    "ordre" : 3,
    "descriptif" : {
      "libelleFr" : "http://www.marseille.fr"
    }
  } ]
}