{
  "type" : "PATRIMOINE_CULTUREL",
  "id" : 5538419,
  "nom" : {
    "libelleFr" : "Musée des Beaux-Arts - (MBA)",
    "libelleEs" : "Musée des Beaux Arts",
    "libelleIt" : "Musée des Beaux Arts",
    "libelleDe" : "Musée des Beaux Arts",
    "libelleNl" : "Musée des Beaux Arts"
  },
  "identifier" : "SITRA2_PCU_5538419",
  "state" : "PUBLISHED",
  "gestion" : {
    "dateCreation" : "2020-05-26T17:34:56.620+0000",
    "dateModification" : "2022-04-27T08:23:56.530+0000",
    "dateExportModification" : "2022-11-06T12:42:36.407+0000",
    "membreProprietaire" : {
      "type" : {
        "elementReferenceType" : "MembreSitraType",
        "id" : 233
      },
      "nom" : "Office Métropolitain de tourisme et des congrès de Marseille",
      "dateCreation" : "2017-02-13T09:29:30.842+0000",
      "dateModification" : "2022-10-24T08:49:48.642+0000",
      "id" : 1490,
      "siteWeb" : "http://www.marseille-tourisme.com"
    },
    "signalerUnProblemeMails" : [ "alegrand@marseille-tourisme.com", "hcochet@marseille-tourisme.com", "jorengo@marseille-tourisme.com", "lchavet@marseille-tourisme.com", "mamadier@marseille-tourisme.com", "sbenimeli@marseille-tourisme.com" ]
  },
  "informations" : {
    "moyensCommunication" : [ {
      "identifiant" : 79628990,
      "type" : {
        "elementReferenceType" : "MoyenCommunicationType",
        "id" : 201
      },
      "coordonnees" : {
        "fr" : "04 91 14 59 30"
      }
    }, {
      "identifiant" : 79628991,
      "type" : {
        "elementReferenceType" : "MoyenCommunicationType",
        "id" : 202
      },
      "coordonnees" : {
        "fr" : "04 91 14 59 31"
      }
    }, {
      "identifiant" : 79628992,
      "type" : {
        "elementReferenceType" : "MoyenCommunicationType",
        "id" : 204
      },
      "coordonnees" : {
        "fr" : "musee-beauxarts@marseille.fr"
      }
    }, {
      "identifiant" : 79628993,
      "type" : {
        "elementReferenceType" : "MoyenCommunicationType",
        "id" : 205
      },
      "coordonnees" : {
        "fr" : "http://musees.marseille.fr/"
      }
    } ],
    "informationsLegales" : { },
    "structureGestion" : {
      "type" : "STRUCTURE",
      "id" : 5801598
    }
  },
  "presentation" : {
    "descriptifCourt" : {
      "libelleFr" : "Le Musée des Beaux-Arts est le plus ancien des musées de Marseille. Il est l'un des quinze musées que le Consulat crée en 1801 dans les grandes villes de France.   ",
      "libelleEn" : "The Fine arts museum is the oldest  museum of Marseille. It is on of the  fifteen museums created by the consulate in 1801 in the biggest cities of France."
    },
    "descriptifDetaille" : {
      "libelleFr" : "Sous le Second Empire, le musée délaisse le couvent des Bernardines où il est était installé depuis son ouverture au public en 1804 pour le Palais Longchamp inauguré en 1869. \r\n\r\nCet édifice majestueux, destiné à abriter le musée des Beaux-arts et le Muséum a été édifié sur les plans de l'architecte Henry Espérandieu. Au centre de cette monumentale composition, la grande fontaine représentant la Durance sur un char tiré par des taureaux de Camargue, rappelle que le palais commémore l'arrivée à Marseille des eaux du canal de la Durance .   \r\n\r\nLe musée expose un choix des plus remarquables chefs d'oeuvres de ses collections, riches de plus de 8 000 tableaux, sculptures et dessins du XVIe au XIXe siècle.  Le rez-de-chaussée du musée accueille les peintures les plus anciennes du XVIe et XVIIe siècle et le premier étage, celles du XVIIIe au XIXe siècle. \r\n\r\nAu rez-de-chaussée, une salle est consacrée à l'oeuvre de Pierre Puget.  Parmi les pièces les plus remarquables du musée figurent les oeuvres du marseillais Pierre Puget, un des plus grands artistes du Baroque, les bustes des parlementaires d'Honoré Daumier, le plus grand caricaturiste du XIXe siècle, et la plus importante réunion de paysages de l'école de Marseille.\r\nLes collections permanentes\r\n Le Musée des Beaux-Arts présente ses collections de peintures et de sculptures couvrant trois siècles de l'histoire de l'art, du XVIe au XIXe siècles.    On peut voir au musée un bel ensemble des plus grands maîtres italiens et français des XVIe et XVIIe siècle, avec des oeuvres de Pérugin, du Guerchin, de Pannini pour l'Italie ou de Champaigne, Vouet, Greuze,­ Vernet , Hubert Robert ou David pour la France.­   \r\n\r\nLes écoles du Nord sont représentées par des tableaux de Rubens, Jordaens ou Snyders.   La présentation de l'art en Provence au XVIIe et XVIIIe siècle est l'une des particularités du musée. Les oeuvres de Louis Finson, Jean Daret, Nicolas Mignard ou Michel Serre rappellent le dynamisme de ce foyer artistique qui durant deux siècles attira les artistes de l'Europe du Nord et du Sud. On y trouve enfin un exceptionnel ensemble de peintures, sculptures et dessins du plus grand artiste baroque français, Pierre Puget, né à Marseille en 1620.\r\n\r\nL'Ecole française du XIXe siècle est l'un des temps forts de la collection. Aux côtés des plus grands maîtres, Courbet, Corot, Daubigny, Millet et Puvis de Chavanne, figurent les représentants de l'école de Marseille comme Loubon, Guigou ou Ziem qui vont imposer leur vision originale des paysages lumineux du Midi. \"La Voix intérieure\", chef d'oeuvre de Rodin, donné par le sculpteur au musée, les bustes des célébrités du Juste Milieu ou le Ratapoil de Daumier sont les oeuvres les plus célèbres de la galerie de sculpture du XIXe siècle.­­",
      "libelleEn" : "Under the second Empire, the museum moved from the ' Bernardines' convent  where it had  been  located from its opening in 1804 to the Palais Lonchamp inaugurated in  1869.\r\n\r\nThe Majestic building intended to house the  Fine Arts museum and the Museum was  built to the plans of the architect Henry Esperandieu. A huge foutain representing la Durance on a  chariot pulled by Camargue bulls reminds  us that the  palace commemorates the arrival of the waters of the Durance canal in Marseille.\r\n\r\nMuseum exhibits a  selection  of the most remarkable masterpieces and its collections, more then 8000 paintings, sculptures and drawings from the XVI th century... On the ground floor, you can find the  oldest paintings: from the XVI th and XVII th century and the first floor, XVIII th  to the XIX th century.\r\nOn the ground floor, a  room is dedicated to the  works of Pierre Puget.\r\n\r\nPermanent exhibitions:\r\n\r\nThe Fine Arts museum presents its collection and sculptures covering three centuries of Art history from XVI th to XIX th. We can also see a beautiful collection of the greatest Italian and Fench masters from XVI th and XVII th with piece of Art of Louis Finson, Jean Daret, Nicolas Mignard.\r\n\r\n\r\nNothern schools are represented by painting by Rubens, Jordaers or Snyders. Presentation of the Art in Provence is one of the asset of museum. Louis Finson, Jean Daret, Nicolas Mignard on Michel Serre's piece of Art reminds the dynamism of this artistic home, which used to \"attract\"  the North and South European artists. You  can find an exceptionnal set of paintings, sculptures and drawings of the french baroque greatest  artists, Pierre Puget born in 1620 in Marseille.\r\n\r\nThe French school from the XIXth century is one  of the highlights of the  collection. Alongside the greatest masters such as Courbet, Corot, Daubigny, Millet and Puvis de Chavannes. Moreover, some artists from Marseille school represented by  Loubon, Guigou or Ziem who imposed their original vision of the luminous landscapes of the Midi."
    },
    "typologiesPromoSitra" : [ {
      "elementReferenceType" : "TypologiePromoSitra",
      "id" : 1593
    }, {
      "elementReferenceType" : "TypologiePromoSitra",
      "id" : 6199
    } ]
  },
  "localisation" : {
    "adresse" : {
      "adresse1" : "Palais Longchamp",
      "adresse2" : "7 Rue Edouard Stephan",
      "codePostal" : "13004",
      "bureauDistribution" : "MARSEILLE",
      "commune" : {
        "id" : 4534
      }
    },
    "geolocalisation" : {
      "complement" : {
        "libelleFr" : "Application des gestes barrières\r\nPort du masque \r\nGestion des flux et de la circulation des visiteurs avec des\r\nModalités adaptées avec une signalétique\r\ninformative."
      },
      "valide" : true,
      "geoJson" : {
        "type" : "Point",
        "coordinates" : [ 5.395231, 43.304350 ]
      }
    },
    "perimetreGeographique" : [ {
      "id" : 4534
    } ],
    "environnements" : [ {
      "elementReferenceType" : "Environnement",
      "id" : 183
    }, {
      "elementReferenceType" : "Environnement",
      "id" : 3976
    } ]
  },
  "liens" : { },
  "prestations" : {
    "equipements" : [ {
      "elementReferenceType" : "PrestationEquipement",
      "id" : 804
    }, {
      "elementReferenceType" : "PrestationEquipement",
      "id" : 826
    }, {
      "elementReferenceType" : "PrestationEquipement",
      "id" : 972
    }, {
      "elementReferenceType" : "PrestationEquipement",
      "id" : 1322
    } ],
    "services" : [ {
      "elementReferenceType" : "PrestationService",
      "id" : 1026
    }, {
      "elementReferenceType" : "PrestationService",
      "id" : 1115
    }, {
      "elementReferenceType" : "PrestationService",
      "id" : 1190
    } ],
    "animauxAcceptes" : "NON_ACCEPTES",
    "animauxAcceptesSupplement" : "NON_DISPONIBLE",
    "activites" : [ {
      "elementReferenceType" : "PrestationActivite",
      "id" : 652
    }, {
      "elementReferenceType" : "PrestationActivite",
      "id" : 6032
    } ],
    "complementAccueil" : {
      "libelleFr" : "Parking autocar ( en face du Palais)",
      "libelleEn" : "Accessible for disabled",
      "libelleIt" : "Accessibile ai disabili",
      "libelleDe" : "Zugänglich für Behinderte",
      "libelleNl" : "Toegankelijk voor mensen met een handicap"
    },
    "descriptifHandicapMoteur" : {
      "libelleFr" : "Arrivée par le boulevard Montricher où se trouve une rampe d’accès. Il convient ensuite de longer la façade gauche du Palais Longchamp. En bas des escaliers se trouve un ascenseur. Par prudence, il est conseillé de téléphoner au musée en amont de la venue : Musée des Beaux-Arts (MBA) 04 91 14 59 24/35"
    },
    "descriptifHandicapAuditif" : {
      "libelleFr" : "La Ville de Marseille propose une fois par mois au sein de l’un de ses musées, une visite guidée en Langue des Signes Française.\r\nPour Obtenir leur programme les contacter : musee-beauxarts@marseille.fr"
    },
    "descriptifHandicapVisuel" : {
      "libelleFr" : "Les musées de la Ville de Marseille peuvent proposer des formes de médiation culturelle adaptées aux personnes en situation de handicap visuel. N’hésitez pas à vous rapprocher de l’équipe du musée que vous souhaitez (re)découvrir afin d’élaborer une visite guidée adaptée.\r\nLes chiens guides (accompagnant les personnes en situation de handicap physique et/ou mental) sont admis dans les salles d’exposition."
    },
    "descriptifHandicapMental" : {
      "libelleFr" : "Les musées de la Ville de Marseille peuvent proposer des formes de médiation culturelle adaptées aux personnes en situation de handicap mental. N’hésitez pas à vous rapprocher de l’équipe du musée que vous souhaitez (re)découvrir afin d’élaborer une visite guidée adaptée.\r\nLes chiens guides (accompagnant les personnes en situation de handicap physique et/ou mental) sont admis dans les salles d’exposition."
    },
    "typesClientele" : [ {
      "elementReferenceType" : "TypeClientele",
      "id" : 593
    } ]
  },
  "ouverture" : {
    "periodeEnClair" : {
      "libelleFr" : "Du 12/02 au 15/05/2022 de 9h à 18h.\nFermeture hebdomadaire le lundi\r\n\r\nFermeture le 1er mai\r\n\r\nFermeture de la billetterie 30 minutes avant la fermeture du musée.\n\nDu 01/06 au 12/06/2022, tous les jours de 9h à 18h.\nDu 1er juin au 12 juin  salles du rez-de-chaussée ouvertes - salles du 1er étage fermées.\r\nDans le cadre de l'accrochage des collections le musée sera fermé du 13 au 19 juin.\n\nDu 21/06 au 31/12/2022, tous les jours de 9h à 18h.\nDu 21 juin au 3 juillet  salles du rez-de-chaussée ouvertes - salles du 1er étage fermées.\r\nA partir du 5 juillet  ouverture de toutes les salles du musée.\r\n\r\nFermeture hebdomadaire le lundi.\r\n\r\nFermeture les jours suivants les 1er et 11 novembre et le 25 décembre.\r\n\r\nFermeture de la billetterie 30 minutes avant la fermeture du musée.",
      "libelleEn" : "From 12/02 to 15/05/2022 between 9 am and 6 pm.\n\nFrom 01/06 to 12/06/2022, daily between 9 am and 6 pm.\n\nFrom 21/06 to 31/12/2022, daily between 9 am and 6 pm.",
      "libelleEs" : "Del 12/02 al 15/05/2022 de 9 a 18.\n\nDel 01/06 al 12/06/2022, todos los dias de 9 a 18.\n\nDel 21/06 al 31/12/2022, todos los dias de 9 a 18.",
      "libelleIt" : "Dal 12/02 al 15/05/2022 dalle 9 alle 18.\n\nDal 01/06 al 12/06/2022, ogni giorno dalle 9 alle 18.\n\nDal 21/06 al 31/12/2022, ogni giorno dalle 9 alle 18.",
      "libelleDe" : "Vom 12/02 bis 15/05/2022 von 9 Uhr bis 18 Uhr.\n\nVom 01/06 bis 12/06/2022, täglich von 9 Uhr bis 18 Uhr.\n\nVom 21/06 bis 31/12/2022, täglich von 9 Uhr bis 18 Uhr.",
      "libelleNl" : "Van 12/02 tot en met 15/05/2022 van 9.00 tot en met 18.00 u.\n\nVan 01/06 tot en met 12/06/2022, iedere dag van 9.00 tot en met 18.00 u.\n\nVan 21/06 tot en met 31/12/2022, iedere dag van 9.00 tot en met 18.00 u.",
      "libelleRu" : "С 12/02 до 15/05/2022 с 9h до 18h.\n\nС 01/06 до 12/06/2022, ежедневно с 9h до 18h.\n\nС 21/06 до 31/12/2022, ежедневно с 9h до 18h.",
      "libelleZh" : "从 2月12日 到 2022年5月15日 小时小时 和 小时小时 之间.\n\n从 6月1日 到 2022年6月12日, 日常 小时小时 和 小时小时 之间.\n\n从 6月21日 到 2022年12月31日, 日常 小时小时 和 小时小时 之间.",
      "libellePtBR" : "De 12/02 a 15/05/2022 de 9h a  18h.\n\nDe 01/06 a 12/06/2022, todos os dias de 9h a  18h.\n\nDe 21/06 a 31/12/2022, todos os dias de 9h a  18h.",
      "libelleJa" : "12/02 から 15/05/2022 まで 9 午前 と 6 午後 の間.\n\n01/06 から 12/06/2022 まで, 毎日 9 午前 と 6 午後 の間.\n\n21/06 から 31/12/2022 まで, 毎日 9 午前 と 6 午後 の間."
    },
    "periodeEnClairGenerationMode" : "AUTOMATIQUE",
    "indicationsPeriode" : [ {
      "elementReferenceType" : "IndicationPeriode",
      "id" : 416
    }, {
      "elementReferenceType" : "IndicationPeriode",
      "id" : 418
    }, {
      "elementReferenceType" : "IndicationPeriode",
      "id" : 435
    }, {
      "elementReferenceType" : "IndicationPeriode",
      "id" : 436
    } ],
    "periodesOuvertures" : [ {
      "identifiant" : 22306174,
      "dateDebut" : "2022-02-12",
      "dateFin" : "2022-05-15",
      "complementHoraire" : {
        "libelleFr" : "Fermeture hebdomadaire le lundi\r\n\r\nFermeture le 1er mai\r\n\r\nFermeture de la billetterie 30 minutes avant la fermeture du musée."
      },
      "horaireOuverture" : "09:00:00",
      "horaireFermeture" : "18:00:00",
      "type" : "OUVERTURE_SAUF",
      "tousLesAns" : false,
      "identifiantTechnique" : 23201811
    }, {
      "identifiant" : 23201840,
      "dateDebut" : "2022-06-01",
      "dateFin" : "2022-06-12",
      "complementHoraire" : {
        "libelleFr" : "Du 1er juin au 12 juin  salles du rez-de-chaussée ouvertes - salles du 1er étage fermées.\r\nDans le cadre de l'accrochage des collections le musée sera fermé du 13 au 19 juin"
      },
      "horaireOuverture" : "09:00:00",
      "horaireFermeture" : "18:00:00",
      "type" : "OUVERTURE_TOUS_LES_JOURS",
      "tousLesAns" : false,
      "identifiantTechnique" : 23201840
    }, {
      "identifiant" : 23201882,
      "dateDebut" : "2022-06-21",
      "dateFin" : "2022-12-31",
      "complementHoraire" : {
        "libelleFr" : "Du 21 juin au 3 juillet  salles du rez-de-chaussée ouvertes - salles du 1er étage fermées.\r\nA partir du 5 juillet  ouverture de toutes les salles du musée.\r\n\r\nFermeture hebdomadaire le lundi.\r\n\r\nFermeture les jours suivants les 1er et 11 novembre et le 25 décembre.\r\n\r\nFermeture de la billetterie 30 minutes avant la fermeture du musée."
      },
      "horaireOuverture" : "09:00:00",
      "horaireFermeture" : "18:00:00",
      "type" : "OUVERTURE_TOUS_LES_JOURS",
      "tousLesAns" : false,
      "identifiantTechnique" : 23201882
    } ]
  },
  "descriptionTarif" : {
    "indicationTarif" : "ACCES_LIBRE",
    "gratuit" : true,
    "tarifsEnClair" : { },
    "tarifsEnClairGenerationMode" : "MANUEL",
    "complement" : {
      "libelleFr" : "Accès gratuit pour les collections permanentes.\r\nAccès gratuit pour les expositions temporaires le 1er jour de l'exposition, les autres jours restent payants."
    },
    "modesPaiement" : [ {
      "elementReferenceType" : "ModePaiement",
      "id" : 1268
    }, {
      "elementReferenceType" : "ModePaiement",
      "id" : 1277
    }, {
      "elementReferenceType" : "ModePaiement",
      "id" : 1281
    } ],
    "devise" : "EUR",
    "conditions" : { }
  },
  "reservation" : {
    "organismes" : [ {
      "identifiant" : 5086976,
      "structureReference" : {
        "type" : "STRUCTURE",
        "id" : 5222976
      },
      "nom" : "Musée des Beaux-Arts",
      "type" : {
        "elementReferenceType" : "ReservationType",
        "id" : 475
      },
      "moyensCommunication" : [ {
        "identifiant" : 80398284,
        "type" : {
          "elementReferenceType" : "MoyenCommunicationType",
          "id" : 201
        },
        "coordonnees" : {
          "fr" : "04 91 14 59 24"
        }
      }, {
        "identifiant" : 80398285,
        "type" : {
          "elementReferenceType" : "MoyenCommunicationType",
          "id" : 204
        },
        "coordonnees" : {
          "fr" : "dgac-musee-beauxarts@mairie-marseille.fr"
        }
      } ],
      "locked" : false
    } ]
  },
  "criteresInternes" : [ {
    "id" : 16641
  }, {
    "id" : 16775
  }, {
    "id" : 23526
  } ],
  "contacts" : [ {
    "identifiant" : 17636613,
    "referent" : true,
    "civilite" : {
      "elementReferenceType" : "ContactCivilite",
      "id" : 443
    },
    "nom" : "GEORGET",
    "prenom" : "Luc",
    "fonction" : {
      "elementReferenceType" : "ContactFonction",
      "id" : 6026
    },
    "moyensCommunication" : [ {
      "identifiant" : 83917202,
      "type" : {
        "elementReferenceType" : "MoyenCommunicationType",
        "id" : 204
      },
      "coordonnees" : {
        "fr" : "dgac-musee-beauxarts@marseille.fr"
      }
    } ]
  }, {
    "identifiant" : 17636614,
    "referent" : false,
    "civilite" : {
      "elementReferenceType" : "ContactCivilite",
      "id" : 442
    },
    "nom" : "MARSETTI",
    "prenom" : "Danièle",
    "fonction" : {
      "elementReferenceType" : "ContactFonction",
      "id" : 467
    }
  }, {
    "identifiant" : 17636615,
    "referent" : false,
    "civilite" : {
      "elementReferenceType" : "ContactCivilite",
      "id" : 443
    },
    "nom" : "FRANK",
    "prenom" : "Frédéric",
    "fonction" : {
      "elementReferenceType" : "ContactFonction",
      "id" : 472
    },
    "moyensCommunication" : [ {
      "identifiant" : 83917203,
      "type" : {
        "elementReferenceType" : "MoyenCommunicationType",
        "id" : 201
      },
      "coordonnees" : {
        "fr" : "04 91 14 58 21"
      }
    }, {
      "identifiant" : 83917204,
      "type" : {
        "elementReferenceType" : "MoyenCommunicationType",
        "id" : 204
      },
      "coordonnees" : {
        "fr" : "ffrank@mairie-marseille.fr"
      }
    } ]
  } ],
  "illustrations" : [ {
    "identifiant" : 10528767,
    "link" : false,
    "type" : "IMAGE",
    "nom" : {
      "libelleFr" : "Musée des Beaux Arts Marseille.jpg"
    },
    "copyright" : {
      "libelleFr" : "Musée des Beaux-Arts de Marseille"
    },
    "traductionFichiers" : [ {
      "locale" : "fr",
      "url" : "https://static.apidae-tourisme.com/filestore/objets-touristiques/images/250/145/10326522.jpg",
      "urlListe" : "https://static.apidae-tourisme.com/filestore/objets-touristiques/images/250/145/10326522-liste.jpg",
      "urlFiche" : "https://static.apidae-tourisme.com/filestore/objets-touristiques/images/250/145/10326522-fiche.jpg",
      "urlDiaporama" : "https://static.apidae-tourisme.com/filestore/objets-touristiques/images/250/145/10326522-diaporama.jpg",
      "extension" : "jpg",
      "fileName" : "full",
      "taille" : 10774,
      "hauteur" : 190,
      "largeur" : 253,
      "lastModifiedDate" : "2021-07-19T12:25:14.000+0000"
    } ],
    "locked" : false
  }, {
    "identifiant" : 10528769,
    "link" : false,
    "type" : "IMAGE",
    "nom" : {
      "libelleFr" : "Musée des Beaux Arts Marseille.jpg"
    },
    "traductionFichiers" : [ {
      "locale" : "fr",
      "url" : "https://static.apidae-tourisme.com/filestore/objets-touristiques/images/252/145/10326524.jpg",
      "urlListe" : "https://static.apidae-tourisme.com/filestore/objets-touristiques/images/252/145/10326524-liste.jpg",
      "urlFiche" : "https://static.apidae-tourisme.com/filestore/objets-touristiques/images/252/145/10326524-fiche.jpg",
      "urlDiaporama" : "https://static.apidae-tourisme.com/filestore/objets-touristiques/images/252/145/10326524-diaporama.jpg",
      "extension" : "jpg",
      "fileName" : "full",
      "taille" : 31195,
      "hauteur" : 300,
      "largeur" : 400,
      "lastModifiedDate" : "2021-07-19T12:25:14.000+0000"
    } ],
    "locked" : false
  } ],
  "tourismeAffaires" : {
    "tourismeAffairesEnabled" : true,
    "sallesEquipement" : [ {
      "elementReferenceType" : "SalleEquipement",
      "id" : 1259
    } ]
  },
  "visites" : {
    "languesVisite" : [ {
      "elementReferenceType" : "Langue",
      "id" : 1197
    } ],
    "visitable" : false,
    "dureeMoyenneVisiteIndividuelle" : 45,
    "prestationsVisitesIndividuelles" : [ {
      "elementReferenceType" : "PrestationVisiteIndividuelle",
      "id" : 480
    }, {
      "elementReferenceType" : "PrestationVisiteIndividuelle",
      "id" : 483
    } ],
    "prestationsVisitesGroupees" : [ {
      "elementReferenceType" : "PrestationVisiteGroupee",
      "id" : 488
    }, {
      "elementReferenceType" : "PrestationVisiteGroupee",
      "id" : 491
    } ]
  },
  "territoires" : [ {
    "type" : "TERRITOIRE",
    "id" : 591381
  }, {
    "type" : "TERRITOIRE",
    "id" : 591419
  }, {
    "type" : "TERRITOIRE",
    "id" : 5127066
  }, {
    "type" : "TERRITOIRE",
    "id" : 5427637
  }, {
    "type" : "TERRITOIRE",
    "id" : 5460436
  }, {
    "type" : "TERRITOIRE",
    "id" : 5693878
  }, {
    "type" : "TERRITOIRE",
    "id" : 5693903
  }, {
    "type" : "TERRITOIRE",
    "id" : 6008197
  } ],
  "datesOuverture" : [ "2022-11-07", "2022-11-08", "2022-11-09", "2022-11-10", "2022-11-11", "2022-11-12", "2022-11-13", "2022-11-14", "2022-11-15", "2022-11-16", "2022-11-17", "2022-11-18", "2022-11-19", "2022-11-20", "2022-11-21", "2022-11-22", "2022-11-23", "2022-11-24", "2022-11-25", "2022-11-26", "2022-11-27", "2022-11-28", "2022-11-29", "2022-11-30", "2022-12-01", "2022-12-02", "2022-12-03", "2022-12-04", "2022-12-05", "2022-12-06", "2022-12-07", "2022-12-08", "2022-12-09", "2022-12-10", "2022-12-11", "2022-12-12", "2022-12-13", "2022-12-14", "2022-12-15", "2022-12-16", "2022-12-17", "2022-12-18", "2022-12-19", "2022-12-20", "2022-12-21", "2022-12-22", "2022-12-23", "2022-12-24", "2022-12-25", "2022-12-26", "2022-12-27", "2022-12-28", "2022-12-29", "2022-12-30", "2022-12-31" ],
  "informationsPatrimoineCulturel" : {
    "patrimoineCulturelType" : {
      "elementReferenceType" : "PatrimoineCulturelType",
      "id" : 3201
    },
    "themes" : [ {
      "elementReferenceType" : "PatrimoineCulturelTheme",
      "id" : 3393
    }, {
      "elementReferenceType" : "PatrimoineCulturelTheme",
      "id" : 3422
    }, {
      "elementReferenceType" : "PatrimoineCulturelTheme",
      "id" : 3423
    } ],
    "categories" : [ {
      "elementReferenceType" : "PatrimoineCulturelCategorie",
      "id" : 3226
    } ]
  },
  "formatVersion" : "v002",
  "expiration" : {
    "dateExpiration" : "2022-12-31T00:00:00.000+0000"
  },
  "informationsPrestataireActivites" : {
    "prestataireActivites" : true,
    "activitesCulturelles" : [ {
      "elementReferenceType" : "ActiviteCulturellePrestation",
      "id" : 1803
    }, {
      "elementReferenceType" : "ActiviteCulturellePrestation",
      "id" : 1817
    }, {
      "elementReferenceType" : "ActiviteCulturellePrestation",
      "id" : 1818
    }, {
      "elementReferenceType" : "ActiviteCulturellePrestation",
      "id" : 1825
    }, {
      "elementReferenceType" : "ActiviteCulturellePrestation",
      "id" : 4598
    } ]
  },
  "enquete" : { },
  "donneesPrivees" : [ {
    "nomTechnique" : "1947_Id_patio",
    "libelleFr" : "Id_Patio",
    "ordre" : 1,
    "descriptif" : {
      "libelleFr" : "13T2000365"
    }
  }, {
    "nomTechnique" : "1947_Source_patio",
    "libelleFr" : "Source_Patio",
    "ordre" : 2,
    "descriptif" : {
      "libelleFr" : "OT Marseille"
    }
  }, {
    "nomTechnique" : "1947_Url_patio",
    "libelleFr" : "URL_Patio",
    "ordre" : 3,
    "descriptif" : {
      "libelleFr" : "http://www.marseille-tourisme.com"
    }
  } ],
  "metadonnees" : [ {
    "noeudId" : "fairguest",
    "contenus" : [ {
      "cible" : "general",
      "metadonnee" : {
        "note" : 8.9,
        "label" : "Très bon",
        "couleur" : "#71a63e",
        "nombreAvis" : 287,
        "dateMaj" : 1667730517175
      }
    } ]
  } ]
}