{
  "type" : "PATRIMOINE_CULTUREL",
  "id" : 5539025,
  "nom" : {
    "libelleFr" : "Musée d'arts et traditions populaires Albert Reynaud",
    "libelleEn" : "Musée d'Art et des Traditions de Marignane",
    "libelleEs" : "Musée d'Art et des Traditions de Marignane",
    "libelleIt" : "Musée d'Art et des Traditions de Marignane",
    "libelleDe" : "Musée d'Art et des Traditions de Marignane",
    "libelleNl" : "Musée d'Art et des Traditions de Marignane"
  },
  "identifier" : "SITRA2_PCU_5539025",
  "state" : "PUBLISHED",
  "gestion" : {
    "dateCreation" : "2020-05-27T10:58:51.103+0000",
    "dateModification" : "2022-06-14T09:53:03.981+0000",
    "dateExportModification" : "2022-06-14T09:53:04.355+0000",
    "membreProprietaire" : {
      "type" : {
        "elementReferenceType" : "MembreSitraType",
        "id" : 233
      },
      "nom" : "Office de Tourisme de Marignane",
      "dateCreation" : "2020-02-11T08:56:27.494+0000",
      "dateModification" : "2022-10-24T08:49:40.006+0000",
      "id" : 1985,
      "siteWeb" : "http://www.tourisme-marignane.com/"
    },
    "signalerUnProblemeMails" : [ "officedetourisme@ville-marignane.fr", "ot-direction@ville-marignane.fr", "ot-promotion@ville-marignane.fr" ]
  },
  "informations" : {
    "moyensCommunication" : [ {
      "identifiant" : 79655860,
      "type" : {
        "elementReferenceType" : "MoyenCommunicationType",
        "id" : 201
      },
      "coordonnees" : {
        "fr" : "04 42 31 12 98"
      }
    }, {
      "identifiant" : 79655861,
      "type" : {
        "elementReferenceType" : "MoyenCommunicationType",
        "id" : 204
      },
      "coordonnees" : {
        "fr" : "museemarignane.tradition@gmail.com"
      }
    } ],
    "informationsLegales" : { },
    "structureGestion" : {
      "type" : "STRUCTURE",
      "id" : 5223094
    }
  },
  "presentation" : {
    "descriptifCourt" : {
      "libelleFr" : "C'est à l'initiative d'un collectionneur passionné, éperdument amoureux de sa ville,  Albert Reynaud que le musée d'Arts et Traditions Populaires, voit le jour en 1973."
    },
    "descriptifDetaille" : {
      "libelleFr" : "Accessible par la rue Covet, le musée Albert Reynaud se visite à double titre, comme ancienne galerie des arts et traditions populaires jointe à un conservatoire d’histoire locale, et comme quartier médiéval et renaissant du château. \r\n\r\nHistoriquement, il occupe une maison bourgeoise construite sur les parties communes et les dépendances de la maison seigneuriale, connues par des inventaires de 1529 et 1540. \r\nSon entrée correspond ainsi à la cour nord et à une « cour des vins ». \r\nLa galerie des outils agricoles occupe l’ancienne « grotte » ou cave et garde-manger qui abritait tonneaux, tonnelets et piles à huile. \r\nLes deux petites salles voûtées du mobilier religieux et archéologique faisaient office de cellules de prison pour de modestes peines, et la grande salle des expositions temporaires de cuisine prolongée par une grande salle de service. Jean-Baptiste Ier de Covet l’a convertie en 1605 en écurie, avant qu’elle ne devienne salle à manger des laquais dans les années 1660. \r\nLa pièce consacrée à la Grande Guerre a été prise sur une partie de la grande salle de réception dite « du bardat », nom de l’allée dallée qui la bordait du côté de la basse-cour, abondamment éclairée par deux fenêtres à croisées et vitres à losanges. \r\nEnfin, les salles en contrebas de l’entrée, accueillant la cuisine et la tablée provençales, occupent l’ancien bâtiment dit « des greniers » bâti sous Françoise de Foix vers 1550, devenus écurie sous Jean-Baptiste II de Covet au XVIIe siècle. \r\n\r\nFondé en 1973 par Albert Reynaud sur le modèle du Museon Arlaten, ce musée associatif, d’abord cantonné à la cave, n’a cessé ses acquisitions et son développement dans ces parties historiques puis en hauteur. \r\nIl a été rebaptisé au nom de son fondateur récemment décédé. Le musée fonctionne en étroit partenariat avec la Ville de Marignane. \r\n\r\nOutre les thématiques citées, se succèdent aux étages un diorama sur le monde de la pêche, un condensé de la faune des étangs notamment, la chambre d’une maison bourgeoise, la salle de classe, un hommage à Frédéric Mistral dans son cabinet d’écrivain, ainsi qu’une section d’histoire locale mise en scène au dernier plan.\r\n\r\nUn espace d'expositions temporaires a été aménagé et des expos d'art y sont désormais régulièrement organisées.\r\n\r\nSource Patrick Varrot, historien d’art - Février 2021"
    }
  },
  "localisation" : {
    "adresse" : {
      "adresse1" : "14 Rue Covet",
      "codePostal" : "13700",
      "bureauDistribution" : "MARIGNANE",
      "commune" : {
        "id" : 4465
      }
    },
    "geolocalisation" : {
      "complement" : {
        "libelleFr" : "Marseille Provence : Aéroport/Aérodrome à 4km\r\nGare routière du Parc Camoin : Gare routière à 0.5km\r\nD9 : Route départementale à 1.5km\r\nN°368 : Route nationale à 4km\r\nGare TGV : Gare ferroviaire à 11km"
      },
      "valide" : true,
      "geoJson" : {
        "type" : "Point",
        "coordinates" : [ 5.215335, 43.417341 ]
      }
    },
    "perimetreGeographique" : [ {
      "id" : 4465
    } ],
    "environnements" : [ {
      "elementReferenceType" : "Environnement",
      "id" : 143
    }, {
      "elementReferenceType" : "Environnement",
      "id" : 151
    }, {
      "elementReferenceType" : "Environnement",
      "id" : 173
    }, {
      "elementReferenceType" : "Environnement",
      "id" : 180
    }, {
      "elementReferenceType" : "Environnement",
      "id" : 3973
    } ]
  },
  "liens" : { },
  "prestations" : {
    "equipements" : [ {
      "elementReferenceType" : "PrestationEquipement",
      "id" : 1321
    } ],
    "animauxAcceptes" : "NON_DISPONIBLE",
    "animauxAcceptesSupplement" : "NON_DISPONIBLE",
    "languesParlees" : [ {
      "elementReferenceType" : "Langue",
      "id" : 1197
    } ],
    "complementAccueil" : {
      "libelleFr" : "Parking public(Parc Camoin à 200 mètres, gratuit.\r\nParking Pilote Larbonne à 100 mètres, gratuit)",
      "libelleEn" : "Accessible for disabled",
      "libelleIt" : "Accessibile ai disabili",
      "libelleDe" : "Zugänglich für Behinderte",
      "libelleNl" : "Toegankelijk voor mensen met een handicap"
    },
    "typesClientele" : [ {
      "elementReferenceType" : "TypeClientele",
      "id" : 593
    } ]
  },
  "ouverture" : {
    "periodeEnClair" : {
      "libelleFr" : "Toute l'année, tous les lundis, mardis, mercredis, jeudis, vendredis et samedis.\nDu lundi au vendredi : de 9h à 12h et de 14h à 17h.\r\nSamedi : de 9h à 12h uniquement.\r\nFermé le mois d'août.",
      "libelleEn" : "All year round, every Monday, Tuesday, Wednesday, Thursday, Friday and Saturday.",
      "libelleEs" : "Todo el año, todos los lunes, martes, miércoles, jueves, viernes y sábados.",
      "libelleIt" : "Tutto l'anno, tutti i lunedì, martedì, mercoledì, giovedì, venerdì e sabati.",
      "libelleDe" : "Ganzjährig, jeden Montag, Dienstag, Mittwoch, Donnerstag, Freitag und Samstag.",
      "libelleNl" : "Het hele jaar, elke maandag, dinsdag, woensdag, donderdag, vrijdag en zaterdag.",
      "libelleRu" : "В течение всего года, каждый понедельники, вторники, среды, четверги, пятницы и субботы.",
      "libelleZh" : "全年, 每星期一, 星期二, 星期三, 星期四, 星期五 和 星期六.",
      "libellePtBR" : "Todo o ano, todas as segundas-feiras, terças-feiras, quartas-feiras, quintas-feiras, sextas-feiras e sábados.",
      "libelleJa" : "オールシーズン, 毎月曜日, 火曜日, 水曜日, 木曜日, 金曜日 と 土曜日."
    },
    "periodeEnClairGenerationMode" : "AUTOMATIQUE",
    "indicationsPeriode" : [ {
      "elementReferenceType" : "IndicationPeriode",
      "id" : 436
    }, {
      "elementReferenceType" : "IndicationPeriode",
      "id" : 418
    }, {
      "elementReferenceType" : "IndicationPeriode",
      "id" : 416
    }, {
      "elementReferenceType" : "IndicationPeriode",
      "id" : 435
    } ],
    "periodesOuvertures" : [ {
      "identifiant" : 19372724,
      "dateDebut" : "2020-01-01",
      "dateFin" : "2020-12-31",
      "complementHoraire" : {
        "libelleFr" : "Du lundi au vendredi : de 9h à 12h et de 14h à 17h.\r\nSamedi : de 9h à 12h uniquement.\r\nFermé le mois d'août."
      },
      "type" : "OUVERTURE_SEMAINE",
      "tousLesAns" : true,
      "ouverturesJournalieres" : [ {
        "jour" : "LUNDI"
      }, {
        "jour" : "MARDI"
      }, {
        "jour" : "MERCREDI"
      }, {
        "jour" : "JEUDI"
      }, {
        "jour" : "VENDREDI"
      }, {
        "jour" : "SAMEDI"
      } ],
      "identifiantTechnique" : 23603247
    } ],
    "ouvertTouteLAnnee" : "OUVERT_TOUTE_L_ANNEE"
  },
  "descriptionTarif" : {
    "indicationTarif" : "GRATUIT",
    "gratuit" : true,
    "tarifsEnClair" : {
      "libelleFr" : "Gratuit.",
      "libelleEn" : "Free of charge.",
      "libelleEs" : "Gratis.",
      "libelleIt" : "Gratuito.",
      "libelleDe" : "Kostenlos.",
      "libelleNl" : "Gratis.",
      "libelleRu" : "Бесплатно.",
      "libelleZh" : "免费.",
      "libellePtBR" : "Gratuito.",
      "libelleJa" : "無料."
    },
    "tarifsEnClairGenerationMode" : "AUTOMATIQUE",
    "devise" : "EUR",
    "conditions" : { }
  },
  "reservation" : { },
  "contacts" : [ {
    "identifiant" : 17641216,
    "referent" : true,
    "civilite" : {
      "elementReferenceType" : "ContactCivilite",
      "id" : 443
    },
    "nom" : "MARTIN",
    "prenom" : "Guy",
    "fonction" : {
      "elementReferenceType" : "ContactFonction",
      "id" : 460
    },
    "moyensCommunication" : [ {
      "identifiant" : 81738757,
      "type" : {
        "elementReferenceType" : "MoyenCommunicationType",
        "id" : 201
      },
      "coordonnees" : {
        "fr" : "04 42 88 95 36"
      }
    }, {
      "identifiant" : 81738758,
      "type" : {
        "elementReferenceType" : "MoyenCommunicationType",
        "id" : 201
      },
      "coordonnees" : {
        "fr" : "06 20 35 11 46"
      }
    }, {
      "identifiant" : 81738759,
      "type" : {
        "elementReferenceType" : "MoyenCommunicationType",
        "id" : 204
      },
      "coordonnees" : {
        "fr" : "martinguy1@neuf.fr"
      }
    } ]
  }, {
    "identifiant" : 17641217,
    "referent" : false,
    "civilite" : {
      "elementReferenceType" : "ContactCivilite",
      "id" : 443
    },
    "nom" : "SACRE",
    "prenom" : "Stéphane",
    "fonction" : {
      "elementReferenceType" : "ContactFonction",
      "id" : 460
    },
    "moyensCommunication" : [ {
      "identifiant" : 81738760,
      "type" : {
        "elementReferenceType" : "MoyenCommunicationType",
        "id" : 201
      },
      "coordonnees" : {
        "fr" : "06 22 64 65 01"
      }
    }, {
      "identifiant" : 81738761,
      "type" : {
        "elementReferenceType" : "MoyenCommunicationType",
        "id" : 204
      },
      "coordonnees" : {
        "fr" : "stephane.sacre@neuf.fr"
      }
    } ]
  } ],
  "illustrations" : [ {
    "identifiant" : 12630828,
    "link" : false,
    "type" : "IMAGE",
    "nom" : {
      "libelleFr" : "Musée Albert Reynaud"
    },
    "legende" : {
      "libelleFr" : "Scène à l'ecole"
    },
    "copyright" : {
      "libelleFr" : "OT Marignane Germain Thyssen"
    },
    "traductionFichiers" : [ {
      "locale" : "fr",
      "url" : "https://static.apidae-tourisme.com/filestore/objets-touristiques/images/74/167/12822346.jpg",
      "urlListe" : "https://static.apidae-tourisme.com/filestore/objets-touristiques/images/74/167/12822346-liste.jpg",
      "urlFiche" : "https://static.apidae-tourisme.com/filestore/objets-touristiques/images/74/167/12822346-fiche.jpg",
      "urlDiaporama" : "https://static.apidae-tourisme.com/filestore/objets-touristiques/images/74/167/12822346-diaporama.jpg",
      "extension" : "jpg",
      "fileName" : "S Musée Reynaud 2016@OTMGermain Thyssen (4)",
      "taille" : 345364,
      "hauteur" : 1366,
      "largeur" : 2048,
      "lastModifiedDate" : "2022-03-02T16:33:56.943+0000"
    } ],
    "locked" : false
  }, {
    "identifiant" : 11146200,
    "link" : false,
    "type" : "IMAGE",
    "nom" : {
      "libelleFr" : "Musée Albert Reynaud"
    },
    "legende" : {
      "libelleFr" : "Pancarte d'entrée"
    },
    "copyright" : {
      "libelleFr" : "OT Marignane Germain Thyssen"
    },
    "traductionFichiers" : [ {
      "locale" : "fr",
      "url" : "https://static.apidae-tourisme.com/filestore/objets-touristiques/images/243/89/11098611.jpg",
      "urlListe" : "https://static.apidae-tourisme.com/filestore/objets-touristiques/images/243/89/11098611-liste.jpg",
      "urlFiche" : "https://static.apidae-tourisme.com/filestore/objets-touristiques/images/243/89/11098611-fiche.jpg",
      "urlDiaporama" : "https://static.apidae-tourisme.com/filestore/objets-touristiques/images/243/89/11098611-diaporama.jpg",
      "extension" : "jpg",
      "fileName" : "Musée Reynaud 2016@OTMGermain Thyssen (2)",
      "taille" : 419667,
      "hauteur" : 2048,
      "largeur" : 1335,
      "lastModifiedDate" : "2021-09-28T20:17:25.000+0000"
    } ],
    "locked" : false
  }, {
    "identifiant" : 11141215,
    "link" : false,
    "type" : "IMAGE",
    "nom" : {
      "libelleFr" : "Musée Albert Reynaud"
    },
    "legende" : {
      "libelleFr" : "Scène de vie - Cabane au Bolmon"
    },
    "copyright" : {
      "libelleFr" : "Office de Tourisme de Marignane"
    },
    "traductionFichiers" : [ {
      "locale" : "fr",
      "url" : "https://static.apidae-tourisme.com/filestore/objets-touristiques/images/135/70/11093639.jpg",
      "urlListe" : "https://static.apidae-tourisme.com/filestore/objets-touristiques/images/135/70/11093639-liste.jpg",
      "urlFiche" : "https://static.apidae-tourisme.com/filestore/objets-touristiques/images/135/70/11093639-fiche.jpg",
      "urlDiaporama" : "https://static.apidae-tourisme.com/filestore/objets-touristiques/images/135/70/11093639-diaporama.jpg",
      "extension" : "jpg",
      "fileName" : "photo 11 S",
      "taille" : 473585,
      "hauteur" : 2048,
      "largeur" : 1536,
      "lastModifiedDate" : "2021-09-28T20:17:20.000+0000"
    } ],
    "locked" : false
  }, {
    "identifiant" : 11146204,
    "link" : false,
    "type" : "IMAGE",
    "nom" : {
      "libelleFr" : "Musée Albert Reynaud"
    },
    "legende" : {
      "libelleFr" : "Scène de pêche au Bolmon"
    },
    "copyright" : {
      "libelleFr" : "OT Marignane Germain Thyssen"
    },
    "traductionFichiers" : [ {
      "locale" : "fr",
      "url" : "https://static.apidae-tourisme.com/filestore/objets-touristiques/images/247/89/11098615.jpg",
      "urlListe" : "https://static.apidae-tourisme.com/filestore/objets-touristiques/images/247/89/11098615-liste.jpg",
      "urlFiche" : "https://static.apidae-tourisme.com/filestore/objets-touristiques/images/247/89/11098615-fiche.jpg",
      "urlDiaporama" : "https://static.apidae-tourisme.com/filestore/objets-touristiques/images/247/89/11098615-diaporama.jpg",
      "extension" : "jpg",
      "fileName" : "S Musée Reynaud 2016@OTMGermain Thyssen (12)",
      "taille" : 480910,
      "hauteur" : 2048,
      "largeur" : 1168,
      "lastModifiedDate" : "2021-09-28T20:17:29.000+0000"
    } ],
    "locked" : false
  }, {
    "identifiant" : 11141236,
    "link" : false,
    "type" : "IMAGE",
    "nom" : {
      "libelleFr" : "Musée Albert Reynaud"
    },
    "legende" : {
      "libelleFr" : "Scène de vie : chambre de l'accouchéee"
    },
    "copyright" : {
      "libelleFr" : "Office de Tourisme de Marignane"
    },
    "traductionFichiers" : [ {
      "locale" : "fr",
      "url" : "https://static.apidae-tourisme.com/filestore/objets-touristiques/images/156/70/11093660.jpg",
      "urlListe" : "https://static.apidae-tourisme.com/filestore/objets-touristiques/images/156/70/11093660-liste.jpg",
      "urlFiche" : "https://static.apidae-tourisme.com/filestore/objets-touristiques/images/156/70/11093660-fiche.jpg",
      "urlDiaporama" : "https://static.apidae-tourisme.com/filestore/objets-touristiques/images/156/70/11093660-diaporama.jpg",
      "extension" : "jpg",
      "fileName" : "photo 8",
      "taille" : 335268,
      "hauteur" : 1536,
      "largeur" : 2048,
      "lastModifiedDate" : "2021-09-28T20:17:22.000+0000"
    } ],
    "locked" : false
  }, {
    "identifiant" : 11141227,
    "link" : false,
    "type" : "IMAGE",
    "nom" : {
      "libelleFr" : "Musée Albert Reynaud"
    },
    "legende" : {
      "libelleFr" : "Cuisine et salle à manger"
    },
    "copyright" : {
      "libelleFr" : "Office de Tourisme de Marignane"
    },
    "traductionFichiers" : [ {
      "locale" : "fr",
      "url" : "https://static.apidae-tourisme.com/filestore/objets-touristiques/images/147/70/11093651.jpg",
      "urlListe" : "https://static.apidae-tourisme.com/filestore/objets-touristiques/images/147/70/11093651-liste.jpg",
      "urlFiche" : "https://static.apidae-tourisme.com/filestore/objets-touristiques/images/147/70/11093651-fiche.jpg",
      "urlDiaporama" : "https://static.apidae-tourisme.com/filestore/objets-touristiques/images/147/70/11093651-diaporama.jpg",
      "extension" : "jpg",
      "fileName" : "photo 3 S",
      "taille" : 421055,
      "hauteur" : 2048,
      "largeur" : 1536,
      "lastModifiedDate" : "2021-09-28T20:17:26.000+0000"
    } ],
    "locked" : false
  }, {
    "identifiant" : 12630869,
    "link" : false,
    "type" : "IMAGE",
    "nom" : {
      "libelleFr" : "Musée Albert Reynaud"
    },
    "legende" : {
      "libelleFr" : "La table provençale"
    },
    "copyright" : {
      "libelleFr" : "OT Marignane Germain Thyssen"
    },
    "traductionFichiers" : [ {
      "locale" : "fr",
      "url" : "https://static.apidae-tourisme.com/filestore/objets-touristiques/images/115/167/12822387.jpg",
      "urlListe" : "https://static.apidae-tourisme.com/filestore/objets-touristiques/images/115/167/12822387-liste.jpg",
      "urlFiche" : "https://static.apidae-tourisme.com/filestore/objets-touristiques/images/115/167/12822387-fiche.jpg",
      "urlDiaporama" : "https://static.apidae-tourisme.com/filestore/objets-touristiques/images/115/167/12822387-diaporama.jpg",
      "extension" : "jpg",
      "fileName" : "S Musée Reynaud 2016@OTMGermain Thyssen (6)",
      "taille" : 239768,
      "hauteur" : 1366,
      "largeur" : 2048,
      "lastModifiedDate" : "2022-03-02T16:33:57.666+0000"
    } ],
    "locked" : false
  }, {
    "identifiant" : 12630951,
    "link" : false,
    "type" : "IMAGE",
    "nom" : {
      "libelleFr" : "Musée Albert Reynaud"
    },
    "legende" : {
      "libelleFr" : "Objet archéologique"
    },
    "copyright" : {
      "libelleFr" : "OT Marignane Germain Thyssen"
    },
    "traductionFichiers" : [ {
      "locale" : "fr",
      "url" : "https://static.apidae-tourisme.com/filestore/objets-touristiques/images/197/167/12822469.jpg",
      "urlListe" : "https://static.apidae-tourisme.com/filestore/objets-touristiques/images/197/167/12822469-liste.jpg",
      "urlFiche" : "https://static.apidae-tourisme.com/filestore/objets-touristiques/images/197/167/12822469-fiche.jpg",
      "urlDiaporama" : "https://static.apidae-tourisme.com/filestore/objets-touristiques/images/197/167/12822469-diaporama.jpg",
      "extension" : "jpg",
      "fileName" : "Musée Reynaud 2016@OTMGermain Thyssen (8)",
      "taille" : 650847,
      "hauteur" : 2048,
      "largeur" : 1366,
      "lastModifiedDate" : "2022-03-02T16:33:56.082+0000"
    } ],
    "locked" : false
  } ],
  "tourismeAffaires" : {
    "tourismeAffairesEnabled" : true,
    "nombreSallesReunionEquipees" : 11,
    "capaciteMaxAccueil" : 50
  },
  "visites" : {
    "visitable" : false
  },
  "territoires" : [ {
    "type" : "TERRITOIRE",
    "id" : 591381
  }, {
    "type" : "TERRITOIRE",
    "id" : 591419
  }, {
    "type" : "TERRITOIRE",
    "id" : 5127066
  }, {
    "type" : "TERRITOIRE",
    "id" : 5427637
  }, {
    "type" : "TERRITOIRE",
    "id" : 5460459
  }, {
    "type" : "TERRITOIRE",
    "id" : 5693758
  }, {
    "type" : "TERRITOIRE",
    "id" : 5693903
  }, {
    "type" : "TERRITOIRE",
    "id" : 5853947
  } ],
  "datesOuverture" : [ "2022-10-17", "2022-10-18", "2022-10-19", "2022-10-20", "2022-10-21", "2022-10-22", "2022-10-24", "2022-10-25", "2022-10-26", "2022-10-27", "2022-10-28", "2022-10-29", "2022-10-31", "2022-11-01", "2022-11-02", "2022-11-03", "2022-11-04", "2022-11-05", "2022-11-07", "2022-11-08", "2022-11-09", "2022-11-10", "2022-11-11", "2022-11-12", "2022-11-14", "2022-11-15", "2022-11-16", "2022-11-17", "2022-11-18", "2022-11-19", "2022-11-21", "2022-11-22", "2022-11-23", "2022-11-24", "2022-11-25", "2022-11-26", "2022-11-28", "2022-11-29", "2022-11-30", "2022-12-01", "2022-12-02", "2022-12-03", "2022-12-05", "2022-12-06", "2022-12-07", "2022-12-08", "2022-12-09", "2022-12-10", "2022-12-12", "2022-12-13", "2022-12-14", "2022-12-15", "2022-12-16", "2022-12-17", "2022-12-19", "2022-12-20", "2022-12-21", "2022-12-22", "2022-12-23", "2022-12-24", "2022-12-26", "2022-12-27", "2022-12-28", "2022-12-29", "2022-12-30", "2022-12-31", "2023-01-02", "2023-01-03", "2023-01-04", "2023-01-05", "2023-01-06", "2023-01-07", "2023-01-09", "2023-01-10", "2023-01-11", "2023-01-12", "2023-01-13", "2023-01-14", "2023-01-16", "2023-01-17", "2023-01-18", "2023-01-19", "2023-01-20", "2023-01-21", "2023-01-23", "2023-01-24", "2023-01-25", "2023-01-26", "2023-01-27", "2023-01-28", "2023-01-30", "2023-01-31", "2023-02-01", "2023-02-02", "2023-02-03", "2023-02-04", "2023-02-06", "2023-02-07", "2023-02-08", "2023-02-09", "2023-02-10", "2023-02-11", "2023-02-13", "2023-02-14", "2023-02-15", "2023-02-16", "2023-02-17", "2023-02-18", "2023-02-20", "2023-02-21", "2023-02-22", "2023-02-23", "2023-02-24", "2023-02-25", "2023-02-27", "2023-02-28", "2023-03-01", "2023-03-02", "2023-03-03", "2023-03-04", "2023-03-06", "2023-03-07", "2023-03-08", "2023-03-09", "2023-03-10", "2023-03-11", "2023-03-13", "2023-03-14", "2023-03-15", "2023-03-16", "2023-03-17", "2023-03-18", "2023-03-20", "2023-03-21", "2023-03-22", "2023-03-23", "2023-03-24", "2023-03-25", "2023-03-27", "2023-03-28", "2023-03-29", "2023-03-30", "2023-03-31", "2023-04-01", "2023-04-03", "2023-04-04", "2023-04-05", "2023-04-06", "2023-04-07", "2023-04-08", "2023-04-10", "2023-04-11", "2023-04-12", "2023-04-13", "2023-04-14", "2023-04-15", "2023-04-17", "2023-04-18", "2023-04-19", "2023-04-20", "2023-04-21", "2023-04-22", "2023-04-24", "2023-04-25", "2023-04-26", "2023-04-27", "2023-04-28", "2023-04-29", "2023-05-01", "2023-05-02", "2023-05-03", "2023-05-04", "2023-05-05", "2023-05-06", "2023-05-08", "2023-05-09", "2023-05-10", "2023-05-11", "2023-05-12", "2023-05-13", "2023-05-15", "2023-05-16", "2023-05-17", "2023-05-18", "2023-05-19", "2023-05-20", "2023-05-22", "2023-05-23", "2023-05-24", "2023-05-25", "2023-05-26", "2023-05-27", "2023-05-29", "2023-05-30", "2023-05-31", "2023-06-01", "2023-06-02", "2023-06-03", "2023-06-05", "2023-06-06", "2023-06-07", "2023-06-08", "2023-06-09", "2023-06-10", "2023-06-12", "2023-06-13", "2023-06-14", "2023-06-15", "2023-06-16", "2023-06-17", "2023-06-19", "2023-06-20", "2023-06-21", "2023-06-22", "2023-06-23", "2023-06-24", "2023-06-26", "2023-06-27", "2023-06-28", "2023-06-29", "2023-06-30", "2023-07-01", "2023-07-03", "2023-07-04", "2023-07-05", "2023-07-06", "2023-07-07", "2023-07-08", "2023-07-10", "2023-07-11", "2023-07-12", "2023-07-13", "2023-07-14", "2023-07-15", "2023-07-17", "2023-07-18", "2023-07-19", "2023-07-20", "2023-07-21", "2023-07-22", "2023-07-24", "2023-07-25", "2023-07-26", "2023-07-27", "2023-07-28", "2023-07-29", "2023-07-31", "2023-08-01", "2023-08-02", "2023-08-03", "2023-08-04", "2023-08-05", "2023-08-07", "2023-08-08", "2023-08-09", "2023-08-10", "2023-08-11", "2023-08-12", "2023-08-14", "2023-08-15", "2023-08-16", "2023-08-17", "2023-08-18", "2023-08-19", "2023-08-21", "2023-08-22", "2023-08-23", "2023-08-24", "2023-08-25", "2023-08-26", "2023-08-28", "2023-08-29", "2023-08-30", "2023-08-31", "2023-09-01", "2023-09-02", "2023-09-04", "2023-09-05", "2023-09-06", "2023-09-07", "2023-09-08", "2023-09-09", "2023-09-11", "2023-09-12", "2023-09-13", "2023-09-14", "2023-09-15", "2023-09-16", "2023-09-18", "2023-09-19", "2023-09-20", "2023-09-21", "2023-09-22", "2023-09-23", "2023-09-25", "2023-09-26", "2023-09-27", "2023-09-28", "2023-09-29", "2023-09-30", "2023-10-02", "2023-10-03", "2023-10-04", "2023-10-05", "2023-10-06", "2023-10-07", "2023-10-09", "2023-10-10", "2023-10-11", "2023-10-12", "2023-10-13", "2023-10-14", "2023-10-16", "2023-10-17", "2023-10-18", "2023-10-19", "2023-10-20", "2023-10-21", "2023-10-23", "2023-10-24", "2023-10-25", "2023-10-26", "2023-10-27", "2023-10-28", "2023-10-30", "2023-10-31", "2023-11-01", "2023-11-02", "2023-11-03", "2023-11-04", "2023-11-06", "2023-11-07", "2023-11-08", "2023-11-09", "2023-11-10", "2023-11-11", "2023-11-13", "2023-11-14", "2023-11-15", "2023-11-16", "2023-11-17", "2023-11-18", "2023-11-20", "2023-11-21", "2023-11-22", "2023-11-23", "2023-11-24", "2023-11-25", "2023-11-27", "2023-11-28", "2023-11-29", "2023-11-30", "2023-12-01", "2023-12-02", "2023-12-04", "2023-12-05", "2023-12-06", "2023-12-07", "2023-12-08", "2023-12-09", "2023-12-11", "2023-12-12", "2023-12-13", "2023-12-14", "2023-12-15", "2023-12-16", "2023-12-18", "2023-12-19", "2023-12-20", "2023-12-21", "2023-12-22", "2023-12-23", "2023-12-25", "2023-12-26", "2023-12-27", "2023-12-28", "2023-12-29", "2023-12-30", "2024-01-01", "2024-01-02", "2024-01-03", "2024-01-04", "2024-01-05", "2024-01-06", "2024-01-08", "2024-01-09", "2024-01-10", "2024-01-11", "2024-01-12", "2024-01-13", "2024-01-15", "2024-01-16", "2024-01-17", "2024-01-18", "2024-01-19", "2024-01-20", "2024-01-22", "2024-01-23", "2024-01-24", "2024-01-25", "2024-01-26", "2024-01-27", "2024-01-29", "2024-01-30", "2024-01-31", "2024-02-01", "2024-02-02", "2024-02-03", "2024-02-05", "2024-02-06", "2024-02-07", "2024-02-08", "2024-02-09", "2024-02-10", "2024-02-12", "2024-02-13", "2024-02-14", "2024-02-15", "2024-02-16", "2024-02-17", "2024-02-19", "2024-02-20", "2024-02-21", "2024-02-22", "2024-02-23", "2024-02-24", "2024-02-26", "2024-02-27", "2024-02-28", "2024-02-29", "2024-03-01", "2024-03-02", "2024-03-04", "2024-03-05", "2024-03-06", "2024-03-07", "2024-03-08", "2024-03-09", "2024-03-11", "2024-03-12", "2024-03-13", "2024-03-14", "2024-03-15", "2024-03-16", "2024-03-18", "2024-03-19", "2024-03-20", "2024-03-21", "2024-03-22", "2024-03-23", "2024-03-25", "2024-03-26", "2024-03-27", "2024-03-28", "2024-03-29", "2024-03-30", "2024-04-01", "2024-04-02", "2024-04-03", "2024-04-04", "2024-04-05", "2024-04-06", "2024-04-08", "2024-04-09", "2024-04-10", "2024-04-11", "2024-04-12", "2024-04-13", "2024-04-15", "2024-04-16", "2024-04-17", "2024-04-18", "2024-04-19", "2024-04-20", "2024-04-22", "2024-04-23", "2024-04-24", "2024-04-25", "2024-04-26", "2024-04-27", "2024-04-29", "2024-04-30", "2024-05-01", "2024-05-02", "2024-05-03", "2024-05-04", "2024-05-06", "2024-05-07", "2024-05-08", "2024-05-09", "2024-05-10", "2024-05-11", "2024-05-13", "2024-05-14", "2024-05-15", "2024-05-16", "2024-05-17", "2024-05-18", "2024-05-20", "2024-05-21", "2024-05-22", "2024-05-23", "2024-05-24", "2024-05-25", "2024-05-27", "2024-05-28", "2024-05-29", "2024-05-30", "2024-05-31", "2024-06-01", "2024-06-03", "2024-06-04", "2024-06-05", "2024-06-06", "2024-06-07", "2024-06-08", "2024-06-10", "2024-06-11", "2024-06-12", "2024-06-13", "2024-06-14", "2024-06-15", "2024-06-17", "2024-06-18", "2024-06-19", "2024-06-20", "2024-06-21", "2024-06-22", "2024-06-24", "2024-06-25", "2024-06-26", "2024-06-27", "2024-06-28", "2024-06-29", "2024-07-01", "2024-07-02", "2024-07-03", "2024-07-04", "2024-07-05", "2024-07-06", "2024-07-08", "2024-07-09", "2024-07-10", "2024-07-11", "2024-07-12", "2024-07-13", "2024-07-15", "2024-07-16", "2024-07-17", "2024-07-18", "2024-07-19", "2024-07-20", "2024-07-22", "2024-07-23", "2024-07-24", "2024-07-25", "2024-07-26", "2024-07-27", "2024-07-29", "2024-07-30", "2024-07-31", "2024-08-01", "2024-08-02", "2024-08-03", "2024-08-05", "2024-08-06", "2024-08-07", "2024-08-08", "2024-08-09", "2024-08-10", "2024-08-12", "2024-08-13", "2024-08-14", "2024-08-15", "2024-08-16", "2024-08-17", "2024-08-19", "2024-08-20", "2024-08-21", "2024-08-22", "2024-08-23", "2024-08-24", "2024-08-26", "2024-08-27", "2024-08-28", "2024-08-29", "2024-08-30", "2024-08-31", "2024-09-02", "2024-09-03", "2024-09-04", "2024-09-05", "2024-09-06", "2024-09-07", "2024-09-09", "2024-09-10", "2024-09-11", "2024-09-12", "2024-09-13", "2024-09-14", "2024-09-16", "2024-09-17", "2024-09-18", "2024-09-19", "2024-09-20", "2024-09-21", "2024-09-23", "2024-09-24", "2024-09-25", "2024-09-26", "2024-09-27", "2024-09-28", "2024-09-30", "2024-10-01", "2024-10-02", "2024-10-03", "2024-10-04", "2024-10-05", "2024-10-07", "2024-10-08", "2024-10-09", "2024-10-10", "2024-10-11", "2024-10-12", "2024-10-14", "2024-10-15" ],
  "informationsPatrimoineCulturel" : {
    "patrimoineCulturelType" : {
      "elementReferenceType" : "PatrimoineCulturelType",
      "id" : 3201
    },
    "themes" : [ {
      "elementReferenceType" : "PatrimoineCulturelTheme",
      "id" : 3419
    }, {
      "elementReferenceType" : "PatrimoineCulturelTheme",
      "id" : 3453
    } ]
  },
  "formatVersion" : "v002",
  "expiration" : { },
  "informationsPrestataireActivites" : {
    "prestataireActivites" : true
  },
  "enquete" : { },
  "donneesPrivees" : [ {
    "nomTechnique" : "1947_Id_patio",
    "libelleFr" : "Id_Patio",
    "ordre" : 1,
    "descriptif" : {
      "libelleFr" : "13T2000329"
    }
  }, {
    "nomTechnique" : "1947_Source_patio",
    "libelleFr" : "Source_Patio",
    "ordre" : 2,
    "descriptif" : {
      "libelleFr" : "OT Marignane"
    }
  }, {
    "nomTechnique" : "1947_Url_patio",
    "libelleFr" : "URL_Patio",
    "ordre" : 3,
    "descriptif" : {
      "libelleFr" : "http://www.tourisme-marignane.com/"
    }
  } ]
}