{
  "type" : "PATRIMOINE_CULTUREL",
  "id" : 5538361,
  "nom" : {
    "libelleFr" : "Domaine de La Palissade",
    "libelleEn" : "Domaine de La Palissade",
    "libelleEs" : "Domaine de La Palissade",
    "libelleIt" : "Domaine de La Palissade",
    "libelleDe" : "Domaine de La Palissade",
    "libelleNl" : "Domaine de La Palissade",
    "libelleRu" : "Domaine de La Palissade",
    "libelleZh" : "Domaine de La Palissade",
    "libellePtBR" : "Domaine de La Palissade",
    "libelleJa" : "Domaine de La Palissade"
  },
  "identifier" : "SITRA2_PCU_5538361",
  "state" : "PUBLISHED",
  "gestion" : {
    "dateCreation" : "2020-05-26T17:29:18.711+0000",
    "dateModification" : "2022-10-18T14:18:42.569+0000",
    "dateExportModification" : "2022-10-18T14:58:41.426+0000",
    "membreProprietaire" : {
      "type" : {
        "elementReferenceType" : "MembreSitraType",
        "id" : 233
      },
      "nom" : "Office de Tourisme d'Arles",
      "dateCreation" : "2020-10-20T08:31:09.923+0000",
      "dateModification" : "2022-10-24T08:49:35.216+0000",
      "id" : 2112,
      "siteWeb" : "http://www.arlestourisme.com"
    },
    "signalerUnProblemeMails" : [ "a.quarta@arlestourisme.com", "f.soliveres@arlestourisme.com", "m.louvet@arlestourisme.com" ]
  },
  "informations" : {
    "moyensCommunication" : [ {
      "identifiant" : 79628707,
      "type" : {
        "elementReferenceType" : "MoyenCommunicationType",
        "id" : 201
      },
      "coordonnees" : {
        "fr" : "04 42 86 81 28"
      }
    }, {
      "identifiant" : 79628708,
      "type" : {
        "elementReferenceType" : "MoyenCommunicationType",
        "id" : 204
      },
      "coordonnees" : {
        "fr" : "palissade@parc-camargue.fr"
      }
    }, {
      "identifiant" : 79628709,
      "type" : {
        "elementReferenceType" : "MoyenCommunicationType",
        "id" : 205
      },
      "coordonnees" : {
        "fr" : "http://www.palissade.fr"
      }
    }, {
      "identifiant" : 79628710,
      "type" : {
        "elementReferenceType" : "MoyenCommunicationType",
        "id" : 207
      },
      "coordonnees" : {
        "fr" : "http://www.facebook.com/domainedelapalissade"
      }
    } ],
    "informationsLegales" : {
      "siret" : "25130070300013",
      "codeApeNaf" : "751E"
    },
    "structureGestion" : {
      "type" : "STRUCTURE",
      "id" : 5530317
    }
  },
  "presentation" : {
    "descriptifCourt" : {
      "libelleFr" : "Situé entre la mer et le Rhône, le Domaine de la Palissade, site appartenant au Conservatoire du littoral, se trouve hors des digues, ce qui lui confère un intérêt écologique particulier, avec une faune et une flore spécifiques.",
      "libelleEn" : "Located between the sea and the Rhône, the Domaine de la Palissade, a site belonging to the Coastal Conservatory, is located outside the dikes, which gives it a particular ecological interest, with specific flora and fauna.",
      "libelleEs" : "Situado entre el mar y el Ródano, el Domaine de la Palissade, lugar perteneciente al Conservatorio del Litoral, está fuera de los diques, lo que le confiere un interés ecológico particular, con una fauna y una flora específicas.",
      "libelleIt" : "Situato tra il mare e il Rodano, il Domaine de la Palissade, sito appartenente al Conservatoire du littoral, è fuori dalle dighe, il che gli conferisce un interesse ecologico particolare, con una fauna e una flora specifiche.",
      "libelleDe" : "Die Domaine de la Palissade, die zwischen dem Meer und der Rhône liegt und zum Conservatoire du littoral gehört, befindet sich außerhalb der Deiche, was ihr ein besonderes ökologisches Interesse mit einer spezifischen Fauna und Flora verleiht."
    },
    "descriptifDetaille" : {
      "libelleFr" : "Situé entre la mer et le Rhône, le Domaine de la Palissade, site appartenant au Conservatoire du littoral, se trouve hors des digues, ce qui lui confère un intérêt écologique particulier, avec une faune et une flore spécifiques.  C'est le dernier territoire qui témoigne de l'évolution naturelle du delta du Rhône. \r\n\r\nLe domaine de La Palissade, situé entre Salin de Giraud et le littoral, s'étend sur 702 hectares sur la rive droite du Grand Rhône. Il est entièrement hors des digues qui protègent la basse Camargue de l'invasion des eaux du fleuve ou de la mer, ce qui lui confère un intérêt écologique tout particulier, avec une faune et une flore spécifiques. C'est le dernier territoire qui témoigne de l'évolution naturelle du delta. Autrefois domaine exclusivement utilisé pour l'élevage, la pêche et la chasse, le Conservatoire du littoral l'a acquis en 1976.",
      "libelleEn" : "Located between the sea and the Rhône, the Domaine de la Palissade, a site belonging to the Coastal Conservatory, is located outside the dikes, which gives it a particular ecological interest, with specific flora and fauna. It is the last territory which bears witness to the natural evolution of the Rhône delta.\r\n\r\nThe La Palissade estate, located between Salin de Giraud and the coast, covers 702 hectares on the right bank of the Grand Rhône. It is entirely outside the dikes that protect the lower Camargue from invasion by river or sea waters, which gives it a very particular ecological interest, with specific flora and fauna. It is the last territory which testifies to the natural evolution of the delta. Formerly an area used exclusively for breeding, fishing and hunting, the Coastal Conservatory acquired it in 1976.",
      "libelleEs" : "Situado entre el mar y el Ródano, el Domaine de la Palissade, lugar perteneciente al Conservatorio del Litoral, se encuentra fuera de los diques, lo que le confiere un interés ecológico particular, con una fauna y una flora específicas.  Es la última zona que da testimonio de la evolución natural del delta del Ródano. \r\n\r\nLa finca La Palissade, situada entre Salin de Giraud y la costa, tiene 702 hectáreas en la orilla derecha del Gran Ródano. Se encuentra totalmente fuera de los diques que protegen la baja Camarga de la invasión del río o del mar, lo que le confiere un interés ecológico muy particular, con una fauna y una flora específicas. Es el último territorio que atestigua la evolución natural del delta. Anteriormente utilizado exclusivamente para la cría, la pesca y la caza, el Conservatorio del Litoral lo adquirió en 1976. El sitio se puede explorar a pie por los senderos preparados, pero también a caballo. La finca alberga una exposición naturalista y tiene una zona de recepción con árboles para hacer picnics.",
      "libelleIt" : "Situato tra il mare e il Rodano, il Domaine de la Palissade, sito appartenente al Conservatoire du littoral, è fuori dalle dighe, il che gli conferisce un interesse ecologico particolare, con una fauna e una flora specifiche.  È l'ultima zona che testimonia l'evoluzione naturale del delta del Rodano. \r\n\r\nLa tenuta La Palissade, situata tra Salin de Giraud e la costa, copre 702 ettari sulla riva destra del Grand Rhône. Si trova interamente al di fuori delle dighe che proteggono la bassa Camargue dall'invasione del fiume o del mare, il che le conferisce un interesse ecologico molto particolare, con una fauna e una flora specifiche. È l'ultimo territorio che testimonia l'evoluzione naturale del delta. Precedentemente utilizzato esclusivamente per l'allevamento, la pesca e la caccia, il Conservatoire du Littoral l'ha acquistato nel 1976.",
      "libelleDe" : "Die Domaine de la Palissade, die zwischen dem Meer und der Rhône liegt und zum Conservatoire du littoral gehört, befindet sich außerhalb der Deiche, was ihr ein besonderes ökologisches Interesse mit einer spezifischen Fauna und Flora verleiht.  Es ist das letzte Gebiet, das von der natürlichen Entwicklung des Rhônedeltas zeugt. \r\n\r\nDas Gebiet La Palissade, das zwischen Salin de Giraud und der Küste liegt, erstreckt sich über 702 Hektar am rechten Ufer der Grand Rhône. Es liegt vollständig außerhalb der Deiche, die die untere Camargue vor dem Eindringen des Fluss- oder Meerwassers schützen, was ihm ein ganz besonderes ökologisches Interesse mit einer spezifischen Fauna und Flora verleiht. Es ist das letzte Gebiet, das von der natürlichen Entwicklung des Deltas zeugt. Früher ein ausschließlich für Viehzucht, Fischerei und Jagd genutztes Gebiet, wurde es 1976 vom Conservatoire du littoral erworben."
    },
    "typologiesPromoSitra" : [ {
      "elementReferenceType" : "TypologiePromoSitra",
      "id" : 1674
    } ]
  },
  "localisation" : {
    "adresse" : {
      "codePostal" : "13129",
      "bureauDistribution" : "SALIN DE GIRAUD",
      "cedex" : "5",
      "commune" : {
        "id" : 4415
      }
    },
    "geolocalisation" : {
      "complement" : {
        "libelleFr" : "D'arles prendre la direction de Giraud, 8km après en direction de la plage de Piemançon.\r\nDe Marseille, direction Fos puis le bac de Barcarin"
      },
      "valide" : true,
      "geoJson" : {
        "type" : "Point",
        "coordinates" : [ 4.810186, 43.375592 ]
      }
    },
    "perimetreGeographique" : [ {
      "id" : 4415
    } ]
  },
  "liens" : {
    "liensObjetsTouristiquesTypes" : [ {
      "type" : "SUR_PLACE",
      "libelleFr" : "Sur place",
      "libelleEn" : "On the premises",
      "libelleEs" : "In situ",
      "libelleIt" : "Sul posto",
      "libelleDe" : "Vor Ort",
      "libelleNl" : "Ter plaatse",
      "libelleRu" : "На месте",
      "libelleZh" : "堂食",
      "libellePtBR" : "No local",
      "libelleJa" : "現地で",
      "objetTouristique" : {
        "type" : "EQUIPEMENT",
        "id" : 6102432
      }
    }, {
      "type" : "SUR_PLACE",
      "libelleFr" : "Sur place",
      "libelleEn" : "On the premises",
      "libelleEs" : "In situ",
      "libelleIt" : "Sul posto",
      "libelleDe" : "Vor Ort",
      "libelleNl" : "Ter plaatse",
      "libelleRu" : "На месте",
      "libelleZh" : "堂食",
      "libellePtBR" : "No local",
      "libelleJa" : "現地で",
      "objetTouristique" : {
        "type" : "FETE_ET_MANIFESTATION",
        "id" : 6105154
      }
    }, {
      "type" : "SUR_PLACE",
      "libelleFr" : "Sur place",
      "libelleEn" : "On the premises",
      "libelleEs" : "In situ",
      "libelleIt" : "Sul posto",
      "libelleDe" : "Vor Ort",
      "libelleNl" : "Ter plaatse",
      "libelleRu" : "На месте",
      "libelleZh" : "堂食",
      "libellePtBR" : "No local",
      "libelleJa" : "現地で",
      "objetTouristique" : {
        "type" : "PATRIMOINE_NATUREL",
        "id" : 5473380
      }
    } ]
  },
  "prestations" : {
    "equipements" : [ {
      "elementReferenceType" : "PrestationEquipement",
      "id" : 972
    }, {
      "elementReferenceType" : "PrestationEquipement",
      "id" : 1322
    }, {
      "elementReferenceType" : "PrestationEquipement",
      "id" : 1323
    } ],
    "animauxAcceptes" : "NON_ACCEPTES",
    "animauxAcceptesSupplement" : "NON_DISPONIBLE",
    "complementAccueil" : {
      "libelleFr" : "Parking autocar\r\nParking privé",
      "libelleEn" : "Accessible for disabled",
      "libelleIt" : "Accessibile ai disabili",
      "libelleDe" : "Zugänglich für Behinderte",
      "libelleNl" : "Toegankelijk voor mensen met een handicap"
    },
    "typesClientele" : [ {
      "elementReferenceType" : "TypeClientele",
      "id" : 593
    } ]
  },
  "ouverture" : {
    "periodeEnClair" : {
      "libelleFr" : "Du 01/10 au 31/10/2022, tous les jours de 9h à 17h.\n\nDu 01/11 au 30/11/2022 de 9h à 17h.\nFermé lundi et mardi.\nFermeture exceptionnelle le 11 novembre.\n\nDu 02/02 au 28/02/2023 de 9h à 17h.\nFermé lundi et mardi.\n\nDu 01/03 au 30/06/2023, tous les jours de 9h à 17h.\nFermeture exceptionnelle le 1er mai.",
      "libelleEn" : "From 01/10 to 31/10/2022, daily between 9 am and 5 pm.\n\nFrom 01/11 to 30/11/2022 between 9 am and 5 pm.\nClosed Monday and Tuesday.\nClosed exceptionally on November 11th.\n\nFrom 02/02 to 28/02/2023 between 9 am and 5 pm.\nClosed Monday and Tuesday.\n\nFrom 01/03 to 30/06/2023, daily between 9 am and 5 pm.\nClosed exceptionally on May 1st.",
      "libelleEs" : "Del 01/10 al 31/10/2022, todos los dias de 9 a 17.\n\nDel 01/11 al 30/11/2022 de 9 a 17.\nCerrado lunes y martes.\nSe cierra, excepcionalmente el 11 de noviembre.\n\nDel 02/02 al 28/02/2023 de 9 a 17.\nCerrado lunes y martes.\n\nDel 01/03 al 30/06/2023, todos los dias de 9 a 17.\nSe cierra, excepcionalmente el 1er de mayo.",
      "libelleIt" : "Dal 01/10 al 31/10/2022, ogni giorno dalle 9 alle 17.\n\nDal 01/11 al 30/11/2022 dalle 9 alle 17.\nChiuso lunedì e martedì.\nChiusura eccezionale il 11 novembre.\n\nDal 02/02 al 28/02/2023 dalle 9 alle 17.\nChiuso lunedì e martedì.\n\nDal 01/03 al 30/06/2023, ogni giorno dalle 9 alle 17.\nChiusura eccezionale il 1° maggio.",
      "libelleDe" : "Vom 01/10 bis 31/10/2022, täglich von 9 Uhr bis 17 Uhr.\n\nVom 01/11 bis 30/11/2022 von 9 Uhr bis 17 Uhr.\nMontag und Dienstag geschlossen.\nAusnahmsweise geschlossen am 11. Dezember.\n\nVom 02/02 bis 28/02/2023 von 9 Uhr bis 17 Uhr.\nMontag und Dienstag geschlossen.\n\nVom 01/03 bis 30/06/2023, täglich von 9 Uhr bis 17 Uhr.\nAusnahmsweise geschlossen am 1. Mai.",
      "libelleNl" : "Van 01/10 tot en met 31/10/2022, iedere dag van 9.00 tot en met 17.00 u.\n\nVan 01/11 tot en met 30/11/2022 van 9.00 tot en met 17.00 u.\nMaandag en dinsdag gesloten.\nBij uitzondering gesloten op 11 november.\n\nVan 02/02 tot en met 28/02/2023 van 9.00 tot en met 17.00 u.\nMaandag en dinsdag gesloten.\n\nVan 01/03 tot en met 30/06/2023, iedere dag van 9.00 tot en met 17.00 u.\nBij uitzondering gesloten op 1 mei.",
      "libelleRu" : "С 01/10 до 31/10/2022, ежедневно с 9h до 17h.\n\nС 01/11 до 30/11/2022 с 9h до 17h.\nНе работает понедельник и вторник.\nВ порядке исключения не работает 11 ноября.\n\nС 02/02 до 28/02/2023 с 9h до 17h.\nНе работает понедельник и вторник.\n\nС 01/03 до 30/06/2023, ежедневно с 9h до 17h.\nВ порядке исключения не работает 1 мая.",
      "libelleZh" : "从 10月1日 到 2022年10月31日, 日常 小时小时 和 小时小时 之间.\n\n从 11月1日 到 2022年11月30日 小时小时 和 小时小时 之间.\n星期一 和 星期二 关闭.\n在 11月11日 例外关闭.\n\n从 2月2日 到 2023年2月28日 小时小时 和 小时小时 之间.\n星期一 和 星期二 关闭.\n\n从 3月1日 到 2023年6月30日, 日常 小时小时 和 小时小时 之间.\n在 5月1日 例外关闭.",
      "libellePtBR" : "De 01/10 a 31/10/2022, todos os dias de 9h a  17h.\n\nDe 01/11 a 30/11/2022 de 9h a  17h.\nFechado em segunda-feira e terça-feira.\nFechamento excepcional em 11 de novembro.\n\nDe 02/02 a 28/02/2023 de 9h a  17h.\nFechado em segunda-feira e terça-feira.\n\nDe 01/03 a 30/06/2023, todos os dias de 9h a  17h.\nFechamento excepcional em 1º de maio.",
      "libelleJa" : "01/10 から 31/10/2022 まで, 毎日 9 午前 と 5 午後 の間.\n\n01/11 から 30/11/2022 まで 9 午前 と 5 午後 の間.\n月曜日 と 火曜日 は休み.\n11月11日 は特別休業.\n\n02/02 から 28/02/2023 まで 9 午前 と 5 午後 の間.\n月曜日 と 火曜日 は休み.\n\n01/03 から 30/06/2023 まで, 毎日 9 午前 と 5 午後 の間.\n5月1日 は特別休業."
    },
    "periodeEnClairGenerationMode" : "AUTOMATIQUE",
    "indicationsPeriode" : [ {
      "elementReferenceType" : "IndicationPeriode",
      "id" : 416
    }, {
      "elementReferenceType" : "IndicationPeriode",
      "id" : 418
    }, {
      "elementReferenceType" : "IndicationPeriode",
      "id" : 435
    }, {
      "elementReferenceType" : "IndicationPeriode",
      "id" : 436
    } ],
    "periodesOuvertures" : [ {
      "identifiant" : 19373172,
      "dateDebut" : "2022-07-01",
      "dateFin" : "2022-09-30",
      "horaireOuverture" : "09:00:00",
      "horaireFermeture" : "18:00:00",
      "type" : "OUVERTURE_TOUS_LES_JOURS",
      "tousLesAns" : false,
      "identifiantTechnique" : 24527596
    }, {
      "identifiant" : 19373173,
      "dateDebut" : "2022-10-01",
      "dateFin" : "2022-10-31",
      "horaireOuverture" : "09:00:00",
      "horaireFermeture" : "17:00:00",
      "type" : "OUVERTURE_TOUS_LES_JOURS",
      "tousLesAns" : false,
      "identifiantTechnique" : 24527597
    }, {
      "identifiant" : 19373174,
      "dateDebut" : "2022-11-01",
      "dateFin" : "2022-11-30",
      "horaireOuverture" : "09:00:00",
      "horaireFermeture" : "17:00:00",
      "type" : "OUVERTURE_SAUF",
      "tousLesAns" : false,
      "ouverturesJournalieres" : [ {
        "jour" : "LUNDI"
      }, {
        "jour" : "MARDI"
      } ],
      "identifiantTechnique" : 24527598
    }, {
      "identifiant" : 20627109,
      "dateDebut" : "2023-02-02",
      "dateFin" : "2023-02-28",
      "horaireOuverture" : "09:00:00",
      "horaireFermeture" : "17:00:00",
      "type" : "OUVERTURE_SAUF",
      "tousLesAns" : false,
      "ouverturesJournalieres" : [ {
        "jour" : "LUNDI"
      }, {
        "jour" : "MARDI"
      } ],
      "identifiantTechnique" : 24527599
    }, {
      "identifiant" : 22715014,
      "dateDebut" : "2023-03-01",
      "dateFin" : "2023-06-30",
      "horaireOuverture" : "09:00:00",
      "horaireFermeture" : "17:00:00",
      "type" : "OUVERTURE_TOUS_LES_JOURS",
      "tousLesAns" : false,
      "identifiantTechnique" : 24527600
    } ],
    "fermeturesExceptionnelles" : [ {
      "dateSpeciale" : "PREMIER_MAI"
    }, {
      "dateSpeciale" : "ONZE_NOVEMBRE"
    } ]
  },
  "descriptionTarif" : {
    "indicationTarif" : "PAYANT",
    "gratuit" : false,
    "tarifsEnClair" : {
      "libelleFr" : "Entrée : 3€.",
      "libelleEn" : "Entrance fee: 3€.",
      "libelleEs" : "Entrada: 3 euros.",
      "libelleDe" : "Eintritt: 3€."
    },
    "tarifsEnClairGenerationMode" : "AUTOMATIQUE",
    "complement" : {
      "libelleFr" : "Entrée : 3€",
      "libelleEn" : "Entrance fee: 3€.",
      "libelleEs" : "Entrada: 3 euros",
      "libelleDe" : "Eintritt: 3€"
    },
    "devise" : "EUR",
    "conditions" : { }
  },
  "reservation" : { },
  "criteresInternes" : [ {
    "id" : 16704
  }, {
    "id" : 16775
  }, {
    "id" : 16902
  }, {
    "id" : 16903
  }, {
    "id" : 18002
  } ],
  "illustrations" : [ {
    "identifiant" : 9551077,
    "link" : false,
    "type" : "IMAGE",
    "nom" : {
      "libelleFr" : "Domaine de la palissade"
    },
    "legende" : {
      "libelleFr" : "Domaine de la palissade"
    },
    "copyright" : {
      "libelleFr" : "Domaine de la palissade"
    },
    "traductionFichiers" : [ {
      "locale" : "fr",
      "url" : "https://static.apidae-tourisme.com/filestore/objets-touristiques/images/69/14/9309765.jpg",
      "urlListe" : "https://static.apidae-tourisme.com/filestore/objets-touristiques/images/69/14/9309765-liste.jpg",
      "urlFiche" : "https://static.apidae-tourisme.com/filestore/objets-touristiques/images/69/14/9309765-fiche.jpg",
      "urlDiaporama" : "https://static.apidae-tourisme.com/filestore/objets-touristiques/images/69/14/9309765-diaporama.jpg",
      "extension" : "jpg",
      "fileName" : "Visite_Domaine_de_la_Palissade (3)",
      "taille" : 54382,
      "hauteur" : 479,
      "largeur" : 640,
      "lastModifiedDate" : "2021-02-19T10:00:54.000+0000"
    } ],
    "locked" : false
  }, {
    "identifiant" : 9551001,
    "link" : false,
    "type" : "IMAGE",
    "nom" : {
      "libelleFr" : "Domaine de la palissade"
    },
    "legende" : {
      "libelleFr" : "Domaine de la palissade"
    },
    "copyright" : {
      "libelleFr" : "Domaine de la palissade"
    },
    "traductionFichiers" : [ {
      "locale" : "fr",
      "url" : "https://static.apidae-tourisme.com/filestore/objets-touristiques/images/249/13/9309689.jpg",
      "urlListe" : "https://static.apidae-tourisme.com/filestore/objets-touristiques/images/249/13/9309689-liste.jpg",
      "urlFiche" : "https://static.apidae-tourisme.com/filestore/objets-touristiques/images/249/13/9309689-fiche.jpg",
      "urlDiaporama" : "https://static.apidae-tourisme.com/filestore/objets-touristiques/images/249/13/9309689-diaporama.jpg",
      "extension" : "jpg",
      "fileName" : "Domaine_de_la_Palissade (7)",
      "taille" : 107652,
      "hauteur" : 225,
      "largeur" : 300,
      "lastModifiedDate" : "2021-02-19T09:59:10.000+0000"
    } ],
    "locked" : false
  }, {
    "identifiant" : 9551076,
    "link" : false,
    "type" : "IMAGE",
    "nom" : {
      "libelleFr" : "Domaine de la palissade"
    },
    "legende" : {
      "libelleFr" : "Domaine de la palissade"
    },
    "copyright" : {
      "libelleFr" : "Domaine de la palissade"
    },
    "traductionFichiers" : [ {
      "locale" : "fr",
      "url" : "https://static.apidae-tourisme.com/filestore/objets-touristiques/images/68/14/9309764.jpg",
      "urlListe" : "https://static.apidae-tourisme.com/filestore/objets-touristiques/images/68/14/9309764-liste.jpg",
      "urlFiche" : "https://static.apidae-tourisme.com/filestore/objets-touristiques/images/68/14/9309764-fiche.jpg",
      "urlDiaporama" : "https://static.apidae-tourisme.com/filestore/objets-touristiques/images/68/14/9309764-diaporama.jpg",
      "extension" : "jpg",
      "fileName" : "aire_de_pique_nique_palissade",
      "taille" : 3425035,
      "hauteur" : 1712,
      "largeur" : 2288,
      "lastModifiedDate" : "2021-02-19T10:00:52.000+0000"
    } ],
    "locked" : false
  } ],
  "visites" : {
    "languesPanneauInformation" : [ {
      "elementReferenceType" : "Langue",
      "id" : 1189
    }, {
      "elementReferenceType" : "Langue",
      "id" : 1192
    }, {
      "elementReferenceType" : "Langue",
      "id" : 1197
    }, {
      "elementReferenceType" : "Langue",
      "id" : 1200
    } ],
    "visitable" : true
  },
  "territoires" : [ {
    "type" : "TERRITOIRE",
    "id" : 324346
  }, {
    "type" : "TERRITOIRE",
    "id" : 324348
  }, {
    "type" : "TERRITOIRE",
    "id" : 591381
  }, {
    "type" : "TERRITOIRE",
    "id" : 591419
  }, {
    "type" : "TERRITOIRE",
    "id" : 658199
  }, {
    "type" : "TERRITOIRE",
    "id" : 4877700
  }, {
    "type" : "TERRITOIRE",
    "id" : 5127066
  }, {
    "type" : "TERRITOIRE",
    "id" : 5427584
  }, {
    "type" : "TERRITOIRE",
    "id" : 5447176
  }, {
    "type" : "TERRITOIRE",
    "id" : 5853849
  }, {
    "type" : "TERRITOIRE",
    "id" : 5853921
  } ],
  "datesOuverture" : [ "2022-10-18", "2022-10-19", "2022-10-20", "2022-10-21", "2022-10-22", "2022-10-23", "2022-10-24", "2022-10-25", "2022-10-26", "2022-10-27", "2022-10-28", "2022-10-29", "2022-10-30", "2022-10-31", "2022-11-02", "2022-11-03", "2022-11-04", "2022-11-05", "2022-11-06", "2022-11-09", "2022-11-10", "2022-11-12", "2022-11-13", "2022-11-16", "2022-11-17", "2022-11-18", "2022-11-19", "2022-11-20", "2022-11-23", "2022-11-24", "2022-11-25", "2022-11-26", "2022-11-27", "2022-11-30", "2023-02-02", "2023-02-03", "2023-02-04", "2023-02-05", "2023-02-08", "2023-02-09", "2023-02-10", "2023-02-11", "2023-02-12", "2023-02-15", "2023-02-16", "2023-02-17", "2023-02-18", "2023-02-19", "2023-02-22", "2023-02-23", "2023-02-24", "2023-02-25", "2023-02-26", "2023-03-01", "2023-03-02", "2023-03-03", "2023-03-04", "2023-03-05", "2023-03-06", "2023-03-07", "2023-03-08", "2023-03-09", "2023-03-10", "2023-03-11", "2023-03-12", "2023-03-13", "2023-03-14", "2023-03-15", "2023-03-16", "2023-03-17", "2023-03-18", "2023-03-19", "2023-03-20", "2023-03-21", "2023-03-22", "2023-03-23", "2023-03-24", "2023-03-25", "2023-03-26", "2023-03-27", "2023-03-28", "2023-03-29", "2023-03-30", "2023-03-31", "2023-04-01", "2023-04-02", "2023-04-03", "2023-04-04", "2023-04-05", "2023-04-06", "2023-04-07", "2023-04-08", "2023-04-09", "2023-04-10", "2023-04-11", "2023-04-12", "2023-04-13", "2023-04-14", "2023-04-15", "2023-04-16", "2023-04-17", "2023-04-18", "2023-04-19", "2023-04-20", "2023-04-21", "2023-04-22", "2023-04-23", "2023-04-24", "2023-04-25", "2023-04-26", "2023-04-27", "2023-04-28", "2023-04-29", "2023-04-30", "2023-05-02", "2023-05-03", "2023-05-04", "2023-05-05", "2023-05-06", "2023-05-07", "2023-05-08", "2023-05-09", "2023-05-10", "2023-05-11", "2023-05-12", "2023-05-13", "2023-05-14", "2023-05-15", "2023-05-16", "2023-05-17", "2023-05-18", "2023-05-19", "2023-05-20", "2023-05-21", "2023-05-22", "2023-05-23", "2023-05-24", "2023-05-25", "2023-05-26", "2023-05-27", "2023-05-28", "2023-05-29", "2023-05-30", "2023-05-31", "2023-06-01", "2023-06-02", "2023-06-03", "2023-06-04", "2023-06-05", "2023-06-06", "2023-06-07", "2023-06-08", "2023-06-09", "2023-06-10", "2023-06-11", "2023-06-12", "2023-06-13", "2023-06-14", "2023-06-15", "2023-06-16", "2023-06-17", "2023-06-18", "2023-06-19", "2023-06-20", "2023-06-21", "2023-06-22", "2023-06-23", "2023-06-24", "2023-06-25", "2023-06-26", "2023-06-27", "2023-06-28", "2023-06-29", "2023-06-30" ],
  "informationsPatrimoineCulturel" : {
    "patrimoineCulturelType" : {
      "elementReferenceType" : "PatrimoineCulturelType",
      "id" : 3200
    },
    "themes" : [ {
      "elementReferenceType" : "PatrimoineCulturelTheme",
      "id" : 3554
    } ]
  },
  "formatVersion" : "v002",
  "expiration" : {
    "dateExpiration" : "2023-06-30T00:00:00.000+0000"
  },
  "informationsPrestataireActivites" : {
    "prestataireActivites" : true
  },
  "enquete" : { },
  "donneesPrivees" : [ {
    "nomTechnique" : "1947_Id_patio",
    "libelleFr" : "Id_Patio",
    "ordre" : 1,
    "descriptif" : {
      "libelleFr" : "13T2000673"
    }
  }, {
    "nomTechnique" : "1947_Source_patio",
    "libelleFr" : "Source_Patio",
    "ordre" : 2,
    "descriptif" : {
      "libelleFr" : "OT Arles"
    }
  }, {
    "nomTechnique" : "1947_Url_patio",
    "libelleFr" : "URL_Patio",
    "ordre" : 3,
    "descriptif" : {
      "libelleFr" : "http://www.arlestourisme.com"
    }
  } ]
}