{
  "type" : "FETE_ET_MANIFESTATION",
  "id" : 5592301,
  "nom" : {
    "libelleFr" : "Aix hors des sentiers battus",
    "libelleEn" : "Aix off the beaten tracks",
    "libelleIt" : "Aix hors des sentiers battus",
    "libelleDe" : "Aix hors des sentiers battus",
    "libelleNl" : "Aix hors des sentiers battus"
  },
  "identifier" : "SITRA2_EVE_5592301",
  "state" : "PUBLISHED",
  "gestion" : {
    "dateCreation" : "2020-07-03T11:47:32.733+0000",
    "dateModification" : "2022-02-16T10:28:50.602+0000",
    "dateExportModification" : "2022-06-09T07:05:17.293+0000",
    "membreProprietaire" : {
      "type" : {
        "elementReferenceType" : "MembreSitraType",
        "id" : 233
      },
      "nom" : "Office de Tourisme d'Aix en Provence",
      "dateCreation" : "2020-02-14T10:34:37.912+0000",
      "dateModification" : "2022-10-24T08:49:34.452+0000",
      "id" : 1988,
      "siteWeb" : "http://www.aixenprovencetourism.com"
    },
    "signalerUnProblemeMails" : [ "jchevalier@aixenprovencetourism.com", "sdardenne@aixenprovencetourism.com", "vmontpellaz@aixenprovencetourism.com" ]
  },
  "informations" : {
    "moyensCommunication" : [ {
      "identifiant" : 88656396,
      "type" : {
        "elementReferenceType" : "MoyenCommunicationType",
        "id" : 205
      },
      "coordonnees" : {
        "fr" : "https://reservation.aixenprovencetourism.com/"
      }
    } ],
    "informationsLegales" : { },
    "structureGestion" : {
      "type" : "STRUCTURE",
      "id" : 5558792
    },
    "structureInformation" : {
      "type" : "STRUCTURE",
      "id" : 5228508
    }
  },
  "presentation" : {
    "descriptifCourt" : {
      "libelleFr" : "On ne regarde pas vraiment, ou alors sans voir. Avec cette visite vous redécouvrirez des lieux connus par les détails que vous n'aviez pas vu en passant avant. Toute l'histoire de la ville autrement !"
    },
    "descriptifDetaille" : {
      "libelleFr" : "Sortez de la carte postale et allez à la rencontre de lieux que vous n'auriez pas vus. Tout cela en vous baladant le nez en l'air à la recherche des détails cachés qui émaillent le parcours. Une visite dans la bonne humeur agrémentée de photos, de chansons et de vidéo.\r\n\r\n➜ Visite à pied\r\n➜ Départ à l'Office de Tourisme\r\n➜ Langue : en français\r\n➜ Durée : 2h environ\r\n\r\n➜ Réservations auprès des conseillers en séjour de l'Office de Tourisme d'Aix-en-Provence ou sur le site de l'Office de Tourisme d'Aix-en-Provence.",
      "libelleEn" : "Get out the postcard and explore places you wouldn't have otherwise.\r\n\r\n➜ Language: French\r\n➜ Departure from the Tourist Ofice\r\n➜ Walking tour\r\n➜ Duration: around 2h\r\n\r\n➜ Booking at the information desk or on the website of the Tourist Office."
    },
    "descriptifsThematises" : [ {
      "dateDisponibilite" : null,
      "dateLimiteDePublication" : null,
      "theme" : {
        "elementReferenceType" : "DescriptifTheme",
        "id" : 6143
      },
      "description" : {
        "libelleFr" : "Port du masque obligatoire.",
        "libelleEn" : "Wearing a mask is compulsory."
      }
    } ],
    "typologiesPromoSitra" : [ {
      "elementReferenceType" : "TypologiePromoSitra",
      "id" : 1676
    } ]
  },
  "localisation" : {
    "adresse" : {
      "nomDuLieu" : "Au départ de l'Office de Tourisme d'Aix-en-Provence",
      "adresse1" : "300 avenue Giuseppe Verdi",
      "codePostal" : "13100",
      "commune" : {
        "id" : 4412
      }
    },
    "geolocalisation" : {
      "valide" : true,
      "geoJson" : {
        "type" : "Point",
        "coordinates" : [ 5.444391, 43.525840 ]
      }
    },
    "perimetreGeographique" : [ {
      "id" : 4412
    } ],
    "environnements" : [ {
      "elementReferenceType" : "Environnement",
      "id" : 173
    }, {
      "elementReferenceType" : "Environnement",
      "id" : 6042
    } ]
  },
  "liens" : {
    "liensObjetsTouristiquesTypes" : [ {
      "type" : "VISITE_ORGANISATEUR",
      "libelleFr" : "Est une visite guidée de ...",
      "libelleEn" : "Is a guided tour proposed by...",
      "libelleEs" : "Es una visita guiada de...",
      "libelleIt" : "È una visita guidata di...",
      "libelleDe" : "Ist eine Führung von ...",
      "libelleNl" : "Is een rondleiding door ...",
      "libelleRu" : "Является экскурсией",
      "libelleZh" : "是的导览参观",
      "libellePtBR" : "É uma visita guiada de...",
      "libelleJa" : "はガイド付きツアー",
      "objetTouristique" : {
        "type" : "COMMERCE_ET_SERVICE",
        "id" : 5547667
      }
    } ]
  },
  "prestations" : {
    "animauxAcceptes" : "NON_DISPONIBLE",
    "animauxAcceptesSupplement" : "NON_DISPONIBLE",
    "languesParlees" : [ {
      "elementReferenceType" : "Langue",
      "id" : 1197
    } ]
  },
  "ouverture" : {
    "periodeEnClair" : {
      "libelleFr" : "Du 02/02 au 21/12/2022, tous les mercredis de 10h à 12h.",
      "libelleEn" : "From 02/02 to 21/12/2022, every Wednesday between 10 am and 12 pm.",
      "libelleEs" : "Del 02/02 al 21/12/2022, todos los miércoles de 10 a 12.",
      "libelleIt" : "Dal 02/02 al 21/12/2022, tutti i mercoledì dalle 10 alle 12.",
      "libelleDe" : "Vom 02/02 bis 21/12/2022, jeden Mittwoch von 10 Uhr bis 12 Uhr.",
      "libelleNl" : "Van 02/02 tot en met 21/12/2022, elke woensdag van 10.00 tot en met 12.00 u.",
      "libelleRu" : "С 02/02 до 21/12/2022, каждый среды с 10h до 12h.",
      "libelleZh" : "从 2月2日 到 2022年12月21日, 每星期三 小时小时 和 小时小时 之间.",
      "libellePtBR" : "De 02/02 a 21/12/2022, todas as quartas-feiras de 10h a  12h.",
      "libelleJa" : "02/02 から 21/12/2022 まで, 毎水曜日 10 午前 と 12 午後 の間."
    },
    "periodeEnClairGenerationMode" : "AUTOMATIQUE",
    "indicationsPeriode" : [ {
      "elementReferenceType" : "IndicationPeriode",
      "id" : 416
    }, {
      "elementReferenceType" : "IndicationPeriode",
      "id" : 418
    }, {
      "elementReferenceType" : "IndicationPeriode",
      "id" : 435
    }, {
      "elementReferenceType" : "IndicationPeriode",
      "id" : 436
    } ],
    "periodesOuvertures" : [ {
      "identifiant" : 19483737,
      "dateDebut" : "2022-02-02",
      "dateFin" : "2022-12-21",
      "horaireOuverture" : "10:00:00",
      "horaireFermeture" : "12:00:00",
      "type" : "OUVERTURE_SEMAINE",
      "tousLesAns" : false,
      "ouverturesJournalieres" : [ {
        "jour" : "MERCREDI"
      } ],
      "identifiantTechnique" : 22714746
    } ]
  },
  "descriptionTarif" : {
    "indicationTarif" : "PAYANT",
    "gratuit" : false,
    "tarifsEnClair" : {
      "libelleFr" : "Plein tarif : 10 €.\n\n Gratuit pour les moins de 7 ans.\n\nGratuit pour les détenteurs du City Pass Aix-en-Provence.",
      "libelleEn" : "Full price: 10 €.\n\n Free entry for children < 7 years.\n\nFree for City Pass Aix-en-Provence owner.",
      "libelleEs" : "Tarifa completa: 10 €.\n\n Gratuito para los niños menores de 7 años.",
      "libelleIt" : "Tarrifa intera: 10 €.\n\n Gratuito per i bambini di età inferiore a 7 anni.",
      "libelleDe" : "Voller Preis: 10 €.\n\n Kostenlos für Kinder unter 7 Jahren.",
      "libelleNl" : "Vol tarief: € 10.\n\n Gratis voor kinderen onder de 7 jaar.",
      "libelleRu" : "Полную цену : 10 €.\n\n Бесплатно для лицам младше 7 лет.",
      "libelleZh" : "全额 : 10 €.\n\n 儿童 < 7 岁自由进入.",
      "libellePtBR" : "Tarifa inteira: 10 €.\n\n Gratuito para menores de 7 anos.",
      "libelleJa" : "通常料金: 10 €.\n\n 子供 < 7 歳 は入場無料."
    },
    "tarifsEnClairGenerationMode" : "AUTOMATIQUE",
    "complement" : {
      "libelleFr" : "Gratuit pour les détenteurs du City Pass Aix-en-Provence",
      "libelleEn" : "Free for City Pass Aix-en-Provence owner"
    },
    "periodes" : [ {
      "identifiant" : 12233559,
      "dateDebut" : "2022-02-02",
      "dateFin" : "2022-12-21",
      "tarifs" : [ {
        "devise" : "EUR",
        "minimum" : 10.00,
        "maximum" : 10.00,
        "type" : {
          "elementReferenceType" : "TarifType",
          "id" : 5239
        }
      } ]
    } ],
    "devise" : "EUR",
    "conditions" : {
      "gratuitPourLesMoinsDe" : 7
    }
  },
  "reservation" : {
    "organismes" : [ {
      "identifiant" : 5777064,
      "structureReference" : {
        "type" : "STRUCTURE",
        "id" : 5349089
      },
      "nom" : "Office de Tourisme d'Aix-en-Provence - à supp",
      "type" : {
        "elementReferenceType" : "ReservationType",
        "id" : 473
      },
      "moyensCommunication" : [ {
        "identifiant" : 88656434,
        "type" : {
          "elementReferenceType" : "MoyenCommunicationType",
          "id" : 205
        },
        "coordonnees" : {
          "fr" : "https://reservation.aixenprovencetourism.com/visite-guidee-pedestre-aix-hors-des-sentiers-battus.html",
          "en" : "https://booking.aixenprovencetourism.com/french-walking-guided-tour-aix-off-the-beaten-tracks-2h.html"
        }
      } ],
      "locked" : false
    } ]
  },
  "contacts" : [ {
    "identifiant" : 18752088,
    "referent" : true,
    "civilite" : {
      "elementReferenceType" : "ContactCivilite",
      "id" : 443
    },
    "nom" : "Paul",
    "prenom" : "Frédéric",
    "fonction" : {
      "elementReferenceType" : "ContactFonction",
      "id" : 467
    },
    "moyensCommunication" : [ {
      "identifiant" : 86058488,
      "type" : {
        "elementReferenceType" : "MoyenCommunicationType",
        "id" : 201
      },
      "coordonnees" : {
        "fr" : "06 29 67 62 81"
      }
    }, {
      "identifiant" : 86058547,
      "type" : {
        "elementReferenceType" : "MoyenCommunicationType",
        "id" : 204
      },
      "coordonnees" : {
        "fr" : "levisibleestinvisible@gmail.com"
      }
    } ]
  } ],
  "illustrations" : [ {
    "identifiant" : 9962111,
    "link" : false,
    "type" : "IMAGE",
    "copyright" : {
      "libelleFr" : "DR"
    },
    "traductionFichiers" : [ {
      "locale" : "fr",
      "url" : "https://static.apidae-tourisme.com/filestore/objets-touristiques/images/157/81/9720221.jpg",
      "urlListe" : "https://static.apidae-tourisme.com/filestore/objets-touristiques/images/157/81/9720221-liste.jpg",
      "urlFiche" : "https://static.apidae-tourisme.com/filestore/objets-touristiques/images/157/81/9720221-fiche.jpg",
      "urlDiaporama" : "https://static.apidae-tourisme.com/filestore/objets-touristiques/images/157/81/9720221-diaporama.jpg",
      "extension" : "jpg",
      "fileName" : "sentiers 1",
      "taille" : 257482,
      "hauteur" : 900,
      "largeur" : 1200,
      "lastModifiedDate" : "2021-05-10T10:48:33.000+0000"
    } ],
    "locked" : false
  }, {
    "identifiant" : 9962112,
    "link" : false,
    "type" : "IMAGE",
    "copyright" : {
      "libelleFr" : "DR"
    },
    "traductionFichiers" : [ {
      "locale" : "fr",
      "url" : "https://static.apidae-tourisme.com/filestore/objets-touristiques/images/158/81/9720222.jpg",
      "urlListe" : "https://static.apidae-tourisme.com/filestore/objets-touristiques/images/158/81/9720222-liste.jpg",
      "urlFiche" : "https://static.apidae-tourisme.com/filestore/objets-touristiques/images/158/81/9720222-fiche.jpg",
      "urlDiaporama" : "https://static.apidae-tourisme.com/filestore/objets-touristiques/images/158/81/9720222-diaporama.jpg",
      "extension" : "jpg",
      "fileName" : "sentiers 2 jpg",
      "taille" : 246018,
      "hauteur" : 900,
      "largeur" : 1200,
      "lastModifiedDate" : "2021-05-10T10:48:34.000+0000"
    } ],
    "locked" : false
  }, {
    "identifiant" : 9962113,
    "link" : false,
    "type" : "IMAGE",
    "copyright" : {
      "libelleFr" : "DR"
    },
    "traductionFichiers" : [ {
      "locale" : "fr",
      "url" : "https://static.apidae-tourisme.com/filestore/objets-touristiques/images/159/81/9720223.jpg",
      "urlListe" : "https://static.apidae-tourisme.com/filestore/objets-touristiques/images/159/81/9720223-liste.jpg",
      "urlFiche" : "https://static.apidae-tourisme.com/filestore/objets-touristiques/images/159/81/9720223-fiche.jpg",
      "urlDiaporama" : "https://static.apidae-tourisme.com/filestore/objets-touristiques/images/159/81/9720223-diaporama.jpg",
      "extension" : "jpg",
      "fileName" : "sentiers 3",
      "taille" : 371802,
      "hauteur" : 900,
      "largeur" : 1200,
      "lastModifiedDate" : "2021-05-10T10:48:35.000+0000"
    } ],
    "locked" : false
  } ],
  "territoires" : [ {
    "type" : "TERRITOIRE",
    "id" : 591381
  }, {
    "type" : "TERRITOIRE",
    "id" : 591419
  }, {
    "type" : "TERRITOIRE",
    "id" : 5127066
  }, {
    "type" : "TERRITOIRE",
    "id" : 5427620
  }, {
    "type" : "TERRITOIRE",
    "id" : 5427637
  }, {
    "type" : "TERRITOIRE",
    "id" : 5460325
  }, {
    "type" : "TERRITOIRE",
    "id" : 5693839
  }, {
    "type" : "TERRITOIRE",
    "id" : 5775948
  }, {
    "type" : "TERRITOIRE",
    "id" : 5853930
  } ],
  "datesOuverture" : [ "2022-10-12", "2022-10-19", "2022-10-26", "2022-11-02", "2022-11-09", "2022-11-16", "2022-11-23", "2022-11-30", "2022-12-07", "2022-12-14", "2022-12-21" ],
  "informationsFeteEtManifestation" : {
    "typesManifestation" : [ {
      "elementReferenceType" : "FeteEtManifestationType",
      "id" : 1958
    } ],
    "categories" : [ {
      "elementReferenceType" : "FeteEtManifestationCategorie",
      "id" : 2101
    } ],
    "themes" : [ {
      "elementReferenceType" : "FeteEtManifestationTheme",
      "id" : 2206
    }, {
      "elementReferenceType" : "FeteEtManifestationTheme",
      "id" : 2293
    } ],
    "portee" : {
      "elementReferenceType" : "FeteEtManifestationPortee",
      "id" : 2351
    },
    "nomLieu" : "Au départ de l'Office de Tourisme d'Aix-en-Provence"
  },
  "formatVersion" : "v002",
  "expiration" : {
    "dateExpiration" : "2022-12-21T00:00:00.000+0000",
    "expirationAction" : "MASQUER_AUTOMATIQUEMENT"
  },
  "enquete" : { },
  "donneesPrivees" : [ {
    "nomTechnique" : "1947_Id_patio",
    "libelleFr" : "Id_Patio",
    "ordre" : 1,
    "descriptif" : {
      "libelleFr" : "13VIS001593"
    }
  }, {
    "nomTechnique" : "1947_Source_patio",
    "libelleFr" : "Source_Patio",
    "ordre" : 2,
    "descriptif" : {
      "libelleFr" : "OT Aix en Provence"
    }
  }, {
    "nomTechnique" : "1947_Url_patio",
    "libelleFr" : "URL_Patio",
    "ordre" : 3,
    "descriptif" : {
      "libelleFr" : "http://www.aixenprovencetourism.com"
    }
  } ]
}