{
  "type" : "FETE_ET_MANIFESTATION",
  "id" : 5920443,
  "nom" : {
    "libelleFr" : "Visite commentée de La Tour de LUMA : un parcours artistique et architectural",
    "libelleEn" : "Guided tour of LUMA Tower: An artistic and architectural journey"
  },
  "identifier" : "SITRA2_EVE_5920443",
  "state" : "PUBLISHED",
  "gestion" : {
    "dateCreation" : "2021-09-20T09:51:35.851+0000",
    "dateModification" : "2022-10-18T12:28:33.417+0000",
    "dateExportModification" : "2022-11-03T07:58:36.560+0000",
    "membreProprietaire" : {
      "type" : {
        "elementReferenceType" : "MembreSitraType",
        "id" : 233
      },
      "nom" : "Office de Tourisme d'Arles",
      "dateCreation" : "2020-10-20T08:31:09.923+0000",
      "dateModification" : "2022-10-24T08:49:35.216+0000",
      "id" : 2112,
      "siteWeb" : "http://www.arlestourisme.com"
    },
    "signalerUnProblemeMails" : [ "a.quarta@arlestourisme.com", "f.soliveres@arlestourisme.com", "m.louvet@arlestourisme.com" ]
  },
  "informations" : {
    "moyensCommunication" : [ {
      "identifiant" : 70551464,
      "type" : {
        "elementReferenceType" : "MoyenCommunicationType",
        "id" : 201
      },
      "coordonnees" : {
        "fr" : "04 65 88 10 00"
      }
    }, {
      "identifiant" : 70551465,
      "type" : {
        "elementReferenceType" : "MoyenCommunicationType",
        "id" : 204
      },
      "coordonnees" : {
        "fr" : "communication@luma-arles.org"
      }
    }, {
      "identifiant" : 70551466,
      "type" : {
        "elementReferenceType" : "MoyenCommunicationType",
        "id" : 205
      },
      "coordonnees" : {
        "fr" : "http://www.luma-arles.org/"
      }
    } ],
    "structureGestion" : {
      "type" : "STRUCTURE",
      "id" : 5229627
    }
  },
  "presentation" : {
    "descriptifCourt" : {
      "libelleFr" : "Ce parcours commenté vous amène à la rencontre de l’architecture de La Tour imaginée par Frank Gehry pour le projet LUMA Arles.",
      "libelleEn" : "During this guided tour you will be introduced to the LUMA Arles project, and the architecture of The Tower imagined by Frank Gehry."
    },
    "descriptifDetaille" : {
      "libelleFr" : "Au cours de la déambulation, vous découvrirez les projets artistiques originaux et les travaux de recherche en design présentés dans ce bâtiment hors du commun.",
      "libelleEn" : "Throughout your journey through The Tower, you will discover the original artistic projects and design research works presented in this extraordinary building."
    }
  },
  "localisation" : {
    "adresse" : {
      "nomDuLieu" : "Luma Arles - Parc des Ateliers",
      "adresse1" : "Parc des Ateliers",
      "adresse2" : "35 avenue Victor Hugo",
      "codePostal" : "13200",
      "commune" : {
        "id" : 4415
      }
    },
    "geolocalisation" : {
      "valide" : true,
      "geoJson" : {
        "type" : "Point",
        "coordinates" : [ 4.635345, 43.674765 ]
      }
    },
    "perimetreGeographique" : [ {
      "id" : 4415
    } ],
    "lieu" : {
      "id" : 20297
    },
    "lieuObjetTouristique" : {
      "type" : "PATRIMOINE_CULTUREL",
      "id" : 6252400
    }
  },
  "liens" : {
    "liensObjetsTouristiquesTypes" : [ {
      "type" : "DEFAUT",
      "libelleFr" : "En lien avec",
      "libelleEn" : "Related to",
      "libelleEs" : "En relación con",
      "libelleIt" : "In collegamento con",
      "libelleDe" : "In Verbindung mit",
      "libelleNl" : "In verband met",
      "libelleRu" : "Применительно к",
      "libelleZh" : "与携手",
      "libellePtBR" : "Em relação com",
      "libelleJa" : "と関連して",
      "objetTouristique" : {
        "type" : "FETE_ET_MANIFESTATION",
        "id" : 6065925
      }
    }, {
      "type" : "PROGRAMME_ORGANISATEUR",
      "libelleFr" : "Est organisé dans le cadre de ...",
      "libelleEn" : "Is organised as part of...",
      "libelleEs" : "Se organiza en el marco de...",
      "libelleIt" : "È organizzato nel contesto di...",
      "libelleDe" : "Wird organisiert im Rahmen von ...",
      "libelleNl" : "Wordt georganiseerd in het kader van ...",
      "libelleRu" : "Проводится в рамках...",
      "libelleZh" : "作为的一部分被组织",
      "libellePtBR" : "É organizado no âmbito de...",
      "libelleJa" : "はこの催しの一部",
      "objetTouristique" : {
        "type" : "PATRIMOINE_CULTUREL",
        "id" : 6252400
      }
    } ]
  },
  "prestations" : {
    "animauxAcceptes" : "NON_DISPONIBLE",
    "animauxAcceptesSupplement" : "NON_DISPONIBLE",
    "languesParlees" : [ {
      "elementReferenceType" : "Langue",
      "id" : 1192
    }, {
      "elementReferenceType" : "Langue",
      "id" : 1197
    } ],
    "nombrePersonnesMinimum" : 2
  },
  "ouverture" : {
    "periodeEnClair" : {
      "libelleFr" : "Du 19/10 au 23/12/2022.\nFermé le mardi.\nSur réservation\r\n\r\nEn français :\r\nLundi : 14h30\r\nMercredi : 11h00\r\nJeudi : 11h00\r\nVendredi : 16h00\r\nSamedi : 11h00 et 16h00\r\nDimanche : 14h00\r\n\r\nEn anglais :\r\nJeudi : 15h00 \r\nVendredi : 15h00 \r\nSamedi : 14h30.",
      "libelleEn" : "From 19/10 to 23/12/2022.\nClosed on Tuesday.\nUpon reservation\r\n\r\nIn English:\r\nThursday: 3:00 p.m. \r\nFriday: 3:00 p.m. \r\nSaturday: 2:30 p.m.\r\n\r\nIn French:\r\nMonday: 2:30 p.m.\r\nWednesday: 11:00 a.m.\r\nThursday: 11:00 a.m.\r\nFriday: 4:00 p.m.\r\nSaturday: 11:00 a.m. et 4:00 p.m.\r\nSunday: 2:00 p.m.",
      "libelleEs" : "Del 19/10 al 23/12/2022.\nCerrado los martes.\nPor reserva\r\n\r\nEn francés:\r\nDomingo y lunes: 11h\r\nJueves y sábado 15:30\r\nViernes: 11h y 15h30\r\n\r\nEn inglés :\r\nJueves: 11h00.",
      "libelleIt" : "Dal 19/10 al 23/12/2022.\nChiuso il martedì.",
      "libelleDe" : "Vom 19/10 bis 23/12/2022.\nDienstag geschlossen.",
      "libelleNl" : "Van 19/10 tot en met 23/12/2022.\nDinsdag gesloten.",
      "libelleRu" : "С 19/10 до 23/12/2022.\nНе работает вторник.",
      "libelleZh" : "从 10月19日 到 2022年12月23日.\n星期二 关闭.",
      "libellePtBR" : "De 19/10 a 23/12/2022.\nFechado em terça-feira.",
      "libelleJa" : "19/10 から 23/12/2022 まで.\n火曜日 は休み."
    },
    "periodeEnClairGenerationMode" : "AUTOMATIQUE",
    "indicationsPeriode" : [ {
      "elementReferenceType" : "IndicationPeriode",
      "id" : 416
    }, {
      "elementReferenceType" : "IndicationPeriode",
      "id" : 435
    } ],
    "periodesOuvertures" : [ {
      "identifiant" : 21386983,
      "dateDebut" : "2022-10-19",
      "dateFin" : "2022-12-23",
      "complementHoraire" : {
        "libelleFr" : "Sur réservation\r\n\r\nEn français :\r\nLundi : 14h30\r\nMercredi : 11h00\r\nJeudi : 11h00\r\nVendredi : 16h00\r\nSamedi : 11h00 et 16h00\r\nDimanche : 14h00\r\n\r\nEn anglais :\r\nJeudi : 15h00 \r\nVendredi : 15h00 \r\nSamedi : 14h30",
        "libelleEn" : "Upon reservation\r\n\r\nIn English:\r\nThursday: 3:00 p.m. \r\nFriday: 3:00 p.m. \r\nSaturday: 2:30 p.m.\r\n\r\nIn French:\r\nMonday: 2:30 p.m.\r\nWednesday: 11:00 a.m.\r\nThursday: 11:00 a.m.\r\nFriday: 4:00 p.m.\r\nSaturday: 11:00 a.m. et 4:00 p.m.\r\nSunday: 2:00 p.m.",
        "libelleEs" : "Por reserva\r\n\r\nEn francés:\r\nDomingo y lunes: 11h\r\nJueves y sábado 15:30\r\nViernes: 11h y 15h30\r\n\r\nEn inglés :\r\nJueves: 11h00"
      },
      "type" : "OUVERTURE_SAUF",
      "tousLesAns" : false,
      "ouverturesJournalieres" : [ {
        "jour" : "MARDI"
      } ],
      "identifiantTechnique" : 24523928
    } ]
  },
  "descriptionTarif" : {
    "indicationTarif" : "PAYANT",
    "gratuit" : false,
    "tarifsEnClair" : {
      "libelleFr" : "Plein tarif : 12 €, Tarif réduit : 8 € (*jeune de moins de 18 ans, adulte de plus de 65 ans, étudiant, demandeur d’emploi, famille nombreuse, enseignant, RSA (revenu de solidarité active), ASS (allocation de solidarité spécifique), ASPA (allocation de solidarité aux personnes âgées), AAH (allocation aux adultes handicapés).\r\n\r\nJustificatifs à présenter à l'entrée aux équipes d'accueil et de médiation.).\n",
      "libelleEn" : "Full price: 12 €, Reduced price: 8 € (*young people under 18, adults over 65, student, jobseeker, large familie, teacher, welfare recipient.\r\n\r\nProof of entitlement must be presented on site to our mediation team.).\n",
      "libelleEs" : "Tarifa completa: 12 €, Precio reducido: 8 €.\n",
      "libelleIt" : "Tarrifa intera: 12 €, Prezzo ridotto: 8 €.\n",
      "libelleDe" : "Voller Preis: 12 €, Reduzierter Preis: 8 €.\n",
      "libelleNl" : "Vol tarief: € 12, Korting: € 8.\n",
      "libelleRu" : "Полную цену : 12 €, Сниженная цена : 8 €.\n",
      "libelleZh" : "全额 : 12 €, 减价 : 8 €.\n",
      "libellePtBR" : "Tarifa inteira: 12 €, Preço reduzido: 8 €.\n",
      "libelleJa" : "通常料金: 12 €, 割引料金: 8 €.\n"
    },
    "tarifsEnClairGenerationMode" : "AUTOMATIQUE",
    "periodes" : [ {
      "identifiant" : 12237405,
      "dateDebut" : "2022-10-19",
      "dateFin" : "2022-12-23",
      "tarifs" : [ {
        "devise" : "EUR",
        "minimum" : 12.00,
        "maximum" : 12.00,
        "precisionTarif" : { },
        "type" : {
          "elementReferenceType" : "TarifType",
          "id" : 5239
        }
      }, {
        "devise" : "EUR",
        "minimum" : 8.00,
        "maximum" : 8.00,
        "precisionTarif" : {
          "libelleFr" : "*jeune de moins de 18 ans, adulte de plus de 65 ans, étudiant, demandeur d’emploi, famille nombreuse, enseignant, RSA (revenu de solidarité active), ASS (allocation de solidarité spécifique), ASPA (allocation de solidarité aux personnes âgées), AAH (allocation aux adultes handicapés).\r\n\r\nJustificatifs à présenter à l'entrée aux équipes d'accueil et de médiation.",
          "libelleEn" : "*young people under 18, adults over 65, student, jobseeker, large familie, teacher, welfare recipient.\r\n\r\nProof of entitlement must be presented on site to our mediation team."
        },
        "type" : {
          "elementReferenceType" : "TarifType",
          "id" : 5240
        }
      } ]
    } ],
    "devise" : "EUR",
    "conditions" : { }
  },
  "reservation" : {
    "complement" : {
      "libelleFr" : "Réservation sur la billetterie de LUMA ou sur place\r\nhttps://www.luma.org/fr/shop/ticketing.html"
    }
  },
  "illustrations" : [ {
    "identifiant" : 14443272,
    "link" : false,
    "type" : "IMAGE",
    "copyright" : {
      "libelleFr" : "Adrian Deweerdt"
    },
    "traductionFichiers" : [ {
      "locale" : "fr",
      "url" : "https://static.apidae-tourisme.com/filestore/objets-touristiques/images/90/178/14791258.jpg",
      "urlListe" : "https://static.apidae-tourisme.com/filestore/objets-touristiques/images/90/178/14791258-liste.jpg",
      "urlFiche" : "https://static.apidae-tourisme.com/filestore/objets-touristiques/images/90/178/14791258-fiche.jpg",
      "urlDiaporama" : "https://static.apidae-tourisme.com/filestore/objets-touristiques/images/90/178/14791258-diaporama.jpg",
      "extension" : "jpg",
      "fileName" : "Photo Digital-210106-TOURLUMA-ADRIANDEWEERDT-11",
      "taille" : 334321,
      "hauteur" : 1280,
      "largeur" : 1920,
      "lastModifiedDate" : "2022-10-18T12:28:33.553+0000"
    } ],
    "locked" : false
  } ],
  "territoires" : [ {
    "type" : "TERRITOIRE",
    "id" : 324346
  }, {
    "type" : "TERRITOIRE",
    "id" : 324348
  }, {
    "type" : "TERRITOIRE",
    "id" : 591381
  }, {
    "type" : "TERRITOIRE",
    "id" : 591419
  }, {
    "type" : "TERRITOIRE",
    "id" : 658199
  }, {
    "type" : "TERRITOIRE",
    "id" : 4877700
  }, {
    "type" : "TERRITOIRE",
    "id" : 5127066
  }, {
    "type" : "TERRITOIRE",
    "id" : 5427584
  }, {
    "type" : "TERRITOIRE",
    "id" : 5447176
  }, {
    "type" : "TERRITOIRE",
    "id" : 5853849
  }, {
    "type" : "TERRITOIRE",
    "id" : 5853921
  } ],
  "datesOuverture" : [ "2022-11-03", "2022-11-04", "2022-11-05", "2022-11-06", "2022-11-07", "2022-11-09", "2022-11-10", "2022-11-11", "2022-11-12", "2022-11-13", "2022-11-14", "2022-11-16", "2022-11-17", "2022-11-18", "2022-11-19", "2022-11-20", "2022-11-21", "2022-11-23", "2022-11-24", "2022-11-25", "2022-11-26", "2022-11-27", "2022-11-28", "2022-11-30", "2022-12-01", "2022-12-02", "2022-12-03", "2022-12-04", "2022-12-05", "2022-12-07", "2022-12-08", "2022-12-09", "2022-12-10", "2022-12-11", "2022-12-12", "2022-12-14", "2022-12-15", "2022-12-16", "2022-12-17", "2022-12-18", "2022-12-19", "2022-12-21", "2022-12-22", "2022-12-23" ],
  "informationsFeteEtManifestation" : {
    "typesManifestation" : [ {
      "elementReferenceType" : "FeteEtManifestationType",
      "id" : 1958
    } ],
    "categories" : [ {
      "elementReferenceType" : "FeteEtManifestationCategorie",
      "id" : 2101
    } ],
    "themes" : [ {
      "elementReferenceType" : "FeteEtManifestationTheme",
      "id" : 2159
    }, {
      "elementReferenceType" : "FeteEtManifestationTheme",
      "id" : 2168
    } ],
    "portee" : {
      "elementReferenceType" : "FeteEtManifestationPortee",
      "id" : 2351
    },
    "nomLieu" : "Luma Arles - Parc des Ateliers"
  },
  "formatVersion" : "v002",
  "expiration" : {
    "dateExpiration" : "2022-12-23T00:00:00.000+0000",
    "expirationAction" : "MASQUER_AUTOMATIQUEMENT"
  },
  "enquete" : { }
}