{
  "type" : "FETE_ET_MANIFESTATION",
  "id" : 5471085,
  "nom" : {
    "libelleFr" : "Marché de Velaux",
    "libelleEn" : "Marché de Velaux",
    "libelleEs" : "Marché de Velaux",
    "libelleIt" : "Marché de Velaux",
    "libelleDe" : "Marché de Velaux",
    "libelleNl" : "Marché de Velaux"
  },
  "identifier" : "SITRA2_EVE_5471085",
  "state" : "PUBLISHED",
  "gestion" : {
    "dateCreation" : "2020-03-04T14:26:23.027+0000",
    "dateModification" : "2021-06-03T14:53:07.695+0000",
    "dateExportModification" : "2022-06-09T07:16:13.971+0000",
    "membreProprietaire" : {
      "type" : {
        "elementReferenceType" : "MembreSitraType",
        "id" : 233
      },
      "nom" : "Provence Tourisme",
      "dateCreation" : "2019-11-08T09:11:11.347+0000",
      "dateModification" : "2022-10-24T08:49:52.230+0000",
      "id" : 1947,
      "siteWeb" : "http://www.myprovence.fr"
    },
    "signalerUnProblemeMails" : [ "abartorello@myprovence.fr", "ccombrie@myprovence.fr" ]
  },
  "informations" : {
    "moyensCommunication" : [ {
      "identifiant" : 77092548,
      "type" : {
        "elementReferenceType" : "MoyenCommunicationType",
        "id" : 201
      },
      "coordonnees" : {
        "fr" : "04 42 87 73 66"
      }
    }, {
      "identifiant" : 77092552,
      "type" : {
        "elementReferenceType" : "MoyenCommunicationType",
        "id" : 205
      },
      "coordonnees" : {
        "fr" : "http://www.velaux.fr"
      }
    } ],
    "informationsLegales" : { },
    "structureGestion" : {
      "type" : "STRUCTURE",
      "id" : 5470262
    }
  },
  "presentation" : {
    "descriptifCourt" : {
      "libelleFr" : "Retrouvez le marché tous les jeudis matins sur la Place Caire"
    },
    "descriptifDetaille" : {
      "libelleFr" : "Marché proposant des produits alimentaires (fruits, légumes, fromages, etc.)."
    }
  },
  "localisation" : {
    "adresse" : {
      "nomDuLieu" : "Place François Caire",
      "adresse1" : "Place François Caire",
      "codePostal" : "13880",
      "bureauDistribution" : "Velaux",
      "commune" : {
        "id" : 4523
      }
    },
    "geolocalisation" : {
      "valide" : true,
      "geoJson" : {
        "type" : "Point",
        "coordinates" : [ 5.256705, 43.528982 ]
      }
    },
    "perimetreGeographique" : [ {
      "id" : 4523
    } ]
  },
  "liens" : {
    "liensObjetsTouristiquesTypes" : [ {
      "type" : "PROGRAMME_ORGANISATEUR",
      "libelleFr" : "Est organisé dans le cadre de ...",
      "libelleEn" : "Is organised as part of...",
      "libelleEs" : "Se organiza en el marco de...",
      "libelleIt" : "È organizzato nel contesto di...",
      "libelleDe" : "Wird organisiert im Rahmen von ...",
      "libelleNl" : "Wordt georganiseerd in het kader van ...",
      "libelleRu" : "Проводится в рамках...",
      "libelleZh" : "作为的一部分被组织",
      "libellePtBR" : "É organizado no âmbito de...",
      "libelleJa" : "はこの催しの一部",
      "objetTouristique" : {
        "type" : "COMMERCE_ET_SERVICE",
        "id" : 5554869
      }
    } ]
  },
  "prestations" : {
    "animauxAcceptes" : "NON_DISPONIBLE",
    "animauxAcceptesSupplement" : "NON_DISPONIBLE"
  },
  "ouverture" : {
    "periodeEnClair" : {
      "libelleFr" : "Toute l'année, tous les jeudis de 8h à 13h30.",
      "libelleEn" : "All year round, every Thursday between 8 am and 1.30 pm.",
      "libelleEs" : "Todo el año, todos los jueves de 8 a 13:30.",
      "libelleIt" : "Tutto l'anno, tutti i giovedì dalle 8 alle 13:30.",
      "libelleDe" : "Ganzjährig, jeden Donnerstag von 8 Uhr bis 13.30 Uhr.",
      "libelleNl" : "Het hele jaar, elke donderdag van 8.00 tot en met 13.30 u.",
      "libelleRu" : "В течение всего года, каждый четверги с 8h до 13h30.",
      "libelleZh" : "全年, 每星期四 小时小时 和 小时小时分钟  之间.",
      "libellePtBR" : "Todo o ano, todas as quintas-feiras de 8h a  13h30.",
      "libelleJa" : "オールシーズン, 毎木曜日 8 午前 と 1.30 午後 の間."
    },
    "periodeEnClairGenerationMode" : "AUTOMATIQUE",
    "indicationsPeriode" : [ {
      "elementReferenceType" : "IndicationPeriode",
      "id" : 416
    }, {
      "elementReferenceType" : "IndicationPeriode",
      "id" : 418
    }, {
      "elementReferenceType" : "IndicationPeriode",
      "id" : 435
    }, {
      "elementReferenceType" : "IndicationPeriode",
      "id" : 436
    } ],
    "periodesOuvertures" : [ {
      "identifiant" : 19476965,
      "dateDebut" : "2019-01-01",
      "dateFin" : "2020-12-31",
      "horaireOuverture" : "08:00:00",
      "horaireFermeture" : "13:30:00",
      "type" : "OUVERTURE_SEMAINE",
      "tousLesAns" : true,
      "ouverturesJournalieres" : [ {
        "jour" : "JEUDI"
      } ],
      "identifiantTechnique" : 21102321
    } ],
    "ouvertTouteLAnnee" : "OUVERT_TOUTE_L_ANNEE"
  },
  "descriptionTarif" : {
    "indicationTarif" : "GRATUIT",
    "gratuit" : true,
    "tarifsEnClair" : {
      "libelleFr" : "Gratuit.",
      "libelleEn" : "Free of charge.",
      "libelleEs" : "Gratis.",
      "libelleIt" : "Gratuito.",
      "libelleDe" : "Kostenlos.",
      "libelleNl" : "Gratis.",
      "libelleRu" : "Бесплатно.",
      "libelleZh" : "免费.",
      "libellePtBR" : "Gratuito.",
      "libelleJa" : "無料."
    },
    "tarifsEnClairGenerationMode" : "AUTOMATIQUE",
    "devise" : "EUR",
    "conditions" : { }
  },
  "reservation" : { },
  "illustrations" : [ {
    "identifiant" : 8585639,
    "link" : false,
    "type" : "IMAGE",
    "nom" : {
      "libelleFr" : "13EV019778_1_WEB.jpg"
    },
    "copyright" : {
      "libelleFr" : "A. BARROIL"
    },
    "traductionFichiers" : [ {
      "locale" : "fr",
      "url" : "https://static.apidae-tourisme.com/filestore/objets-touristiques/images/31/100/8348703.jpg",
      "urlListe" : "https://static.apidae-tourisme.com/filestore/objets-touristiques/images/31/100/8348703-liste.jpg",
      "urlFiche" : "https://static.apidae-tourisme.com/filestore/objets-touristiques/images/31/100/8348703-fiche.jpg",
      "urlDiaporama" : "https://static.apidae-tourisme.com/filestore/objets-touristiques/images/31/100/8348703-diaporama.jpg",
      "extension" : "jpg",
      "fileName" : "full",
      "taille" : 48011,
      "hauteur" : 300,
      "largeur" : 400,
      "lastModifiedDate" : "2020-07-31T14:50:24.000+0000"
    } ],
    "locked" : false
  } ],
  "territoires" : [ {
    "type" : "TERRITOIRE",
    "id" : 591381
  }, {
    "type" : "TERRITOIRE",
    "id" : 591419
  }, {
    "type" : "TERRITOIRE",
    "id" : 5127066
  }, {
    "type" : "TERRITOIRE",
    "id" : 5427637
  }, {
    "type" : "TERRITOIRE",
    "id" : 5693839
  }, {
    "type" : "TERRITOIRE",
    "id" : 5693907
  }, {
    "type" : "TERRITOIRE",
    "id" : 5775948
  }, {
    "type" : "TERRITOIRE",
    "id" : 5853933
  } ],
  "datesOuverture" : [ "2022-10-20", "2022-10-27", "2022-11-03", "2022-11-10", "2022-11-17", "2022-11-24", "2022-12-01", "2022-12-08", "2022-12-15", "2022-12-22", "2022-12-29", "2023-01-05", "2023-01-12", "2023-01-19", "2023-01-26", "2023-02-02", "2023-02-09", "2023-02-16", "2023-02-23", "2023-03-02", "2023-03-09", "2023-03-16", "2023-03-23", "2023-03-30", "2023-04-06", "2023-04-13", "2023-04-20", "2023-04-27", "2023-05-04", "2023-05-11", "2023-05-18", "2023-05-25", "2023-06-01", "2023-06-08", "2023-06-15", "2023-06-22", "2023-06-29", "2023-07-06", "2023-07-13", "2023-07-20", "2023-07-27", "2023-08-03", "2023-08-10", "2023-08-17", "2023-08-24", "2023-08-31", "2023-09-07", "2023-09-14", "2023-09-21", "2023-09-28", "2023-10-05", "2023-10-12", "2023-10-19", "2023-10-26", "2023-11-02", "2023-11-09", "2023-11-16", "2023-11-23", "2023-11-30", "2023-12-07", "2023-12-14", "2023-12-21", "2023-12-28", "2024-01-04", "2024-01-11", "2024-01-18", "2024-01-25", "2024-02-01", "2024-02-08", "2024-02-15", "2024-02-22", "2024-02-29", "2024-03-07", "2024-03-14", "2024-03-21", "2024-03-28", "2024-04-04", "2024-04-11", "2024-04-18", "2024-04-25", "2024-05-02", "2024-05-09", "2024-05-16", "2024-05-23", "2024-05-30", "2024-06-06", "2024-06-13", "2024-06-20", "2024-06-27", "2024-07-04", "2024-07-11", "2024-07-18", "2024-07-25", "2024-08-01", "2024-08-08", "2024-08-15", "2024-08-22", "2024-08-29", "2024-09-05", "2024-09-12", "2024-09-19", "2024-09-26", "2024-10-03", "2024-10-10", "2024-10-17" ],
  "informationsFeteEtManifestation" : {
    "typesManifestation" : [ {
      "elementReferenceType" : "FeteEtManifestationType",
      "id" : 1962
    } ],
    "categories" : [ {
      "elementReferenceType" : "FeteEtManifestationCategorie",
      "id" : 2107
    } ],
    "themes" : [ {
      "elementReferenceType" : "FeteEtManifestationTheme",
      "id" : 2273
    } ],
    "portee" : {
      "elementReferenceType" : "FeteEtManifestationPortee",
      "id" : 2352
    },
    "nomLieu" : "Place François Caire"
  },
  "formatVersion" : "v002",
  "expiration" : { },
  "enquete" : { },
  "donneesPrivees" : [ {
    "nomTechnique" : "1947_Id_patio",
    "libelleFr" : "Id_Patio",
    "ordre" : 1,
    "descriptif" : {
      "libelleFr" : "13EV019778"
    }
  }, {
    "nomTechnique" : "1947_Source_patio",
    "libelleFr" : "Source_Patio",
    "ordre" : 2,
    "descriptif" : {
      "libelleFr" : "Provence Tourisme"
    }
  }, {
    "nomTechnique" : "1947_Url_patio",
    "libelleFr" : "URL_Patio",
    "ordre" : 3,
    "descriptif" : {
      "libelleFr" : "http://www.myprovence.fr"
    }
  } ]
}