{
  "type" : "FETE_ET_MANIFESTATION",
  "id" : 6014843,
  "nom" : {
    "libelleFr" : "Pagnol raconte Pagnol"
  },
  "identifier" : "SITRA2_EVE_6014843",
  "state" : "PUBLISHED",
  "gestion" : {
    "dateCreation" : "2022-01-21T07:41:25.431+0000",
    "dateModification" : "2022-10-25T14:15:00.976+0000",
    "dateExportModification" : "2022-10-25T14:15:01.129+0000",
    "membreProprietaire" : {
      "type" : {
        "elementReferenceType" : "MembreSitraType",
        "id" : 233
      },
      "nom" : "Ville de Marseille",
      "dateCreation" : "2017-01-24T06:54:50.567+0000",
      "dateModification" : "2022-10-24T08:49:51.518+0000",
      "id" : 1470,
      "siteWeb" : "http://www.marseille.fr/"
    },
    "signalerUnProblemeMails" : [ "narezki@marseille.fr", "sortir@marseille.fr" ]
  },
  "informations" : {
    "moyensCommunication" : [ {
      "identifiant" : 95922743,
      "type" : {
        "elementReferenceType" : "MoyenCommunicationType",
        "id" : 205
      },
      "coordonnees" : {
        "fr" : "http://labuzine.com/fr"
      }
    } ],
    "informationsLegales" : { },
    "structureGestion" : {
      "type" : "STRUCTURE",
      "id" : 5223308
    }
  },
  "presentation" : {
    "descriptifCourt" : {
      "libelleFr" : "Pour la première exposition sur Marcel Pagnol au Château de la Buzine, le fameux \"Château de ma mère\" dont il voulait faire sa Cité du Cinéma, nous avons choisi de nous concentrer sur l’aspect cinématographique de sa création."
    },
    "descriptifDetaille" : {
      "libelleFr" : "L’écrivain cinéaste au milieu de son décor et de ses objets familiers.\r\n\r\nConnu sous le nom du \"Château de ma mère\" immortalisé par les Souvenirs d’enfance de Marcel Pagnol, le Château de la Buzine commencera l’année 2022 en réservant son grand salon à une exposition des objets, documents et souvenirs que l’écrivain-cinéaste conserva chez lui jusqu’à sa disparition.\r\n\r\nNul doute que les innombrables admirateurs de ses œuvres ne voudront pas rater cette visite. Car ce sera la première fois que le public pourra découvrir l’écrivain-cinéaste pratiquement dans ses meubles et dans son décor familier. Toutes ces pièces sont ensuite destinées à un musée qui sera consacré à la vie et à l’œuvre de ce géant de Provence et qui devrait s’installer sur la commune d’Allauch.\r\n\r\n\"Quand je revois la longue liste de personnages que j’ai joués dans ma vie, je me demande qui je suis\" - Marcel Pagnol\r\n\r\nOrganiser une exposition sur l’œuvre et la vie de Marcel Pagnol est toujours un défi tant son art est protéiforme et son destin riche et surprenant, tant sa création est inspirée de ses expériences personnelles.\r\n\r\nPour la première exposition sur Marcel Pagnol au Château de la Buzine, le fameux \"Château de ma mère\" dont il voulait faire sa Cité du Cinéma, nous avons choisi de nous concentrer sur l’aspect cinématographique de sa création. Il était en effet impossible de concentrer en ce seul lieu le cinéma, la littérature, le théâtre, mais aussi ses recherches personnelles.\r\nDe \"Marius\" aux \"Lettres de mon Moulin\", de la naissance du cinéma parlant à la guerre de la couleur, nous découvrirons ici les combats que Marcel Pagnol a menés pour la défense et le rayonnement de la culture française, ainsi que sa vision du cinéma parlant.\r\n \r\nRiche des collections mises à disposition par le Fonds de Dotation Marcel Pagnol, cette exposition, dont le commissariat a été conjointement réalisé par Nicolas Pagnol, Valérie Fédèle et Nicolas Dromard, nous plonge dans trente années d’histoire du cinéma en compagnie d’un homme dont le maître mot était \"Liberté\".\r\n\r\nVernissage lundi 28 février (anniversaire de Marcel Pagnol)."
    }
  },
  "localisation" : {
    "adresse" : {
      "nomDuLieu" : "La Buzine Maison des Cinématographies de la Méditerranée",
      "adresse1" : "Château de la Buzine",
      "adresse2" : "56 Traverse De la Buzine",
      "codePostal" : "13011",
      "bureauDistribution" : "MARSEILLE",
      "commune" : {
        "id" : 4466
      }
    },
    "geolocalisation" : {
      "valide" : true,
      "geoJson" : {
        "type" : "Point",
        "coordinates" : [ 5.502249, 43.295542 ]
      }
    },
    "perimetreGeographique" : [ {
      "id" : 4466
    } ]
  },
  "liens" : { },
  "prestations" : {
    "animauxAcceptes" : "NON_DISPONIBLE",
    "animauxAcceptesSupplement" : "NON_DISPONIBLE",
    "languesParlees" : [ {
      "elementReferenceType" : "Langue",
      "id" : 1197
    } ]
  },
  "ouverture" : {
    "periodeEnClair" : {
      "libelleFr" : "Du 28/02 au 31/12/2022, tous les jours.\nLe Château sera fermé du lundi 10 janvier au lundi 17 janvier inclus.\r\n\r\nHoraires d'hiver \r\nDu mardi au dimanche de 10h à 13h et de 14h à 18h\r\n\r\nHoraires d'été (1er Juin - 30 Septembre)\r\n7 J/ 7 de 10h à 13h et de 14h à 18h.",
      "libelleEn" : "From 28/02 to 31/12/2022, daily.",
      "libelleEs" : "Del 28/02 al 31/12/2022, todos los dias.",
      "libelleIt" : "Dal 28/02 al 31/12/2022, ogni giorno.",
      "libelleDe" : "Vom 28/02 bis 31/12/2022, täglich.",
      "libelleNl" : "Van 28/02 tot en met 31/12/2022, iedere dag.",
      "libelleRu" : "С 28/02 до 31/12/2022, ежедневно.",
      "libelleZh" : "从 2月28日 到 2022年12月31日, 日常.",
      "libellePtBR" : "De 28/02 a 31/12/2022, todos os dias.",
      "libelleJa" : "28/02 から 31/12/2022 まで, 毎日."
    },
    "periodeEnClairGenerationMode" : "AUTOMATIQUE",
    "indicationsPeriode" : [ {
      "elementReferenceType" : "IndicationPeriode",
      "id" : 416
    }, {
      "elementReferenceType" : "IndicationPeriode",
      "id" : 418
    }, {
      "elementReferenceType" : "IndicationPeriode",
      "id" : 435
    }, {
      "elementReferenceType" : "IndicationPeriode",
      "id" : 436
    } ],
    "periodesOuvertures" : [ {
      "identifiant" : 22527382,
      "dateDebut" : "2022-02-28",
      "dateFin" : "2022-12-31",
      "complementHoraire" : {
        "libelleFr" : "Le Château sera fermé du lundi 10 janvier au lundi 17 janvier inclus.\r\n\r\nHoraires d'hiver \r\nDu mardi au dimanche de 10h à 13h et de 14h à 18h\r\n\r\nHoraires d'été (1er Juin - 30 Septembre)\r\n7 J/ 7 de 10h à 13h et de 14h à 18h"
      },
      "type" : "OUVERTURE_TOUS_LES_JOURS",
      "tousLesAns" : false,
      "identifiantTechnique" : 24586729
    } ]
  },
  "descriptionTarif" : {
    "indicationTarif" : "PAYANT",
    "gratuit" : false,
    "tarifsEnClair" : {
      "libelleFr" : "Plein tarif : de 5 à 7,70 €, Tarif réduit : de 4 à 6 €.\n\n\nBillet complet (expositions permanentes + exposition temporaire + médiathèque)\r\nTarif plein : 7,70 €\r\nTarif réduit : 6 €\r\n\r\nBillet demi-visite (exposition temporaire + médiathèque + espace Marcel Pagnol)\r\nTarif plein : 5 €\r\nTarif réduit : 4 €.",
      "libelleEn" : "Full price: 5 to 7.70 €, Reduced price: 4 to 6 €.\n",
      "libelleEs" : "Tarifa completa: de 5 a 7,70 €, Precio reducido: de 4 a 6 €.\n",
      "libelleIt" : "Tarrifa intera: da 5 a 7,70 €, Prezzo ridotto: da 4 a 6 €.\n",
      "libelleDe" : "Voller Preis: von 5 bis 7,70 €, Reduzierter Preis: von 4 bis 6 €.\n",
      "libelleNl" : "Vol tarief: € 5 tot en met € 7,70, Korting: € 4 tot en met € 6.\n",
      "libelleRu" : "Полную цену : с 5 до  7,70 €, Сниженная цена : с 4 до  6 €.\n",
      "libelleZh" : "全额 : 从 5 到  7.70 €, 减价 : 从 4 到  6 €.\n",
      "libellePtBR" : "Tarifa inteira: de 5 a 7,70 €, Preço reduzido: de 4 a 6 €.\n",
      "libelleJa" : "通常料金: 5 から 7.70 €, 割引料金: 4 から 6 €.\n"
    },
    "tarifsEnClairGenerationMode" : "AUTOMATIQUE",
    "complement" : {
      "libelleFr" : "Billet complet (expositions permanentes + exposition temporaire + médiathèque)\r\nTarif plein : 7,70 €\r\nTarif réduit : 6 €\r\n\r\nBillet demi-visite (exposition temporaire + médiathèque + espace Marcel Pagnol)\r\nTarif plein : 5 €\r\nTarif réduit : 4 €"
    },
    "periodes" : [ {
      "identifiant" : 12965986,
      "dateDebut" : "2022-02-28",
      "dateFin" : "2022-12-31",
      "tarifs" : [ {
        "devise" : "EUR",
        "minimum" : 5.00,
        "maximum" : 7.70,
        "type" : {
          "elementReferenceType" : "TarifType",
          "id" : 5239
        }
      }, {
        "devise" : "EUR",
        "minimum" : 4.00,
        "maximum" : 6.00,
        "type" : {
          "elementReferenceType" : "TarifType",
          "id" : 5240
        }
      } ]
    } ],
    "devise" : "EUR",
    "conditions" : { }
  },
  "reservation" : { },
  "illustrations" : [ {
    "identifiant" : 12524040,
    "link" : false,
    "type" : "IMAGE",
    "nom" : {
      "libelleFr" : "Pagnol raconte Pagnol"
    },
    "copyright" : {
      "libelleFr" : "Pagnol raconte Pagnol - La Buzine - Maison des Cinématographies de la Méditerranée"
    },
    "traductionFichiers" : [ {
      "locale" : "fr",
      "url" : "https://static.apidae-tourisme.com/filestore/objets-touristiques/images/18/209/12701970.jpg",
      "urlListe" : "https://static.apidae-tourisme.com/filestore/objets-touristiques/images/18/209/12701970-liste.jpg",
      "urlFiche" : "https://static.apidae-tourisme.com/filestore/objets-touristiques/images/18/209/12701970-fiche.jpg",
      "urlDiaporama" : "https://static.apidae-tourisme.com/filestore/objets-touristiques/images/18/209/12701970-diaporama.jpg",
      "extension" : "jpg",
      "fileName" : "pagnol buzine",
      "taille" : 110071,
      "hauteur" : 800,
      "largeur" : 600,
      "lastModifiedDate" : "2022-02-22T08:37:39.045+0000"
    } ],
    "locked" : false
  } ],
  "territoires" : [ {
    "type" : "TERRITOIRE",
    "id" : 591381
  }, {
    "type" : "TERRITOIRE",
    "id" : 591419
  }, {
    "type" : "TERRITOIRE",
    "id" : 5127066
  }, {
    "type" : "TERRITOIRE",
    "id" : 5427637
  }, {
    "type" : "TERRITOIRE",
    "id" : 5460436
  }, {
    "type" : "TERRITOIRE",
    "id" : 5693758
  }, {
    "type" : "TERRITOIRE",
    "id" : 5693878
  }, {
    "type" : "TERRITOIRE",
    "id" : 5693903
  }, {
    "type" : "TERRITOIRE",
    "id" : 6008197
  } ],
  "datesOuverture" : [ "2022-10-26", "2022-10-27", "2022-10-28", "2022-10-29", "2022-10-30", "2022-10-31", "2022-11-01", "2022-11-02", "2022-11-03", "2022-11-04", "2022-11-05", "2022-11-06", "2022-11-07", "2022-11-08", "2022-11-09", "2022-11-10", "2022-11-11", "2022-11-12", "2022-11-13", "2022-11-14", "2022-11-15", "2022-11-16", "2022-11-17", "2022-11-18", "2022-11-19", "2022-11-20", "2022-11-21", "2022-11-22", "2022-11-23", "2022-11-24", "2022-11-25", "2022-11-26", "2022-11-27", "2022-11-28", "2022-11-29", "2022-11-30", "2022-12-01", "2022-12-02", "2022-12-03", "2022-12-04", "2022-12-05", "2022-12-06", "2022-12-07", "2022-12-08", "2022-12-09", "2022-12-10", "2022-12-11", "2022-12-12", "2022-12-13", "2022-12-14", "2022-12-15", "2022-12-16", "2022-12-17", "2022-12-18", "2022-12-19", "2022-12-20", "2022-12-21", "2022-12-22", "2022-12-23", "2022-12-24", "2022-12-25", "2022-12-26", "2022-12-27", "2022-12-28", "2022-12-29", "2022-12-30", "2022-12-31" ],
  "informationsFeteEtManifestation" : {
    "typesManifestation" : [ {
      "elementReferenceType" : "FeteEtManifestationType",
      "id" : 1958
    } ],
    "categories" : [ {
      "elementReferenceType" : "FeteEtManifestationCategorie",
      "id" : 2080
    } ],
    "themes" : [ {
      "elementReferenceType" : "FeteEtManifestationTheme",
      "id" : 2133
    }, {
      "elementReferenceType" : "FeteEtManifestationTheme",
      "id" : 2210
    } ],
    "portee" : {
      "elementReferenceType" : "FeteEtManifestationPortee",
      "id" : 2352
    },
    "nomLieu" : "La Buzine Maison des Cinématographies de la Méditerranée"
  },
  "formatVersion" : "v002",
  "expiration" : {
    "dateExpiration" : "2022-12-31T00:00:00.000+0000",
    "expirationAction" : "MASQUER_AUTOMATIQUEMENT"
  },
  "enquete" : { },
  "donneesPrivees" : [ {
    "nomTechnique" : "1947_Id_patio",
    "libelleFr" : "Id_Patio",
    "ordre" : 1,
    "descriptif" : {
      "libelleFr" : "13EVT025132"
    }
  }, {
    "nomTechnique" : "1947_Source_patio",
    "libelleFr" : "Source_Patio",
    "ordre" : 2,
    "descriptif" : {
      "libelleFr" : "Ville de Marseille"
    }
  }, {
    "nomTechnique" : "1947_Url_patio",
    "libelleFr" : "URL_Patio",
    "ordre" : 3,
    "descriptif" : {
      "libelleFr" : "http://www.marseille.fr"
    }
  } ]
}