{
  "type" : "PATRIMOINE_CULTUREL",
  "id" : 5539450,
  "nom" : {
    "libelleFr" : "Fort Saint-Jean",
    "libelleEn" : "Fort Saint-Jean",
    "libelleEs" : "Fort Saint-Jean",
    "libelleIt" : "Fort Saint-Jean",
    "libelleDe" : "Fort Saint-Jean",
    "libelleNl" : "Fort Saint-Jean"
  },
  "identifier" : "SITRA2_PCU_5539450",
  "state" : "PUBLISHED",
  "gestion" : {
    "dateCreation" : "2020-05-27T15:10:09.520+0000",
    "dateModification" : "2022-02-21T14:02:38.703+0000",
    "dateExportModification" : "2022-07-01T09:41:41.108+0000",
    "membreProprietaire" : {
      "type" : {
        "elementReferenceType" : "MembreSitraType",
        "id" : 233
      },
      "nom" : "Office Métropolitain de tourisme et des congrès de Marseille",
      "dateCreation" : "2017-02-13T09:29:30.842+0000",
      "dateModification" : "2022-10-24T08:49:48.642+0000",
      "id" : 1490,
      "siteWeb" : "http://www.marseille-tourisme.com"
    },
    "signalerUnProblemeMails" : [ "alegrand@marseille-tourisme.com", "hcochet@marseille-tourisme.com", "jorengo@marseille-tourisme.com", "lchavet@marseille-tourisme.com", "mamadier@marseille-tourisme.com", "sbenimeli@marseille-tourisme.com" ]
  },
  "informations" : {
    "moyensCommunication" : [ {
      "identifiant" : 79674788,
      "type" : {
        "elementReferenceType" : "MoyenCommunicationType",
        "id" : 201
      },
      "coordonnees" : {
        "fr" : "04 84 35 13 13"
      }
    }, {
      "identifiant" : 79674789,
      "type" : {
        "elementReferenceType" : "MoyenCommunicationType",
        "id" : 205
      },
      "coordonnees" : {
        "fr" : "https://www.mucem.org/"
      }
    } ],
    "informationsLegales" : { },
    "structureGestion" : {
      "type" : "STRUCTURE",
      "id" : 5527607
    }
  },
  "presentation" : {
    "descriptifCourt" : {
      "libelleFr" : "Au XIIIe siècle, les Hospitaliers de Saint-Jean de Jérusalem installent à l'entrée du port une forteresse et une commanderie.",
      "libelleEn" : "In the 13th century, the Hospitallers of Saint John of Jerusalem set up a fortress and a commandery at the entrance to the port.",
      "libelleEs" : "En el siglo XIII, los Hospitalarios de San Juan de Jerusalén construyeron una fortaleza y una comandancia a la entrada del puerto.",
      "libelleDe" : "Der Tour Carrée wurde im 15. Jahrhundert von König René, dem Grafen der Provence, erbaut."
    },
    "descriptifDetaille" : {
      "libelleFr" : "La Tour Carrée est construite par le roi René, Comte de Provence, au XVe siècle. La tour du Fanal, bâtie en 1644, signalait l'entrée du port. Louis XIV, au XVIIe siècle sépare le fort de son quartier en creusant une large tranchée, et tient ainsi les Marseillais en respect en bâtissant de l'autre côté l'entrée du port, le fort St. Nicolas. \r\nLe fort fait partie intégrante du MuCEM : son accès sera réouvert lors de l'inauguration du musée.\r\n\"Les salles voutées abritées dans les entrailles de pierre du fort Saint-Jean, monument historique du XIIe siècle, proposeront des galeries d'exposition sur les thèmes de la fête et des spectacles. Une opportunité unique d'aborder de façon ludique des faits révélateurs de l'évolution des sociétés, en Méditerranée tout particulièrement. Dans cet espace public, les visiteurs pourront également déambuler dans un jardin méditerranéen suspendu sur les hauteurs du fort et s'émerveiller du magnifique panorama offert sur la mer.\" site Internet www.mucem.org",
      "libelleEn" : "The Tour Carrée was built by King René, Count of Provence, in the 15th century. The Fanal tower, built in 1644, signaled the entrance to the port. Louis XIV, in the 17th century, separated the fort from its neighborhood by digging a large trench, and thus kept the Marseillais in check by building the entrance to the port on the other side, Fort St. Nicolas. \r\nThe fort is an integral part of the MuCEM: its access will be reopened at the time of the museum's inauguration.\r\n\"The vaulted rooms housed in the stone bowels of Fort St. Jean, a 12th century historical monument, will offer exhibition galleries on the themes of celebration and entertainment. A unique opportunity to approach in a playful way facts revealing the evolution of societies, especially in the Mediterranean. In this public space, visitors will also be able to stroll through a Mediterranean garden suspended on the heights of the fort and marvel at the magnificent panorama offered over the sea.\" website www.mucem.org",
      "libelleEs" : "La Tour Carrée fue construida por el rey René, conde de Provenza, en el siglo XV. La torre del Fanal, construida en 1644, marcaba la entrada al puerto. Luis XIV, en el siglo XVII, separó el fuerte de su distrito cavando una amplia trinchera, y así mantuvo a raya a los marselleses construyendo la entrada al puerto por el otro lado, el fuerte San Nicolás. \r\nEl fuerte es parte integrante del MuCEM: el acceso a él se reabrirá en la inauguración del museo.\r\n\" Las salas abovedadas alojadas en las entrañas de piedra del Fuerte de San Juan, monumento histórico del siglo XII, ofrecerán galerías de exposición sobre los temas de las fiestas y los espectáculos. Se trata de una oportunidad única para abordar, de forma lúdica, hechos que revelan la evolución de las sociedades, especialmente en el Mediterráneo. En este espacio público, los visitantes también podrán pasear por un jardín mediterráneo suspendido en las alturas del fuerte y maravillarse con el magnífico panorama que ofrece el mar\". página web www.mucem.org",
      "libelleDe" : "Der 1644 erbaute Tour du Fanal signalisierte die Einfahrt zum Hafen. Ludwig XIV. trennte im 17. Jahrhundert das Fort durch einen breiten Graben von seinem Stadtteil und hielt so die Marseiller in Schach, indem er auf der anderen Seite die Hafeneinfahrt, das Fort St. Nicolas, errichtete. \r\nDas Fort ist ein integraler Bestandteil des MuCEM: Sein Zugang wird bei der Eröffnung des Museums wieder geöffnet.\r\n\"Die Gewölberäume, die in den steinernen Eingeweiden des Forts Saint-Jean, einem historischen Monument aus dem 12. Jahrhundert, untergebracht sind, werden Ausstellungsgalerien zu den Themen Fest und Spektakel bieten. Eine einzigartige Gelegenheit, sich auf spielerische Weise mit Fakten zu beschäftigen, die Aufschluss über die Entwicklung der Gesellschaften, insbesondere im Mittelmeerraum, geben. In diesem öffentlichen Raum können die Besucher auch durch einen mediterranen Garten auf den Höhen des Forts schlendern und den herrlichen Blick auf das Meer genießen.\" Website www.mucem.org"
    },
    "descriptifsThematises" : [ {
      "dateDisponibilite" : null,
      "dateLimiteDePublication" : null,
      "theme" : {
        "elementReferenceType" : "DescriptifTheme",
        "id" : 6143
      },
      "description" : {
        "libelleFr" : "Visite : uniquement circuits office du tourisme"
      }
    } ]
  },
  "localisation" : {
    "adresse" : {
      "adresse1" : "Quai du Port",
      "codePostal" : "13002",
      "bureauDistribution" : "MARSEILLE",
      "commune" : {
        "id" : 4532
      }
    },
    "geolocalisation" : {
      "complement" : {
        "libelleFr" : "Visite : uniquement circuits office du tourisme"
      },
      "valide" : true,
      "geoJson" : {
        "type" : "Point",
        "coordinates" : [ 5.362801, 43.294849 ]
      }
    },
    "perimetreGeographique" : [ {
      "id" : 4532
    } ],
    "environnements" : [ {
      "elementReferenceType" : "Environnement",
      "id" : 183
    }, {
      "elementReferenceType" : "Environnement",
      "id" : 3974
    }, {
      "elementReferenceType" : "Environnement",
      "id" : 3976
    } ]
  },
  "liens" : {
    "liensObjetsTouristiquesTypes" : [ {
      "type" : "SUR_PLACE",
      "libelleFr" : "Sur place",
      "libelleEn" : "On the premises",
      "libelleEs" : "In situ",
      "libelleIt" : "Sul posto",
      "libelleDe" : "Vor Ort",
      "libelleNl" : "Ter plaatse",
      "libelleRu" : "На месте",
      "libelleZh" : "堂食",
      "libellePtBR" : "No local",
      "libelleJa" : "現地で",
      "objetTouristique" : {
        "type" : "PATRIMOINE_CULTUREL",
        "id" : 5538413
      }
    }, {
      "type" : "SUR_PLACE",
      "libelleFr" : "Sur place",
      "libelleEn" : "On the premises",
      "libelleEs" : "In situ",
      "libelleIt" : "Sul posto",
      "libelleDe" : "Vor Ort",
      "libelleNl" : "Ter plaatse",
      "libelleRu" : "На месте",
      "libelleZh" : "堂食",
      "libellePtBR" : "No local",
      "libelleJa" : "現地で",
      "objetTouristique" : {
        "type" : "PATRIMOINE_CULTUREL",
        "id" : 5538116
      }
    } ]
  },
  "prestations" : {
    "animauxAcceptes" : "NON_DISPONIBLE",
    "animauxAcceptesSupplement" : "NON_DISPONIBLE",
    "activites" : [ {
      "elementReferenceType" : "PrestationActivite",
      "id" : 652
    } ]
  },
  "ouverture" : {
    "periodeEnClair" : {
      "libelleFr" : "Du 01/01 au 31/12 de 10h à 19h.\nFermé le mardi.",
      "libelleEn" : "From 01/01 to 31/12 between 10 am and 7 pm.\nClosed on Tuesday.",
      "libelleEs" : "Del 01/01 al 31/12 de 10 a 19.\nCerrado los martes.",
      "libelleIt" : "Dal 01/01 al 31/12 dalle 10 alle 19.\nChiuso il martedì.",
      "libelleDe" : "Vom 01/01 bis 31/12 von 10 Uhr bis 19 Uhr.\nDienstag geschlossen.",
      "libelleNl" : "Van 01/01 tot en met 31/12 van 10.00 tot en met 19.00 u.\nDinsdag gesloten.",
      "libelleRu" : "С 01/01 до 31/12 с 10h до 19h.\nНе работает вторник.",
      "libelleZh" : "从 1月1日 到 12月31日 小时小时 和 小时小时 之间.\n星期二 关闭.",
      "libellePtBR" : "De 01/01 a 31/12 de 10h a  19h.\nFechado em terça-feira.",
      "libelleJa" : "01/01 から 31/12 まで 10 午前 と 7 午後 の間.\n火曜日 は休み."
    },
    "periodeEnClairGenerationMode" : "AUTOMATIQUE",
    "indicationsPeriode" : [ {
      "elementReferenceType" : "IndicationPeriode",
      "id" : 416
    }, {
      "elementReferenceType" : "IndicationPeriode",
      "id" : 418
    }, {
      "elementReferenceType" : "IndicationPeriode",
      "id" : 435
    }, {
      "elementReferenceType" : "IndicationPeriode",
      "id" : 436
    } ],
    "periodesOuvertures" : [ {
      "identifiant" : 20959250,
      "dateDebut" : "2022-01-01",
      "dateFin" : "2022-12-31",
      "horaireOuverture" : "10:00:00",
      "horaireFermeture" : "19:00:00",
      "type" : "OUVERTURE_SAUF",
      "tousLesAns" : true,
      "ouverturesJournalieres" : [ {
        "jour" : "MARDI"
      } ],
      "identifiantTechnique" : 22745818
    } ]
  },
  "descriptionTarif" : {
    "indicationTarif" : "GRATUIT",
    "gratuit" : true,
    "tarifsEnClair" : {
      "libelleFr" : "Gratuit.",
      "libelleEn" : "Free of charge.",
      "libelleEs" : "Gratis.",
      "libelleIt" : "Gratuito.",
      "libelleDe" : "Kostenlos.",
      "libelleNl" : "Gratis.",
      "libelleRu" : "Бесплатно.",
      "libelleZh" : "免费.",
      "libellePtBR" : "Gratuito.",
      "libelleJa" : "無料."
    },
    "tarifsEnClairGenerationMode" : "AUTOMATIQUE",
    "devise" : "EUR",
    "conditions" : { }
  },
  "reservation" : { },
  "criteresInternes" : [ {
    "id" : 16775
  }, {
    "id" : 16903
  }, {
    "id" : 18002
  } ],
  "illustrations" : [ {
    "identifiant" : 11609900,
    "link" : false,
    "type" : "IMAGE",
    "nom" : {
      "libelleFr" : "Fort Saint Jean Marseille"
    },
    "legende" : {
      "libelleFr" : "Fort Saint Jean Marseille"
    },
    "copyright" : {
      "libelleFr" : "Fort saint Jean Marseille"
    },
    "traductionFichiers" : [ {
      "locale" : "fr",
      "url" : "https://static.apidae-tourisme.com/filestore/objets-touristiques/images/228/153/11639268.jpg",
      "urlListe" : "https://static.apidae-tourisme.com/filestore/objets-touristiques/images/228/153/11639268-liste.jpg",
      "urlFiche" : "https://static.apidae-tourisme.com/filestore/objets-touristiques/images/228/153/11639268-fiche.jpg",
      "urlDiaporama" : "https://static.apidae-tourisme.com/filestore/objets-touristiques/images/228/153/11639268-diaporama.jpg",
      "extension" : "jpg",
      "fileName" : "full",
      "taille" : 32146,
      "hauteur" : 300,
      "largeur" : 400,
      "lastModifiedDate" : "2021-11-23T16:06:58.000+0000"
    } ],
    "locked" : false
  }, {
    "identifiant" : 11610095,
    "link" : false,
    "type" : "IMAGE",
    "nom" : {
      "libelleFr" : "Fort Saint Jean Marseille"
    },
    "legende" : {
      "libelleFr" : "Fort Saint Jean Marseille"
    },
    "copyright" : {
      "libelleFr" : "Fort Saint Jean Marseille"
    },
    "traductionFichiers" : [ {
      "locale" : "fr",
      "url" : "https://static.apidae-tourisme.com/filestore/objets-touristiques/images/166/154/11639462.jpg",
      "urlListe" : "https://static.apidae-tourisme.com/filestore/objets-touristiques/images/166/154/11639462-liste.jpg",
      "urlFiche" : "https://static.apidae-tourisme.com/filestore/objets-touristiques/images/166/154/11639462-fiche.jpg",
      "urlDiaporama" : "https://static.apidae-tourisme.com/filestore/objets-touristiques/images/166/154/11639462-diaporama.jpg",
      "extension" : "jpg",
      "fileName" : "full",
      "taille" : 50541,
      "hauteur" : 300,
      "largeur" : 400,
      "lastModifiedDate" : "2021-11-23T16:06:58.000+0000"
    } ],
    "locked" : false
  } ],
  "visites" : {
    "visitable" : false
  },
  "territoires" : [ {
    "type" : "TERRITOIRE",
    "id" : 591381
  }, {
    "type" : "TERRITOIRE",
    "id" : 591419
  }, {
    "type" : "TERRITOIRE",
    "id" : 5127066
  }, {
    "type" : "TERRITOIRE",
    "id" : 5427637
  }, {
    "type" : "TERRITOIRE",
    "id" : 5460436
  }, {
    "type" : "TERRITOIRE",
    "id" : 5693878
  }, {
    "type" : "TERRITOIRE",
    "id" : 5693903
  }, {
    "type" : "TERRITOIRE",
    "id" : 6008197
  } ],
  "datesOuverture" : [ "2022-11-09", "2022-11-10", "2022-11-11", "2022-11-12", "2022-11-13", "2022-11-14", "2022-11-16", "2022-11-17", "2022-11-18", "2022-11-19", "2022-11-20", "2022-11-21", "2022-11-23", "2022-11-24", "2022-11-25", "2022-11-26", "2022-11-27", "2022-11-28", "2022-11-30", "2022-12-01", "2022-12-02", "2022-12-03", "2022-12-04", "2022-12-05", "2022-12-07", "2022-12-08", "2022-12-09", "2022-12-10", "2022-12-11", "2022-12-12", "2022-12-14", "2022-12-15", "2022-12-16", "2022-12-17", "2022-12-18", "2022-12-19", "2022-12-21", "2022-12-22", "2022-12-23", "2022-12-24", "2022-12-25", "2022-12-26", "2022-12-28", "2022-12-29", "2022-12-30", "2022-12-31", "2023-01-01", "2023-01-02", "2023-01-04", "2023-01-05", "2023-01-06", "2023-01-07", "2023-01-08", "2023-01-09", "2023-01-11", "2023-01-12", "2023-01-13", "2023-01-14", "2023-01-15", "2023-01-16", "2023-01-18", "2023-01-19", "2023-01-20", "2023-01-21", "2023-01-22", "2023-01-23", "2023-01-25", "2023-01-26", "2023-01-27", "2023-01-28", "2023-01-29", "2023-01-30", "2023-02-01", "2023-02-02", "2023-02-03", "2023-02-04", "2023-02-05", "2023-02-06", "2023-02-08", "2023-02-09", "2023-02-10", "2023-02-11", "2023-02-12", "2023-02-13", "2023-02-15", "2023-02-16", "2023-02-17", "2023-02-18", "2023-02-19", "2023-02-20", "2023-02-22", "2023-02-23", "2023-02-24", "2023-02-25", "2023-02-26", "2023-02-27", "2023-03-01", "2023-03-02", "2023-03-03", "2023-03-04", "2023-03-05", "2023-03-06", "2023-03-08", "2023-03-09", "2023-03-10", "2023-03-11", "2023-03-12", "2023-03-13", "2023-03-15", "2023-03-16", "2023-03-17", "2023-03-18", "2023-03-19", "2023-03-20", "2023-03-22", "2023-03-23", "2023-03-24", "2023-03-25", "2023-03-26", "2023-03-27", "2023-03-29", "2023-03-30", "2023-03-31", "2023-04-01", "2023-04-02", "2023-04-03", "2023-04-05", "2023-04-06", "2023-04-07", "2023-04-08", "2023-04-09", "2023-04-10", "2023-04-12", "2023-04-13", "2023-04-14", "2023-04-15", "2023-04-16", "2023-04-17", "2023-04-19", "2023-04-20", "2023-04-21", "2023-04-22", "2023-04-23", "2023-04-24", "2023-04-26", "2023-04-27", "2023-04-28", "2023-04-29", "2023-04-30", "2023-05-01", "2023-05-03", "2023-05-04", "2023-05-05", "2023-05-06", "2023-05-07", "2023-05-08", "2023-05-10", "2023-05-11", "2023-05-12", "2023-05-13", "2023-05-14", "2023-05-15", "2023-05-17", "2023-05-18", "2023-05-19", "2023-05-20", "2023-05-21", "2023-05-22", "2023-05-24", "2023-05-25", "2023-05-26", "2023-05-27", "2023-05-28", "2023-05-29", "2023-05-31", "2023-06-01", "2023-06-02", "2023-06-03", "2023-06-04", "2023-06-05", "2023-06-07", "2023-06-08", "2023-06-09", "2023-06-10", "2023-06-11", "2023-06-12", "2023-06-14", "2023-06-15", "2023-06-16", "2023-06-17", "2023-06-18", "2023-06-19", "2023-06-21", "2023-06-22", "2023-06-23", "2023-06-24", "2023-06-25", "2023-06-26", "2023-06-28", "2023-06-29", "2023-06-30", "2023-07-01", "2023-07-02", "2023-07-03", "2023-07-05", "2023-07-06", "2023-07-07", "2023-07-08", "2023-07-09", "2023-07-10", "2023-07-12", "2023-07-13", "2023-07-14", "2023-07-15", "2023-07-16", "2023-07-17", "2023-07-19", "2023-07-20", "2023-07-21", "2023-07-22", "2023-07-23", "2023-07-24", "2023-07-26", "2023-07-27", "2023-07-28", "2023-07-29", "2023-07-30", "2023-07-31", "2023-08-02", "2023-08-03", "2023-08-04", "2023-08-05", "2023-08-06", "2023-08-07", "2023-08-09", "2023-08-10", "2023-08-11", "2023-08-12", "2023-08-13", "2023-08-14", "2023-08-16", "2023-08-17", "2023-08-18", "2023-08-19", "2023-08-20", "2023-08-21", "2023-08-23", "2023-08-24", "2023-08-25", "2023-08-26", "2023-08-27", "2023-08-28", "2023-08-30", "2023-08-31", "2023-09-01", "2023-09-02", "2023-09-03", "2023-09-04", "2023-09-06", "2023-09-07", "2023-09-08", "2023-09-09", "2023-09-10", "2023-09-11", "2023-09-13", "2023-09-14", "2023-09-15", "2023-09-16", "2023-09-17", "2023-09-18", "2023-09-20", "2023-09-21", "2023-09-22", "2023-09-23", "2023-09-24", "2023-09-25", "2023-09-27", "2023-09-28", "2023-09-29", "2023-09-30", "2023-10-01", "2023-10-02", "2023-10-04", "2023-10-05", "2023-10-06", "2023-10-07", "2023-10-08", "2023-10-09", "2023-10-11", "2023-10-12", "2023-10-13", "2023-10-14", "2023-10-15", "2023-10-16", "2023-10-18", "2023-10-19", "2023-10-20", "2023-10-21", "2023-10-22", "2023-10-23", "2023-10-25", "2023-10-26", "2023-10-27", "2023-10-28", "2023-10-29", "2023-10-30", "2023-11-01", "2023-11-02", "2023-11-03", "2023-11-04", "2023-11-05", "2023-11-06", "2023-11-08", "2023-11-09", "2023-11-10", "2023-11-11", "2023-11-12", "2023-11-13", "2023-11-15", "2023-11-16", "2023-11-17", "2023-11-18", "2023-11-19", "2023-11-20", "2023-11-22", "2023-11-23", "2023-11-24", "2023-11-25", "2023-11-26", "2023-11-27", "2023-11-29", "2023-11-30", "2023-12-01", "2023-12-02", "2023-12-03", "2023-12-04", "2023-12-06", "2023-12-07", "2023-12-08", "2023-12-09", "2023-12-10", "2023-12-11", "2023-12-13", "2023-12-14", "2023-12-15", "2023-12-16", "2023-12-17", "2023-12-18", "2023-12-20", "2023-12-21", "2023-12-22", "2023-12-23", "2023-12-24", "2023-12-25", "2023-12-27", "2023-12-28", "2023-12-29", "2023-12-30", "2023-12-31", "2024-01-01", "2024-01-03", "2024-01-04", "2024-01-05", "2024-01-06", "2024-01-07", "2024-01-08", "2024-01-10", "2024-01-11", "2024-01-12", "2024-01-13", "2024-01-14", "2024-01-15", "2024-01-17", "2024-01-18", "2024-01-19", "2024-01-20", "2024-01-21", "2024-01-22", "2024-01-24", "2024-01-25", "2024-01-26", "2024-01-27", "2024-01-28", "2024-01-29", "2024-01-31", "2024-02-01", "2024-02-02", "2024-02-03", "2024-02-04", "2024-02-05", "2024-02-07", "2024-02-08", "2024-02-09", "2024-02-10", "2024-02-11", "2024-02-12", "2024-02-14", "2024-02-15", "2024-02-16", "2024-02-17", "2024-02-18", "2024-02-19", "2024-02-21", "2024-02-22", "2024-02-23", "2024-02-24", "2024-02-25", "2024-02-26", "2024-02-28", "2024-02-29", "2024-03-01", "2024-03-02", "2024-03-03", "2024-03-04", "2024-03-06", "2024-03-07", "2024-03-08", "2024-03-09", "2024-03-10", "2024-03-11", "2024-03-13", "2024-03-14", "2024-03-15", "2024-03-16", "2024-03-17", "2024-03-18", "2024-03-20", "2024-03-21", "2024-03-22", "2024-03-23", "2024-03-24", "2024-03-25", "2024-03-27", "2024-03-28", "2024-03-29", "2024-03-30", "2024-03-31", "2024-04-01", "2024-04-03", "2024-04-04", "2024-04-05", "2024-04-06", "2024-04-07", "2024-04-08", "2024-04-10", "2024-04-11", "2024-04-12", "2024-04-13", "2024-04-14", "2024-04-15", "2024-04-17", "2024-04-18", "2024-04-19", "2024-04-20", "2024-04-21", "2024-04-22", "2024-04-24", "2024-04-25", "2024-04-26", "2024-04-27", "2024-04-28", "2024-04-29", "2024-05-01", "2024-05-02", "2024-05-03", "2024-05-04", "2024-05-05", "2024-05-06", "2024-05-08", "2024-05-09", "2024-05-10", "2024-05-11", "2024-05-12", "2024-05-13", "2024-05-15", "2024-05-16", "2024-05-17", "2024-05-18", "2024-05-19", "2024-05-20", "2024-05-22", "2024-05-23", "2024-05-24", "2024-05-25", "2024-05-26", "2024-05-27", "2024-05-29", "2024-05-30", "2024-05-31", "2024-06-01", "2024-06-02", "2024-06-03", "2024-06-05", "2024-06-06", "2024-06-07", "2024-06-08", "2024-06-09", "2024-06-10", "2024-06-12", "2024-06-13", "2024-06-14", "2024-06-15", "2024-06-16", "2024-06-17", "2024-06-19", "2024-06-20", "2024-06-21", "2024-06-22", "2024-06-23", "2024-06-24", "2024-06-26", "2024-06-27", "2024-06-28", "2024-06-29", "2024-06-30", "2024-07-01", "2024-07-03", "2024-07-04", "2024-07-05", "2024-07-06", "2024-07-07", "2024-07-08", "2024-07-10", "2024-07-11", "2024-07-12", "2024-07-13", "2024-07-14", "2024-07-15", "2024-07-17", "2024-07-18", "2024-07-19", "2024-07-20", "2024-07-21", "2024-07-22", "2024-07-24", "2024-07-25", "2024-07-26", "2024-07-27", "2024-07-28", "2024-07-29", "2024-07-31", "2024-08-01", "2024-08-02", "2024-08-03", "2024-08-04", "2024-08-05", "2024-08-07", "2024-08-08", "2024-08-09", "2024-08-10", "2024-08-11", "2024-08-12", "2024-08-14", "2024-08-15", "2024-08-16", "2024-08-17", "2024-08-18", "2024-08-19", "2024-08-21", "2024-08-22", "2024-08-23", "2024-08-24", "2024-08-25", "2024-08-26", "2024-08-28", "2024-08-29", "2024-08-30", "2024-08-31", "2024-09-01", "2024-09-02", "2024-09-04", "2024-09-05", "2024-09-06", "2024-09-07", "2024-09-08", "2024-09-09", "2024-09-11", "2024-09-12", "2024-09-13", "2024-09-14", "2024-09-15", "2024-09-16", "2024-09-18", "2024-09-19", "2024-09-20", "2024-09-21", "2024-09-22", "2024-09-23", "2024-09-25", "2024-09-26", "2024-09-27", "2024-09-28", "2024-09-29", "2024-09-30", "2024-10-02", "2024-10-03", "2024-10-04", "2024-10-05", "2024-10-06", "2024-10-07", "2024-10-09", "2024-10-10", "2024-10-11", "2024-10-12", "2024-10-13", "2024-10-14", "2024-10-16", "2024-10-17", "2024-10-18", "2024-10-19", "2024-10-20", "2024-10-21", "2024-10-23", "2024-10-24", "2024-10-25", "2024-10-26", "2024-10-27", "2024-10-28", "2024-10-30", "2024-10-31", "2024-11-01", "2024-11-02", "2024-11-03", "2024-11-04", "2024-11-06", "2024-11-07", "2024-11-08" ],
  "informationsPatrimoineCulturel" : {
    "patrimoineCulturelType" : {
      "elementReferenceType" : "PatrimoineCulturelType",
      "id" : 3203
    },
    "categories" : [ {
      "elementReferenceType" : "PatrimoineCulturelCategorie",
      "id" : 3319
    } ]
  },
  "formatVersion" : "v002",
  "expiration" : { },
  "informationsPrestataireActivites" : {
    "prestataireActivites" : true
  },
  "enquete" : { },
  "donneesPrivees" : [ {
    "nomTechnique" : "1947_Id_patio",
    "libelleFr" : "Id_Patio",
    "ordre" : 1,
    "descriptif" : {
      "libelleFr" : "13T2000201"
    }
  }, {
    "nomTechnique" : "1947_Source_patio",
    "libelleFr" : "Source_Patio",
    "ordre" : 2,
    "descriptif" : {
      "libelleFr" : "OT Marseille"
    }
  }, {
    "nomTechnique" : "1947_Url_patio",
    "libelleFr" : "URL_Patio",
    "ordre" : 3,
    "descriptif" : {
      "libelleFr" : "http://www.marseille-tourisme.com"
    }
  } ]
}