{
  "type" : "FETE_ET_MANIFESTATION",
  "id" : 5918222,
  "nom" : {
    "libelleFr" : "Découverte commentée à bord d'un vélo taco circuit 45 minutes",
    "libelleEn" : "Guided tour on a taco bike 45 minutes",
    "libelleEs" : "Visita guiada en bicicleta de tacos 45 minutos",
    "libelleIt" : "Visita guidata su una bicicletta taco 45 minuti",
    "libelleDe" : "Découverte commentée à bord d'un vélo taco circuit 45 minutes",
    "libelleNl" : "Découverte commentée à bord d'un vélo taco circuit 45 minutes"
  },
  "identifier" : "SITRA2_EVE_5918222",
  "state" : "PUBLISHED",
  "gestion" : {
    "dateCreation" : "2021-09-16T13:37:22.228+0000",
    "dateModification" : "2021-11-24T10:27:46.110+0000",
    "dateExportModification" : "2022-06-09T07:16:13.971+0000",
    "membreProprietaire" : {
      "type" : {
        "elementReferenceType" : "MembreSitraType",
        "id" : 233
      },
      "nom" : "Office de Tourisme d'Arles",
      "dateCreation" : "2020-10-20T08:31:09.923+0000",
      "dateModification" : "2022-10-24T08:49:35.216+0000",
      "id" : 2112,
      "siteWeb" : "http://www.arlestourisme.com"
    },
    "signalerUnProblemeMails" : [ "a.quarta@arlestourisme.com", "f.soliveres@arlestourisme.com", "m.ginoux@arlestourisme.com", "m.louvet@arlestourisme.com" ]
  },
  "informations" : {
    "moyensCommunication" : [ {
      "identifiant" : 70515433,
      "type" : {
        "elementReferenceType" : "MoyenCommunicationType",
        "id" : 201
      },
      "coordonnees" : {
        "fr" : "04 90 18 41 20"
      }
    }, {
      "identifiant" : 70515436,
      "type" : {
        "elementReferenceType" : "MoyenCommunicationType",
        "id" : 204
      },
      "coordonnees" : {
        "fr" : "ot-arles@arlestourisme.com"
      }
    }, {
      "identifiant" : 70515437,
      "type" : {
        "elementReferenceType" : "MoyenCommunicationType",
        "id" : 205
      },
      "coordonnees" : {
        "fr" : "http://www.arlestourisme.com"
      }
    } ],
    "informationsLegales" : { },
    "structureGestion" : {
      "type" : "STRUCTURE",
      "id" : 5223991
    }
  },
  "presentation" : {
    "descriptifCourt" : {
      "libelleFr" : "Seul ou à 2, installez vous confortablement dans nos tacos et laissez vous guider à travers la ville. Envie de visiter Arles de manière originale, Taco and Co vous propose un circuit touristique unique pour découvrir la ville autrement de long en large.",
      "libelleEn" : "Alone or in pairs, sit comfortably in our tacos and let yourself be guided through the city. If you want to visit Arles in an original way, Taco and Co offers you a unique tour to discover the city in a different way.",
      "libelleEs" : "Solo o en pareja, siéntese cómodamente en nuestros tacos y déjese guiar por la ciudad. Si quiere visitar Arles de una manera original, Taco and Co le propone un recorrido único para descubrir la ciudad de una manera diferente.",
      "libelleIt" : "Da soli o in coppia, sedetevi comodamente nei nostri tacos e lasciatevi guidare attraverso la città. Se vuoi visitare Arles in modo originale, Taco and Co ti propone un tour unico per scoprire la città in modo diverso."
    },
    "descriptifDetaille" : {
      "libelleFr" : "Une balade commentée dans le centre ancien, en passant par ses monuments romains (Amphithéâtre, Théâtre Antique), par ses endroits incontournables (place de la République, place du Forum...) ainsi que par son quartier populaire et fleuri, la Roquette ancien quartier des mariniers.\r\n\"Tour Van Gogh centre \" :\r\nL'artiste hollandais a peint de nombreuses oeuvres sur les terres arlésiennes. Partons ensemble sur ses traces et cherchons les points de vue de ses plus grandes peintures (Café la nuit, La nuit étoilée, La maison jaune et autres).",
      "libelleEn" : "Una visita guidata del centro storico, passando per i suoi monumenti romani (Anfiteatro, Teatro Antico), i suoi luoghi imperdibili (Place de la République, Place du Forum, ecc.) e il suo quartiere popolare e fiorito, La Roquette, antico quartiere dei barconi.\r\n\"Torre di Van Gogh\":\r\nL'artista olandese ha dipinto molte opere ad Arles. Seguiamo le sue orme e cerchiamo i punti di vista dei suoi più grandi dipinti (Café la nuit, La nuit étoilée, La maison jaune e altri).",
      "libelleEs" : "Una visita guiada por el centro histórico de la ciudad, pasando por sus monumentos romanos (Anfiteatro, Teatro Antiguo), sus lugares ineludibles (Plaza de la República, Plaza del Foro, etc.) así como su barrio popular y florido, la Roquette, antiguo barrio de los barqueros.\r\n\"Torre Van Gogh\":\r\nEl artista holandés pintó muchas obras en Arles. Sigamos sus pasos y busquemos los puntos de vista de sus mejores cuadros (Café la nuit, La nuit étoilée, La maison jaune y otros).",
      "libelleIt" : "Una visita guidata del centro storico, passando per i suoi monumenti romani (Anfiteatro, Teatro Antico), i suoi luoghi imperdibili (Place de la République, Place du Forum, ecc.) e il suo quartiere popolare e fiorito, La Roquette, antico quartiere dei barconi.\r\n\"Torre di Van Gogh\":\r\nL'artista olandese ha dipinto molte opere ad Arles. Seguiamo le sue orme e cerchiamo i punti di vista dei suoi più grandi dipinti (Café la nuit, La nuit étoilée, La maison jaune e altri)."
    },
    "descriptifsThematises" : [ {
      "dateDisponibilite" : null,
      "dateLimiteDePublication" : null,
      "theme" : {
        "elementReferenceType" : "DescriptifTheme",
        "id" : 6143
      },
      "description" : {
        "libelleFr" : "MISE EN PLACE DE MESURES SANITAIRES :\n\nPort du masque pour les chauffeurs et au bureau-\nNettoyage des mains régulièrement-\nObligation pour les clients de mettre un masque(mise à disposition sur demande)-\nBâche plastique entre le chauffeur et les clients-\nNettoyage du vélo avec du gel hydroalcoolique: sièges + arceaux de montée et de descente du vélo.-\n1 passager maximum ou plusieurs si même famille"
      }
    } ]
  },
  "localisation" : {
    "adresse" : {
      "adresse1" : "Lieu à convenir au moment de la réservation",
      "codePostal" : "13200",
      "commune" : {
        "id" : 4415
      }
    },
    "geolocalisation" : {
      "valide" : true,
      "geoJson" : {
        "type" : "Point",
        "coordinates" : [ 4.627804, 43.676651 ]
      }
    },
    "perimetreGeographique" : [ {
      "id" : 4415
    } ],
    "environnements" : [ {
      "elementReferenceType" : "Environnement",
      "id" : 173
    }, {
      "elementReferenceType" : "Environnement",
      "id" : 6042
    } ]
  },
  "liens" : { },
  "prestations" : {
    "animauxAcceptes" : "NON_DISPONIBLE",
    "animauxAcceptesSupplement" : "NON_DISPONIBLE",
    "languesParlees" : [ {
      "elementReferenceType" : "Langue",
      "id" : 1197
    } ],
    "complementAccueil" : {
      "libelleFr" : "Accessible pour handicapés",
      "libelleEn" : "Accessible for disabled",
      "libelleIt" : "Accessibile ai disabili",
      "libelleDe" : "Zugänglich für Behinderte",
      "libelleNl" : "Toegankelijk voor mensen met een handicap"
    }
  },
  "ouverture" : {
    "periodeEnClair" : {
      "libelleFr" : "Du 01/01 au 31/12, tous les jours.\nSur réservation.",
      "libelleEn" : "From 01/01 to 31/12, daily.",
      "libelleEs" : "Del 01/01 al 31/12, todos los dias.",
      "libelleIt" : "Dal 01/01 al 31/12, ogni giorno.",
      "libelleDe" : "Vom 01/01 bis 31/12, täglich.",
      "libelleNl" : "Van 01/01 tot en met 31/12, iedere dag.",
      "libelleRu" : "С 01/01 до 31/12, ежедневно.",
      "libelleZh" : "从 1月1日 到 12月31日, 日常.",
      "libellePtBR" : "De 01/01 a 31/12, todos os dias.",
      "libelleJa" : "01/01 から 31/12 まで, 毎日."
    },
    "periodeEnClairGenerationMode" : "AUTOMATIQUE",
    "indicationsPeriode" : [ {
      "elementReferenceType" : "IndicationPeriode",
      "id" : 416
    }, {
      "elementReferenceType" : "IndicationPeriode",
      "id" : 418
    }, {
      "elementReferenceType" : "IndicationPeriode",
      "id" : 435
    }, {
      "elementReferenceType" : "IndicationPeriode",
      "id" : 436
    } ],
    "periodesOuvertures" : [ {
      "identifiant" : 19973964,
      "dateDebut" : "2021-01-01",
      "dateFin" : "2021-12-31",
      "complementHoraire" : {
        "libelleFr" : "sur réservation"
      },
      "type" : "OUVERTURE_TOUS_LES_JOURS",
      "tousLesAns" : true,
      "identifiantTechnique" : 22150490
    } ]
  },
  "descriptionTarif" : {
    "indicationTarif" : "PAYANT",
    "gratuit" : false,
    "tarifsEnClair" : {
      "libelleFr" : "Prestation : 45€"
    },
    "tarifsEnClairGenerationMode" : "MANUEL",
    "complement" : {
      "libelleFr" : "Prestation : 45€"
    },
    "periodes" : [ {
      "identifiant" : 11819224,
      "dateDebut" : "2021-01-01",
      "dateFin" : "2021-12-31",
      "tarifs" : [ {
        "devise" : "EUR",
        "minimum" : 45.00,
        "maximum" : 45.00,
        "type" : {
          "elementReferenceType" : "TarifType",
          "id" : 1754
        }
      } ]
    } ],
    "devise" : "EUR",
    "conditions" : { }
  },
  "reservation" : { },
  "criteresInternes" : [ {
    "id" : 16902
  } ],
  "illustrations" : [ {
    "identifiant" : 10949940,
    "link" : false,
    "type" : "IMAGE",
    "copyright" : {
      "libelleFr" : "Damien Monteux"
    },
    "traductionFichiers" : [ {
      "locale" : "fr",
      "url" : "https://static.apidae-tourisme.com/filestore/objets-touristiques/images/176/182/10860208.jpg",
      "urlListe" : "https://static.apidae-tourisme.com/filestore/objets-touristiques/images/176/182/10860208-liste.jpg",
      "urlFiche" : "https://static.apidae-tourisme.com/filestore/objets-touristiques/images/176/182/10860208-fiche.jpg",
      "urlDiaporama" : "https://static.apidae-tourisme.com/filestore/objets-touristiques/images/176/182/10860208-diaporama.jpg",
      "extension" : "jpg",
      "fileName" : "Photo_Visiter_Arles_Taco_Co_20",
      "taille" : 1685752,
      "hauteur" : 3264,
      "largeur" : 4928,
      "lastModifiedDate" : "2021-09-09T07:14:04.000+0000"
    } ],
    "locked" : false
  } ],
  "territoires" : [ {
    "type" : "TERRITOIRE",
    "id" : 324346
  }, {
    "type" : "TERRITOIRE",
    "id" : 324348
  }, {
    "type" : "TERRITOIRE",
    "id" : 591381
  }, {
    "type" : "TERRITOIRE",
    "id" : 591419
  }, {
    "type" : "TERRITOIRE",
    "id" : 658199
  }, {
    "type" : "TERRITOIRE",
    "id" : 4877700
  }, {
    "type" : "TERRITOIRE",
    "id" : 5127066
  }, {
    "type" : "TERRITOIRE",
    "id" : 5427584
  }, {
    "type" : "TERRITOIRE",
    "id" : 5447176
  }, {
    "type" : "TERRITOIRE",
    "id" : 5853849
  }, {
    "type" : "TERRITOIRE",
    "id" : 5853921
  } ],
  "datesOuverture" : [ "2022-10-10", "2022-10-11", "2022-10-12", "2022-10-13", "2022-10-14", "2022-10-15", "2022-10-16", "2022-10-17", "2022-10-18", "2022-10-19", "2022-10-20", "2022-10-21", "2022-10-22", "2022-10-23", "2022-10-24", "2022-10-25", "2022-10-26", "2022-10-27", "2022-10-28", "2022-10-29", "2022-10-30", "2022-10-31", "2022-11-01", "2022-11-02", "2022-11-03", "2022-11-04", "2022-11-05", "2022-11-06", "2022-11-07", "2022-11-08", "2022-11-09", "2022-11-10", "2022-11-11", "2022-11-12", "2022-11-13", "2022-11-14", "2022-11-15", "2022-11-16", "2022-11-17", "2022-11-18", "2022-11-19", "2022-11-20", "2022-11-21", "2022-11-22", "2022-11-23", "2022-11-24", "2022-11-25", "2022-11-26", "2022-11-27", "2022-11-28", "2022-11-29", "2022-11-30", "2022-12-01", "2022-12-02", "2022-12-03", "2022-12-04", "2022-12-05", "2022-12-06", "2022-12-07", "2022-12-08", "2022-12-09", "2022-12-10", "2022-12-11", "2022-12-12", "2022-12-13", "2022-12-14", "2022-12-15", "2022-12-16", "2022-12-17", "2022-12-18", "2022-12-19", "2022-12-20", "2022-12-21", "2022-12-22", "2022-12-23", "2022-12-24", "2022-12-25", "2022-12-26", "2022-12-27", "2022-12-28", "2022-12-29", "2022-12-30", "2022-12-31", "2023-01-01", "2023-01-02", "2023-01-03", "2023-01-04", "2023-01-05", "2023-01-06", "2023-01-07", "2023-01-08", "2023-01-09", "2023-01-10", "2023-01-11", "2023-01-12", "2023-01-13", "2023-01-14", "2023-01-15", "2023-01-16", "2023-01-17", "2023-01-18", "2023-01-19", "2023-01-20", "2023-01-21", "2023-01-22", "2023-01-23", "2023-01-24", "2023-01-25", "2023-01-26", "2023-01-27", "2023-01-28", "2023-01-29", "2023-01-30", "2023-01-31", "2023-02-01", "2023-02-02", "2023-02-03", "2023-02-04", "2023-02-05", "2023-02-06", "2023-02-07", "2023-02-08", "2023-02-09", "2023-02-10", "2023-02-11", "2023-02-12", "2023-02-13", "2023-02-14", "2023-02-15", "2023-02-16", "2023-02-17", "2023-02-18", "2023-02-19", "2023-02-20", "2023-02-21", "2023-02-22", "2023-02-23", "2023-02-24", "2023-02-25", "2023-02-26", "2023-02-27", "2023-02-28", "2023-03-01", "2023-03-02", "2023-03-03", "2023-03-04", "2023-03-05", "2023-03-06", "2023-03-07", "2023-03-08", "2023-03-09", "2023-03-10", "2023-03-11", "2023-03-12", "2023-03-13", "2023-03-14", "2023-03-15", "2023-03-16", "2023-03-17", "2023-03-18", "2023-03-19", "2023-03-20", "2023-03-21", "2023-03-22", "2023-03-23", "2023-03-24", "2023-03-25", "2023-03-26", "2023-03-27", "2023-03-28", "2023-03-29", "2023-03-30", "2023-03-31", "2023-04-01", "2023-04-02", "2023-04-03", "2023-04-04", "2023-04-05", "2023-04-06", "2023-04-07", "2023-04-08", "2023-04-09", "2023-04-10", "2023-04-11", "2023-04-12", "2023-04-13", "2023-04-14", "2023-04-15", "2023-04-16", "2023-04-17", "2023-04-18", "2023-04-19", "2023-04-20", "2023-04-21", "2023-04-22", "2023-04-23", "2023-04-24", "2023-04-25", "2023-04-26", "2023-04-27", "2023-04-28", "2023-04-29", "2023-04-30", "2023-05-01", "2023-05-02", "2023-05-03", "2023-05-04", "2023-05-05", "2023-05-06", "2023-05-07", "2023-05-08", "2023-05-09", "2023-05-10", "2023-05-11", "2023-05-12", "2023-05-13", "2023-05-14", "2023-05-15", "2023-05-16", "2023-05-17", "2023-05-18", "2023-05-19", "2023-05-20", "2023-05-21", "2023-05-22", "2023-05-23", "2023-05-24", "2023-05-25", "2023-05-26", "2023-05-27", "2023-05-28", "2023-05-29", "2023-05-30", "2023-05-31", "2023-06-01", "2023-06-02", "2023-06-03", "2023-06-04", "2023-06-05", "2023-06-06", "2023-06-07", "2023-06-08", "2023-06-09", "2023-06-10", "2023-06-11", "2023-06-12", "2023-06-13", "2023-06-14", "2023-06-15", "2023-06-16", "2023-06-17", "2023-06-18", "2023-06-19", "2023-06-20", "2023-06-21", "2023-06-22", "2023-06-23", "2023-06-24", "2023-06-25", "2023-06-26", "2023-06-27", "2023-06-28", "2023-06-29", "2023-06-30", "2023-07-01", "2023-07-02", "2023-07-03", "2023-07-04", "2023-07-05", "2023-07-06", "2023-07-07", "2023-07-08", "2023-07-09", "2023-07-10", "2023-07-11", "2023-07-12", "2023-07-13", "2023-07-14", "2023-07-15", "2023-07-16", "2023-07-17", "2023-07-18", "2023-07-19", "2023-07-20", "2023-07-21", "2023-07-22", "2023-07-23", "2023-07-24", "2023-07-25", "2023-07-26", "2023-07-27", "2023-07-28", "2023-07-29", "2023-07-30", "2023-07-31", "2023-08-01", "2023-08-02", "2023-08-03", "2023-08-04", "2023-08-05", "2023-08-06", "2023-08-07", "2023-08-08", "2023-08-09", "2023-08-10", "2023-08-11", "2023-08-12", "2023-08-13", "2023-08-14", "2023-08-15", "2023-08-16", "2023-08-17", "2023-08-18", "2023-08-19", "2023-08-20", "2023-08-21", "2023-08-22", "2023-08-23", "2023-08-24", "2023-08-25", "2023-08-26", "2023-08-27", "2023-08-28", "2023-08-29", "2023-08-30", "2023-08-31", "2023-09-01", "2023-09-02", "2023-09-03", "2023-09-04", "2023-09-05", "2023-09-06", "2023-09-07", "2023-09-08", "2023-09-09", "2023-09-10", "2023-09-11", "2023-09-12", "2023-09-13", "2023-09-14", "2023-09-15", "2023-09-16", "2023-09-17", "2023-09-18", "2023-09-19", "2023-09-20", "2023-09-21", "2023-09-22", "2023-09-23", "2023-09-24", "2023-09-25", "2023-09-26", "2023-09-27", "2023-09-28", "2023-09-29", "2023-09-30", "2023-10-01", "2023-10-02", "2023-10-03", "2023-10-04", "2023-10-05", "2023-10-06", "2023-10-07", "2023-10-08", "2023-10-09", "2023-10-10", "2023-10-11", "2023-10-12", "2023-10-13", "2023-10-14", "2023-10-15", "2023-10-16", "2023-10-17", "2023-10-18", "2023-10-19", "2023-10-20", "2023-10-21", "2023-10-22", "2023-10-23", "2023-10-24", "2023-10-25", "2023-10-26", "2023-10-27", "2023-10-28", "2023-10-29", "2023-10-30", "2023-10-31", "2023-11-01", "2023-11-02", "2023-11-03", "2023-11-04", "2023-11-05", "2023-11-06", "2023-11-07", "2023-11-08", "2023-11-09", "2023-11-10", "2023-11-11", "2023-11-12", "2023-11-13", "2023-11-14", "2023-11-15", "2023-11-16", "2023-11-17", "2023-11-18", "2023-11-19", "2023-11-20", "2023-11-21", "2023-11-22", "2023-11-23", "2023-11-24", "2023-11-25", "2023-11-26", "2023-11-27", "2023-11-28", "2023-11-29", "2023-11-30", "2023-12-01", "2023-12-02", "2023-12-03", "2023-12-04", "2023-12-05", "2023-12-06", "2023-12-07", "2023-12-08", "2023-12-09", "2023-12-10", "2023-12-11", "2023-12-12", "2023-12-13", "2023-12-14", "2023-12-15", "2023-12-16", "2023-12-17", "2023-12-18", "2023-12-19", "2023-12-20", "2023-12-21", "2023-12-22", "2023-12-23", "2023-12-24", "2023-12-25", "2023-12-26", "2023-12-27", "2023-12-28", "2023-12-29", "2023-12-30", "2023-12-31", "2024-01-01", "2024-01-02", "2024-01-03", "2024-01-04", "2024-01-05", "2024-01-06", "2024-01-07", "2024-01-08", "2024-01-09", "2024-01-10", "2024-01-11", "2024-01-12", "2024-01-13", "2024-01-14", "2024-01-15", "2024-01-16", "2024-01-17", "2024-01-18", "2024-01-19", "2024-01-20", "2024-01-21", "2024-01-22", "2024-01-23", "2024-01-24", "2024-01-25", "2024-01-26", "2024-01-27", "2024-01-28", "2024-01-29", "2024-01-30", "2024-01-31", "2024-02-01", "2024-02-02", "2024-02-03", "2024-02-04", "2024-02-05", "2024-02-06", "2024-02-07", "2024-02-08", "2024-02-09", "2024-02-10", "2024-02-11", "2024-02-12", "2024-02-13", "2024-02-14", "2024-02-15", "2024-02-16", "2024-02-17", "2024-02-18", "2024-02-19", "2024-02-20", "2024-02-21", "2024-02-22", "2024-02-23", "2024-02-24", "2024-02-25", "2024-02-26", "2024-02-27", "2024-02-28", "2024-02-29", "2024-03-01", "2024-03-02", "2024-03-03", "2024-03-04", "2024-03-05", "2024-03-06", "2024-03-07", "2024-03-08", "2024-03-09", "2024-03-10", "2024-03-11", "2024-03-12", "2024-03-13", "2024-03-14", "2024-03-15", "2024-03-16", "2024-03-17", "2024-03-18", "2024-03-19", "2024-03-20", "2024-03-21", "2024-03-22", "2024-03-23", "2024-03-24", "2024-03-25", "2024-03-26", "2024-03-27", "2024-03-28", "2024-03-29", "2024-03-30", "2024-03-31", "2024-04-01", "2024-04-02", "2024-04-03", "2024-04-04", "2024-04-05", "2024-04-06", "2024-04-07", "2024-04-08", "2024-04-09", "2024-04-10", "2024-04-11", "2024-04-12", "2024-04-13", "2024-04-14", "2024-04-15", "2024-04-16", "2024-04-17", "2024-04-18", "2024-04-19", "2024-04-20", "2024-04-21", "2024-04-22", "2024-04-23", "2024-04-24", "2024-04-25", "2024-04-26", "2024-04-27", "2024-04-28", "2024-04-29", "2024-04-30", "2024-05-01", "2024-05-02", "2024-05-03", "2024-05-04", "2024-05-05", "2024-05-06", "2024-05-07", "2024-05-08", "2024-05-09", "2024-05-10", "2024-05-11", "2024-05-12", "2024-05-13", "2024-05-14", "2024-05-15", "2024-05-16", "2024-05-17", "2024-05-18", "2024-05-19", "2024-05-20", "2024-05-21", "2024-05-22", "2024-05-23", "2024-05-24", "2024-05-25", "2024-05-26", "2024-05-27", "2024-05-28", "2024-05-29", "2024-05-30", "2024-05-31", "2024-06-01", "2024-06-02", "2024-06-03", "2024-06-04", "2024-06-05", "2024-06-06", "2024-06-07", "2024-06-08", "2024-06-09", "2024-06-10", "2024-06-11", "2024-06-12", "2024-06-13", "2024-06-14", "2024-06-15", "2024-06-16", "2024-06-17", "2024-06-18", "2024-06-19", "2024-06-20", "2024-06-21", "2024-06-22", "2024-06-23", "2024-06-24", "2024-06-25", "2024-06-26", "2024-06-27", "2024-06-28", "2024-06-29", "2024-06-30", "2024-07-01", "2024-07-02", "2024-07-03", "2024-07-04", "2024-07-05", "2024-07-06", "2024-07-07", "2024-07-08", "2024-07-09", "2024-07-10", "2024-07-11", "2024-07-12", "2024-07-13", "2024-07-14", "2024-07-15", "2024-07-16", "2024-07-17", "2024-07-18", "2024-07-19", "2024-07-20", "2024-07-21", "2024-07-22", "2024-07-23", "2024-07-24", "2024-07-25", "2024-07-26", "2024-07-27", "2024-07-28", "2024-07-29", "2024-07-30", "2024-07-31", "2024-08-01", "2024-08-02", "2024-08-03", "2024-08-04", "2024-08-05", "2024-08-06", "2024-08-07", "2024-08-08", "2024-08-09", "2024-08-10", "2024-08-11", "2024-08-12", "2024-08-13", "2024-08-14", "2024-08-15", "2024-08-16", "2024-08-17", "2024-08-18", "2024-08-19", "2024-08-20", "2024-08-21", "2024-08-22", "2024-08-23", "2024-08-24", "2024-08-25", "2024-08-26", "2024-08-27", "2024-08-28", "2024-08-29", "2024-08-30", "2024-08-31", "2024-09-01", "2024-09-02", "2024-09-03", "2024-09-04", "2024-09-05", "2024-09-06", "2024-09-07", "2024-09-08", "2024-09-09", "2024-09-10", "2024-09-11", "2024-09-12", "2024-09-13", "2024-09-14", "2024-09-15", "2024-09-16", "2024-09-17", "2024-09-18", "2024-09-19", "2024-09-20", "2024-09-21", "2024-09-22", "2024-09-23", "2024-09-24", "2024-09-25", "2024-09-26", "2024-09-27", "2024-09-28", "2024-09-29", "2024-09-30", "2024-10-01", "2024-10-02", "2024-10-03", "2024-10-04", "2024-10-05", "2024-10-06", "2024-10-07", "2024-10-08", "2024-10-09" ],
  "informationsFeteEtManifestation" : {
    "typesManifestation" : [ {
      "elementReferenceType" : "FeteEtManifestationType",
      "id" : 1958
    } ],
    "categories" : [ {
      "elementReferenceType" : "FeteEtManifestationCategorie",
      "id" : 2101
    } ],
    "themes" : [ {
      "elementReferenceType" : "FeteEtManifestationTheme",
      "id" : 2206
    } ],
    "portee" : {
      "elementReferenceType" : "FeteEtManifestationPortee",
      "id" : 2352
    }
  },
  "formatVersion" : "v002",
  "expiration" : { },
  "enquete" : { }
}