{
  "type" : "PATRIMOINE_CULTUREL",
  "id" : 5538241,
  "nom" : {
    "libelleFr" : "Musée Moulin Seigneurial",
    "libelleEn" : "Musée Moulin Seigneurial",
    "libelleIt" : "Musée Moulin Seigneurial",
    "libelleDe" : "Musée Moulin Seigneurial",
    "libelleNl" : "Musée Moulin Seigneurial"
  },
  "identifier" : "SITRA2_PCU_5538241",
  "state" : "PUBLISHED",
  "gestion" : {
    "dateCreation" : "2020-05-26T17:20:18.304+0000",
    "dateModification" : "2021-06-14T09:16:05.416+0000",
    "dateExportModification" : "2022-09-05T08:52:07.066+0000",
    "membreProprietaire" : {
      "type" : {
        "elementReferenceType" : "MembreSitraType",
        "id" : 233
      },
      "nom" : "Provence Tourisme",
      "dateCreation" : "2019-11-08T09:11:11.347+0000",
      "dateModification" : "2022-10-24T08:49:52.230+0000",
      "id" : 1947,
      "siteWeb" : "http://www.myprovence.fr"
    },
    "signalerUnProblemeMails" : [ "abartorello@myprovence.fr", "ccombrie@myprovence.fr" ]
  },
  "informations" : {
    "moyensCommunication" : [ {
      "identifiant" : 85237499,
      "type" : {
        "elementReferenceType" : "MoyenCommunicationType",
        "id" : 201
      },
      "coordonnees" : {
        "fr" : "04 42 87 73 73"
      }
    }, {
      "identifiant" : 85237608,
      "type" : {
        "elementReferenceType" : "MoyenCommunicationType",
        "id" : 205
      },
      "coordonnees" : {
        "fr" : "https://www.velaux.fr/"
      }
    }, {
      "identifiant" : 86223917,
      "type" : {
        "elementReferenceType" : "MoyenCommunicationType",
        "id" : 204
      },
      "coordonnees" : {
        "fr" : "m.calvier@mairie-de-velaux.fr"
      }
    } ],
    "informationsLegales" : { },
    "structureGestion" : {
      "type" : "STRUCTURE",
      "id" : 5693622
    }
  },
  "presentation" : {
    "descriptifCourt" : {
      "libelleFr" : "Le Moulin Seigneurial, ancien moulin à huile, accueille au rez-de-chaussée une exposition sur l'histoire locale et à l'étage une exposition des fossiles de dinosaures découverts sur le site Velaux- La Bastide Neuve."
    },
    "descriptifDetaille" : {
      "libelleFr" : "Au rez-de-chaussé, les visiteurs sont emmenés sur les traces de l'histoire de la commune, notamment grâce à une maquette représentant le village au XIXe siècle et des expositions temporaires qui abordent l'histoire de Velaux.\r\n \r\nA l'étage : Des hôtes de 74 millions d'années...\r\nL'étage du musée, de 125 m², est consacré à la paléontologie. Cette exposition permanente fait voyager le public 74 millions d'année avant notre ère, juste avant les crises climatiques qui ont vu la disparition de nombreuses espèces.\r\nLe Musée du Moulin Seigneurial accueille des hôtes de choix puisque dans les vitrines trônent, entre autres pièces, les ossements uniques de deux titanosaures,dont l'un des plus grands dinosaures européens du Crétacé supérieur, Garrigatitan meridionalis. La collection paléontologique est composée de Sauropodes (comme l’Atsinganosaurus velauciensis, le Matheronodon provincialis et le Garrigatitan meridionalis, publié en 2019), d'un ptéranodon (le Mistraladzarcho maggii), et du Dinocarcinus velauxiensis (le plus ancien crabe d’eau douce)."
    },
    "descriptifsThematises" : [ {
      "dateDisponibilite" : null,
      "dateLimiteDePublication" : null,
      "theme" : {
        "elementReferenceType" : "DescriptifTheme",
        "id" : 6143
      },
      "description" : {
        "libelleFr" : "Les visiteurs auront à disposition du gel hydro-alcoolique. Le port du masque est obligatoire car certains passages sont exigus. Un marquage au sol et une sortie différenciée guideront les visiteurs. Le Moulin Seigneurial peut accueillir 13 personnes en simultané. A partir du 6 juin des visites guidées, limitées à 5 personnes et sur inscription, seront proposées. Pour plus d'information se rendre sur le site velaux.fr ou contacter le 06 32 87 96 10."
      }
    }, {
      "dateDisponibilite" : null,
      "dateLimiteDePublication" : null,
      "theme" : {
        "elementReferenceType" : "DescriptifTheme",
        "id" : 6252
      },
      "description" : {
        "libelleFr" : "Le Garrigatitan meridionalis, découvert en 2020 sur le site de fouille archéologique de Velaux, rejoint la collection du musée."
      }
    } ]
  },
  "localisation" : {
    "adresse" : {
      "adresse1" : "Rue Curie",
      "codePostal" : "13880",
      "bureauDistribution" : "VELAUX",
      "commune" : {
        "id" : 4523
      }
    },
    "geolocalisation" : {
      "valide" : true,
      "geoJson" : {
        "type" : "Point",
        "coordinates" : [ 5.253460, 43.522272 ]
      }
    },
    "perimetreGeographique" : [ {
      "id" : 4523
    } ],
    "environnements" : [ {
      "elementReferenceType" : "Environnement",
      "id" : 173
    }, {
      "elementReferenceType" : "Environnement",
      "id" : 6042
    } ]
  },
  "liens" : { },
  "prestations" : {
    "equipements" : [ {
      "elementReferenceType" : "PrestationEquipement",
      "id" : 804
    }, {
      "elementReferenceType" : "PrestationEquipement",
      "id" : 1321
    } ],
    "services" : [ {
      "elementReferenceType" : "PrestationService",
      "id" : 1026
    }, {
      "elementReferenceType" : "PrestationService",
      "id" : 1130
    }, {
      "elementReferenceType" : "PrestationService",
      "id" : 1190
    } ],
    "animauxAcceptes" : "NON_ACCEPTES",
    "animauxAcceptesSupplement" : "NON_DISPONIBLE",
    "activites" : [ {
      "elementReferenceType" : "PrestationActivite",
      "id" : 652
    }, {
      "elementReferenceType" : "PrestationActivite",
      "id" : 750
    }, {
      "elementReferenceType" : "PrestationActivite",
      "id" : 6032
    } ],
    "languesParlees" : [ {
      "elementReferenceType" : "Langue",
      "id" : 1197
    } ],
    "complementAccueil" : {
      "libelleFr" : "Accessible pour handicapés\r\nParking public",
      "libelleEn" : "Accessible for disabled",
      "libelleIt" : "Accessibile ai disabili",
      "libelleDe" : "Zugänglich für Behinderte",
      "libelleNl" : "Toegankelijk voor mensen met een handicap"
    },
    "typesClientele" : [ {
      "elementReferenceType" : "TypeClientele",
      "id" : 593
    } ]
  },
  "ouverture" : {
    "periodeEnClair" : {
      "libelleFr" : "Du 01/07 au 31/07, tous les jours de 15h à 18h.\nOuvert le samedi.\n\nDu 01/08 au 31/08/2021.\nFermé lundi, mardi, mercredi, jeudi, vendredi, samedi et dimanche.\n\nDu 01/09 au 30/06, tous les jours de 14h à 17h.\nOuvert le samedi.",
      "libelleEn" : "From 01/07 to 31/07, daily between 3 pm and 6 pm.\n\nFrom 01/08 to 31/08/2021.\nClosed Monday, Tuesday, Wednesday, Thursday, Friday, Saturday and Sunday.\n\nFrom 01/09 to 30/06, daily between 2 pm and 5 pm.",
      "libelleEs" : "Del 01/07 al 31/07, todos los dias de 15 a 18.\n\nDel 01/08 al 31/08/2021.\nCerrado lunes, martes, miércoles, jueves, viernes, sábado y domingo.\n\nDel 01/09 al 30/06, todos los dias de 14 a 17.",
      "libelleIt" : "Dal 01/07 al 31/07, ogni giorno dalle 15 alle 18.\n\nDal 01/08 al 31/08/2021.\nChiuso lunedì, martedì, mercoledì, giovedì, venerdì, sabato e domenica.\n\nDal 01/09 al 30/06, ogni giorno dalle 14 alle 17.",
      "libelleDe" : "Vom 01/07 bis 31/07, täglich von 15 Uhr bis 18 Uhr.\n\nVom 01/08 bis 31/08/2021.\nMontag, Dienstag, Mittwoch, Donnerstag, Freitag, Samstag und Sonntag geschlossen.\n\nVom 01/09 bis 30/06, täglich von 14 Uhr bis 17 Uhr.",
      "libelleNl" : "Van 01/07 tot en met 31/07, iedere dag van 15.00 tot en met 18.00 u.\n\nVan 01/08 tot en met 31/08/2021.\nMaandag, dinsdag, woensdag, donderdag, vrijdag, zaterdag en zondag gesloten.\n\nVan 01/09 tot en met 30/06, iedere dag van 14.00 tot en met 17.00 u.",
      "libelleRu" : "С 01/07 до 31/07, ежедневно с 15h до 18h.\n\nС 01/08 до 31/08/2021.\nНе работает понедельник, вторник, среда, четверг, пятница, суббота и воскресенье.\n\nС 01/09 до 30/06, ежедневно с 14h до 17h.",
      "libelleZh" : "从 7月1日 到 7月31日, 日常 小时小时 和 小时小时 之间.\n\n从 8月1日 到 2021年8月31日.\n星期一, 星期二, 星期三, 星期四, 星期五, 星期六 和 星期日 关闭.\n\n从 9月1日 到 6月30日, 日常 小时小时 和 小时小时 之间.",
      "libellePtBR" : "De 01/07 a 31/07, todos os dias de 15h a  18h.\n\nDe 01/08 a 31/08/2021.\nFechado em segunda-feira, terça-feira, quarta-feira, quinta-feira, sexta-feira, sábado e domingo.\n\nDe 01/09 a 30/06, todos os dias de 14h a  17h.",
      "libelleJa" : "01/07 から 31/07 まで, 毎日 3 午後 と 6 午後 の間.\n\n01/08 から 31/08/2021 まで.\n月曜日, 火曜日, 水曜日, 木曜日, 金曜日, 土曜日 と 日曜日 は休み.\n\n01/09 から 30/06 まで, 毎日 2 午後 と 5 午後 の間."
    },
    "periodeEnClairGenerationMode" : "AUTOMATIQUE",
    "indicationsPeriode" : [ {
      "elementReferenceType" : "IndicationPeriode",
      "id" : 416
    }, {
      "elementReferenceType" : "IndicationPeriode",
      "id" : 418
    }, {
      "elementReferenceType" : "IndicationPeriode",
      "id" : 435
    }, {
      "elementReferenceType" : "IndicationPeriode",
      "id" : 436
    } ],
    "periodesOuvertures" : [ {
      "identifiant" : 19372512,
      "dateDebut" : "2021-08-01",
      "dateFin" : "2021-08-31",
      "type" : "OUVERTURE_SAUF",
      "tousLesAns" : false,
      "ouverturesJournalieres" : [ {
        "jour" : "LUNDI"
      }, {
        "jour" : "MARDI"
      }, {
        "jour" : "MERCREDI"
      }, {
        "jour" : "JEUDI"
      }, {
        "jour" : "VENDREDI"
      }, {
        "jour" : "SAMEDI"
      }, {
        "jour" : "DIMANCHE"
      } ],
      "identifiantTechnique" : 21176782
    }, {
      "identifiant" : 20158061,
      "dateDebut" : "2021-07-01",
      "dateFin" : "2021-07-31",
      "complementHoraire" : {
        "libelleFr" : "Ouvert le samedi"
      },
      "horaireOuverture" : "15:00:00",
      "horaireFermeture" : "18:00:00",
      "type" : "OUVERTURE_TOUS_LES_JOURS",
      "tousLesAns" : true,
      "identifiantTechnique" : 21176781
    }, {
      "identifiant" : 20158060,
      "dateDebut" : "2020-09-01",
      "dateFin" : "2021-06-30",
      "complementHoraire" : {
        "libelleFr" : "Ouvert le samedi"
      },
      "horaireOuverture" : "14:00:00",
      "horaireFermeture" : "17:00:00",
      "type" : "OUVERTURE_TOUS_LES_JOURS",
      "tousLesAns" : true,
      "identifiantTechnique" : 21176783
    } ]
  },
  "descriptionTarif" : {
    "indicationTarif" : "GRATUIT",
    "gratuit" : true,
    "tarifsEnClair" : {
      "libelleFr" : "Gratuit.",
      "libelleEn" : "Free of charge.",
      "libelleEs" : "Gratis.",
      "libelleIt" : "Gratuito.",
      "libelleDe" : "Kostenlos.",
      "libelleNl" : "Gratis.",
      "libelleRu" : "Бесплатно.",
      "libelleZh" : "免费.",
      "libellePtBR" : "Gratuito.",
      "libelleJa" : "無料."
    },
    "tarifsEnClairGenerationMode" : "AUTOMATIQUE",
    "modesPaiement" : [ {
      "elementReferenceType" : "ModePaiement",
      "id" : 1271
    }, {
      "elementReferenceType" : "ModePaiement",
      "id" : 1277
    } ],
    "devise" : "EUR",
    "conditions" : { }
  },
  "reservation" : { },
  "criteresInternes" : [ {
    "id" : 23313
  } ],
  "contacts" : [ {
    "identifiant" : 18781320,
    "referent" : true,
    "nom" : "CALVIER",
    "prenom" : "Muriel",
    "titre" : { },
    "fonction" : {
      "elementReferenceType" : "ContactFonction",
      "id" : 4196
    },
    "moyensCommunication" : [ {
      "identifiant" : 86223958,
      "type" : {
        "elementReferenceType" : "MoyenCommunicationType",
        "id" : 204
      },
      "coordonnees" : {
        "fr" : "m.calvier@mairie-de-velaux.fr"
      }
    }, {
      "identifiant" : 89543826,
      "type" : {
        "elementReferenceType" : "MoyenCommunicationType",
        "id" : 201
      },
      "coordonnees" : {
        "fr" : "06 32 87 96 10"
      }
    } ]
  } ],
  "illustrations" : [ {
    "identifiant" : 10269786,
    "link" : false,
    "type" : "IMAGE",
    "nom" : {
      "libelleFr" : "13MUS000017_1_WEB.jpg"
    },
    "legende" : { },
    "copyright" : { },
    "traductionFichiers" : [ {
      "locale" : "fr",
      "url" : "https://static.apidae-tourisme.com/filestore/objets-touristiques/images/50/83/10048306.jpg",
      "urlListe" : "https://static.apidae-tourisme.com/filestore/objets-touristiques/images/50/83/10048306-liste.jpg",
      "urlFiche" : "https://static.apidae-tourisme.com/filestore/objets-touristiques/images/50/83/10048306-fiche.jpg",
      "urlDiaporama" : "https://static.apidae-tourisme.com/filestore/objets-touristiques/images/50/83/10048306-diaporama.jpg",
      "extension" : "jpg",
      "fileName" : "full",
      "taille" : 16006,
      "hauteur" : 400,
      "largeur" : 300,
      "lastModifiedDate" : "2021-06-14T09:15:44.000+0000"
    } ],
    "locked" : false
  }, {
    "identifiant" : 10269787,
    "link" : false,
    "type" : "IMAGE",
    "nom" : {
      "libelleFr" : "13MUS000017_2_WEB.jpg"
    },
    "legende" : { },
    "copyright" : { },
    "traductionFichiers" : [ {
      "locale" : "fr",
      "url" : "https://static.apidae-tourisme.com/filestore/objets-touristiques/images/52/83/10048308.jpg",
      "urlListe" : "https://static.apidae-tourisme.com/filestore/objets-touristiques/images/52/83/10048308-liste.jpg",
      "urlFiche" : "https://static.apidae-tourisme.com/filestore/objets-touristiques/images/52/83/10048308-fiche.jpg",
      "urlDiaporama" : "https://static.apidae-tourisme.com/filestore/objets-touristiques/images/52/83/10048308-diaporama.jpg",
      "extension" : "jpg",
      "fileName" : "full",
      "taille" : 33205,
      "hauteur" : 400,
      "largeur" : 300,
      "lastModifiedDate" : "2021-06-14T09:15:44.000+0000"
    } ],
    "locked" : false
  } ],
  "tourismeAffaires" : {
    "tourismeAffairesEnabled" : true,
    "sallesEquipement" : [ {
      "elementReferenceType" : "SalleEquipement",
      "id" : 1259
    } ],
    "nombreSallesReunionEquipees" : 2
  },
  "visites" : {
    "visitable" : true,
    "prestationsVisitesIndividuelles" : [ {
      "elementReferenceType" : "PrestationVisiteIndividuelle",
      "id" : 480
    }, {
      "elementReferenceType" : "PrestationVisiteIndividuelle",
      "id" : 483
    } ],
    "prestationsVisitesGroupees" : [ {
      "elementReferenceType" : "PrestationVisiteGroupee",
      "id" : 488
    }, {
      "elementReferenceType" : "PrestationVisiteGroupee",
      "id" : 491
    } ]
  },
  "territoires" : [ {
    "type" : "TERRITOIRE",
    "id" : 591381
  }, {
    "type" : "TERRITOIRE",
    "id" : 591419
  }, {
    "type" : "TERRITOIRE",
    "id" : 5127066
  }, {
    "type" : "TERRITOIRE",
    "id" : 5427637
  }, {
    "type" : "TERRITOIRE",
    "id" : 5693839
  }, {
    "type" : "TERRITOIRE",
    "id" : 5693907
  }, {
    "type" : "TERRITOIRE",
    "id" : 5775948
  }, {
    "type" : "TERRITOIRE",
    "id" : 5853933
  } ],
  "datesOuverture" : [ "2023-07-01", "2023-07-02", "2023-07-03", "2023-07-04", "2023-07-05", "2023-07-06", "2023-07-07", "2023-07-08", "2023-07-09", "2023-07-10", "2023-07-11", "2023-07-12", "2023-07-13", "2023-07-14", "2023-07-15", "2023-07-16", "2023-07-17", "2023-07-18", "2023-07-19", "2023-07-20", "2023-07-21", "2023-07-22", "2023-07-23", "2023-07-24", "2023-07-25", "2023-07-26", "2023-07-27", "2023-07-28", "2023-07-29", "2023-07-30", "2023-07-31", "2024-07-01", "2024-07-02", "2024-07-03", "2024-07-04", "2024-07-05", "2024-07-06", "2024-07-07", "2024-07-08", "2024-07-09", "2024-07-10", "2024-07-11", "2024-07-12", "2024-07-13", "2024-07-14", "2024-07-15", "2024-07-16", "2024-07-17", "2024-07-18", "2024-07-19", "2024-07-20", "2024-07-21", "2024-07-22", "2024-07-23", "2024-07-24", "2024-07-25", "2024-07-26", "2024-07-27", "2024-07-28", "2024-07-29", "2024-07-30", "2024-07-31", "2022-11-09", "2022-11-10", "2022-11-11", "2022-11-12", "2022-11-13", "2022-11-14", "2022-11-15", "2022-11-16", "2022-11-17", "2022-11-18", "2022-11-19", "2022-11-20", "2022-11-21", "2022-11-22", "2022-11-23", "2022-11-24", "2022-11-25", "2022-11-26", "2022-11-27", "2022-11-28", "2022-11-29", "2022-11-30", "2022-12-01", "2022-12-02", "2022-12-03", "2022-12-04", "2022-12-05", "2022-12-06", "2022-12-07", "2022-12-08", "2022-12-09", "2022-12-10", "2022-12-11", "2022-12-12", "2022-12-13", "2022-12-14", "2022-12-15", "2022-12-16", "2022-12-17", "2022-12-18", "2022-12-19", "2022-12-20", "2022-12-21", "2022-12-22", "2022-12-23", "2022-12-24", "2022-12-25", "2022-12-26", "2022-12-27", "2022-12-28", "2022-12-29", "2022-12-30", "2022-12-31", "2023-01-01", "2023-01-02", "2023-01-03", "2023-01-04", "2023-01-05", "2023-01-06", "2023-01-07", "2023-01-08", "2023-01-09", "2023-01-10", "2023-01-11", "2023-01-12", "2023-01-13", "2023-01-14", "2023-01-15", "2023-01-16", "2023-01-17", "2023-01-18", "2023-01-19", "2023-01-20", "2023-01-21", "2023-01-22", "2023-01-23", "2023-01-24", "2023-01-25", "2023-01-26", "2023-01-27", "2023-01-28", "2023-01-29", "2023-01-30", "2023-01-31", "2023-02-01", "2023-02-02", "2023-02-03", "2023-02-04", "2023-02-05", "2023-02-06", "2023-02-07", "2023-02-08", "2023-02-09", "2023-02-10", "2023-02-11", "2023-02-12", "2023-02-13", "2023-02-14", "2023-02-15", "2023-02-16", "2023-02-17", "2023-02-18", "2023-02-19", "2023-02-20", "2023-02-21", "2023-02-22", "2023-02-23", "2023-02-24", "2023-02-25", "2023-02-26", "2023-02-27", "2023-02-28", "2023-03-01", "2023-03-02", "2023-03-03", "2023-03-04", "2023-03-05", "2023-03-06", "2023-03-07", "2023-03-08", "2023-03-09", "2023-03-10", "2023-03-11", "2023-03-12", "2023-03-13", "2023-03-14", "2023-03-15", "2023-03-16", "2023-03-17", "2023-03-18", "2023-03-19", "2023-03-20", "2023-03-21", "2023-03-22", "2023-03-23", "2023-03-24", "2023-03-25", "2023-03-26", "2023-03-27", "2023-03-28", "2023-03-29", "2023-03-30", "2023-03-31", "2023-04-01", "2023-04-02", "2023-04-03", "2023-04-04", "2023-04-05", "2023-04-06", "2023-04-07", "2023-04-08", "2023-04-09", "2023-04-10", "2023-04-11", "2023-04-12", "2023-04-13", "2023-04-14", "2023-04-15", "2023-04-16", "2023-04-17", "2023-04-18", "2023-04-19", "2023-04-20", "2023-04-21", "2023-04-22", "2023-04-23", "2023-04-24", "2023-04-25", "2023-04-26", "2023-04-27", "2023-04-28", "2023-04-29", "2023-04-30", "2023-05-01", "2023-05-02", "2023-05-03", "2023-05-04", "2023-05-05", "2023-05-06", "2023-05-07", "2023-05-08", "2023-05-09", "2023-05-10", "2023-05-11", "2023-05-12", "2023-05-13", "2023-05-14", "2023-05-15", "2023-05-16", "2023-05-17", "2023-05-18", "2023-05-19", "2023-05-20", "2023-05-21", "2023-05-22", "2023-05-23", "2023-05-24", "2023-05-25", "2023-05-26", "2023-05-27", "2023-05-28", "2023-05-29", "2023-05-30", "2023-05-31", "2023-06-01", "2023-06-02", "2023-06-03", "2023-06-04", "2023-06-05", "2023-06-06", "2023-06-07", "2023-06-08", "2023-06-09", "2023-06-10", "2023-06-11", "2023-06-12", "2023-06-13", "2023-06-14", "2023-06-15", "2023-06-16", "2023-06-17", "2023-06-18", "2023-06-19", "2023-06-20", "2023-06-21", "2023-06-22", "2023-06-23", "2023-06-24", "2023-06-25", "2023-06-26", "2023-06-27", "2023-06-28", "2023-06-29", "2023-06-30", "2023-09-01", "2023-09-02", "2023-09-03", "2023-09-04", "2023-09-05", "2023-09-06", "2023-09-07", "2023-09-08", "2023-09-09", "2023-09-10", "2023-09-11", "2023-09-12", "2023-09-13", "2023-09-14", "2023-09-15", "2023-09-16", "2023-09-17", "2023-09-18", "2023-09-19", "2023-09-20", "2023-09-21", "2023-09-22", "2023-09-23", "2023-09-24", "2023-09-25", "2023-09-26", "2023-09-27", "2023-09-28", "2023-09-29", "2023-09-30", "2023-10-01", "2023-10-02", "2023-10-03", "2023-10-04", "2023-10-05", "2023-10-06", "2023-10-07", "2023-10-08", "2023-10-09", "2023-10-10", "2023-10-11", "2023-10-12", "2023-10-13", "2023-10-14", "2023-10-15", "2023-10-16", "2023-10-17", "2023-10-18", "2023-10-19", "2023-10-20", "2023-10-21", "2023-10-22", "2023-10-23", "2023-10-24", "2023-10-25", "2023-10-26", "2023-10-27", "2023-10-28", "2023-10-29", "2023-10-30", "2023-10-31", "2023-11-01", "2023-11-02", "2023-11-03", "2023-11-04", "2023-11-05", "2023-11-06", "2023-11-07", "2023-11-08", "2023-11-09", "2023-11-10", "2023-11-11", "2023-11-12", "2023-11-13", "2023-11-14", "2023-11-15", "2023-11-16", "2023-11-17", "2023-11-18", "2023-11-19", "2023-11-20", "2023-11-21", "2023-11-22", "2023-11-23", "2023-11-24", "2023-11-25", "2023-11-26", "2023-11-27", "2023-11-28", "2023-11-29", "2023-11-30", "2023-12-01", "2023-12-02", "2023-12-03", "2023-12-04", "2023-12-05", "2023-12-06", "2023-12-07", "2023-12-08", "2023-12-09", "2023-12-10", "2023-12-11", "2023-12-12", "2023-12-13", "2023-12-14", "2023-12-15", "2023-12-16", "2023-12-17", "2023-12-18", "2023-12-19", "2023-12-20", "2023-12-21", "2023-12-22", "2023-12-23", "2023-12-24", "2023-12-25", "2023-12-26", "2023-12-27", "2023-12-28", "2023-12-29", "2023-12-30", "2023-12-31", "2024-01-01", "2024-01-02", "2024-01-03", "2024-01-04", "2024-01-05", "2024-01-06", "2024-01-07", "2024-01-08", "2024-01-09", "2024-01-10", "2024-01-11", "2024-01-12", "2024-01-13", "2024-01-14", "2024-01-15", "2024-01-16", "2024-01-17", "2024-01-18", "2024-01-19", "2024-01-20", "2024-01-21", "2024-01-22", "2024-01-23", "2024-01-24", "2024-01-25", "2024-01-26", "2024-01-27", "2024-01-28", "2024-01-29", "2024-01-30", "2024-01-31", "2024-02-01", "2024-02-02", "2024-02-03", "2024-02-04", "2024-02-05", "2024-02-06", "2024-02-07", "2024-02-08", "2024-02-09", "2024-02-10", "2024-02-11", "2024-02-12", "2024-02-13", "2024-02-14", "2024-02-15", "2024-02-16", "2024-02-17", "2024-02-18", "2024-02-19", "2024-02-20", "2024-02-21", "2024-02-22", "2024-02-23", "2024-02-24", "2024-02-25", "2024-02-26", "2024-02-27", "2024-02-28", "2024-02-29", "2024-03-01", "2024-03-02", "2024-03-03", "2024-03-04", "2024-03-05", "2024-03-06", "2024-03-07", "2024-03-08", "2024-03-09", "2024-03-10", "2024-03-11", "2024-03-12", "2024-03-13", "2024-03-14", "2024-03-15", "2024-03-16", "2024-03-17", "2024-03-18", "2024-03-19", "2024-03-20", "2024-03-21", "2024-03-22", "2024-03-23", "2024-03-24", "2024-03-25", "2024-03-26", "2024-03-27", "2024-03-28", "2024-03-29", "2024-03-30", "2024-03-31", "2024-04-01", "2024-04-02", "2024-04-03", "2024-04-04", "2024-04-05", "2024-04-06", "2024-04-07", "2024-04-08", "2024-04-09", "2024-04-10", "2024-04-11", "2024-04-12", "2024-04-13", "2024-04-14", "2024-04-15", "2024-04-16", "2024-04-17", "2024-04-18", "2024-04-19", "2024-04-20", "2024-04-21", "2024-04-22", "2024-04-23", "2024-04-24", "2024-04-25", "2024-04-26", "2024-04-27", "2024-04-28", "2024-04-29", "2024-04-30", "2024-05-01", "2024-05-02", "2024-05-03", "2024-05-04", "2024-05-05", "2024-05-06", "2024-05-07", "2024-05-08", "2024-05-09", "2024-05-10", "2024-05-11", "2024-05-12", "2024-05-13", "2024-05-14", "2024-05-15", "2024-05-16", "2024-05-17", "2024-05-18", "2024-05-19", "2024-05-20", "2024-05-21", "2024-05-22", "2024-05-23", "2024-05-24", "2024-05-25", "2024-05-26", "2024-05-27", "2024-05-28", "2024-05-29", "2024-05-30", "2024-05-31", "2024-06-01", "2024-06-02", "2024-06-03", "2024-06-04", "2024-06-05", "2024-06-06", "2024-06-07", "2024-06-08", "2024-06-09", "2024-06-10", "2024-06-11", "2024-06-12", "2024-06-13", "2024-06-14", "2024-06-15", "2024-06-16", "2024-06-17", "2024-06-18", "2024-06-19", "2024-06-20", "2024-06-21", "2024-06-22", "2024-06-23", "2024-06-24", "2024-06-25", "2024-06-26", "2024-06-27", "2024-06-28", "2024-06-29", "2024-06-30", "2024-09-01", "2024-09-02", "2024-09-03", "2024-09-04", "2024-09-05", "2024-09-06", "2024-09-07", "2024-09-08", "2024-09-09", "2024-09-10", "2024-09-11", "2024-09-12", "2024-09-13", "2024-09-14", "2024-09-15", "2024-09-16", "2024-09-17", "2024-09-18", "2024-09-19", "2024-09-20", "2024-09-21", "2024-09-22", "2024-09-23", "2024-09-24", "2024-09-25", "2024-09-26", "2024-09-27", "2024-09-28", "2024-09-29", "2024-09-30", "2024-10-01", "2024-10-02", "2024-10-03", "2024-10-04", "2024-10-05", "2024-10-06", "2024-10-07", "2024-10-08", "2024-10-09", "2024-10-10", "2024-10-11", "2024-10-12", "2024-10-13", "2024-10-14", "2024-10-15", "2024-10-16", "2024-10-17", "2024-10-18", "2024-10-19", "2024-10-20", "2024-10-21", "2024-10-22", "2024-10-23", "2024-10-24", "2024-10-25", "2024-10-26", "2024-10-27", "2024-10-28", "2024-10-29", "2024-10-30", "2024-10-31", "2024-11-01", "2024-11-02", "2024-11-03", "2024-11-04", "2024-11-05", "2024-11-06", "2024-11-07", "2024-11-08" ],
  "informationsPatrimoineCulturel" : {
    "patrimoineCulturelType" : {
      "elementReferenceType" : "PatrimoineCulturelType",
      "id" : 3201
    },
    "themes" : [ {
      "elementReferenceType" : "PatrimoineCulturelTheme",
      "id" : 3419
    }, {
      "elementReferenceType" : "PatrimoineCulturelTheme",
      "id" : 3456
    } ],
    "categories" : [ {
      "elementReferenceType" : "PatrimoineCulturelCategorie",
      "id" : 3229
    } ]
  },
  "formatVersion" : "v002",
  "expiration" : { },
  "informationsPrestataireActivites" : {
    "prestataireActivites" : true
  },
  "enquete" : {
    "enquetes" : [ {
      "identifiant" : 1598272,
      "annee" : 2021,
      "retour" : true,
      "titre" : {
        "elementReferenceType" : "EnqueteTitre",
        "id" : 3934
      }
    } ]
  },
  "donneesPrivees" : [ {
    "nomTechnique" : "1947_Id_patio",
    "libelleFr" : "Id_Patio",
    "ordre" : 1,
    "descriptif" : {
      "libelleFr" : "13MUS000017"
    }
  }, {
    "nomTechnique" : "1947_Source_patio",
    "libelleFr" : "Source_Patio",
    "ordre" : 2,
    "descriptif" : {
      "libelleFr" : "Provence Tourisme"
    }
  }, {
    "nomTechnique" : "1947_Url_patio",
    "libelleFr" : "URL_Patio",
    "ordre" : 3,
    "descriptif" : {
      "libelleFr" : "http://www.myprovence.fr"
    }
  } ]
}