{
  "type" : "PATRIMOINE_CULTUREL",
  "id" : 5538501,
  "nom" : {
    "libelleFr" : "MAC Arteum - musée d'art contemporain",
    "libelleEn" : "MAC Arteum - Museum of Contemporary Art.",
    "libelleEs" : "Musée Arteum",
    "libelleIt" : "Musée Arteum",
    "libelleDe" : "Musée Arteum",
    "libelleNl" : "Musée Arteum"
  },
  "identifier" : "SITRA2_PCU_5538501",
  "state" : "PUBLISHED",
  "gestion" : {
    "dateCreation" : "2020-05-26T17:41:50.502+0000",
    "dateModification" : "2022-01-07T08:20:51.315+0000",
    "dateExportModification" : "2022-10-26T13:07:46.756+0000",
    "membreProprietaire" : {
      "type" : {
        "elementReferenceType" : "MembreSitraType",
        "id" : 233
      },
      "nom" : "Office de Tourisme d'Aix en Provence",
      "dateCreation" : "2020-02-14T10:34:37.912+0000",
      "dateModification" : "2022-10-24T08:49:34.452+0000",
      "id" : 1988,
      "siteWeb" : "http://www.aixenprovencetourism.com"
    },
    "signalerUnProblemeMails" : [ "jchevalier@aixenprovencetourism.com", "sdardenne@aixenprovencetourism.com", "vmontpellaz@aixenprovencetourism.com" ]
  },
  "informations" : {
    "moyensCommunication" : [ {
      "identifiant" : 70512821,
      "type" : {
        "elementReferenceType" : "MoyenCommunicationType",
        "id" : 201
      },
      "coordonnees" : {
        "fr" : "04 84 47 06 40"
      }
    }, {
      "identifiant" : 79629320,
      "type" : {
        "elementReferenceType" : "MoyenCommunicationType",
        "id" : 201
      },
      "coordonnees" : {
        "fr" : "06 19 23 33 92"
      }
    }, {
      "identifiant" : 70512823,
      "type" : {
        "elementReferenceType" : "MoyenCommunicationType",
        "id" : 204
      },
      "coordonnees" : {
        "fr" : "mac.arteum@gmail.com"
      }
    }, {
      "identifiant" : 70512824,
      "type" : {
        "elementReferenceType" : "MoyenCommunicationType",
        "id" : 205
      },
      "coordonnees" : {
        "fr" : "http://www.mac-arteum.com"
      }
    }, {
      "identifiant" : 79629323,
      "type" : {
        "elementReferenceType" : "MoyenCommunicationType",
        "id" : 207
      },
      "coordonnees" : {
        "fr" : "https://www.facebook.com/macarteum/"
      }
    } ],
    "informationsLegales" : {
      "siret" : "383170860014",
      "codeApeNaf" : "925A"
    },
    "structureGestion" : {
      "type" : "STRUCTURE",
      "id" : 5223089
    }
  },
  "presentation" : {
    "descriptifCourt" : {
      "libelleFr" : "En multipliant les partenariats et en variant les thématiques, l'espace d'art Arteum est devenu depuis quelques années un lieu de rencontres et d'échanges entre les artistes de notoriété régionale, nationale et internationale,"
    },
    "descriptifDetaille" : {
      "libelleFr" : "Depuis 1985, hébergé par la municipalité de Châteauneuf-le-Rouge, le MAC Arteum est installé au 2ème étage du château de l'hôtel de ville. Sur plus de 200 m2 d'espace d'exposition, le centre d'art dispose de sept salles en intérieur, qui en font un lieu atypique et singulier. Au fil des années,\r\nla programmation a évolué vers la création actuelle, sans jamais perdre de vue la référence au passé, ce qui contribue à son identité.\r\nA partir de 2011, des expositions d'oeuvres éphémères en lien avec le paysage environnant et réalisées in situ sur commande, ont pris place dans le parc du château. Depuis, des performances artistiques confortent une programmation exigeante orientée vers l'expérimentation. Avec trois à quatre expositions par an, en plus de son action de diffusion, le MAC Arteum s'engage dans une politique de soutien à la création contemporaine et aux jeunes créateurs par l'aide à la production, tout en privilégiant l'accès à l'art pour tous en région Provence Alpes Côte d'Azur.\r\n\r\nLa programmation culturelle, les collaborations engagées et les actions menées ont aussi pour objectif de créer un terreau fertile à l'éducation des plus jeunes ainsi qu'à l'activité même de la ville. Une place importante est donnée aux actions pédagogiques, en partenariat avec les écoles d'art, Aix-Marseille Université mais aussi groupes scolaires, collèges du secteur. Le lieu travaille également à offrir une médiation adaptée à chacun de ses publics. Des visites commentées, sur rendez-vous, accueillent différents groupes : enfants des écoles et collèges,étudiants en art, groupes venus d'instituts médico-éducatifs ou spécialisés, adultes tous publics...\r\nUn travail de proximité avec la médiathèque, l'Ecole Municipale de Musique, Danse, Théâtre, l'IFAC, le groupe scolaire Sainte Victoire, le collège Jean Zay de Rousset se poursuit.\r\n\r\nA partir de 2012, la programmation, conduite par Christiane Courbon, curatrice et critique d'art, se tourne vers l'ouverture et le croisement des champs culturels et artistiques. Dans ce cadre, le MAC Arteum rejoint deux projets labellisés Marseille Provence 2013, Capitale Européenne de la Culture. Dès 2014, les partenariats s'élargissent et se formalisent avec des galeries et des structures nombreuses et diversifiées. La biennale de dessin devient annuelle et s'inscrit dans la saison du dessin de Paréidolie, premier salon international de dessin contemporain à Marseille. Pour autant, la filiation en art reste une des orientations du lieu et les projets prennent en compte cette référence à l'Histoire de l'Art. Les publications affirment une nouvelle recherche d'identités singulières, avec l'édition de deux catalogues dans l'année, qui évoluera progressivement vers des microéditions en interne et des publications en partenariat avec d'autres structures, dans le\r\ncadre de projets élargis.\r\nEn 2017, le MAC Arteum intègre le réseau Marseille expos, qui devrait prochainement changer de nom, puisqu'il couvre à présent un territoire très vaste, élargi à la Métropole, au Département et appelé à grandir encore.\r\nEn 2018, le MAC Arteum participe à Quel amour ! Projet labellisé MP2018, dans le cadre d'un échange avec l'Ecosse. Des performances hors les murs, à Marseille et à Aix-en-Provence, élargissent encore le rayonnement du lieu. L'exposition Habiter entame un cycle d'ouverture du lieu à plus d'interaction et de résidence adaptée. Un artiste y a construit son atelier d'habitation. Il s'agit d'une nouvelle orientation : accueil, réflexion, passage, installation, travail, vivre ensemble.\r\n\r\n2019 est l'année de l'implication dans les grands thèmes que portent le Conseil Départemental \" la Gastronomie en Provence \" et le FRAC PACA avec \" Des marches démarches.\". L'inscription dans la saison du dessin de Paréidolie est maintenue. Performances et rencontres\r\nsont multipliées.\r\nEn 2020, la programmation d'Arteum ouvre sur l'actualité de la jeune création contemporaine, y compris dans la création numérique, tout en faisant référence à l'histoire de l'art dans son évolution en lien avec la réalité du territoire sur lequel il est basé.\r\n\r\n\r\nEntrée libre. \r\nVisites commentées sur inscription.\r\nTarifs pour visites de groupe et ateliers sur demande.",
      "libelleEn" : "Since 1990, the Arteum museum of contemporary art has promoted Art in the magnificent rooms of the château (17th century) of Châteauneuf le Rouge town hall. \r\n\r\n\r\nThe ARTEUM museum (Artistes Représentatifs des Tendances et Unités Méridionales – Artists Representing Southern French Trends and Unity) has a collection of 100 works, the earliest by painters of Marseille's Péano and Quai de Rive Neuve, and the contemporary works of plastic artists living in the Provence-Côte d'Azur region. \r\n\r\n\r\nThe museum has a permanent collection of works by artists from 1900 to the present day. \r\n\r\n\r\nThere is also a reconstruction of the studio of painter Arsène Sari. This artist, born in 1895, was advised by Renoir and Guillaumin...."
    }
  },
  "localisation" : {
    "adresse" : {
      "adresse1" : "Le Château - Hôtel de Ville",
      "adresse2" : "Place Auguste Baret",
      "adresse3" : "RN7",
      "codePostal" : "13790",
      "bureauDistribution" : "CHATEAUNEUF LE ROUGE",
      "commune" : {
        "id" : 4436
      }
    },
    "geolocalisation" : {
      "valide" : true,
      "geoJson" : {
        "type" : "Point",
        "coordinates" : [ 5.568994, 43.489070 ]
      }
    },
    "perimetreGeographique" : [ {
      "id" : 4436
    } ]
  },
  "liens" : {
    "liensObjetsTouristiquesTypes" : [ {
      "type" : "SUR_PLACE",
      "libelleFr" : "Sur place",
      "libelleEn" : "On the premises",
      "libelleEs" : "In situ",
      "libelleIt" : "Sul posto",
      "libelleDe" : "Vor Ort",
      "libelleNl" : "Ter plaatse",
      "libelleRu" : "На месте",
      "libelleZh" : "堂食",
      "libellePtBR" : "No local",
      "libelleJa" : "現地で",
      "objetTouristique" : {
        "type" : "FETE_ET_MANIFESTATION",
        "id" : 6245303
      }
    }, {
      "type" : "SUR_PLACE",
      "libelleFr" : "Sur place",
      "libelleEn" : "On the premises",
      "libelleEs" : "In situ",
      "libelleIt" : "Sul posto",
      "libelleDe" : "Vor Ort",
      "libelleNl" : "Ter plaatse",
      "libelleRu" : "На месте",
      "libelleZh" : "堂食",
      "libellePtBR" : "No local",
      "libelleJa" : "現地で",
      "objetTouristique" : {
        "type" : "FETE_ET_MANIFESTATION",
        "id" : 6308588
      }
    }, {
      "type" : "SUR_PLACE",
      "libelleFr" : "Sur place",
      "libelleEn" : "On the premises",
      "libelleEs" : "In situ",
      "libelleIt" : "Sul posto",
      "libelleDe" : "Vor Ort",
      "libelleNl" : "Ter plaatse",
      "libelleRu" : "На месте",
      "libelleZh" : "堂食",
      "libellePtBR" : "No local",
      "libelleJa" : "現地で",
      "objetTouristique" : {
        "type" : "FETE_ET_MANIFESTATION",
        "id" : 6308620
      }
    } ]
  },
  "prestations" : {
    "animauxAcceptes" : "NON_DISPONIBLE",
    "animauxAcceptesSupplement" : "NON_DISPONIBLE",
    "languesParlees" : [ {
      "elementReferenceType" : "Langue",
      "id" : 1192
    }, {
      "elementReferenceType" : "Langue",
      "id" : 1197
    } ],
    "typesClientele" : [ {
      "elementReferenceType" : "TypeClientele",
      "id" : 593
    } ]
  },
  "ouverture" : {
    "periodeEnClair" : {
      "libelleFr" : "Du 01/01 au 31/12/2022, tous les mercredis, jeudis, vendredis et samedis de 14h à 18h.\nFermetures exceptionnelles les 1er janvier, 1er mai et 25 décembre.\nMusée ouvert lors des expositions temporaires.",
      "libelleEn" : "From 01/01 to 31/12/2022, every Wednesday, Thursday, Friday and Saturday between 2 pm and 6 pm.\nClosed exceptionally on January 1st, May 1st and December 25th.\nOpen during exhibitions.",
      "libelleEs" : "Del 01/01 al 31/12/2022, todos los miércoles, jueves, viernes y sábados de 14 a 18.\nSe cierra, excepcionalmente los días 1er de enero, 1er de mayo y 25 de diciembre.",
      "libelleIt" : "Dal 01/01 al 31/12/2022, tutti i mercoledì, giovedì, venerdì e sabati dalle 14 alle 18.\nChiusura eccezionale 1° gennaio, 1° maggio e 25 dicembre.",
      "libelleDe" : "Vom 01/01 bis 31/12/2022, jeden Mittwoch, Donnerstag, Freitag und Samstag von 14 Uhr bis 18 Uhr.\nAusnahmsweise geschlossen am 1. Januar, 1. Mai und 25. Dezember.",
      "libelleNl" : "Van 01/01 tot en met 31/12/2022, elke woensdag, donderdag, vrijdag en zaterdag van 14.00 tot en met 18.00 u.\nBij uitzondering gesloten op 1 januari, 1 mei en 25 december.",
      "libelleRu" : "С 01/01 до 31/12/2022, каждый среды, четверги, пятницы и субботы с 14h до 18h.\nВ порядке исключения не работает 1 января, 1 мая и 25 декабря.",
      "libelleZh" : "从 1月1日 到 2022年12月31日, 每星期三, 星期四, 星期五 和 星期六 小时小时 和 小时小时 之间.\n在 1月1日, 5月1日 和 12月25日 例外关闭.",
      "libellePtBR" : "De 01/01 a 31/12/2022, todas as quartas-feiras, quintas-feiras, sextas-feiras e sábados de 14h a  18h.\nFechamentos excepcionais em 1º de janeiro, 1º de maio e 25 de dezembro.",
      "libelleJa" : "01/01 から 31/12/2022 まで, 毎水曜日, 木曜日, 金曜日 と 土曜日 2 午後 と 6 午後 の間.\n1月1日, 5月1日 と 12月25日 は特別休業."
    },
    "periodeEnClairGenerationMode" : "AUTOMATIQUE",
    "indicationsPeriode" : [ {
      "elementReferenceType" : "IndicationPeriode",
      "id" : 416
    }, {
      "elementReferenceType" : "IndicationPeriode",
      "id" : 418
    }, {
      "elementReferenceType" : "IndicationPeriode",
      "id" : 435
    }, {
      "elementReferenceType" : "IndicationPeriode",
      "id" : 436
    } ],
    "periodesOuvertures" : [ {
      "identifiant" : 20140845,
      "dateDebut" : "2022-01-01",
      "dateFin" : "2022-12-31",
      "complementHoraire" : {
        "libelleFr" : "Musée ouvert lors des expositions temporaires",
        "libelleEn" : "Open during exhibitions."
      },
      "horaireOuverture" : "14:00:00",
      "horaireFermeture" : "18:00:00",
      "type" : "OUVERTURE_SEMAINE",
      "tousLesAns" : false,
      "ouverturesJournalieres" : [ {
        "jour" : "MERCREDI"
      }, {
        "jour" : "JEUDI"
      }, {
        "jour" : "VENDREDI"
      }, {
        "jour" : "SAMEDI"
      } ],
      "identifiantTechnique" : 22427199
    } ],
    "fermeturesExceptionnelles" : [ {
      "dateSpeciale" : "PREMIER_JANVIER"
    }, {
      "dateSpeciale" : "PREMIER_MAI"
    }, {
      "dateSpeciale" : "VINGT_CINQ_DECEMBRE"
    } ]
  },
  "descriptionTarif" : {
    "indicationTarif" : "PAYANT",
    "gratuit" : false,
    "tarifsEnClair" : {
      "libelleFr" : "Entrée libre.\r\nAteliers et visites de groupe sur demande.\r\nVisite commentée : 4€ / personne.",
      "libelleEn" : "Free entry.\r\nWorkshops and group visits on request.\r\nGuided tour: € 4 / person."
    },
    "tarifsEnClairGenerationMode" : "AUTOMATIQUE",
    "complement" : {
      "libelleFr" : "Entrée libre.\r\nAteliers et visites de groupe sur demande.\r\nVisite commentée : 4€ / personne",
      "libelleEn" : "Free entry.\r\nWorkshops and group visits on request.\r\nGuided tour: € 4 / person"
    },
    "modesPaiement" : [ {
      "elementReferenceType" : "ModePaiement",
      "id" : 1271
    }, {
      "elementReferenceType" : "ModePaiement",
      "id" : 1277
    } ],
    "devise" : "EUR",
    "conditions" : { }
  },
  "reservation" : { },
  "criteresInternes" : [ {
    "id" : 16775
  } ],
  "contacts" : [ {
    "identifiant" : 19925724,
    "referent" : true,
    "civilite" : {
      "elementReferenceType" : "ContactCivilite",
      "id" : 442
    },
    "nom" : "Geoffrenet",
    "prenom" : "Léna",
    "fonction" : {
      "elementReferenceType" : "ContactFonction",
      "id" : 467
    },
    "moyensCommunication" : [ {
      "identifiant" : 93850807,
      "type" : {
        "elementReferenceType" : "MoyenCommunicationType",
        "id" : 204
      },
      "coordonnees" : {
        "fr" : "communication.arteum@gmail.com"
      }
    } ]
  }, {
    "identifiant" : 19925956,
    "referent" : false,
    "civilite" : {
      "elementReferenceType" : "ContactCivilite",
      "id" : 442
    },
    "nom" : "Courbon",
    "prenom" : "Christiane",
    "fonction" : {
      "elementReferenceType" : "ContactFonction",
      "id" : 4196
    }
  } ],
  "illustrations" : [ {
    "identifiant" : 9195691,
    "link" : false,
    "type" : "IMAGE",
    "nom" : {
      "libelleFr" : "13T2000327_3_HD.jpg"
    },
    "copyright" : {
      "libelleFr" : "Mac Arteum"
    },
    "traductionFichiers" : [ {
      "locale" : "fr",
      "url" : "https://static.apidae-tourisme.com/filestore/objets-touristiques/images/148/143/8949652.jpg",
      "urlListe" : "https://static.apidae-tourisme.com/filestore/objets-touristiques/images/148/143/8949652-liste.jpg",
      "urlFiche" : "https://static.apidae-tourisme.com/filestore/objets-touristiques/images/148/143/8949652-fiche.jpg",
      "urlDiaporama" : "https://static.apidae-tourisme.com/filestore/objets-touristiques/images/148/143/8949652-diaporama.jpg",
      "extension" : "jpg",
      "fileName" : "full",
      "taille" : 558409,
      "hauteur" : 1440,
      "largeur" : 1920,
      "lastModifiedDate" : "2020-12-10T05:09:15.000+0000"
    } ],
    "locked" : false
  }, {
    "identifiant" : 9195692,
    "link" : false,
    "type" : "IMAGE",
    "nom" : {
      "libelleFr" : "13T2000327_4_HD.jpg"
    },
    "copyright" : {
      "libelleFr" : "Mac Arteum"
    },
    "traductionFichiers" : [ {
      "locale" : "fr",
      "url" : "https://static.apidae-tourisme.com/filestore/objets-touristiques/images/149/143/8949653.jpg",
      "urlListe" : "https://static.apidae-tourisme.com/filestore/objets-touristiques/images/149/143/8949653-liste.jpg",
      "urlFiche" : "https://static.apidae-tourisme.com/filestore/objets-touristiques/images/149/143/8949653-fiche.jpg",
      "urlDiaporama" : "https://static.apidae-tourisme.com/filestore/objets-touristiques/images/149/143/8949653-diaporama.jpg",
      "extension" : "jpg",
      "fileName" : "full",
      "taille" : 226696,
      "hauteur" : 1440,
      "largeur" : 1920,
      "lastModifiedDate" : "2020-12-10T05:09:16.000+0000"
    } ],
    "locked" : false
  }, {
    "identifiant" : 9195693,
    "link" : false,
    "type" : "IMAGE",
    "nom" : {
      "libelleFr" : "13T2000327_5_HD.jpg"
    },
    "copyright" : {
      "libelleFr" : "Mac Arteum"
    },
    "traductionFichiers" : [ {
      "locale" : "fr",
      "url" : "https://static.apidae-tourisme.com/filestore/objets-touristiques/images/150/143/8949654.jpg",
      "urlListe" : "https://static.apidae-tourisme.com/filestore/objets-touristiques/images/150/143/8949654-liste.jpg",
      "urlFiche" : "https://static.apidae-tourisme.com/filestore/objets-touristiques/images/150/143/8949654-fiche.jpg",
      "urlDiaporama" : "https://static.apidae-tourisme.com/filestore/objets-touristiques/images/150/143/8949654-diaporama.jpg",
      "extension" : "jpg",
      "fileName" : "full",
      "taille" : 503555,
      "hauteur" : 1440,
      "largeur" : 1920,
      "lastModifiedDate" : "2020-12-10T05:09:16.000+0000"
    } ],
    "locked" : false
  }, {
    "identifiant" : 9524776,
    "link" : false,
    "type" : "IMAGE",
    "copyright" : {
      "libelleFr" : "DR"
    },
    "traductionFichiers" : [ {
      "locale" : "fr",
      "url" : "https://static.apidae-tourisme.com/filestore/objets-touristiques/images/249/167/9283577.jpg",
      "urlListe" : "https://static.apidae-tourisme.com/filestore/objets-touristiques/images/249/167/9283577-liste.jpg",
      "urlFiche" : "https://static.apidae-tourisme.com/filestore/objets-touristiques/images/249/167/9283577-fiche.jpg",
      "urlDiaporama" : "https://static.apidae-tourisme.com/filestore/objets-touristiques/images/249/167/9283577-diaporama.jpg",
      "extension" : "jpg",
      "fileName" : "mac 1",
      "taille" : 393027,
      "hauteur" : 700,
      "largeur" : 1200,
      "lastModifiedDate" : "2021-02-12T10:26:15.000+0000"
    } ],
    "locked" : false
  }, {
    "identifiant" : 9524780,
    "link" : false,
    "type" : "IMAGE",
    "copyright" : {
      "libelleFr" : "DR"
    },
    "traductionFichiers" : [ {
      "locale" : "fr",
      "url" : "https://static.apidae-tourisme.com/filestore/objets-touristiques/images/253/167/9283581.jpg",
      "urlListe" : "https://static.apidae-tourisme.com/filestore/objets-touristiques/images/253/167/9283581-liste.jpg",
      "urlFiche" : "https://static.apidae-tourisme.com/filestore/objets-touristiques/images/253/167/9283581-fiche.jpg",
      "urlDiaporama" : "https://static.apidae-tourisme.com/filestore/objets-touristiques/images/253/167/9283581-diaporama.jpg",
      "extension" : "jpg",
      "fileName" : "mac 2",
      "taille" : 277282,
      "hauteur" : 900,
      "largeur" : 1200,
      "lastModifiedDate" : "2021-02-12T10:26:15.000+0000"
    } ],
    "locked" : false
  } ],
  "multimedias" : [ {
    "identifiant" : 11563986,
    "link" : true,
    "type" : "INSTAGRAM",
    "nom" : {
      "libelleFr" : "Instagram",
      "libelleEn" : "Instagram"
    },
    "traductionFichiers" : [ {
      "locale" : "fr",
      "url" : "https://www.instagram.com/arteummac/"
    }, {
      "locale" : "en",
      "url" : "https://www.instagram.com/arteummac/"
    } ],
    "locked" : false
  } ],
  "visites" : {
    "visitable" : false
  },
  "territoires" : [ {
    "type" : "TERRITOIRE",
    "id" : 591381
  }, {
    "type" : "TERRITOIRE",
    "id" : 591419
  }, {
    "type" : "TERRITOIRE",
    "id" : 5127066
  }, {
    "type" : "TERRITOIRE",
    "id" : 5427620
  }, {
    "type" : "TERRITOIRE",
    "id" : 5427637
  }, {
    "type" : "TERRITOIRE",
    "id" : 5460325
  }, {
    "type" : "TERRITOIRE",
    "id" : 5775948
  }, {
    "type" : "TERRITOIRE",
    "id" : 5853930
  } ],
  "datesOuverture" : [ "2022-10-26", "2022-10-27", "2022-10-28", "2022-10-29", "2022-11-02", "2022-11-03", "2022-11-04", "2022-11-05", "2022-11-09", "2022-11-10", "2022-11-11", "2022-11-12", "2022-11-16", "2022-11-17", "2022-11-18", "2022-11-19", "2022-11-23", "2022-11-24", "2022-11-25", "2022-11-26", "2022-11-30", "2022-12-01", "2022-12-02", "2022-12-03", "2022-12-07", "2022-12-08", "2022-12-09", "2022-12-10", "2022-12-14", "2022-12-15", "2022-12-16", "2022-12-17", "2022-12-21", "2022-12-22", "2022-12-23", "2022-12-24", "2022-12-28", "2022-12-29", "2022-12-30", "2022-12-31" ],
  "informationsPatrimoineCulturel" : {
    "patrimoineCulturelType" : {
      "elementReferenceType" : "PatrimoineCulturelType",
      "id" : 3201
    },
    "themes" : [ {
      "elementReferenceType" : "PatrimoineCulturelTheme",
      "id" : 3393
    }, {
      "elementReferenceType" : "PatrimoineCulturelTheme",
      "id" : 3420
    } ]
  },
  "formatVersion" : "v002",
  "expiration" : {
    "dateExpiration" : "2022-12-31T00:00:00.000+0000"
  },
  "informationsPrestataireActivites" : {
    "prestataireActivites" : false
  },
  "enquete" : { },
  "donneesPrivees" : [ {
    "nomTechnique" : "1947_Id_patio",
    "libelleFr" : "Id_Patio",
    "ordre" : 1,
    "descriptif" : {
      "libelleFr" : "13T2000327"
    }
  }, {
    "nomTechnique" : "1947_Source_patio",
    "libelleFr" : "Source_Patio",
    "ordre" : 2,
    "descriptif" : {
      "libelleFr" : "OT Aix en Provence"
    }
  }, {
    "nomTechnique" : "1947_Url_patio",
    "libelleFr" : "URL_Patio",
    "ordre" : 3,
    "descriptif" : {
      "libelleFr" : "http://www.aixenprovencetourism.com"
    }
  } ],
  "metadonnees" : [ {
    "noeudId" : "fairguest",
    "contenus" : [ {
      "cible" : "general",
      "metadonnee" : {
        "note" : 9.5,
        "label" : "Excellent",
        "couleur" : "#277712",
        "nombreAvis" : 10,
        "dateMaj" : 1657223360838
      }
    } ]
  } ]
}