{
  "type" : "FETE_ET_MANIFESTATION",
  "id" : 5469261,
  "nom" : {
    "libelleFr" : "Collections permanentes du Musée d'Arts Africains, Océaniens, Amérindiens",
    "libelleEn" : "Parures de plumes amérindiennes",
    "libelleIt" : "Parures de plumes amérindiennes",
    "libelleDe" : "Parures de plumes amérindiennes",
    "libelleNl" : "Parures de plumes amérindiennes"
  },
  "identifier" : "SITRA2_EVE_5469261",
  "state" : "PUBLISHED",
  "gestion" : {
    "dateCreation" : "2020-03-04T09:15:53.613+0000",
    "dateModification" : "2022-04-27T12:38:58.574+0000",
    "dateExportModification" : "2022-04-27T12:38:58.789+0000",
    "membreProprietaire" : {
      "type" : {
        "elementReferenceType" : "MembreSitraType",
        "id" : 233
      },
      "nom" : "Ville de Marseille",
      "dateCreation" : "2017-01-24T06:54:50.567+0000",
      "dateModification" : "2022-10-24T08:49:51.518+0000",
      "id" : 1470,
      "siteWeb" : "http://www.marseille.fr/"
    },
    "signalerUnProblemeMails" : [ "narezki@marseille.fr", "sortir@marseille.fr" ]
  },
  "informations" : {
    "moyensCommunication" : [ {
      "identifiant" : 77081028,
      "type" : {
        "elementReferenceType" : "MoyenCommunicationType",
        "id" : 205
      },
      "coordonnees" : {
        "fr" : "http://musees.marseille.fr/musee-darts-africains-oceaniens-amerindiens-maaoa"
      }
    } ],
    "informationsLegales" : { },
    "structureGestion" : {
      "type" : "STRUCTURE",
      "id" : 5222833
    }
  },
  "presentation" : {
    "descriptifCourt" : {
      "libelleFr" : "Le Musée d’Arts Africains, Océaniens et Amérindiens (MAAOA) propose une importante collection d’objets d’arts extra-européens, à la fois témoins culturels et œuvres à part entière."
    },
    "descriptifDetaille" : {
      "libelleFr" : "Le Musée d'Arts Africains, Océaniens, Amérindiens (MAAOA) propose une importante collection d'objets d'arts extra-européens, à la fois témoins culturels et oeuvres à part entière. Né de collections remarquables, il contribue à une meilleure connaissance des cultures d'Afrique, d'Océanie et des Amériques.\r\n\r\nDivers regards ont été successivement portés sur les collections extra-européennes. D'abord perçus comme objets de pure curiosité, elles participèrent dès le 18e siècle à une première appréhension de la diversité culturelle du monde. Le 20e siècle fut le cadre d'une double reconnaissance de ces objets, tant par les scientifiques qui les documentèrent, que par les artistes proclamant l'apport de ces arts dans leurs réflexions et expérimentations de nouvelles formes. Des collectionneurs éclairés se sont inscrits dans ces deux sillages. Ce début du 21e siècle s'ouvre sur la question de la provenance de ces oeuvres, celle de leur utilité dans le musée ou de leur restitution dans leur pays d'origine.\r\n\r\nLe MAAOA est l'héritier de ces regards. Il l'est par la nature des collections qu'il présente (anciennes collections privées, dépôts, reliquats des musées coloniaux, collectes plus récentes), il l'est aussi de par sa mission : rendre intelligibles aujourd'hui ces objets, témoignages de l'histoire de la culture des hommes et des sociétés dont ils sont issus.\r\n\r\nLa spécificité et l'intérêt du MAAOA résident dans les trois salles qui composent sa collection permanente : chacune née d'une collection originale.\r\n\r\n- La salle Afrique est constituée en partie d'une donation faite à la Ville par les héritiers de Pierre Guerre (1910-1978) grand collectionneur d'art africain, fasciné par ce continent depuis l'âge de 12 ans. Cette collection est composée d'une centaine de masques, statues... auxquels s'ajoutent des objets en dépôt de la CCIMP et autres acquisitions.\r\nParmi les pièces phares : un masque Marka (Mali), trois reliquaires bieri Fang exceptionnels (Gabon), ou encore un masque Nuna (Burkina Faso).\r\n\r\n- La salle Océanie-Amériques : la Ville de Marseille fit l'acquisition en 1989 de la collection unique du neurologue marseillais Henri Gastaut (1915-1995) : une série de 80 crânes collectés dans le monde entier, des crânes humains sculptés, peints, surmodelés ou encore gravés, provenant essentiellement d'Océanie et des Amériques.\r\n\r\nA cette collection exceptionnelle s'ajoutent également des oeuvres en dépôt de la CCIMP, des objets issus de collectes effectuées par le MAAOA au Vanuatu, ainsi que de magnifiques parures de plumes amérindiennes provenant du don de Marcel Heckenroth (1902-2008), médecin en Guyane, entre 1939 et 1942.\r\n\r\n- La salle Mexique est consacrée à une collection d'art populaire mexicain tout à fait remarquable : composée de près de 3000 objets - masques, tableaux de laine, arbres de vie, sculptures - que le réalisateur François Reichenbach (1921-1993) a acquis au cours de ses nombreux voyages au Mexique et qu'il a légués en 1994 à la Ville de Marseille. En 2016, la collection de Bernard Meusnier, composée de remarquables tissu huipil, et de magnifiques sculptures alebrijes, ces fameux monstres de papier mâché, venait compléter l'ensemble.\r\n\r\n\"Se voir est une chose, se connaître en est une autre.\" Proverbe africain\r\n\r\nN'hésitez pas à contacter le musée avant votre venue pour préparer votre visite. Nous vous recommandons également de contacter le musée pour toute visite prévue autour des collections permanentes, les week-ends, afin d'éviter tout désagrément. Nous vous remercions de votre compréhension.\r\n\r\n\r\n► Afin d'être certain(e) de pouvoir bénéficier de la visite complète de toutes nos salles d'exposition, nous vous invitons à contacter le Musée avant votre visite\r\n\r\n► Toutes les visites et activités autour de l'exposition sont disponibles sur le site musees.marseille.fr"
    }
  },
  "localisation" : {
    "adresse" : {
      "nomDuLieu" : "Musée d'Arts Africains, Océaniens et Amérindiens (MAAOA)",
      "adresse1" : "Centre de la Vieille Charité",
      "adresse2" : "2 Rue De la Charité",
      "codePostal" : "13002",
      "bureauDistribution" : "MARSEILLE",
      "commune" : {
        "id" : 4466
      }
    },
    "geolocalisation" : {
      "complement" : { },
      "valide" : true,
      "geoJson" : {
        "type" : "Point",
        "coordinates" : [ 5.367946, 43.300121 ]
      }
    },
    "perimetreGeographique" : [ {
      "id" : 4466
    } ]
  },
  "liens" : { },
  "prestations" : {
    "animauxAcceptes" : "NON_DISPONIBLE",
    "animauxAcceptesSupplement" : "NON_DISPONIBLE",
    "complementAccueil" : {
      "libelleEn" : "Accessible for disabled",
      "libelleIt" : "Accessibile ai disabili",
      "libelleDe" : "Zugänglich für Behinderte",
      "libelleNl" : "Toegankelijk voor mensen met een handicap"
    }
  },
  "ouverture" : {
    "periodeEnClair" : {
      "libelleFr" : "Du 01/01 au 31/12/2022 de 9h à 18h sauf les 1er janvier, 1er mai, 1er novembre, 11 novembre et 25 décembre.\nFermé le lundi.\nDu mardi au dimanche de 9h à 18h.\r\n\r\nOuvertures exceptionnelles : Lundi de Pâques, Jeudi de l'Ascension, Lundi de Pentecôte.",
      "libelleEn" : "From 01/01 to 31/12/2022 between 9 am and 6 pm except on January 1st, May 1st, November 1st, November 11th and December 25th.\nClosed on Monday.",
      "libelleEs" : "Del 01/01 al 31/12/2022 de 9 a 18 excepto los días 1er de enero, 1er de mayo, 1er de noviembre, 11 de noviembre y 25 de diciembre.\nCerrado los lunes.",
      "libelleIt" : "Dal 01/01 al 31/12/2022 dalle 9 alle 18 tranne 1° gennaio, 1° maggio, 1° novembre, 11 novembre e 25 dicembre.\nChiuso il lunedì.",
      "libelleDe" : "Vom 01/01 bis 31/12/2022 von 9 Uhr bis 18 Uhr (außer 1. Januar, 1. Mai, 1. November, 11. Dezember und 25. Dezember).\nMontag geschlossen.",
      "libelleNl" : "Van 01/01 tot en met 31/12/2022 van 9.00 tot en met 18.00 u m.u.v. 1 januari, 1 mei, 1er november, 11 november en 25 december.\nMaandag gesloten.",
      "libelleRu" : "С 01/01 до 31/12/2022 с 9h до 18h кроме 1 января, 1 мая, 1 ноября, 11 ноября и 25 декабря.\nНе работает понедельник.",
      "libelleZh" : "从 1月1日 到 2022年12月31日 小时小时 和 小时小时 之间 不包括 1月1日, 5月1日, 11月1日, 11月11日 和 12月25日.\n星期一 关闭.",
      "libellePtBR" : "De 01/01 a 31/12/2022 de 9h a  18h exceto em 1º de janeiro, 1º de maio, 1º de novembro, 11 de novembro e 25 de dezembro.\nFechado em segunda-feira.",
      "libelleJa" : "01/01 から 31/12/2022 まで 9 午前 と 6 午後 の間 1月1日, 5月1日, 11月1日, 11月11日 と 12月25日 を除き.\n月曜日 は休み."
    },
    "periodeEnClairGenerationMode" : "AUTOMATIQUE",
    "indicationsPeriode" : [ {
      "elementReferenceType" : "IndicationPeriode",
      "id" : 416
    }, {
      "elementReferenceType" : "IndicationPeriode",
      "id" : 418
    }, {
      "elementReferenceType" : "IndicationPeriode",
      "id" : 435
    }, {
      "elementReferenceType" : "IndicationPeriode",
      "id" : 436
    } ],
    "periodesOuvertures" : [ {
      "identifiant" : 22328916,
      "dateDebut" : "2022-01-01",
      "dateFin" : "2022-12-31",
      "complementHoraire" : {
        "libelleFr" : "Du mardi au dimanche de 9h à 18h.\r\n\r\nOuvertures exceptionnelles : Lundi de Pâques, Jeudi de l'Ascension, Lundi de Pentecôte"
      },
      "horaireOuverture" : "09:00:00",
      "horaireFermeture" : "18:00:00",
      "type" : "OUVERTURE_SAUF",
      "tousLesAns" : false,
      "ouverturesJournalieres" : [ {
        "jour" : "LUNDI"
      } ],
      "identifiantTechnique" : 23204995
    } ],
    "fermeturesExceptionnelles" : [ {
      "dateSpeciale" : "PREMIER_JANVIER"
    }, {
      "dateSpeciale" : "PREMIER_MAI"
    }, {
      "dateSpeciale" : "PREMIER_NOVEMBRE"
    }, {
      "dateSpeciale" : "ONZE_NOVEMBRE"
    }, {
      "dateSpeciale" : "VINGT_CINQ_DECEMBRE"
    } ]
  },
  "descriptionTarif" : {
    "indicationTarif" : "GRATUIT",
    "gratuit" : true,
    "tarifsEnClair" : {
      "libelleFr" : "Gratuit.",
      "libelleEn" : "Free of charge.",
      "libelleEs" : "Gratis.",
      "libelleIt" : "Gratuito.",
      "libelleDe" : "Kostenlos.",
      "libelleNl" : "Gratis.",
      "libelleRu" : "Бесплатно.",
      "libelleZh" : "免费.",
      "libellePtBR" : "Gratuito.",
      "libelleJa" : "無料."
    },
    "tarifsEnClairGenerationMode" : "AUTOMATIQUE",
    "complement" : { },
    "devise" : "EUR",
    "conditions" : { }
  },
  "reservation" : { },
  "criteresInternes" : [ {
    "id" : 16802
  } ],
  "illustrations" : [ {
    "identifiant" : 9424347,
    "link" : false,
    "type" : "IMAGE",
    "nom" : {
      "libelleFr" : "Collections permanentes du Musée d'Arts Africains, Océaniens, Amérindiens"
    },
    "copyright" : {
      "libelleFr" : "Kachina © Ville de Marseille / Claude Almodovar et Michel Vialle"
    },
    "traductionFichiers" : [ {
      "locale" : "fr",
      "url" : "https://static.apidae-tourisme.com/filestore/objets-touristiques/images/122/25/9181562.jpg",
      "urlListe" : "https://static.apidae-tourisme.com/filestore/objets-touristiques/images/122/25/9181562-liste.jpg",
      "urlFiche" : "https://static.apidae-tourisme.com/filestore/objets-touristiques/images/122/25/9181562-fiche.jpg",
      "urlDiaporama" : "https://static.apidae-tourisme.com/filestore/objets-touristiques/images/122/25/9181562-diaporama.jpg",
      "extension" : "jpg",
      "fileName" : "africains musee",
      "taille" : 66640,
      "hauteur" : 800,
      "largeur" : 600,
      "lastModifiedDate" : "2021-01-26T09:16:14.000+0000"
    } ],
    "locked" : false
  } ],
  "territoires" : [ {
    "type" : "TERRITOIRE",
    "id" : 591381
  }, {
    "type" : "TERRITOIRE",
    "id" : 591419
  }, {
    "type" : "TERRITOIRE",
    "id" : 5127066
  }, {
    "type" : "TERRITOIRE",
    "id" : 5427637
  }, {
    "type" : "TERRITOIRE",
    "id" : 5460436
  }, {
    "type" : "TERRITOIRE",
    "id" : 5693758
  }, {
    "type" : "TERRITOIRE",
    "id" : 5693878
  }, {
    "type" : "TERRITOIRE",
    "id" : 5693903
  }, {
    "type" : "TERRITOIRE",
    "id" : 6008197
  } ],
  "datesOuverture" : [ "2022-11-02", "2022-11-03", "2022-11-04", "2022-11-05", "2022-11-06", "2022-11-08", "2022-11-09", "2022-11-10", "2022-11-12", "2022-11-13", "2022-11-15", "2022-11-16", "2022-11-17", "2022-11-18", "2022-11-19", "2022-11-20", "2022-11-22", "2022-11-23", "2022-11-24", "2022-11-25", "2022-11-26", "2022-11-27", "2022-11-29", "2022-11-30", "2022-12-01", "2022-12-02", "2022-12-03", "2022-12-04", "2022-12-06", "2022-12-07", "2022-12-08", "2022-12-09", "2022-12-10", "2022-12-11", "2022-12-13", "2022-12-14", "2022-12-15", "2022-12-16", "2022-12-17", "2022-12-18", "2022-12-20", "2022-12-21", "2022-12-22", "2022-12-23", "2022-12-24", "2022-12-27", "2022-12-28", "2022-12-29", "2022-12-30", "2022-12-31" ],
  "informationsFeteEtManifestation" : {
    "typesManifestation" : [ {
      "elementReferenceType" : "FeteEtManifestationType",
      "id" : 1958
    } ],
    "categories" : [ {
      "elementReferenceType" : "FeteEtManifestationCategorie",
      "id" : 2080
    } ],
    "themes" : [ {
      "elementReferenceType" : "FeteEtManifestationTheme",
      "id" : 2168
    }, {
      "elementReferenceType" : "FeteEtManifestationTheme",
      "id" : 2206
    }, {
      "elementReferenceType" : "FeteEtManifestationTheme",
      "id" : 2232
    }, {
      "elementReferenceType" : "FeteEtManifestationTheme",
      "id" : 2252
    } ],
    "portee" : {
      "elementReferenceType" : "FeteEtManifestationPortee",
      "id" : 2351
    },
    "nomLieu" : "Musée d'Arts Africains, Océaniens et Amérindiens (MAAOA)"
  },
  "formatVersion" : "v002",
  "expiration" : {
    "dateExpiration" : "2022-12-31T00:00:00.000+0000",
    "expirationAction" : "MASQUER_AUTOMATIQUEMENT"
  },
  "enquete" : { },
  "donneesPrivees" : [ {
    "nomTechnique" : "1947_Id_patio",
    "libelleFr" : "Id_Patio",
    "ordre" : 1,
    "descriptif" : {
      "libelleFr" : "13EVT033590"
    }
  }, {
    "nomTechnique" : "1947_Source_patio",
    "libelleFr" : "Source_Patio",
    "ordre" : 2,
    "descriptif" : {
      "libelleFr" : "Ville de Marseille"
    }
  }, {
    "nomTechnique" : "1947_Url_patio",
    "libelleFr" : "URL_Patio",
    "ordre" : 3,
    "descriptif" : {
      "libelleFr" : "http://www.marseille.fr"
    }
  } ]
}