{
  "type" : "FETE_ET_MANIFESTATION",
  "id" : 5940382,
  "nom" : {
    "libelleFr" : "Animations à l'Atelier Louis Jou"
  },
  "identifier" : "SITRA2_EVE_5940382",
  "state" : "PUBLISHED",
  "gestion" : {
    "dateCreation" : "2021-10-10T09:36:14.439+0000",
    "dateModification" : "2022-07-11T12:21:41.179+0000",
    "dateExportModification" : "2022-07-11T12:21:42.381+0000",
    "membreProprietaire" : {
      "type" : {
        "elementReferenceType" : "MembreSitraType",
        "id" : 233
      },
      "nom" : "Office de Tourisme des Baux de Provence",
      "dateCreation" : "2020-09-25T06:26:38.958+0000",
      "dateModification" : "2022-10-24T08:49:44.523+0000",
      "id" : 2087,
      "siteWeb" : "http://www.lesbauxdeprovence.com"
    },
    "signalerUnProblemeMails" : [ "bernadettebrummelhuis@lesbauxdeprovence.com" ]
  },
  "informations" : {
    "moyensCommunication" : [ {
      "identifiant" : 92756724,
      "type" : {
        "elementReferenceType" : "MoyenCommunicationType",
        "id" : 201
      },
      "coordonnees" : {
        "fr" : "04 90 54 34 39"
      }
    }, {
      "identifiant" : 92756743,
      "type" : {
        "elementReferenceType" : "MoyenCommunicationType",
        "id" : 204
      },
      "coordonnees" : {
        "fr" : "tourisme@lesbauxdeprovence.com"
      }
    }, {
      "identifiant" : 70512435,
      "type" : {
        "elementReferenceType" : "MoyenCommunicationType",
        "id" : 205
      },
      "coordonnees" : {
        "fr" : "http://www.fondationlouisjou.org"
      }
    } ],
    "structureGestion" : {
      "type" : "STRUCTURE",
      "id" : 5222951
    }
  },
  "presentation" : {
    "descriptifCourt" : {
      "libelleFr" : "La Fondation Louis Jou organise des ateliers pour enfants tous les mercredis après-midi avec Claudine Espigue."
    },
    "descriptifDetaille" : {
      "libelleFr" : "Au programme :\r\n-\tInitiation à la composition typographique avec des caractères en plomb\r\n-\tTirage sur la presse à bras Stanhope\r\n-\tGravure sur lino\r\nDurée de l'atelier : 2 heures"
    }
  },
  "localisation" : {
    "adresse" : {
      "nomDuLieu" : "Atelier Louis Jou",
      "adresse1" : "Grand Rue Frédéric Mistral",
      "codePostal" : "13520",
      "etat" : "France",
      "commune" : {
        "id" : 4422
      }
    },
    "geolocalisation" : {
      "valide" : true,
      "geoJson" : {
        "type" : "Point",
        "coordinates" : [ 4.795495, 43.743887 ]
      }
    },
    "perimetreGeographique" : [ {
      "id" : 4422
    } ]
  },
  "liens" : { },
  "prestations" : {
    "animauxAcceptes" : "NON_ACCEPTES",
    "animauxAcceptesSupplement" : "NON_DISPONIBLE",
    "languesParlees" : [ {
      "elementReferenceType" : "Langue",
      "id" : 1197
    } ],
    "complementAccueil" : {
      "libelleFr" : "Un accompagnateur adulte est souhaité."
    },
    "tailleGroupeMax" : 6,
    "ageMin" : 72,
    "ageMax" : 132,
    "uniteAgeMin" : "ANNEE",
    "uniteAgeMax" : "ANNEE"
  },
  "ouverture" : {
    "periodeEnClair" : {
      "libelleFr" : "Du 01/09/2022 au 30/06/2023, tous les mercredis de 14h à 16h.",
      "libelleEn" : "From 01/09/2022 to 30/06/2023, every Wednesday between 2 pm and 4 pm.",
      "libelleEs" : "Del 01/09/2022 al 30/06/2023, todos los miércoles de 14 a 16.",
      "libelleIt" : "Dal 01/09/2022 al 30/06/2023, tutti i mercoledì dalle 14 alle 16.",
      "libelleDe" : "Vom 01/09/2022 bis 30/06/2023, jeden Mittwoch von 14 Uhr bis 16 Uhr.",
      "libelleNl" : "Van 01/09/2022 tot en met 30/06/2023, elke woensdag van 14.00 tot en met 16.00 u.",
      "libelleRu" : "С 01/09/2022 до 30/06/2023, каждый среды с 14h до 16h.",
      "libelleZh" : "从 2022年9月1日 到 2023年6月30日, 每星期三 小时小时 和 小时小时 之间.",
      "libellePtBR" : "De 01/09/2022 a 30/06/2023, todas as quartas-feiras de 14h a  16h.",
      "libelleJa" : "01/09/2022 から 30/06/2023 まで, 毎水曜日 2 午後 と 4 午後 の間."
    },
    "periodeEnClairGenerationMode" : "AUTOMATIQUE",
    "indicationsPeriode" : [ {
      "elementReferenceType" : "IndicationPeriode",
      "id" : 416
    }, {
      "elementReferenceType" : "IndicationPeriode",
      "id" : 418
    }, {
      "elementReferenceType" : "IndicationPeriode",
      "id" : 435
    }, {
      "elementReferenceType" : "IndicationPeriode",
      "id" : 436
    } ],
    "periodesOuvertures" : [ {
      "identifiant" : 23852443,
      "dateDebut" : "2022-09-01",
      "dateFin" : "2023-06-30",
      "horaireOuverture" : "14:00:00",
      "horaireFermeture" : "16:00:00",
      "type" : "OUVERTURE_SEMAINE",
      "tousLesAns" : false,
      "ouverturesJournalieres" : [ {
        "jour" : "MERCREDI"
      } ],
      "identifiantTechnique" : 23852443
    } ]
  },
  "descriptionTarif" : {
    "indicationTarif" : "PAYANT",
    "gratuit" : false,
    "tarifsEnClair" : {
      "libelleFr" : "Tarif unique : 10 €.\n",
      "libelleEn" : "One price: 10 €.\n",
      "libelleEs" : "Tarifa única: 10 €.\n",
      "libelleIt" : "Tariffa unica: 10 €.\n",
      "libelleDe" : "Einheitspreis: 10 €.\n",
      "libelleNl" : "Vast tarief: € 10.\n",
      "libelleRu" : "Единый тариф : 10 €.\n",
      "libelleZh" : "定价 : 10 €.\n",
      "libellePtBR" : "Tarifa única: 10 €.\n",
      "libelleJa" : "シングルレート: 10 €.\n"
    },
    "tarifsEnClairGenerationMode" : "AUTOMATIQUE",
    "periodes" : [ {
      "identifiant" : 13451547,
      "dateDebut" : "2022-09-01",
      "dateFin" : "2023-06-30",
      "tarifs" : [ {
        "devise" : "EUR",
        "minimum" : 10.00,
        "maximum" : 10.00,
        "type" : {
          "elementReferenceType" : "TarifType",
          "id" : 4123
        }
      } ]
    } ],
    "modesPaiement" : [ {
      "elementReferenceType" : "ModePaiement",
      "id" : 1271
    }, {
      "elementReferenceType" : "ModePaiement",
      "id" : 1277
    } ],
    "devise" : "EUR",
    "conditions" : { }
  },
  "reservation" : {
    "organismes" : [ {
      "identifiant" : 6067615,
      "nom" : "Office de tourisme des Baux-de-Provence",
      "type" : {
        "elementReferenceType" : "ReservationType",
        "id" : 475
      },
      "moyensCommunication" : [ {
        "identifiant" : 92756715,
        "type" : {
          "elementReferenceType" : "MoyenCommunicationType",
          "id" : 201
        },
        "coordonnees" : {
          "fr" : "04 90 54 34 39"
        }
      }, {
        "identifiant" : 92756716,
        "type" : {
          "elementReferenceType" : "MoyenCommunicationType",
          "id" : 204
        },
        "coordonnees" : {
          "fr" : "tourisme@lesbauxdeprovence.com"
        }
      } ],
      "locked" : false
    } ]
  },
  "illustrations" : [ {
    "identifiant" : 11199718,
    "link" : false,
    "type" : "IMAGE",
    "nom" : {
      "libelleFr" : "Atelier Louis Jou"
    },
    "legende" : {
      "libelleFr" : "Presses à bras"
    },
    "copyright" : {
      "libelleFr" : "Office de tourisme des Baux-de-Provenvce"
    },
    "traductionFichiers" : [ {
      "locale" : "fr",
      "url" : "https://static.apidae-tourisme.com/filestore/objets-touristiques/images/85/54/11155029.jpg",
      "urlListe" : "https://static.apidae-tourisme.com/filestore/objets-touristiques/images/85/54/11155029-liste.jpg",
      "urlFiche" : "https://static.apidae-tourisme.com/filestore/objets-touristiques/images/85/54/11155029-fiche.jpg",
      "urlDiaporama" : "https://static.apidae-tourisme.com/filestore/objets-touristiques/images/85/54/11155029-diaporama.jpg",
      "extension" : "jpg",
      "fileName" : "fondation-louis-jou-presse-a-bras",
      "taille" : 5259461,
      "hauteur" : 3024,
      "largeur" : 4032,
      "lastModifiedDate" : "2021-10-10T09:54:40.000+0000"
    } ],
    "locked" : false
  }, {
    "identifiant" : 11199728,
    "link" : false,
    "type" : "IMAGE",
    "nom" : {
      "libelleFr" : "Atelier typographie à l'Atelier Louis Jou"
    },
    "legende" : {
      "libelleFr" : "Atelier typographie à l'Atelier Louis Jou"
    },
    "copyright" : {
      "libelleFr" : "Office de tourisme des Baux-de-Provenvce"
    },
    "traductionFichiers" : [ {
      "locale" : "fr",
      "url" : "https://static.apidae-tourisme.com/filestore/objets-touristiques/images/95/54/11155039.jpg",
      "urlListe" : "https://static.apidae-tourisme.com/filestore/objets-touristiques/images/95/54/11155039-liste.jpg",
      "urlFiche" : "https://static.apidae-tourisme.com/filestore/objets-touristiques/images/95/54/11155039-fiche.jpg",
      "urlDiaporama" : "https://static.apidae-tourisme.com/filestore/objets-touristiques/images/95/54/11155039-diaporama.jpg",
      "extension" : "jpg",
      "fileName" : "Atelier-Typographie-Louis-Jou-Baux-Provence",
      "taille" : 3653531,
      "hauteur" : 3024,
      "largeur" : 4032,
      "lastModifiedDate" : "2021-10-10T09:54:37.000+0000"
    } ],
    "locked" : false
  } ],
  "territoires" : [ {
    "type" : "TERRITOIRE",
    "id" : 392
  }, {
    "type" : "TERRITOIRE",
    "id" : 591381
  }, {
    "type" : "TERRITOIRE",
    "id" : 591419
  }, {
    "type" : "TERRITOIRE",
    "id" : 658199
  }, {
    "type" : "TERRITOIRE",
    "id" : 4819487
  }, {
    "type" : "TERRITOIRE",
    "id" : 4881511
  }, {
    "type" : "TERRITOIRE",
    "id" : 5127066
  }, {
    "type" : "TERRITOIRE",
    "id" : 5447176
  }, {
    "type" : "TERRITOIRE",
    "id" : 5447185
  } ],
  "datesOuverture" : [ "2022-10-12", "2022-10-19", "2022-10-26", "2022-11-02", "2022-11-09", "2022-11-16", "2022-11-23", "2022-11-30", "2022-12-07", "2022-12-14", "2022-12-21", "2022-12-28", "2023-01-04", "2023-01-11", "2023-01-18", "2023-01-25", "2023-02-01", "2023-02-08", "2023-02-15", "2023-02-22", "2023-03-01", "2023-03-08", "2023-03-15", "2023-03-22", "2023-03-29", "2023-04-05", "2023-04-12", "2023-04-19", "2023-04-26", "2023-05-03", "2023-05-10", "2023-05-17", "2023-05-24", "2023-05-31", "2023-06-07", "2023-06-14", "2023-06-21", "2023-06-28" ],
  "informationsFeteEtManifestation" : {
    "typesManifestation" : [ {
      "elementReferenceType" : "FeteEtManifestationType",
      "id" : 1958
    } ],
    "categories" : [ {
      "elementReferenceType" : "FeteEtManifestationCategorie",
      "id" : 3871
    } ],
    "themes" : [ {
      "elementReferenceType" : "FeteEtManifestationTheme",
      "id" : 2278
    } ],
    "portee" : {
      "elementReferenceType" : "FeteEtManifestationPortee",
      "id" : 2353
    },
    "nomLieu" : "Atelier Louis Jou"
  },
  "formatVersion" : "v002",
  "expiration" : {
    "dateExpiration" : "2023-06-30T00:00:00.000+0000",
    "expirationAction" : "MASQUER"
  },
  "enquete" : { }
}