{
  "type" : "PATRIMOINE_CULTUREL",
  "id" : 5538021,
  "nom" : {
    "libelleFr" : "Jardin Botanique E.M. Heckel",
    "libelleEn" : "Jardin Botanique E.M. Heckel",
    "libelleEs" : "Jardin Botanique E.M. Heckel",
    "libelleIt" : "Jardin Botanique E.M. Heckel",
    "libelleDe" : "Jardin Botanique E.M. Heckel",
    "libelleNl" : "Jardin Botanique E.M. Heckel"
  },
  "identifier" : "SITRA2_PCU_5538021",
  "state" : "PUBLISHED",
  "gestion" : {
    "dateCreation" : "2020-05-26T17:05:20.801+0000",
    "dateModification" : "2022-06-17T06:25:51.799+0000",
    "dateExportModification" : "2022-06-23T14:14:23.257+0000",
    "membreProprietaire" : {
      "type" : {
        "elementReferenceType" : "MembreSitraType",
        "id" : 233
      },
      "nom" : "Ville de Marseille",
      "dateCreation" : "2017-01-24T06:54:50.567+0000",
      "dateModification" : "2022-10-24T08:49:51.518+0000",
      "id" : 1470,
      "siteWeb" : "http://www.marseille.fr/"
    },
    "signalerUnProblemeMails" : [ "narezki@marseille.fr", "sortir@marseille.fr" ]
  },
  "informations" : {
    "moyensCommunication" : [ {
      "identifiant" : 79627474,
      "type" : {
        "elementReferenceType" : "MoyenCommunicationType",
        "id" : 201
      },
      "coordonnees" : {
        "fr" : "3013"
      }
    }, {
      "identifiant" : 79627476,
      "type" : {
        "elementReferenceType" : "MoyenCommunicationType",
        "id" : 205
      },
      "coordonnees" : {
        "fr" : "https://www.marseille.fr/environnement/jardin-botanique"
      }
    } ],
    "informationsLegales" : { },
    "structureGestion" : {
      "type" : "STRUCTURE",
      "id" : 5350442
    }
  },
  "presentation" : {
    "descriptifCourt" : {
      "libelleFr" : "Le Jardin botanique s’étend sur 1,2 hectares et présente environ 3 000 ­espèces végétales différentes, provenant des cinq continents, présentées dans neuf espaces thématiques."
    },
    "descriptifDetaille" : {
      "libelleFr" : "Un peu d'histoire\r\n\r\nC’est au XIXe siècle seulement que les jardins botaniques sont devenus des jardins publics d'agrément, alors appelés \"Jardins des plantes\". Le premier Jardin botanique de Marseille est créé par le Roy René, près de l'abbaye Saint-Victor.\r\n\r\nEn 1802, un second jardin est inauguré dans le quartier des Chartreux, avec pour marraine l'Impératrice Joséphine. Il connaît grâce à son directeur, M. Gouffé-Lacour, une grande renommée. Malheureusement, ce jardin, situé sur l'axe de la voie­ ferrée Marseille-Toulon, disparaît en 1856. En échange, le directeur de la Société des chemins de fer Lyon-Méditerranée propose à la Ville les terrains du parc Borély.\r\n\r\nEn 1880, le Jardin botanique est déplacé sur l'actuelle roseraie du parc Borely. Les frères Buhler imaginent alors un véritable jardin botanique. Le Dr Heckel, qui supervise la création du parc, le juge vite trop petit et tente d’acquérir la propriété Fournier, voisine du parc.\r\nEn 1913, la Ville de Marseille achète les terrains pour y installer le nouveau jardin botanique. Il est inauguré en 1918, sur son site actuel.\r\n\r\nAujourd’hui, le Jardin botanique s’étend sur 1,2 hectares et présente environ 3 000 ­espèces végétales différentes, provenant des cinq continents, présentées dans neuf espaces thématiques : jardin japonais, chinois, méditerranéen, de plantes grimpantes, succulentes, médicinales, potager, palmetum et serre d'Afrique du Sud. Véritable \" musée du vivant\", le jardin botanique offre un véritable parcours de découvertes ludiques, sensorielles, et  insolites.\r\n\r\nCe jardin de la biodiversité accueille également, depuis avril 2016, le premier grand hôtel à insectes de la cité phocéenne.\r\n \r\nVisite des jardins :\r\n\r\nLe Jardin chinois\r\n\r\nInauguré en 2004 dans le respect des traditions chinoises, ce jardin est le fruit de la collaboration entre Marseille et Shanghaï dans le cadre du jumelage des deux villes.\r\nCe jardin traditionnel a vocation à recréer l'image d'une nature idéale. Il s'articule autour d'un pavillon, d'un kiosque et d'un bassin dans lequel évoluent des carpes Koï.\r\n \r\nLe Jardin japonais\r\n\r\nInauguré en 2011, pour célébrer les cérémonies du 50e anniversaire du jumelage Kobe-Marseille. Il est réalisé dans le style \"Chisen kai yu shiki\" (\"jardin de promenade autour d'un étang\") style très représentatif des jardins japonais. Ce jardin se veut être un lieu de détente et de sérénité. On y retrouve tous les éléments du jardin traditionnel japonais (Kare-sansui, pavillon du thé, bassin, rochers, cours d’eau...). Sa végétation se compose d’une vingtaine d’espèces différentes d’arbres et de plus de 100 espèces d’arbustes et de plantes vivaces, toutes originaires du Japon.\r\n\r\nIl représente un lieu de contemplation et de méditation. Il accueille chaque année en octobre, la \"Fête de l'Automne\" en collaboration avec le Consulat du Japon.\r\n \r\nLe Jardin des plantes médicinales\r\n\r\nInspiré du Jardin des Simples du Moyen Âge, il présente des plantes locales aux vertus médicinales utilisées par l'homme ou l'industrie pharmaceutique. Elles sont présentées par thème, en fonction de leur effet curatif : la digestion, la peau, le système nerveux...\r\n\r\nLes plantes d'Afrique du Sud\r\n\r\nL'Afrique du Sud offre la plus importante biodiversité végétale de la planète.\r\nLe jardin abrite environ 300 espèces issues de ce vaste pays aux climats et aux reliefs variés, sur des plates-bandes extérieures et la serre présente de nombreuses plantes succulentes, typiques des zones désertiques.\r\n \r\nLes plantes grimpantes\r\n\r\nCréé en 1980, ce jardin de pergolas regroupe près de 100 espèces végétales, issues des cinq continents, et adaptées à notre climat.\r\n \r\nLe Jardin des plantes succulentes\r\n\r\nAu sein d'un aménagement contemporain, ce jardin se compose principalement d'une cinquantaine d'espèces d'agaves pouvant résister au climat méditerranéen. Les plus frileuses sont regroupées sous une serre tunnel avec d'autres cactées de collection.\r\n \r\nLe Palmetum\r\n\r\nIl met en valeur une soixantaine d'espèces de palmiers pouvant s'adapter à notre climat, issues de toutes les régions du monde.\r\n \r\nLe Jardin méditerranéen\r\n\r\nCe jardin sec rassemble des plantes originaires du bassin méditerranéen ou d'autres régions du monde, dont le climat est comparable à celui de Marseille. Il est composé d'une zone de restanques et d'un secteur rocheux avec une mare et une cascade.\r\n \r\nLe potager\r\n\r\nIl présente une sélection de légumes botaniques qui proviennent de différentes parties du monde et qui poussent sous un climat tempéré.\r\n\r\n  \r\nInfos pratiques\r\n\r\nAfin de protéger les espèces présentées et de favoriser une visite sereine et apaisée, les visites libres et gratuites sont soumises à inscription.\r\n\r\nNouveauté  2022 ! \r\n\r\nVous souhaitez en savoir plus sur la flore présente et suivre une visite avec un guide conférencier ? Vous souhaitez vous inscrire à un atelier ? L'inscription se fait dorénavant  en ligne.\r\n\r\nInscriptions et calendrier : https://www.marseille.fr/environnement/jardin-botanique"
    },
    "descriptifsThematises" : [ {
      "dateDisponibilite" : null,
      "dateLimiteDePublication" : null,
      "theme" : {
        "elementReferenceType" : "DescriptifTheme",
        "id" : 6143
      },
      "description" : {
        "libelleFr" : "1 - Les mesures préconisées par l'Agence Nationale de Santé Publique en matière de gestes barrières.\n \n2 - L'application des règles de distanciation sociale.\n \n3 - La mise en oeuvre des chartes promulguées par les instances professionnelles (FNHPA, UMIH, GNC, Gîtes de France...).\n \n4 - La présence, dans chaque structure, d'un(e) référent(e) sécurité sanitaire au fait des procédures et des protocoles, et qui portera à la connaissance de l'ensemble du personnel les mesures à respecter.\n \n5 -La diffusion et la mise à disposition de toutes les informations sanitaires indispensables : marins pompiers, services médicaux, hôpitaux, centres de dépistage, urgences ...\n \n6 - L'établissement de règles de conduite en cas de suspicion Covid-19 : disposer d'un protocole précis en ce qui concerne les employés qui pourraient montrer des signes d'infection au Covid-10 et appliquer ces protocoles sans délai \"dans la mesure du possible\", ces protocoles doivent aussi être appliqués aux clients en cas de doute."
      }
    } ],
    "typologiesPromoSitra" : [ {
      "elementReferenceType" : "TypologiePromoSitra",
      "id" : 6199
    } ]
  },
  "localisation" : {
    "adresse" : {
      "adresse1" : "48 Avenue Clot-Bey",
      "codePostal" : "13008",
      "bureauDistribution" : "MARSEILLE",
      "commune" : {
        "id" : 4538
      }
    },
    "geolocalisation" : {
      "complement" : {
        "libelleFr" : "Ligne 2 arrêt Rond Point Prado : Station de métro à 0.1km"
      },
      "valide" : true,
      "geoJson" : {
        "type" : "Point",
        "coordinates" : [ 5.384825, 43.259835 ]
      }
    },
    "perimetreGeographique" : [ {
      "id" : 4538
    } ],
    "environnements" : [ {
      "elementReferenceType" : "Environnement",
      "id" : 183
    }, {
      "elementReferenceType" : "Environnement",
      "id" : 3974
    }, {
      "elementReferenceType" : "Environnement",
      "id" : 3976
    } ]
  },
  "liens" : {
    "liensObjetsTouristiquesTypes" : [ {
      "type" : "SUR_PLACE",
      "libelleFr" : "Sur place",
      "libelleEn" : "On the premises",
      "libelleEs" : "In situ",
      "libelleIt" : "Sul posto",
      "libelleDe" : "Vor Ort",
      "libelleNl" : "Ter plaatse",
      "libelleRu" : "На месте",
      "libelleZh" : "堂食",
      "libellePtBR" : "No local",
      "libelleJa" : "現地で",
      "objetTouristique" : {
        "type" : "PATRIMOINE_CULTUREL",
        "id" : 5539334
      }
    }, {
      "type" : "SUR_PLACE",
      "libelleFr" : "Sur place",
      "libelleEn" : "On the premises",
      "libelleEs" : "In situ",
      "libelleIt" : "Sul posto",
      "libelleDe" : "Vor Ort",
      "libelleNl" : "Ter plaatse",
      "libelleRu" : "На месте",
      "libelleZh" : "堂食",
      "libellePtBR" : "No local",
      "libelleJa" : "現地で",
      "objetTouristique" : {
        "type" : "PATRIMOINE_CULTUREL",
        "id" : 5539423
      }
    } ]
  },
  "prestations" : {
    "equipements" : [ {
      "elementReferenceType" : "PrestationEquipement",
      "id" : 1321
    }, {
      "elementReferenceType" : "PrestationEquipement",
      "id" : 972
    }, {
      "elementReferenceType" : "PrestationEquipement",
      "id" : 1322
    } ],
    "services" : [ {
      "elementReferenceType" : "PrestationService",
      "id" : 1190
    } ],
    "animauxAcceptes" : "NON_ACCEPTES",
    "animauxAcceptesSupplement" : "NON_DISPONIBLE",
    "activites" : [ {
      "elementReferenceType" : "PrestationActivite",
      "id" : 6032
    } ],
    "complementAccueil" : {
      "libelleFr" : "Parking public(Allées Borély)\r\nParking autocar",
      "libelleEn" : "Accessible for disabled",
      "libelleIt" : "Accessibile ai disabili",
      "libelleDe" : "Zugänglich für Behinderte",
      "libelleNl" : "Toegankelijk voor mensen met een handicap"
    },
    "typesClientele" : [ {
      "elementReferenceType" : "TypeClientele",
      "id" : 593
    } ]
  },
  "ouverture" : {
    "periodeEnClair" : {
      "libelleFr" : "Fermé temporairement.",
      "libelleEn" : "Closed temporarily.",
      "libelleEs" : "Cerrado temporalmente.",
      "libelleIt" : "Temporaneamente chiusa.",
      "libelleDe" : "Vorübergehend geschlossen.",
      "libelleNl" : "Tijdelijk gesloten.",
      "libelleRu" : "Учреждение временно не работает.",
      "libelleZh" : "机构暂时关闭.",
      "libellePtBR" : "Fechado temporariamente.",
      "libelleJa" : "一時閉鎖中."
    },
    "periodeEnClairGenerationMode" : "AUTOMATIQUE",
    "indicationsPeriode" : [ {
      "elementReferenceType" : "IndicationPeriode",
      "id" : 436
    }, {
      "elementReferenceType" : "IndicationPeriode",
      "id" : 418
    }, {
      "elementReferenceType" : "IndicationPeriode",
      "id" : 416
    }, {
      "elementReferenceType" : "IndicationPeriode",
      "id" : 435
    } ],
    "periodesOuvertures" : [ {
      "identifiant" : 19372594,
      "dateDebut" : "2021-01-01",
      "dateFin" : "2021-12-31",
      "complementHoraire" : {
        "libelleFr" : "Le jardin botanique Édouard-Marie Heckel, situé dans l’enceinte du Parc Borély est accessible gratuitement mais sur inscription en ligne.\r\n\r\nDu mardi au vendredi de 12h à 17h30, les samedis, dimanches et jours fériés de 10h à 17h30."
      },
      "type" : "OUVERTURE_SAUF",
      "tousLesAns" : false,
      "ouverturesJournalieres" : [ {
        "jour" : "LUNDI"
      } ],
      "identifiantTechnique" : 23634753
    }, {
      "identifiant" : 22414553,
      "dateDebut" : "2022-01-01",
      "dateFin" : "2022-12-31",
      "type" : "OUVERTURE_TOUS_LES_JOURS",
      "tousLesAns" : false,
      "identifiantTechnique" : 23634754
    } ],
    "fermeTemporairement" : "FERME_TEMPORAIREMENT"
  },
  "descriptionTarif" : {
    "indicationTarif" : "GRATUIT",
    "gratuit" : true,
    "tarifsEnClair" : {
      "libelleFr" : "Afin de protéger les espèces présentées et de favoriser une visite sereine et apaisée, les visites libres et gratuites sont désormais soumises à inscription."
    },
    "tarifsEnClairGenerationMode" : "MANUEL",
    "complement" : { },
    "devise" : "EUR",
    "conditions" : { }
  },
  "reservation" : { },
  "criteresInternes" : [ {
    "id" : 16637
  }, {
    "id" : 16704
  } ],
  "contacts" : [ {
    "identifiant" : 17636403,
    "referent" : true,
    "civilite" : {
      "elementReferenceType" : "ContactCivilite",
      "id" : 443
    },
    "nom" : "Richier",
    "prenom" : "Roger",
    "fonction" : {
      "elementReferenceType" : "ContactFonction",
      "id" : 4196
    },
    "moyensCommunication" : [ {
      "identifiant" : 81737748,
      "type" : {
        "elementReferenceType" : "MoyenCommunicationType",
        "id" : 201
      },
      "coordonnees" : {
        "fr" : "04 91 55 39 63"
      }
    }, {
      "identifiant" : 99648792,
      "type" : {
        "elementReferenceType" : "MoyenCommunicationType",
        "id" : 204
      },
      "coordonnees" : {
        "fr" : "rrichier@mairie-marseille.fr"
      }
    } ]
  }, {
    "identifiant" : 17636404,
    "referent" : false,
    "civilite" : {
      "elementReferenceType" : "ContactCivilite",
      "id" : 442
    },
    "nom" : "Mateus",
    "prenom" : "Alix",
    "fonction" : {
      "elementReferenceType" : "ContactFonction",
      "id" : 459
    },
    "moyensCommunication" : [ {
      "identifiant" : 81737749,
      "type" : {
        "elementReferenceType" : "MoyenCommunicationType",
        "id" : 201
      },
      "coordonnees" : {
        "fr" : "04 91 55 25 51"
      }
    } ]
  } ],
  "illustrations" : [ {
    "identifiant" : 9721495,
    "link" : false,
    "type" : "IMAGE",
    "nom" : {
      "libelleFr" : "Jardin Botanique E.M. Heckel"
    },
    "copyright" : {
      "libelleFr" : "Jardin Botanique E.M. Heckel - Ville de Marseille"
    },
    "traductionFichiers" : [ {
      "locale" : "fr",
      "url" : "https://static.apidae-tourisme.com/filestore/objets-touristiques/images/111/160/9478255.jpg",
      "urlListe" : "https://static.apidae-tourisme.com/filestore/objets-touristiques/images/111/160/9478255-liste.jpg",
      "urlFiche" : "https://static.apidae-tourisme.com/filestore/objets-touristiques/images/111/160/9478255-fiche.jpg",
      "urlDiaporama" : "https://static.apidae-tourisme.com/filestore/objets-touristiques/images/111/160/9478255-diaporama.jpg",
      "extension" : "jpg",
      "fileName" : "jardin botanique",
      "taille" : 351580,
      "hauteur" : 900,
      "largeur" : 1200,
      "lastModifiedDate" : "2021-03-26T13:32:30.000+0000"
    } ],
    "locked" : false
  } ],
  "visites" : {
    "languesPanneauInformation" : [ {
      "elementReferenceType" : "Langue",
      "id" : 1197
    } ],
    "visitable" : true
  },
  "territoires" : [ {
    "type" : "TERRITOIRE",
    "id" : 591381
  }, {
    "type" : "TERRITOIRE",
    "id" : 591419
  }, {
    "type" : "TERRITOIRE",
    "id" : 5127066
  }, {
    "type" : "TERRITOIRE",
    "id" : 5427637
  }, {
    "type" : "TERRITOIRE",
    "id" : 5460436
  }, {
    "type" : "TERRITOIRE",
    "id" : 5693878
  }, {
    "type" : "TERRITOIRE",
    "id" : 5693903
  }, {
    "type" : "TERRITOIRE",
    "id" : 6008197
  } ],
  "datesOuverture" : [ "2022-10-25", "2022-10-26", "2022-10-27", "2022-10-28", "2022-10-29", "2022-10-30", "2022-10-31", "2022-11-01", "2022-11-02", "2022-11-03", "2022-11-04", "2022-11-05", "2022-11-06", "2022-11-07", "2022-11-08", "2022-11-09", "2022-11-10", "2022-11-11", "2022-11-12", "2022-11-13", "2022-11-14", "2022-11-15", "2022-11-16", "2022-11-17", "2022-11-18", "2022-11-19", "2022-11-20", "2022-11-21", "2022-11-22", "2022-11-23", "2022-11-24", "2022-11-25", "2022-11-26", "2022-11-27", "2022-11-28", "2022-11-29", "2022-11-30", "2022-12-01", "2022-12-02", "2022-12-03", "2022-12-04", "2022-12-05", "2022-12-06", "2022-12-07", "2022-12-08", "2022-12-09", "2022-12-10", "2022-12-11", "2022-12-12", "2022-12-13", "2022-12-14", "2022-12-15", "2022-12-16", "2022-12-17", "2022-12-18", "2022-12-19", "2022-12-20", "2022-12-21", "2022-12-22", "2022-12-23", "2022-12-24", "2022-12-25", "2022-12-26", "2022-12-27", "2022-12-28", "2022-12-29", "2022-12-30", "2022-12-31" ],
  "informationsPatrimoineCulturel" : {
    "patrimoineCulturelType" : {
      "elementReferenceType" : "PatrimoineCulturelType",
      "id" : 3202
    },
    "themes" : [ {
      "elementReferenceType" : "PatrimoineCulturelTheme",
      "id" : 3459
    }, {
      "elementReferenceType" : "PatrimoineCulturelTheme",
      "id" : 3463
    } ],
    "categories" : [ {
      "elementReferenceType" : "PatrimoineCulturelCategorie",
      "id" : 4872
    } ]
  },
  "formatVersion" : "v002",
  "expiration" : {
    "dateExpiration" : "2022-12-31T00:00:00.000+0000"
  },
  "informationsPrestataireActivites" : {
    "prestataireActivites" : true,
    "activitesCulturelles" : [ {
      "elementReferenceType" : "ActiviteCulturellePrestation",
      "id" : 1813
    }, {
      "elementReferenceType" : "ActiviteCulturellePrestation",
      "id" : 1814
    }, {
      "elementReferenceType" : "ActiviteCulturellePrestation",
      "id" : 1782
    }, {
      "elementReferenceType" : "ActiviteCulturellePrestation",
      "id" : 1851
    }, {
      "elementReferenceType" : "ActiviteCulturellePrestation",
      "id" : 1821
    }, {
      "elementReferenceType" : "ActiviteCulturellePrestation",
      "id" : 1788
    }, {
      "elementReferenceType" : "ActiviteCulturellePrestation",
      "id" : 1853
    }, {
      "elementReferenceType" : "ActiviteCulturellePrestation",
      "id" : 1776
    }, {
      "elementReferenceType" : "ActiviteCulturellePrestation",
      "id" : 1792
    } ]
  },
  "enquete" : { },
  "donneesPrivees" : [ {
    "nomTechnique" : "1947_Id_patio",
    "libelleFr" : "Id_Patio",
    "ordre" : 1,
    "descriptif" : {
      "libelleFr" : "13T2001062"
    }
  }, {
    "nomTechnique" : "1947_Source_patio",
    "libelleFr" : "Source_Patio",
    "ordre" : 2,
    "descriptif" : {
      "libelleFr" : "Ville de Marseille"
    }
  }, {
    "nomTechnique" : "1947_Url_patio",
    "libelleFr" : "URL_Patio",
    "ordre" : 3,
    "descriptif" : {
      "libelleFr" : "http://www.marseille.fr"
    }
  } ]
}