{
  "type" : "PATRIMOINE_CULTUREL",
  "id" : 5539593,
  "nom" : {
    "libelleFr" : "Le Village des santons en Provence",
    "libelleEn" : "The Village of Santons in Provence",
    "libelleEs" : "El pueblo de Santons en la Provenza",
    "libelleIt" : "Le Village des santons en Provence",
    "libelleDe" : "Das Dorf der Santons in der Provence",
    "libelleNl" : "Le Village des santons en Provence"
  },
  "identifier" : "SITRA2_PCU_5539593",
  "state" : "PUBLISHED",
  "gestion" : {
    "dateCreation" : "2020-05-27T15:28:13.590+0000",
    "dateModification" : "2022-08-08T08:02:16.820+0000",
    "dateExportModification" : "2022-11-08T16:57:56.908+0000",
    "membreProprietaire" : {
      "type" : {
        "elementReferenceType" : "MembreSitraType",
        "id" : 233
      },
      "nom" : "Office de Tourisme du Pays d’Aubagne et de l’Étoile",
      "dateCreation" : "2020-09-22T14:10:27.011+0000",
      "dateModification" : "2022-10-24T08:49:46.508+0000",
      "id" : 2083,
      "siteWeb" : "http://www.tourisme-paysdaubagne.fr"
    },
    "signalerUnProblemeMails" : [ "anne-laure.r@tourisme-paysdaubagne.fr", "cedric.f@tourisme-paysdaubagne.fr", "christine.g@tourisme-paysdaubagne.fr", "damien.d@tourisme-paysdaubagne.fr", "marianne.g@tourisme-paysdaubagne.fr" ]
  },
  "informations" : {
    "moyensCommunication" : [ {
      "identifiant" : 79676447,
      "type" : {
        "elementReferenceType" : "MoyenCommunicationType",
        "id" : 201
      },
      "coordonnees" : {
        "fr" : "04 42 18 17 18"
      }
    }, {
      "identifiant" : 79934312,
      "type" : {
        "elementReferenceType" : "MoyenCommunicationType",
        "id" : 204
      },
      "coordonnees" : {
        "fr" : "villagedessantons@aubagne.fr"
      }
    }, {
      "identifiant" : 79934313,
      "type" : {
        "elementReferenceType" : "MoyenCommunicationType",
        "id" : 204
      },
      "coordonnees" : {
        "fr" : "service.culturel@aubagne.fr"
      }
    }, {
      "identifiant" : 85432848,
      "type" : {
        "elementReferenceType" : "MoyenCommunicationType",
        "id" : 207
      },
      "coordonnees" : {
        "fr" : "https://www.facebook.com/villagedessantonsaubagne"
      }
    } ],
    "informationsLegales" : { },
    "structureGestion" : {
      "type" : "STRUCTURE",
      "id" : 5482368
    }
  },
  "presentation" : {
    "descriptifCourt" : {
      "libelleFr" : "Le Village des santons en Provence, ce sont 19 villages dans un décor continu qui met en scène plus de 3000 santons.",
      "libelleEn" : "The \"Village des Santons en Provence\" is a combination of 19 villages in a continuous scenery.",
      "libelleEs" : "El Village des santons en Provence, es un decorado continuo de 19 pueblos con más de 3000 santons.",
      "libelleDe" : "Das Dorf der Santons in der Provence, das sind 19 Dörfer in einer durchgehenden Kulisse, die mehr als 3000 Santons in Szene setzt."
    },
    "descriptifDetaille" : {
      "libelleFr" : "L'installation d'une dimension exceptionnelle (elle s'étend sur 230 m2) offre un merveilleux voyage à la découverte des paysages et traditions de la Provence. \r\n\r\nLes saynètes reproduites fidèlement (parties de cartes et de pétanques, travail dans les champs, scènes de village, chèvres dans les collines...) et le soin apporté à chaque détail feront briller les yeux des petits comme des grands.\r\nDans une deuxième salle, un espace est consacré à la représentation de la Nativité.",
      "libelleEn" : "3,000 clay-figurines -iconic symbol of Provence- are staged in villages, hills, scubland, calanques, ...\r\nThe type or size of these clay figurines used varies according to the scenery.\r\nThey are represented in Provençal playlets : working in the fields or in shops, dancing, playing cards or petanque, cooking, fishing...\r\nAnimals, trees, flowers, objects or accessories, the very special care given to details gives authenticity to each scene.\r\nA second room is dedicated to the Nativity representation by each clay-figurinemaker.\r\nThis large village, covering 230 m2, was created by the craftsmen and figurineproducers organization of \" Pays d'Aubagne \" area and gathers 17 santon-makers.",
      "libelleEs" : "Esta instalación de dimensiones excepcionales (ocupa 230 m2) ofrece un maravilloso viaje para descubrir los paisajes y las tradiciones de la Provenza. \r\n\r\nLas escenas fielmente reproducidas (juegos de cartas y petanca, trabajos en el campo, escenas de pueblo, cabras en las colinas, etc.) y el cuidado de cada detalle harán brillar los ojos de grandes y pequeños.\r\nEn una segunda sala, se dedica un espacio a la representación de la Natividad.",
      "libelleDe" : "Die Installation von außergewöhnlicher Größe (sie erstreckt sich über 230 m2) bietet eine wunderbare Reise zur Entdeckung der Landschaften und Traditionen der Provence. \r\n\r\nDie originalgetreu nachgebildeten Szenen (Karten- und Boulespiele, Feldarbeit, Dorfszenen, Ziegen in den Hügeln...) und die Liebe zum Detail lassen die Augen von Groß und Klein glänzen.\r\nIn einem zweiten Raum ist ein Bereich der Darstellung der Geburt Christi gewidmet."
    }
  },
  "localisation" : {
    "adresse" : {
      "adresse1" : "16 Avenue Antide Boyer",
      "codePostal" : "13400",
      "bureauDistribution" : "AUBAGNE",
      "commune" : {
        "id" : 4416
      }
    },
    "geolocalisation" : {
      "valide" : true,
      "geoJson" : {
        "type" : "Point",
        "coordinates" : [ 5.565137, 43.294758 ]
      }
    },
    "perimetreGeographique" : [ {
      "id" : 4416
    } ]
  },
  "liens" : { },
  "prestations" : {
    "equipements" : [ {
      "elementReferenceType" : "PrestationEquipement",
      "id" : 1321
    } ],
    "services" : [ {
      "elementReferenceType" : "PrestationService",
      "id" : 766
    }, {
      "elementReferenceType" : "PrestationService",
      "id" : 1188
    } ],
    "animauxAcceptes" : "NON_DISPONIBLE",
    "animauxAcceptesSupplement" : "NON_DISPONIBLE",
    "activites" : [ {
      "elementReferenceType" : "PrestationActivite",
      "id" : 611
    }, {
      "elementReferenceType" : "PrestationActivite",
      "id" : 6032
    } ],
    "languesParlees" : [ {
      "elementReferenceType" : "Langue",
      "id" : 1197
    } ],
    "complementAccueil" : {
      "libelleEn" : "Accessible for disabled",
      "libelleIt" : "Accessibile ai disabili",
      "libelleDe" : "Zugänglich für Behinderte",
      "libelleNl" : "Toegankelijk voor mensen met een handicap"
    },
    "typesClientele" : [ {
      "elementReferenceType" : "TypeClientele",
      "id" : 593
    } ]
  },
  "ouverture" : {
    "periodeEnClair" : {
      "libelleFr" : "Du 23/07 au 28/08/2022 \nOuverture le mardi, mercredi, jeudi, vendredi, samedi et dimanche de 9h à 12h30 et de 14h à 18h.\nFermeture exceptionnelle le 15 août.\n\nDu 29/08 au 31/12/2022 \nOuverture le mardi, mercredi, vendredi et samedi de 9h à 12h30 et de 14h à 18h. Le jeudi de 14h à 18h.\nFermetures exceptionnelles les 1er novembre, 11 novembre et 25 décembre.",
      "libelleEn" : "From 23/07 to 28/08/2022 \nOpening hours on Tuesday, Wednesday, Thursday, Friday, Saturday and Sunday between 9 am and 12.30 pm and between 2 pm and 6 pm.\nClosed exceptionally on August 15th.\n\nFrom 29/08 to 31/12/2022 \nOpening hours on Tuesday, Wednesday, Friday and Saturday between 9 am and 12.30 pm and between 2 pm and 6 pm. On Thursday between 2 pm and 6 pm.\nClosed exceptionally on November 1st, November 11th and December 25th.",
      "libelleEs" : "Del 23/07 al 28/08/2022 \nHorarios de apertura los martes, miércoles, jueves, viernes, sábado y domingo de 9 a 12:30 y de 14 a 18.\nSe cierra, excepcionalmente el 15 de agosto.\n\nDel 29/08 al 31/12/2022 \nHorarios de apertura los martes, miércoles, viernes y sábado de 9 a 12:30 y de 14 a 18. Los jueves de 14 a 18.\nSe cierra, excepcionalmente los días 1er de noviembre, 11 de noviembre y 25 de diciembre.",
      "libelleIt" : "Dal 23/07 al 28/08/2022 \nOrari di apertura il martedì, mercoledì, giovedì, venerdì, sabato e domenica dalle 9 alle 12:30 e dalle 14 alle 18.\nChiusura eccezionale il 15 agosto.\n\nDal 29/08 al 31/12/2022 \nOrari di apertura il martedì, mercoledì, venerdì e sabato dalle 9 alle 12:30 e dalle 14 alle 18. Il giovedì dalle 14 alle 18.\nChiusura eccezionale 1° novembre, 11 novembre e 25 dicembre.",
      "libelleDe" : "Vom 23/07 bis 28/08/2022 \nÖffnungszeiten jeden Dienstag, Mittwoch, Donnerstag, Freitag, Samstag und Sonntag von 9 Uhr bis 12.30 Uhr und von 14 Uhr bis 18 Uhr.\nAusnahmsweise geschlossen am 15. August.\n\nVom 29/08 bis 31/12/2022 \nÖffnungszeiten jeden Dienstag, Mittwoch, Freitag und Samstag von 9 Uhr bis 12.30 Uhr und von 14 Uhr bis 18 Uhr. Jeden Donnerstag von 14 Uhr bis 18 Uhr.\nAusnahmsweise geschlossen am 1. November, 11. Dezember und 25. Dezember.",
      "libelleNl" : "Van 23/07 tot en met 28/08/2022 \nOpeningstijden op dinsdag, woensdag, donderdag, vrijdag, zaterdag en zondag van 9.00 tot en met 12.30 u en van 14.00 tot en met 18.00 u.\nBij uitzondering gesloten op 15 augustus.\n\nVan 29/08 tot en met 31/12/2022 \nOpeningstijden op dinsdag, woensdag, vrijdag en zaterdag van 9.00 tot en met 12.30 u en van 14.00 tot en met 18.00 u. Op donderdag van 14.00 tot en met 18.00 u.\nBij uitzondering gesloten op 1er november, 11 november en 25 december.",
      "libelleRu" : "С 23/07 до 28/08/2022 \nЧасы открытия на вторник, среда, четверг, пятница, суббота и воскресенье с 9h до 12h30 и с 14h до 18h.\nВ порядке исключения не работает 15 августа.\n\nС 29/08 до 31/12/2022 \nЧасы открытия на вторник, среда, пятница и суббота с 9h до 12h30 и с 14h до 18h. На четверг с 14h до 18h.\nВ порядке исключения не работает 1 ноября, 11 ноября и 25 декабря.",
      "libelleZh" : "从 7月23日 到 2022年8月28日 \n开放时间 上 星期二, 星期三, 星期四, 星期五, 星期六 和 星期日 小时小时 和 小时小时分钟  之间 和 小时小时 和 小时小时 之间.\n在 8月15日 例外关闭.\n\n从 8月29日 到 2022年12月31日 \n开放时间 上 星期二, 星期三, 星期五 和 星期六 小时小时 和 小时小时分钟  之间 和 小时小时 和 小时小时 之间. 上 星期四 小时小时 和 小时小时 之间.\n在 11月1日, 11月11日 和 12月25日 例外关闭.",
      "libellePtBR" : "De 23/07 a 28/08/2022 \nOuverture na terça-feira, quarta-feira, quinta-feira, sexta-feira, sábado e domingo de 9h a  12h30 e de 14h a  18h.\nFechamento excepcional em 15 de agosto.\n\nDe 29/08 a 31/12/2022 \nOuverture na terça-feira, quarta-feira, sexta-feira e sábado de 9h a  12h30 e de 14h a  18h. Na quinta-feira de 14h a  18h.\nFechamentos excepcionais em 1º de novembro, 11 de novembro e 25 de dezembro.",
      "libelleJa" : "23/07 から 28/08/2022 まで \n開館時間 火曜日, 水曜日, 木曜日, 金曜日, 土曜日 と 日曜日 に 9 午前 と 12.30 午後 の間 と 2 午後 と 6 午後 の間.\n8月15日 は特別休業.\n\n29/08 から 31/12/2022 まで \n開館時間 火曜日, 水曜日, 金曜日 と 土曜日 に 9 午前 と 12.30 午後 の間 と 2 午後 と 6 午後 の間. 木曜日 に 2 午後 と 6 午後 の間.\n11月1日, 11月11日 と 12月25日 は特別休業."
    },
    "periodeEnClairGenerationMode" : "AUTOMATIQUE",
    "indicationsPeriode" : [ {
      "elementReferenceType" : "IndicationPeriode",
      "id" : 416
    }, {
      "elementReferenceType" : "IndicationPeriode",
      "id" : 418
    }, {
      "elementReferenceType" : "IndicationPeriode",
      "id" : 435
    }, {
      "elementReferenceType" : "IndicationPeriode",
      "id" : 436
    } ],
    "periodesOuvertures" : [ {
      "identifiant" : 21022332,
      "dateDebut" : "2022-01-03",
      "dateFin" : "2022-07-22",
      "type" : "OUVERTURE_TOUS_LES_JOURS",
      "tousLesAns" : false,
      "identifiantTechnique" : 24049805
    }, {
      "identifiant" : 23770322,
      "dateDebut" : "2022-07-23",
      "dateFin" : "2022-08-28",
      "type" : "OUVERTURE_TOUS_LES_JOURS",
      "tousLesAns" : false,
      "identifiantTechnique" : 24049806
    }, {
      "identifiant" : 23770346,
      "dateDebut" : "2022-08-29",
      "dateFin" : "2022-12-31",
      "type" : "OUVERTURE_TOUS_LES_JOURS",
      "tousLesAns" : false,
      "identifiantTechnique" : 24049807
    } ],
    "fermeturesExceptionnelles" : [ {
      "dateSpeciale" : "PREMIER_JANVIER"
    }, {
      "dateSpeciale" : "LUNDI_PAQUES"
    }, {
      "dateSpeciale" : "ASCENSION"
    }, {
      "dateSpeciale" : "LUNDI_PENTECOTE"
    }, {
      "dateSpeciale" : "PREMIER_MAI"
    }, {
      "dateSpeciale" : "HUIT_MAI"
    }, {
      "dateSpeciale" : "QUATORZE_JUILLET"
    }, {
      "dateSpeciale" : "QUINZE_AOUT"
    }, {
      "dateSpeciale" : "PREMIER_NOVEMBRE"
    }, {
      "dateSpeciale" : "ONZE_NOVEMBRE"
    }, {
      "dateSpeciale" : "VINGT_CINQ_DECEMBRE"
    } ]
  },
  "descriptionTarif" : {
    "indicationTarif" : "GRATUIT",
    "gratuit" : true,
    "tarifsEnClair" : {
      "libelleFr" : "Gratuit.",
      "libelleEn" : "Free of charge.",
      "libelleEs" : "Gratis.",
      "libelleIt" : "Gratuito.",
      "libelleDe" : "Kostenlos.",
      "libelleNl" : "Gratis.",
      "libelleRu" : "Бесплатно.",
      "libelleZh" : "免费.",
      "libellePtBR" : "Gratuito.",
      "libelleJa" : "無料."
    },
    "tarifsEnClairGenerationMode" : "AUTOMATIQUE",
    "devise" : "EUR",
    "conditions" : { }
  },
  "reservation" : { },
  "criteresInternes" : [ {
    "id" : 18002
  } ],
  "contacts" : [ {
    "identifiant" : 20555925,
    "referent" : true,
    "civilite" : {
      "elementReferenceType" : "ContactCivilite",
      "id" : 442
    },
    "nom" : "DEL PICCHIA",
    "prenom" : "Céline",
    "fonction" : {
      "elementReferenceType" : "ContactFonction",
      "id" : 458
    },
    "moyensCommunication" : [ {
      "identifiant" : 98185325,
      "type" : {
        "elementReferenceType" : "MoyenCommunicationType",
        "id" : 201
      },
      "coordonnees" : {
        "fr" : "04.42.18.16.41"
      }
    } ]
  } ],
  "illustrations" : [ {
    "identifiant" : 11514627,
    "link" : false,
    "type" : "IMAGE",
    "copyright" : {
      "libelleFr" : "Vallorani"
    },
    "traductionFichiers" : [ {
      "locale" : "fr",
      "url" : "https://static.apidae-tourisme.com/filestore/objets-touristiques/images/232/219/11525096.jpg",
      "urlListe" : "https://static.apidae-tourisme.com/filestore/objets-touristiques/images/232/219/11525096-liste.jpg",
      "urlFiche" : "https://static.apidae-tourisme.com/filestore/objets-touristiques/images/232/219/11525096-fiche.jpg",
      "urlDiaporama" : "https://static.apidae-tourisme.com/filestore/objets-touristiques/images/232/219/11525096-diaporama.jpg",
      "extension" : "jpg",
      "fileName" : "VillageSantons_JPVallorani031",
      "taille" : 4318957,
      "hauteur" : 2765,
      "largeur" : 4148,
      "lastModifiedDate" : "2021-11-15T11:43:18.000+0000"
    } ],
    "locked" : false
  }, {
    "identifiant" : 11514605,
    "link" : false,
    "type" : "IMAGE",
    "copyright" : {
      "libelleFr" : "Vallorani"
    },
    "traductionFichiers" : [ {
      "locale" : "fr",
      "url" : "https://static.apidae-tourisme.com/filestore/objets-touristiques/images/210/219/11525074.jpg",
      "urlListe" : "https://static.apidae-tourisme.com/filestore/objets-touristiques/images/210/219/11525074-liste.jpg",
      "urlFiche" : "https://static.apidae-tourisme.com/filestore/objets-touristiques/images/210/219/11525074-fiche.jpg",
      "urlDiaporama" : "https://static.apidae-tourisme.com/filestore/objets-touristiques/images/210/219/11525074-diaporama.jpg",
      "extension" : "jpg",
      "fileName" : "VillageSantons_JPVallorani032",
      "taille" : 3957893,
      "hauteur" : 1280,
      "largeur" : 1920,
      "lastModifiedDate" : "2021-11-15T11:43:30.000+0000"
    } ],
    "locked" : false
  }, {
    "identifiant" : 11514624,
    "link" : false,
    "type" : "IMAGE",
    "copyright" : {
      "libelleFr" : "Vallorani"
    },
    "traductionFichiers" : [ {
      "locale" : "fr",
      "url" : "https://static.apidae-tourisme.com/filestore/objets-touristiques/images/229/219/11525093.jpg",
      "urlListe" : "https://static.apidae-tourisme.com/filestore/objets-touristiques/images/229/219/11525093-liste.jpg",
      "urlFiche" : "https://static.apidae-tourisme.com/filestore/objets-touristiques/images/229/219/11525093-fiche.jpg",
      "urlDiaporama" : "https://static.apidae-tourisme.com/filestore/objets-touristiques/images/229/219/11525093-diaporama.jpg",
      "extension" : "jpg",
      "fileName" : "VillageSantons_JPVallorani033",
      "taille" : 9047779,
      "hauteur" : 3456,
      "largeur" : 5184,
      "lastModifiedDate" : "2021-11-15T11:43:21.000+0000"
    } ],
    "locked" : false
  }, {
    "identifiant" : 11514639,
    "link" : false,
    "type" : "IMAGE",
    "copyright" : {
      "libelleFr" : "Vallorani"
    },
    "traductionFichiers" : [ {
      "locale" : "fr",
      "url" : "https://static.apidae-tourisme.com/filestore/objets-touristiques/images/244/219/11525108.jpg",
      "urlListe" : "https://static.apidae-tourisme.com/filestore/objets-touristiques/images/244/219/11525108-liste.jpg",
      "urlFiche" : "https://static.apidae-tourisme.com/filestore/objets-touristiques/images/244/219/11525108-fiche.jpg",
      "urlDiaporama" : "https://static.apidae-tourisme.com/filestore/objets-touristiques/images/244/219/11525108-diaporama.jpg",
      "extension" : "jpg",
      "fileName" : "VillageSantons_JPVallorani035",
      "taille" : 4450863,
      "hauteur" : 3284,
      "largeur" : 4925,
      "lastModifiedDate" : "2021-11-15T11:43:25.000+0000"
    } ],
    "locked" : false
  } ],
  "visites" : {
    "languesVisite" : [ {
      "elementReferenceType" : "Langue",
      "id" : 1197
    } ],
    "visitable" : true,
    "dureeMoyenneVisiteIndividuelle" : 30,
    "prestationsVisitesIndividuelles" : [ {
      "elementReferenceType" : "PrestationVisiteIndividuelle",
      "id" : 480
    }, {
      "elementReferenceType" : "PrestationVisiteIndividuelle",
      "id" : 483
    } ]
  },
  "territoires" : [ {
    "type" : "TERRITOIRE",
    "id" : 591381
  }, {
    "type" : "TERRITOIRE",
    "id" : 591419
  }, {
    "type" : "TERRITOIRE",
    "id" : 5127066
  }, {
    "type" : "TERRITOIRE",
    "id" : 5427370
  }, {
    "type" : "TERRITOIRE",
    "id" : 5427637
  }, {
    "type" : "TERRITOIRE",
    "id" : 5693743
  }, {
    "type" : "TERRITOIRE",
    "id" : 5693911
  }, {
    "type" : "TERRITOIRE",
    "id" : 5853958
  } ],
  "datesOuverture" : [ "2022-11-09", "2022-11-10", "2022-11-12", "2022-11-13", "2022-11-14", "2022-11-15", "2022-11-16", "2022-11-17", "2022-11-18", "2022-11-19", "2022-11-20", "2022-11-21", "2022-11-22", "2022-11-23", "2022-11-24", "2022-11-25", "2022-11-26", "2022-11-27", "2022-11-28", "2022-11-29", "2022-11-30", "2022-12-01", "2022-12-02", "2022-12-03", "2022-12-04", "2022-12-05", "2022-12-06", "2022-12-07", "2022-12-08", "2022-12-09", "2022-12-10", "2022-12-11", "2022-12-12", "2022-12-13", "2022-12-14", "2022-12-15", "2022-12-16", "2022-12-17", "2022-12-18", "2022-12-19", "2022-12-20", "2022-12-21", "2022-12-22", "2022-12-23", "2022-12-24", "2022-12-26", "2022-12-27", "2022-12-28", "2022-12-29", "2022-12-30", "2022-12-31" ],
  "informationsPatrimoineCulturel" : {
    "patrimoineCulturelType" : {
      "elementReferenceType" : "PatrimoineCulturelType",
      "id" : 3201
    },
    "themes" : [ {
      "elementReferenceType" : "PatrimoineCulturelTheme",
      "id" : 3419
    }, {
      "elementReferenceType" : "PatrimoineCulturelTheme",
      "id" : 3453
    } ],
    "categories" : [ {
      "elementReferenceType" : "PatrimoineCulturelCategorie",
      "id" : 3229
    } ]
  },
  "formatVersion" : "v002",
  "expiration" : {
    "dateExpiration" : "2022-12-31T00:00:00.000+0000"
  },
  "informationsPrestataireActivites" : {
    "prestataireActivites" : true
  },
  "enquete" : { },
  "donneesPrivees" : [ {
    "nomTechnique" : "1947_Id_patio",
    "libelleFr" : "Id_Patio",
    "ordre" : 1,
    "descriptif" : {
      "libelleFr" : "13MUS000058"
    }
  }, {
    "nomTechnique" : "1947_Source_patio",
    "libelleFr" : "Source_Patio",
    "ordre" : 2,
    "descriptif" : {
      "libelleFr" : "OT Pays d'Aubagne"
    }
  }, {
    "nomTechnique" : "1947_Url_patio",
    "libelleFr" : "URL_Patio",
    "ordre" : 3,
    "descriptif" : {
      "libelleFr" : "http://www.tourisme-paysdaubagne.fr/fr"
    }
  } ],
  "metadonnees" : [ {
    "noeudId" : "fairguest",
    "contenus" : [ {
      "cible" : "general",
      "metadonnee" : {
        "note" : 9.4,
        "label" : "Excellent",
        "couleur" : "#277712",
        "nombreAvis" : 140,
        "dateMaj" : 1667920183436
      }
    } ]
  } ]
}