{
  "type" : "PATRIMOINE_CULTUREL",
  "id" : 5538526,
  "nom" : {
    "libelleFr" : "Parc du 26e Centenaire",
    "libelleEn" : "Parc du 26e Centenaire",
    "libelleEs" : "Parc du 26e Centenaire",
    "libelleIt" : "Parc du 26e Centenaire",
    "libelleDe" : "Parc du 26e Centenaire",
    "libelleNl" : "Parc du 26e Centenaire"
  },
  "identifier" : "SITRA2_PCU_5538526",
  "state" : "PUBLISHED",
  "gestion" : {
    "dateCreation" : "2020-05-26T19:46:57.070+0000",
    "dateModification" : "2022-07-06T09:57:00.684+0000",
    "dateExportModification" : "2022-07-06T09:57:00.913+0000",
    "membreProprietaire" : {
      "type" : {
        "elementReferenceType" : "MembreSitraType",
        "id" : 233
      },
      "nom" : "Ville de Marseille",
      "dateCreation" : "2017-01-24T06:54:50.567+0000",
      "dateModification" : "2022-10-24T08:49:51.518+0000",
      "id" : 1470,
      "siteWeb" : "http://www.marseille.fr/"
    },
    "signalerUnProblemeMails" : [ "narezki@marseille.fr", "sortir@marseille.fr" ]
  },
  "informations" : {
    "moyensCommunication" : [ {
      "identifiant" : 79630033,
      "type" : {
        "elementReferenceType" : "MoyenCommunicationType",
        "id" : 201
      },
      "coordonnees" : {
        "fr" : "3013"
      }
    }, {
      "identifiant" : 79630036,
      "type" : {
        "elementReferenceType" : "MoyenCommunicationType",
        "id" : 205
      },
      "coordonnees" : {
        "fr" : "https://www.marseille.fr/environnement/parcs-et-jardins/parc-du-26eme-centenaire"
      }
    } ],
    "informationsLegales" : { },
    "structureGestion" : {
      "type" : "STRUCTURE",
      "id" : 5350442
    }
  },
  "presentation" : {
    "descriptifCourt" : {
      "libelleFr" : "Situé en plein cœur de Marseille, le Parc du 26e centenaire s’étend sur 10,5 hectares. Il a été aménagé sur le site de l'ancienne gare du Prado."
    },
    "descriptifDetaille" : {
      "libelleFr" : "Situé en plein coeur de Marseille, le Parc du 26e centenaire s'étend sur 10,5 hectares. Il a été aménagé sur le site de l'ancienne gare du Prado.\r\n\r\n\r\nDe conception très contemporaine, le parc s'inscrit cependant dans la mémoire commune, faisant référence aux vingt-six siècles d'histoire de la Ville. Certains vestiges conservés de la gare sont les témoins d'un passé encore vivant dans le souvenir de nombreux Marseillais.\r\nL'eau y est omniprésente et fait écho à \"l'Arbre de l'Espérance\" qui se dresse à l'entrée principale.\r\n\r\nQuatre jardins thématiques symbolisent la mixité culturelle de la population et l'ouverture de Marseille sur le monde :\r\n\r\nle Jardin provençal, structuré en terrasses\r\nle Jardin oriental, de style arabo-andalou\r\nle Jardin africain, animé de dunes\r\nle Jardin asiatique rappelant les jardins japonais\r\nLes plantes y sont disposées en fonction de leur forme et de leur capacité à illustrer ou à évoquer le style souhaité. Il ne s'agit pas de jardins botaniques, au sens scientifique du terme, car les plantes ne sont pas sélectionnées en fonction de leur véritable aire d'origine.\r\nEn effet, les Marseillais, grâce à leur grand port, ont toujours été en relation avec la Méditerranée, mais aussi l'Afrique, le Moyen et l'Extrême Orient. Ainsi, différentes espèces végétales ont réussi à s'acclimater à Marseille.\r\n\r\nCe parc a obtenu, en 2005, le label \"Jardin remarquable\" du ministère de la Culture.\r\n\r\nDans ce parc du XXIe siècle, le promeneur découvre un mail pavé et planté, longé d'un canal de 26 jets d'eau et d'un hangar, vestige de l'ancienne gare, qui abrite aujourd'hui un salon de thé.\r\nLe parc paysager est composé d'un lac de 30 00 m² surplombé d'un belvédère permettant d'admirer Notre-Dame de la Garde et les collines de Saint-Cyr.\r\nIl dispose également d'un terrain de boules et de deux aires de jeux pour enfants.\r\nDes salles de conférences et d'expositions ont également été édifiées, près de l'entrée principale, place de la fontaine de l'Espérance.­"
    },
    "descriptifsThematises" : [ {
      "dateDisponibilite" : null,
      "dateLimiteDePublication" : null,
      "theme" : {
        "elementReferenceType" : "DescriptifTheme",
        "id" : 5417
      },
      "description" : {
        "libelleFr" : "Oasis de verdure en plein centre de Marseille, le Parc du 26e centenaire est un symbole fort qui a inauguré le XXIe siècle. Evocation des 26 siècles d'histoire de la cité phocéenne, ces 10 ha de nature ont ancré la ville dans ses racines. Un acte important qui a réparé le tissu urbain en réhabilitant un ancien site industriel à l'abandon. L'organisation du jardin en 4 thématiques est une référence à sa mixité culturelle, au brassage du temps, des populations et des plantes qui se sont acclimatées.\r\nAinsi les chemins guident les pas des visiteurs à travers 4 jardins d'inspiration provençale, orientale, africaine et asiatique. Alors que belvédère, lac, jets d'eau ponctuent le paysage, terrain de boules et aires de jeux animent les lieux. Un espace d'agrément et de loisirs dédiés à tous."
      }
    } ]
  },
  "localisation" : {
    "adresse" : {
      "adresse1" : "Rond-point Zino Francescatti",
      "codePostal" : "13010",
      "bureauDistribution" : "MARSEILLE",
      "commune" : {
        "id" : 4540
      }
    },
    "geolocalisation" : {
      "valide" : true,
      "geoJson" : {
        "type" : "Point",
        "coordinates" : [ 5.394522, 43.280807 ]
      }
    },
    "perimetreGeographique" : [ {
      "id" : 4540
    } ],
    "environnements" : [ {
      "elementReferenceType" : "Environnement",
      "id" : 183
    }, {
      "elementReferenceType" : "Environnement",
      "id" : 3974
    } ]
  },
  "liens" : { },
  "prestations" : {
    "equipements" : [ {
      "elementReferenceType" : "PrestationEquipement",
      "id" : 612
    }, {
      "elementReferenceType" : "PrestationEquipement",
      "id" : 1321
    } ],
    "animauxAcceptes" : "NON_DISPONIBLE",
    "animauxAcceptesSupplement" : "NON_DISPONIBLE",
    "complementAccueil" : {
      "libelleFr" : "Accessible pour handicapés\r\nParking public(Cantini)",
      "libelleEn" : "Accessible for disabled",
      "libelleIt" : "Accessibile ai disabili",
      "libelleDe" : "Zugänglich für Behinderte",
      "libelleNl" : "Toegankelijk voor mensen met een handicap"
    }
  },
  "ouverture" : {
    "periodeEnClair" : {
      "libelleFr" : "Du 01/01 au 31/12/2022, tous les jours.\nLes parcs seront ouverts jusqu'à 21h du 8 juillet au 28 août dans le cadre de l'été marseillais.\r\n\r\nHoraires d'ouverture jusqu'à nouvel ordre : de 7h à 18h30\r\n(l'évacuation du public débute 1/4h avant la fermeture légale).",
      "libelleEn" : "From 01/01 to 31/12/2022, daily.",
      "libelleEs" : "Del 01/01 al 31/12/2022, todos los dias.",
      "libelleIt" : "Dal 01/01 al 31/12/2022, ogni giorno.",
      "libelleDe" : "Vom 01/01 bis 31/12/2022, täglich.",
      "libelleNl" : "Van 01/01 tot en met 31/12/2022, iedere dag.",
      "libelleRu" : "С 01/01 до 31/12/2022, ежедневно.",
      "libelleZh" : "从 1月1日 到 2022年12月31日, 日常.",
      "libellePtBR" : "De 01/01 a 31/12/2022, todos os dias.",
      "libelleJa" : "01/01 から 31/12/2022 まで, 毎日."
    },
    "periodeEnClairGenerationMode" : "AUTOMATIQUE",
    "indicationsPeriode" : [ {
      "elementReferenceType" : "IndicationPeriode",
      "id" : 416
    }, {
      "elementReferenceType" : "IndicationPeriode",
      "id" : 418
    }, {
      "elementReferenceType" : "IndicationPeriode",
      "id" : 435
    }, {
      "elementReferenceType" : "IndicationPeriode",
      "id" : 436
    } ],
    "periodesOuvertures" : [ {
      "identifiant" : 22414564,
      "dateDebut" : "2022-01-01",
      "dateFin" : "2022-12-31",
      "complementHoraire" : {
        "libelleFr" : "Les parcs seront ouverts jusqu'à 21h du 8 juillet au 28 août dans le cadre de l'été marseillais.\r\n\r\nHoraires d'ouverture jusqu'à nouvel ordre : de 7h à 18h30\r\n(l'évacuation du public débute 1/4h avant la fermeture légale)"
      },
      "type" : "OUVERTURE_TOUS_LES_JOURS",
      "tousLesAns" : false,
      "identifiantTechnique" : 23811968
    } ]
  },
  "descriptionTarif" : {
    "indicationTarif" : "GRATUIT",
    "gratuit" : true,
    "tarifsEnClair" : {
      "libelleFr" : "Gratuit.",
      "libelleEn" : "Free of charge.",
      "libelleEs" : "Gratis.",
      "libelleIt" : "Gratuito.",
      "libelleDe" : "Kostenlos.",
      "libelleNl" : "Gratis.",
      "libelleRu" : "Бесплатно.",
      "libelleZh" : "免费.",
      "libellePtBR" : "Gratuito.",
      "libelleJa" : "無料."
    },
    "tarifsEnClairGenerationMode" : "AUTOMATIQUE",
    "devise" : "EUR",
    "conditions" : { }
  },
  "reservation" : { },
  "criteresInternes" : [ {
    "id" : 16639
  }, {
    "id" : 16704
  }, {
    "id" : 16775
  } ],
  "contacts" : [ {
    "identifiant" : 17636758,
    "referent" : true,
    "civilite" : {
      "elementReferenceType" : "ContactCivilite",
      "id" : 443
    },
    "nom" : "Police des Parcs",
    "fonction" : {
      "elementReferenceType" : "ContactFonction",
      "id" : 457
    },
    "moyensCommunication" : [ {
      "identifiant" : 83831616,
      "type" : {
        "elementReferenceType" : "MoyenCommunicationType",
        "id" : 201
      },
      "coordonnees" : {
        "fr" : "04 91 55 25 27"
      }
    } ]
  } ],
  "illustrations" : [ {
    "identifiant" : 9716520,
    "link" : false,
    "type" : "IMAGE",
    "nom" : {
      "libelleFr" : "Parc du 26e Centenaire"
    },
    "copyright" : {
      "libelleFr" : "Parc du 26e Centenaire - Ville de Marseille"
    },
    "traductionFichiers" : [ {
      "locale" : "fr",
      "url" : "https://static.apidae-tourisme.com/filestore/objets-touristiques/images/21/141/9473301.jpg",
      "urlListe" : "https://static.apidae-tourisme.com/filestore/objets-touristiques/images/21/141/9473301-liste.jpg",
      "urlFiche" : "https://static.apidae-tourisme.com/filestore/objets-touristiques/images/21/141/9473301-fiche.jpg",
      "urlDiaporama" : "https://static.apidae-tourisme.com/filestore/objets-touristiques/images/21/141/9473301-diaporama.jpg",
      "extension" : "jpg",
      "fileName" : "parc 26ecentenaire",
      "taille" : 391128,
      "hauteur" : 900,
      "largeur" : 1200,
      "lastModifiedDate" : "2021-03-25T15:12:03.000+0000"
    } ],
    "locked" : false
  } ],
  "visites" : {
    "visitable" : false
  },
  "territoires" : [ {
    "type" : "TERRITOIRE",
    "id" : 591381
  }, {
    "type" : "TERRITOIRE",
    "id" : 591419
  }, {
    "type" : "TERRITOIRE",
    "id" : 5127066
  }, {
    "type" : "TERRITOIRE",
    "id" : 5427637
  }, {
    "type" : "TERRITOIRE",
    "id" : 5460436
  }, {
    "type" : "TERRITOIRE",
    "id" : 5693878
  }, {
    "type" : "TERRITOIRE",
    "id" : 5693903
  }, {
    "type" : "TERRITOIRE",
    "id" : 6008197
  } ],
  "datesOuverture" : [ "2022-11-07", "2022-11-08", "2022-11-09", "2022-11-10", "2022-11-11", "2022-11-12", "2022-11-13", "2022-11-14", "2022-11-15", "2022-11-16", "2022-11-17", "2022-11-18", "2022-11-19", "2022-11-20", "2022-11-21", "2022-11-22", "2022-11-23", "2022-11-24", "2022-11-25", "2022-11-26", "2022-11-27", "2022-11-28", "2022-11-29", "2022-11-30", "2022-12-01", "2022-12-02", "2022-12-03", "2022-12-04", "2022-12-05", "2022-12-06", "2022-12-07", "2022-12-08", "2022-12-09", "2022-12-10", "2022-12-11", "2022-12-12", "2022-12-13", "2022-12-14", "2022-12-15", "2022-12-16", "2022-12-17", "2022-12-18", "2022-12-19", "2022-12-20", "2022-12-21", "2022-12-22", "2022-12-23", "2022-12-24", "2022-12-25", "2022-12-26", "2022-12-27", "2022-12-28", "2022-12-29", "2022-12-30", "2022-12-31" ],
  "informationsPatrimoineCulturel" : {
    "patrimoineCulturelType" : {
      "elementReferenceType" : "PatrimoineCulturelType",
      "id" : 3202
    },
    "themes" : [ {
      "elementReferenceType" : "PatrimoineCulturelTheme",
      "id" : 3459
    }, {
      "elementReferenceType" : "PatrimoineCulturelTheme",
      "id" : 3458
    } ],
    "categories" : [ {
      "elementReferenceType" : "PatrimoineCulturelCategorie",
      "id" : 4872
    } ]
  },
  "formatVersion" : "v002",
  "expiration" : {
    "dateExpiration" : "2022-12-31T00:00:00.000+0000"
  },
  "informationsPrestataireActivites" : {
    "prestataireActivites" : false
  },
  "enquete" : { },
  "donneesPrivees" : [ {
    "nomTechnique" : "1947_Id_patio",
    "libelleFr" : "Id_Patio",
    "ordre" : 1,
    "descriptif" : {
      "libelleFr" : "13T2B00025"
    }
  }, {
    "nomTechnique" : "1947_Source_patio",
    "libelleFr" : "Source_Patio",
    "ordre" : 2,
    "descriptif" : {
      "libelleFr" : "Ville de Marseille"
    }
  }, {
    "nomTechnique" : "1947_Url_patio",
    "libelleFr" : "URL_Patio",
    "ordre" : 3,
    "descriptif" : {
      "libelleFr" : "http://www.marseille.fr"
    }
  } ]
}