{
  "type" : "PATRIMOINE_CULTUREL",
  "id" : 5538593,
  "nom" : {
    "libelleFr" : "Le Jardin d'Eguilles",
    "libelleEn" : "Eguilles garden",
    "libelleEs" : "Le Jardin d'Eguilles",
    "libelleIt" : "Le Jardin d'Eguilles",
    "libelleDe" : "Le Jardin d'Eguilles",
    "libelleNl" : "Le Jardin d'Eguilles"
  },
  "identifier" : "SITRA2_PCU_5538593",
  "state" : "PUBLISHED",
  "gestion" : {
    "dateCreation" : "2020-05-26T19:57:47.392+0000",
    "dateModification" : "2022-11-03T14:22:52.591+0000",
    "dateExportModification" : "2022-11-03T14:22:52.888+0000",
    "membreProprietaire" : {
      "type" : {
        "elementReferenceType" : "MembreSitraType",
        "id" : 233
      },
      "nom" : "Provence Tourisme",
      "dateCreation" : "2019-11-08T09:11:11.347+0000",
      "dateModification" : "2022-10-24T08:49:52.230+0000",
      "id" : 1947,
      "siteWeb" : "http://www.myprovence.fr"
    },
    "signalerUnProblemeMails" : [ "abartorello@myprovence.fr", "ccombrie@myprovence.fr" ]
  },
  "informations" : {
    "moyensCommunication" : [ {
      "identifiant" : 70513859,
      "type" : {
        "elementReferenceType" : "MoyenCommunicationType",
        "id" : 201
      },
      "coordonnees" : {
        "fr" : "06 16 57 08 64"
      }
    }, {
      "identifiant" : 70513863,
      "type" : {
        "elementReferenceType" : "MoyenCommunicationType",
        "id" : 204
      },
      "coordonnees" : {
        "fr" : "annesauzeleberre@gmail.com"
      }
    }, {
      "identifiant" : 70513864,
      "type" : {
        "elementReferenceType" : "MoyenCommunicationType",
        "id" : 205
      },
      "coordonnees" : {
        "fr" : "http://www.max-sauze.com"
      }
    } ],
    "informationsLegales" : {
      "siret" : "78372430600017",
      "codeApeNaf" : "92"
    },
    "structureGestion" : {
      "type" : "STRUCTURE",
      "id" : 5223505
    }
  },
  "presentation" : {
    "descriptifCourt" : {
      "libelleFr" : "Le Jardin d’Éguilles, par Max Sauze, est un jardin d’artiste sur 950m² ,Le jardin en lui-même est remarquable par l’harmonie qui règne entre le naturel (le végétal, le traitement des sols) et l’artificiel (les livres, le métal, le plastique…).",
      "libelleEn" : "The Jardin d'Éguilles, by Max Sauze, is an artist's garden of 950m², The garden itself is remarkable for the harmony that reigns between the natural (the vegetation, the treatment of the soil) and the artificial (the books, the metal, the plastic...)."
    },
    "descriptifDetaille" : {
      "libelleFr" : "Dissimulé au cœur du village, le Jardin d'Eguilles, labellisé jardin remarquable, est un jardin d'artiste.\r\n\r\nSur 950 mètres carrés, une végétation abondante et variée s'arrange avec les œuvres de Max Sauze, sculpteur contemporain, et détermine des mises en scène composées suivant un désordre rigoureusement organisé : \r\n\r\nl'Angélus de Millet, la Bibliothèque de l'écureuil, Les Brodules, Le mur de livres, La Bascine, Les arbres bleus, Les fleurs-tapettes-à-escargots, La plus petite forêt du monde... \r\n\r\nDans ce monde végétal foisonnant, les sculptures, une centaine, empruntent parfois à la nature certains de ses éléments. \r\nElles sont montrées-cachées. \r\n\r\nAinsi le mariage entre le naturel et l'artificiel s'affine au fil des années avec des disparitions, des réparations, des transformations radicales ou des naissances à la suite de hasards accidentels.\r\n\r\nL'artiste vigilant ne laisse rien passer : il apprivoise, se plie à l'opiniâtreté des plantes et patiemment donne le jour à des ensembles poétiques qui dureront ce que durent les œuvres, l'espace d'une saison...parfois plus.\r\n\r\nExposition permanente dans la galerie de l'artiste.",
      "libelleEn" : "Hidden in the heart of the village, the Jardin d'Eguilles is an artist's garden.\r\n\r\nOn 950 square metres, an abundant and varied vegetation is arranged with the works of Max Sauze, contemporary sculptor, and determines the settings composed according to a rigorously organized disorder: \r\n\r\nMillet's Angelus, the Squirrel Library, The Brodules, The Wall of Books, The Bascine, The Blue Trees, The Snail Flowers, The Smallest Forest in the World... \r\n\r\nIn this teeming plant world, the sculptures, about a hundred of them, sometimes borrow some of their elements from nature. \r\nThey are shown hidden. \r\n\r\nThus the marriage between the natural and the artificial is refined over the years with disappearances, repairs, radical transformations or births following accidental chance.\r\n\r\nThe vigilant artist lets nothing pass: he tames, bends to the stubbornness of the plants and patiently gives birth to poetic ensembles that will last as long as the works do, the space of a season... sometimes more.\r\n\r\nPermanent exhibition in the artist's gallery."
    },
    "descriptifsThematises" : [ {
      "dateDisponibilite" : null,
      "dateLimiteDePublication" : null,
      "theme" : {
        "elementReferenceType" : "DescriptifTheme",
        "id" : 5417
      },
      "description" : {
        "libelleFr" : "Le jardin d'Eguilles est un jardin d'artiste, celui de Max Sauze. L'art de ce plasticien contemporain s'exprime à travers de nombreux matériaux, bois, ciment, papier, métal et fil de fer... Les nombreuses sculptures dispersées dans le jardin instaurent un dialogue avec la nature. Une symbiose s'opère entre les oeuvres et la végétation, transformant l'ensemble en une création poétique unique. \r\nLe jardin se visite sur rendez-vous, un format un peu confidentiel qui préserve l'intimité des lieux. C'est un peu comme si l'on pénétrait dans l'atelier de l'artiste, que l'on devienne pour un instant le témoin d'une oeuvre en mutation, toujours en devenir."
      }
    } ],
    "typologiesPromoSitra" : [ {
      "elementReferenceType" : "TypologiePromoSitra",
      "id" : 1624
    } ]
  },
  "localisation" : {
    "adresse" : {
      "adresse1" : "105 Rue Paul Magallon",
      "codePostal" : "13510",
      "bureauDistribution" : "EGUILLES",
      "commune" : {
        "id" : 4443
      }
    },
    "geolocalisation" : {
      "valide" : true,
      "geoJson" : {
        "type" : "Point",
        "coordinates" : [ 5.353068, 43.571146 ]
      }
    },
    "perimetreGeographique" : [ {
      "id" : 4443
    } ],
    "environnements" : [ {
      "elementReferenceType" : "Environnement",
      "id" : 185
    } ]
  },
  "liens" : { },
  "prestations" : {
    "services" : [ {
      "elementReferenceType" : "PrestationService",
      "id" : 1130
    } ],
    "animauxAcceptes" : "NON_ACCEPTES",
    "animauxAcceptesSupplement" : "NON_DISPONIBLE",
    "activites" : [ {
      "elementReferenceType" : "PrestationActivite",
      "id" : 6032
    } ],
    "languesParlees" : [ {
      "elementReferenceType" : "Langue",
      "id" : 1192
    }, {
      "elementReferenceType" : "Langue",
      "id" : 1197
    } ],
    "typesClientele" : [ {
      "elementReferenceType" : "TypeClientele",
      "id" : 593
    } ]
  },
  "ouverture" : {
    "periodeEnClair" : {
      "libelleFr" : "Toute l'année, tous les jours.\nEn téléphonant au préalable pour s'assurer de la présence d'une personne pour vous recevoir.",
      "libelleEn" : "All year round, daily.",
      "libelleEs" : "Todo el año, todos los dias.",
      "libelleIt" : "Tutto l'anno, ogni giorno.",
      "libelleDe" : "Ganzjährig, täglich.",
      "libelleNl" : "Het hele jaar, iedere dag.",
      "libelleRu" : "В течение всего года, ежедневно.",
      "libelleZh" : "全年, 日常.",
      "libellePtBR" : "Todo o ano, todos os dias.",
      "libelleJa" : "オールシーズン, 毎日."
    },
    "periodeEnClairGenerationMode" : "AUTOMATIQUE",
    "indicationsPeriode" : [ {
      "elementReferenceType" : "IndicationPeriode",
      "id" : 416
    }, {
      "elementReferenceType" : "IndicationPeriode",
      "id" : 418
    }, {
      "elementReferenceType" : "IndicationPeriode",
      "id" : 435
    }, {
      "elementReferenceType" : "IndicationPeriode",
      "id" : 436
    } ],
    "periodesOuvertures" : [ {
      "identifiant" : 21029010,
      "dateDebut" : "2021-01-01",
      "dateFin" : "2021-12-31",
      "complementHoraire" : {
        "libelleFr" : "en téléphonant au préalable pour s'assurer de la présence d'une personne pour vous recevoir"
      },
      "type" : "OUVERTURE_TOUS_LES_JOURS",
      "tousLesAns" : true,
      "identifiantTechnique" : 24689395
    } ],
    "ouvertTouteLAnnee" : "OUVERT_TOUTE_L_ANNEE"
  },
  "descriptionTarif" : {
    "indicationTarif" : "PAYANT",
    "gratuit" : false,
    "tarifsEnClair" : {
      "libelleFr" : "Entrée : 4€"
    },
    "tarifsEnClairGenerationMode" : "MANUEL",
    "complement" : { },
    "periodes" : [ {
      "identifiant" : 13754479,
      "dateDebut" : "2023-01-01",
      "dateFin" : "2023-12-31",
      "tarifs" : [ {
        "devise" : "EUR",
        "minimum" : 4.00,
        "maximum" : 4.00,
        "type" : {
          "elementReferenceType" : "TarifType",
          "id" : 5250
        }
      }, {
        "devise" : "EUR",
        "minimum" : 2.00,
        "maximum" : 2.00,
        "type" : {
          "elementReferenceType" : "TarifType",
          "id" : 1751
        }
      } ]
    } ],
    "modesPaiement" : [ {
      "elementReferenceType" : "ModePaiement",
      "id" : 1271
    }, {
      "elementReferenceType" : "ModePaiement",
      "id" : 1277
    } ],
    "devise" : "EUR",
    "conditions" : {
      "conditionEnfantAgeMax" : 12
    }
  },
  "reservation" : {
    "organismes" : [ {
      "identifiant" : 5079574,
      "structureReference" : {
        "type" : "STRUCTURE",
        "id" : 5223505
      },
      "nom" : "Le Jardin d'Eguilles",
      "type" : {
        "elementReferenceType" : "ReservationType",
        "id" : 475
      },
      "moyensCommunication" : [ {
        "identifiant" : 80348802,
        "type" : {
          "elementReferenceType" : "MoyenCommunicationType",
          "id" : 201
        },
        "coordonnees" : {
          "fr" : "06 16 57 08 64"
        }
      }, {
        "identifiant" : 80348804,
        "type" : {
          "elementReferenceType" : "MoyenCommunicationType",
          "id" : 204
        },
        "coordonnees" : {
          "fr" : "annesauzeleberre@gmail.com"
        }
      }, {
        "identifiant" : 80348805,
        "type" : {
          "elementReferenceType" : "MoyenCommunicationType",
          "id" : 205
        },
        "coordonnees" : {
          "fr" : "http://www.max-sauze.com"
        }
      } ],
      "locked" : false
    } ]
  },
  "criteresInternes" : [ {
    "id" : 16646
  }, {
    "id" : 16775
  }, {
    "id" : 16903
  }, {
    "id" : 23500
  }, {
    "id" : 23526
  } ],
  "contacts" : [ {
    "identifiant" : 17636889,
    "referent" : true,
    "civilite" : {
      "elementReferenceType" : "ContactCivilite",
      "id" : 443
    },
    "nom" : "SAUZE",
    "prenom" : "Max",
    "fonction" : {
      "elementReferenceType" : "ContactFonction",
      "id" : 464
    }
  }, {
    "identifiant" : 17636890,
    "referent" : false,
    "civilite" : {
      "elementReferenceType" : "ContactCivilite",
      "id" : 442
    },
    "nom" : "LE BERRE-SAUZE",
    "prenom" : "Anne",
    "fonction" : {
      "elementReferenceType" : "ContactFonction",
      "id" : 464
    }
  } ],
  "illustrations" : [ {
    "identifiant" : 8487269,
    "link" : false,
    "type" : "IMAGE",
    "nom" : {
      "libelleFr" : "13T2001601_1_WEB.jpg"
    },
    "copyright" : {
      "libelleFr" : "@Sculptures, Photo Max Sauze"
    },
    "traductionFichiers" : [ {
      "locale" : "fr",
      "url" : "https://static.apidae-tourisme.com/filestore/objets-touristiques/images/57/251/8256313.jpg",
      "urlListe" : "https://static.apidae-tourisme.com/filestore/objets-touristiques/images/57/251/8256313-liste.jpg",
      "urlFiche" : "https://static.apidae-tourisme.com/filestore/objets-touristiques/images/57/251/8256313-fiche.jpg",
      "urlDiaporama" : "https://static.apidae-tourisme.com/filestore/objets-touristiques/images/57/251/8256313-diaporama.jpg",
      "extension" : "jpg",
      "fileName" : "full",
      "taille" : 66897,
      "hauteur" : 300,
      "largeur" : 400,
      "lastModifiedDate" : "2020-07-23T16:46:15.000+0000"
    } ],
    "locked" : false
  }, {
    "identifiant" : 8487270,
    "link" : false,
    "type" : "IMAGE",
    "nom" : {
      "libelleFr" : "13T2001601_2_WEB.jpg"
    },
    "copyright" : {
      "libelleFr" : "@Tiges d'escargots, Photo Max Sauze"
    },
    "traductionFichiers" : [ {
      "locale" : "fr",
      "url" : "https://static.apidae-tourisme.com/filestore/objets-touristiques/images/58/251/8256314.jpg",
      "urlListe" : "https://static.apidae-tourisme.com/filestore/objets-touristiques/images/58/251/8256314-liste.jpg",
      "urlFiche" : "https://static.apidae-tourisme.com/filestore/objets-touristiques/images/58/251/8256314-fiche.jpg",
      "urlDiaporama" : "https://static.apidae-tourisme.com/filestore/objets-touristiques/images/58/251/8256314-diaporama.jpg",
      "extension" : "jpg",
      "fileName" : "full",
      "taille" : 56396,
      "hauteur" : 300,
      "largeur" : 400,
      "lastModifiedDate" : "2020-07-23T16:46:15.000+0000"
    } ],
    "locked" : false
  }, {
    "identifiant" : 8487271,
    "link" : false,
    "type" : "IMAGE",
    "nom" : {
      "libelleFr" : "13T2001601_3_WEB.jpg"
    },
    "copyright" : {
      "libelleFr" : "@Max Sauze"
    },
    "traductionFichiers" : [ {
      "locale" : "fr",
      "url" : "https://static.apidae-tourisme.com/filestore/objets-touristiques/images/59/251/8256315.jpg",
      "urlListe" : "https://static.apidae-tourisme.com/filestore/objets-touristiques/images/59/251/8256315-liste.jpg",
      "urlFiche" : "https://static.apidae-tourisme.com/filestore/objets-touristiques/images/59/251/8256315-fiche.jpg",
      "urlDiaporama" : "https://static.apidae-tourisme.com/filestore/objets-touristiques/images/59/251/8256315-diaporama.jpg",
      "extension" : "jpg",
      "fileName" : "full",
      "taille" : 65142,
      "hauteur" : 300,
      "largeur" : 400,
      "lastModifiedDate" : "2020-07-23T16:46:15.000+0000"
    } ],
    "locked" : false
  }, {
    "identifiant" : 8487272,
    "link" : false,
    "type" : "IMAGE",
    "nom" : {
      "libelleFr" : "13T2001601_4_WEB.jpg"
    },
    "copyright" : {
      "libelleFr" : "@Max Sauze"
    },
    "traductionFichiers" : [ {
      "locale" : "fr",
      "url" : "https://static.apidae-tourisme.com/filestore/objets-touristiques/images/60/251/8256316.jpg",
      "urlListe" : "https://static.apidae-tourisme.com/filestore/objets-touristiques/images/60/251/8256316-liste.jpg",
      "urlFiche" : "https://static.apidae-tourisme.com/filestore/objets-touristiques/images/60/251/8256316-fiche.jpg",
      "urlDiaporama" : "https://static.apidae-tourisme.com/filestore/objets-touristiques/images/60/251/8256316-diaporama.jpg",
      "extension" : "jpg",
      "fileName" : "full",
      "taille" : 57953,
      "hauteur" : 300,
      "largeur" : 400,
      "lastModifiedDate" : "2020-07-23T16:46:14.000+0000"
    } ],
    "locked" : false
  }, {
    "identifiant" : 8487273,
    "link" : false,
    "type" : "IMAGE",
    "nom" : {
      "libelleFr" : "13T2001601_5_WEB.jpg"
    },
    "copyright" : {
      "libelleFr" : "@Max Sauze"
    },
    "traductionFichiers" : [ {
      "locale" : "fr",
      "url" : "https://static.apidae-tourisme.com/filestore/objets-touristiques/images/61/251/8256317.jpg",
      "urlListe" : "https://static.apidae-tourisme.com/filestore/objets-touristiques/images/61/251/8256317-liste.jpg",
      "urlFiche" : "https://static.apidae-tourisme.com/filestore/objets-touristiques/images/61/251/8256317-fiche.jpg",
      "urlDiaporama" : "https://static.apidae-tourisme.com/filestore/objets-touristiques/images/61/251/8256317-diaporama.jpg",
      "extension" : "jpg",
      "fileName" : "full",
      "taille" : 77240,
      "hauteur" : 300,
      "largeur" : 400,
      "lastModifiedDate" : "2020-07-23T16:46:15.000+0000"
    } ],
    "locked" : false
  } ],
  "visites" : {
    "visitable" : false
  },
  "territoires" : [ {
    "type" : "TERRITOIRE",
    "id" : 591381
  }, {
    "type" : "TERRITOIRE",
    "id" : 591419
  }, {
    "type" : "TERRITOIRE",
    "id" : 5127066
  }, {
    "type" : "TERRITOIRE",
    "id" : 5427620
  }, {
    "type" : "TERRITOIRE",
    "id" : 5427637
  }, {
    "type" : "TERRITOIRE",
    "id" : 5693847
  }, {
    "type" : "TERRITOIRE",
    "id" : 5775948
  }, {
    "type" : "TERRITOIRE",
    "id" : 5853930
  } ],
  "datesOuverture" : [ "2022-11-04", "2022-11-05", "2022-11-06", "2022-11-07", "2022-11-08", "2022-11-09", "2022-11-10", "2022-11-11", "2022-11-12", "2022-11-13", "2022-11-14", "2022-11-15", "2022-11-16", "2022-11-17", "2022-11-18", "2022-11-19", "2022-11-20", "2022-11-21", "2022-11-22", "2022-11-23", "2022-11-24", "2022-11-25", "2022-11-26", "2022-11-27", "2022-11-28", "2022-11-29", "2022-11-30", "2022-12-01", "2022-12-02", "2022-12-03", "2022-12-04", "2022-12-05", "2022-12-06", "2022-12-07", "2022-12-08", "2022-12-09", "2022-12-10", "2022-12-11", "2022-12-12", "2022-12-13", "2022-12-14", "2022-12-15", "2022-12-16", "2022-12-17", "2022-12-18", "2022-12-19", "2022-12-20", "2022-12-21", "2022-12-22", "2022-12-23", "2022-12-24", "2022-12-25", "2022-12-26", "2022-12-27", "2022-12-28", "2022-12-29", "2022-12-30", "2022-12-31", "2023-01-01", "2023-01-02", "2023-01-03", "2023-01-04", "2023-01-05", "2023-01-06", "2023-01-07", "2023-01-08", "2023-01-09", "2023-01-10", "2023-01-11", "2023-01-12", "2023-01-13", "2023-01-14", "2023-01-15", "2023-01-16", "2023-01-17", "2023-01-18", "2023-01-19", "2023-01-20", "2023-01-21", "2023-01-22", "2023-01-23", "2023-01-24", "2023-01-25", "2023-01-26", "2023-01-27", "2023-01-28", "2023-01-29", "2023-01-30", "2023-01-31", "2023-02-01", "2023-02-02", "2023-02-03", "2023-02-04", "2023-02-05", "2023-02-06", "2023-02-07", "2023-02-08", "2023-02-09", "2023-02-10", "2023-02-11", "2023-02-12", "2023-02-13", "2023-02-14", "2023-02-15", "2023-02-16", "2023-02-17", "2023-02-18", "2023-02-19", "2023-02-20", "2023-02-21", "2023-02-22", "2023-02-23", "2023-02-24", "2023-02-25", "2023-02-26", "2023-02-27", "2023-02-28", "2023-03-01", "2023-03-02", "2023-03-03", "2023-03-04", "2023-03-05", "2023-03-06", "2023-03-07", "2023-03-08", "2023-03-09", "2023-03-10", "2023-03-11", "2023-03-12", "2023-03-13", "2023-03-14", "2023-03-15", "2023-03-16", "2023-03-17", "2023-03-18", "2023-03-19", "2023-03-20", "2023-03-21", "2023-03-22", "2023-03-23", "2023-03-24", "2023-03-25", "2023-03-26", "2023-03-27", "2023-03-28", "2023-03-29", "2023-03-30", "2023-03-31", "2023-04-01", "2023-04-02", "2023-04-03", "2023-04-04", "2023-04-05", "2023-04-06", "2023-04-07", "2023-04-08", "2023-04-09", "2023-04-10", "2023-04-11", "2023-04-12", "2023-04-13", "2023-04-14", "2023-04-15", "2023-04-16", "2023-04-17", "2023-04-18", "2023-04-19", "2023-04-20", "2023-04-21", "2023-04-22", "2023-04-23", "2023-04-24", "2023-04-25", "2023-04-26", "2023-04-27", "2023-04-28", "2023-04-29", "2023-04-30", "2023-05-01", "2023-05-02", "2023-05-03", "2023-05-04", "2023-05-05", "2023-05-06", "2023-05-07", "2023-05-08", "2023-05-09", "2023-05-10", "2023-05-11", "2023-05-12", "2023-05-13", "2023-05-14", "2023-05-15", "2023-05-16", "2023-05-17", "2023-05-18", "2023-05-19", "2023-05-20", "2023-05-21", "2023-05-22", "2023-05-23", "2023-05-24", "2023-05-25", "2023-05-26", "2023-05-27", "2023-05-28", "2023-05-29", "2023-05-30", "2023-05-31", "2023-06-01", "2023-06-02", "2023-06-03", "2023-06-04", "2023-06-05", "2023-06-06", "2023-06-07", "2023-06-08", "2023-06-09", "2023-06-10", "2023-06-11", "2023-06-12", "2023-06-13", "2023-06-14", "2023-06-15", "2023-06-16", "2023-06-17", "2023-06-18", "2023-06-19", "2023-06-20", "2023-06-21", "2023-06-22", "2023-06-23", "2023-06-24", "2023-06-25", "2023-06-26", "2023-06-27", "2023-06-28", "2023-06-29", "2023-06-30", "2023-07-01", "2023-07-02", "2023-07-03", "2023-07-04", "2023-07-05", "2023-07-06", "2023-07-07", "2023-07-08", "2023-07-09", "2023-07-10", "2023-07-11", "2023-07-12", "2023-07-13", "2023-07-14", "2023-07-15", "2023-07-16", "2023-07-17", "2023-07-18", "2023-07-19", "2023-07-20", "2023-07-21", "2023-07-22", "2023-07-23", "2023-07-24", "2023-07-25", "2023-07-26", "2023-07-27", "2023-07-28", "2023-07-29", "2023-07-30", "2023-07-31", "2023-08-01", "2023-08-02", "2023-08-03", "2023-08-04", "2023-08-05", "2023-08-06", "2023-08-07", "2023-08-08", "2023-08-09", "2023-08-10", "2023-08-11", "2023-08-12", "2023-08-13", "2023-08-14", "2023-08-15", "2023-08-16", "2023-08-17", "2023-08-18", "2023-08-19", "2023-08-20", "2023-08-21", "2023-08-22", "2023-08-23", "2023-08-24", "2023-08-25", "2023-08-26", "2023-08-27", "2023-08-28", "2023-08-29", "2023-08-30", "2023-08-31", "2023-09-01", "2023-09-02", "2023-09-03", "2023-09-04", "2023-09-05", "2023-09-06", "2023-09-07", "2023-09-08", "2023-09-09", "2023-09-10", "2023-09-11", "2023-09-12", "2023-09-13", "2023-09-14", "2023-09-15", "2023-09-16", "2023-09-17", "2023-09-18", "2023-09-19", "2023-09-20", "2023-09-21", "2023-09-22", "2023-09-23", "2023-09-24", "2023-09-25", "2023-09-26", "2023-09-27", "2023-09-28", "2023-09-29", "2023-09-30", "2023-10-01", "2023-10-02", "2023-10-03", "2023-10-04", "2023-10-05", "2023-10-06", "2023-10-07", "2023-10-08", "2023-10-09", "2023-10-10", "2023-10-11", "2023-10-12", "2023-10-13", "2023-10-14", "2023-10-15", "2023-10-16", "2023-10-17", "2023-10-18", "2023-10-19", "2023-10-20", "2023-10-21", "2023-10-22", "2023-10-23", "2023-10-24", "2023-10-25", "2023-10-26", "2023-10-27", "2023-10-28", "2023-10-29", "2023-10-30", "2023-10-31", "2023-11-01", "2023-11-02", "2023-11-03", "2023-11-04", "2023-11-05", "2023-11-06", "2023-11-07", "2023-11-08", "2023-11-09", "2023-11-10", "2023-11-11", "2023-11-12", "2023-11-13", "2023-11-14", "2023-11-15", "2023-11-16", "2023-11-17", "2023-11-18", "2023-11-19", "2023-11-20", "2023-11-21", "2023-11-22", "2023-11-23", "2023-11-24", "2023-11-25", "2023-11-26", "2023-11-27", "2023-11-28", "2023-11-29", "2023-11-30", "2023-12-01", "2023-12-02", "2023-12-03", "2023-12-04", "2023-12-05", "2023-12-06", "2023-12-07", "2023-12-08", "2023-12-09", "2023-12-10", "2023-12-11", "2023-12-12", "2023-12-13", "2023-12-14", "2023-12-15", "2023-12-16", "2023-12-17", "2023-12-18", "2023-12-19", "2023-12-20", "2023-12-21", "2023-12-22", "2023-12-23", "2023-12-24", "2023-12-25", "2023-12-26", "2023-12-27", "2023-12-28", "2023-12-29", "2023-12-30", "2023-12-31", "2024-01-01", "2024-01-02", "2024-01-03", "2024-01-04", "2024-01-05", "2024-01-06", "2024-01-07", "2024-01-08", "2024-01-09", "2024-01-10", "2024-01-11", "2024-01-12", "2024-01-13", "2024-01-14", "2024-01-15", "2024-01-16", "2024-01-17", "2024-01-18", "2024-01-19", "2024-01-20", "2024-01-21", "2024-01-22", "2024-01-23", "2024-01-24", "2024-01-25", "2024-01-26", "2024-01-27", "2024-01-28", "2024-01-29", "2024-01-30", "2024-01-31", "2024-02-01", "2024-02-02", "2024-02-03", "2024-02-04", "2024-02-05", "2024-02-06", "2024-02-07", "2024-02-08", "2024-02-09", "2024-02-10", "2024-02-11", "2024-02-12", "2024-02-13", "2024-02-14", "2024-02-15", "2024-02-16", "2024-02-17", "2024-02-18", "2024-02-19", "2024-02-20", "2024-02-21", "2024-02-22", "2024-02-23", "2024-02-24", "2024-02-25", "2024-02-26", "2024-02-27", "2024-02-28", "2024-02-29", "2024-03-01", "2024-03-02", "2024-03-03", "2024-03-04", "2024-03-05", "2024-03-06", "2024-03-07", "2024-03-08", "2024-03-09", "2024-03-10", "2024-03-11", "2024-03-12", "2024-03-13", "2024-03-14", "2024-03-15", "2024-03-16", "2024-03-17", "2024-03-18", "2024-03-19", "2024-03-20", "2024-03-21", "2024-03-22", "2024-03-23", "2024-03-24", "2024-03-25", "2024-03-26", "2024-03-27", "2024-03-28", "2024-03-29", "2024-03-30", "2024-03-31", "2024-04-01", "2024-04-02", "2024-04-03", "2024-04-04", "2024-04-05", "2024-04-06", "2024-04-07", "2024-04-08", "2024-04-09", "2024-04-10", "2024-04-11", "2024-04-12", "2024-04-13", "2024-04-14", "2024-04-15", "2024-04-16", "2024-04-17", "2024-04-18", "2024-04-19", "2024-04-20", "2024-04-21", "2024-04-22", "2024-04-23", "2024-04-24", "2024-04-25", "2024-04-26", "2024-04-27", "2024-04-28", "2024-04-29", "2024-04-30", "2024-05-01", "2024-05-02", "2024-05-03", "2024-05-04", "2024-05-05", "2024-05-06", "2024-05-07", "2024-05-08", "2024-05-09", "2024-05-10", "2024-05-11", "2024-05-12", "2024-05-13", "2024-05-14", "2024-05-15", "2024-05-16", "2024-05-17", "2024-05-18", "2024-05-19", "2024-05-20", "2024-05-21", "2024-05-22", "2024-05-23", "2024-05-24", "2024-05-25", "2024-05-26", "2024-05-27", "2024-05-28", "2024-05-29", "2024-05-30", "2024-05-31", "2024-06-01", "2024-06-02", "2024-06-03", "2024-06-04", "2024-06-05", "2024-06-06", "2024-06-07", "2024-06-08", "2024-06-09", "2024-06-10", "2024-06-11", "2024-06-12", "2024-06-13", "2024-06-14", "2024-06-15", "2024-06-16", "2024-06-17", "2024-06-18", "2024-06-19", "2024-06-20", "2024-06-21", "2024-06-22", "2024-06-23", "2024-06-24", "2024-06-25", "2024-06-26", "2024-06-27", "2024-06-28", "2024-06-29", "2024-06-30", "2024-07-01", "2024-07-02", "2024-07-03", "2024-07-04", "2024-07-05", "2024-07-06", "2024-07-07", "2024-07-08", "2024-07-09", "2024-07-10", "2024-07-11", "2024-07-12", "2024-07-13", "2024-07-14", "2024-07-15", "2024-07-16", "2024-07-17", "2024-07-18", "2024-07-19", "2024-07-20", "2024-07-21", "2024-07-22", "2024-07-23", "2024-07-24", "2024-07-25", "2024-07-26", "2024-07-27", "2024-07-28", "2024-07-29", "2024-07-30", "2024-07-31", "2024-08-01", "2024-08-02", "2024-08-03", "2024-08-04", "2024-08-05", "2024-08-06", "2024-08-07", "2024-08-08", "2024-08-09", "2024-08-10", "2024-08-11", "2024-08-12", "2024-08-13", "2024-08-14", "2024-08-15", "2024-08-16", "2024-08-17", "2024-08-18", "2024-08-19", "2024-08-20", "2024-08-21", "2024-08-22", "2024-08-23", "2024-08-24", "2024-08-25", "2024-08-26", "2024-08-27", "2024-08-28", "2024-08-29", "2024-08-30", "2024-08-31", "2024-09-01", "2024-09-02", "2024-09-03", "2024-09-04", "2024-09-05", "2024-09-06", "2024-09-07", "2024-09-08", "2024-09-09", "2024-09-10", "2024-09-11", "2024-09-12", "2024-09-13", "2024-09-14", "2024-09-15", "2024-09-16", "2024-09-17", "2024-09-18", "2024-09-19", "2024-09-20", "2024-09-21", "2024-09-22", "2024-09-23", "2024-09-24", "2024-09-25", "2024-09-26", "2024-09-27", "2024-09-28", "2024-09-29", "2024-09-30", "2024-10-01", "2024-10-02", "2024-10-03", "2024-10-04", "2024-10-05", "2024-10-06", "2024-10-07", "2024-10-08", "2024-10-09", "2024-10-10", "2024-10-11", "2024-10-12", "2024-10-13", "2024-10-14", "2024-10-15", "2024-10-16", "2024-10-17", "2024-10-18", "2024-10-19", "2024-10-20", "2024-10-21", "2024-10-22", "2024-10-23", "2024-10-24", "2024-10-25", "2024-10-26", "2024-10-27", "2024-10-28", "2024-10-29", "2024-10-30", "2024-10-31", "2024-11-01", "2024-11-02", "2024-11-03" ],
  "informationsPatrimoineCulturel" : {
    "patrimoineCulturelType" : {
      "elementReferenceType" : "PatrimoineCulturelType",
      "id" : 3202
    },
    "categories" : [ {
      "elementReferenceType" : "PatrimoineCulturelCategorie",
      "id" : 4872
    } ]
  },
  "formatVersion" : "v002",
  "expiration" : { },
  "informationsPrestataireActivites" : {
    "prestataireActivites" : true
  },
  "enquete" : { },
  "donneesPrivees" : [ {
    "nomTechnique" : "1947_Id_patio",
    "libelleFr" : "Id_Patio",
    "ordre" : 1,
    "descriptif" : {
      "libelleFr" : "13T2001601"
    }
  }, {
    "nomTechnique" : "1947_Source_patio",
    "libelleFr" : "Source_Patio",
    "ordre" : 2,
    "descriptif" : {
      "libelleFr" : "BMP Eguilles"
    }
  }, {
    "nomTechnique" : "1947_Url_patio",
    "libelleFr" : "URL_Patio",
    "ordre" : 3,
    "descriptif" : {
      "libelleFr" : "http://www.mairie-eguilles.fr"
    }
  } ]
}