{
  "type" : "PATRIMOINE_CULTUREL",
  "id" : 5538425,
  "nom" : {
    "libelleFr" : "Galerie de l'Histoire de Martigues",
    "libelleEn" : "Galerie de l'Histoire de Martigues",
    "libelleEs" : "Galerie de l'Histoire de Martigues",
    "libelleIt" : "Galerie de l'Histoire de Martigues",
    "libelleDe" : "Galerie de l'Histoire de Martigues",
    "libelleNl" : "Galerie de l'Histoire de Martigues"
  },
  "identifier" : "SITRA2_PCU_5538425",
  "state" : "PUBLISHED",
  "gestion" : {
    "dateCreation" : "2020-05-26T17:35:14.163+0000",
    "dateModification" : "2022-09-09T12:12:28.592+0000",
    "dateExportModification" : "2022-10-18T12:49:22.939+0000",
    "membreProprietaire" : {
      "type" : {
        "elementReferenceType" : "MembreSitraType",
        "id" : 233
      },
      "nom" : "Office de Tourisme et des Loisirs de Martigues",
      "dateCreation" : "2020-09-21T14:40:58.539+0000",
      "dateModification" : "2022-10-24T08:49:47.539+0000",
      "id" : 2082,
      "siteWeb" : "http://www.martigues-tourisme.com"
    },
    "signalerUnProblemeMails" : [ "etourisme@splte-martigues.fr", "animations@martigues-tourisme.com", "webmaster@splte-martigues.fr" ]
  },
  "informations" : {
    "moyensCommunication" : [ {
      "identifiant" : 83687865,
      "type" : {
        "elementReferenceType" : "MoyenCommunicationType",
        "id" : 201
      },
      "coordonnees" : {
        "fr" : "04 42 44 36 48"
      },
      "observation" : {
        "libelleFr" : "Galerie de l'Histoire"
      }
    }, {
      "identifiant" : 83679705,
      "type" : {
        "elementReferenceType" : "MoyenCommunicationType",
        "id" : 201
      },
      "coordonnees" : {
        "fr" : "04 42 49 03 30"
      },
      "observation" : {
        "libelleFr" : "Art, Histoire et Archéologie"
      }
    }, {
      "identifiant" : 83679706,
      "type" : {
        "elementReferenceType" : "MoyenCommunicationType",
        "id" : 204
      },
      "coordonnees" : {
        "fr" : "contact.aha@ville-martigues.fr"
      },
      "observation" : {
        "libelleFr" : "Service Art, Histoire et Archéologie"
      }
    } ],
    "informationsLegales" : { },
    "structureGestion" : {
      "type" : "STRUCTURE",
      "id" : 5661581
    }
  },
  "presentation" : {
    "descriptifCourt" : {
      "libelleFr" : "Cet espace innovant de plus de 500 m2, situé au rez-de-chaussée de l'hôtel de ville, vous plonge dans la mémoire de cette cité millénaire et de ses habitants.",
      "libelleEn" : "This innovative 500 m2 exhibition area on the ground floor of the town hall takes you travelling back in time through the history of this one-thousand-year old city and its residents.",
      "libelleEs" : "Este espacio innovador de más de 500 m2, situado en la planta baja del ayuntamiento, le permitirá adentrarse en la memoria de esta ciudad milenaria y de sus habitantes.",
      "libelleDe" : "Dieser 500 m2 große, innovative Bereich im Erdgeschoss des Rathauses lässt Sie in das Gedächtnis dieser tausendjährigen Stadt und ihrer Einwohner eintauchen."
    },
    "descriptifDetaille" : {
      "libelleFr" : "Embarquez pour un voyage unique dans la Galerie de l'Histoire de Martigues.\r\nAu travers de documents écrits, photographies, maquettes, objets muséographiques, bornes interactives, la Galerie propose un éclairage approfondi sur les principales étapes de l'évolution de la ville, des premières traces de civilisation humaine au développement fulgurant de la commune dans la deuxième moitié du XXe siècle.\r\n\r\nLa Galerie vous présente également un aperçu de la ville de demain en exposant les projets urbains, culturels, et sociaux de Martigues.\r\nIl ne s'agit pas de quelques siècles ou d'une période, mais de toute l'Histoire de Martigues depuis la préhistoire jusqu'à nos jours. \r\nEt à travers elle, c'est aussi l'évolution de notre monde que l'on parcourt, retrouve ou découvre.\r\n\r\nVisites commentées tous les samedis à 16 heures et méditation de la Table des loisirs.",
      "libelleEn" : "Embark for a unique voyage in the Galerie de l'Histoire de Martigues.\r\nWith videos, written documents, photographs, models and museography and interactive terminals, the gallery highlights key periods in the evolution of Martigues from the first traces of human civilisation to the lightening development of the commune in the second half of the 20th century.\r\n\r\nThe Galerie also presents the city of the future with exhibitions of urban, cultural and social projects for Martigues.\r\nThe exhibition covers more than just a few centuries. It covers the complete history of Martigues from the prehistoric period to current time. \r\nThe evolution of our world is unveiled, discovered and rediscovered.",
      "libelleEs" : "Embárquese para un viaje único en la Galerie de l'Histoire de Martigues.\r\nA través de documentos escritos, fotografías, maquetas, objetos museográficos y carteles interactivos, podrá conocer las principales etapas de la evolución de la ciudad, desde las primeras huellas de la civilización humana, al repentino desarrollo del municipio en la segunda mitad del siglo XX.\r\n\r\nEsta galería también ofrece una imagen de la ciudad del futuro con la exposición de los proyectos urbanos, culturales y sociales de Martigues.\r\nNo se trata de unos siglos o de una época en concreto, sino de toda la historia de Martigues, desde la prehistoria hasta nuestros días. \r\nY a través de ella, también la evolución de nuestro mundo, un mundo que podemos recorrer, encontrar y descubrir.",
      "libelleDe" : "Gehen Sie in der Galerie de l'Histoire de Martigues auf eine einzigartige Reise.\r\nMittels geschriebener Dokumente, Fotografien, Modellen, museografischen Objekten und interaktiven Stationen beleuchtet die Galerie ausführlich die Hauptetappen der Stadtentwicklung, von den ersten Spuren menschlicher Zivilisation bis zur rasanten Entwicklung der Kommune in der zweiten Hälfte des 20. Jahrhunderts.\r\n\r\nDie Galerie bietet Ihnen außerdem durch die Ausstellung städtischer, kultureller und sozialer Projekte von Martigues einen Überblick über die Stadt von morgen.\r\nEs handelt sich nicht um ein paar Jahrhunderte oder um einen bestimmten Zeitraum, sondern um die gesamte Geschichte von Martigues von der Vorgeschichte bis zur heutigen Zeit. \r\nDurch sie lässt sich auch die Entwicklung unserer Welt mitverfolgen, wiederfinden und entdecken."
    },
    "typologiesPromoSitra" : [ {
      "elementReferenceType" : "TypologiePromoSitra",
      "id" : 1603
    }, {
      "elementReferenceType" : "TypologiePromoSitra",
      "id" : 1669
    }, {
      "elementReferenceType" : "TypologiePromoSitra",
      "id" : 1670
    }, {
      "elementReferenceType" : "TypologiePromoSitra",
      "id" : 4639
    } ]
  },
  "localisation" : {
    "adresse" : {
      "adresse1" : "Rond-point de l'Hôtel de ville",
      "codePostal" : "13500",
      "commune" : {
        "id" : 4467
      }
    },
    "geolocalisation" : {
      "complement" : { },
      "valide" : true,
      "geoJson" : {
        "type" : "Point",
        "coordinates" : [ 5.047511, 43.405875 ]
      }
    },
    "perimetreGeographique" : [ {
      "id" : 4467
    } ],
    "environnements" : [ {
      "elementReferenceType" : "Environnement",
      "id" : 141
    }, {
      "elementReferenceType" : "Environnement",
      "id" : 151
    }, {
      "elementReferenceType" : "Environnement",
      "id" : 173
    }, {
      "elementReferenceType" : "Environnement",
      "id" : 183
    }, {
      "elementReferenceType" : "Environnement",
      "id" : 191
    }, {
      "elementReferenceType" : "Environnement",
      "id" : 3974
    }, {
      "elementReferenceType" : "Environnement",
      "id" : 5449
    } ]
  },
  "liens" : {
    "liensObjetsTouristiquesTypes" : [ {
      "type" : "ORGANISATEUR_VISITE",
      "libelleFr" : "Propose la visite guidée ...",
      "libelleEn" : "Proposes a guided tour entitled...",
      "libelleEs" : "Ofrece la visita guiada...",
      "libelleIt" : "Propone la visita guidata...",
      "libelleDe" : "Bietet die Führung ... an.",
      "libelleNl" : "Biedt de rondleiding ...",
      "libelleRu" : "Предлагает экскурсию",
      "libelleZh" : "提供导览参观",
      "libellePtBR" : "Propõe a visita guiada ...",
      "libelleJa" : "ガイド付きツアーを提案します",
      "objetTouristique" : {
        "type" : "FETE_ET_MANIFESTATION",
        "id" : 5591698
      }
    }, {
      "type" : "ETAPE_PARCOURS",
      "libelleFr" : "Est une étape de ...",
      "libelleEn" : "Follows a section of...",
      "libelleEs" : "Es una etapa de...",
      "libelleIt" : "È una tappa di...",
      "libelleDe" : "Ist eine Etappe von ...",
      "libelleNl" : "Is een etappe van ...",
      "libelleRu" : "Является этапом...",
      "libelleZh" : "是路线的一阶段",
      "libellePtBR" : "É uma etapa de ...",
      "libelleJa" : "はステップ",
      "objetTouristique" : {
        "type" : "EQUIPEMENT",
        "id" : 5664017
      }
    }, {
      "type" : "PARCOURS_ETAPE",
      "libelleFr" : "Possède comme étape ...",
      "libelleEn" : "Includes a section corresponding to...",
      "libelleEs" : "Tiene como etapa...",
      "libelleIt" : "Possiede come tappa....",
      "libelleDe" : "Besitzt als Etappe ...",
      "libelleNl" : "Heeft als etappe ...",
      "libelleRu" : "Включает в себя в качестве этапа...",
      "libelleZh" : "作为路线的一阶段",
      "libellePtBR" : "Possui como etapa ...",
      "libelleJa" : "にあるステップは",
      "objetTouristique" : {
        "type" : "ACTIVITE",
        "id" : 5800988
      }
    }, {
      "type" : "SUR_PLACE",
      "libelleFr" : "Sur place",
      "libelleEn" : "On the premises",
      "libelleEs" : "In situ",
      "libelleIt" : "Sul posto",
      "libelleDe" : "Vor Ort",
      "libelleNl" : "Ter plaatse",
      "libelleRu" : "На месте",
      "libelleZh" : "堂食",
      "libellePtBR" : "No local",
      "libelleJa" : "現地で",
      "objetTouristique" : {
        "type" : "FETE_ET_MANIFESTATION",
        "id" : 5851033
      }
    } ]
  },
  "prestations" : {
    "equipements" : [ {
      "elementReferenceType" : "PrestationEquipement",
      "id" : 804
    }, {
      "elementReferenceType" : "PrestationEquipement",
      "id" : 1321
    } ],
    "services" : [ {
      "elementReferenceType" : "PrestationService",
      "id" : 1188
    }, {
      "elementReferenceType" : "PrestationService",
      "id" : 1190
    } ],
    "animauxAcceptes" : "NON_ACCEPTES",
    "animauxAcceptesSupplement" : "NON_DISPONIBLE",
    "activites" : [ {
      "elementReferenceType" : "PrestationActivite",
      "id" : 611
    }, {
      "elementReferenceType" : "PrestationActivite",
      "id" : 6032
    } ],
    "complementAccueil" : { },
    "tourismesAdaptes" : [ {
      "elementReferenceType" : "TourismeAdapte",
      "id" : 3654
    }, {
      "elementReferenceType" : "TourismeAdapte",
      "id" : 3675
    }, {
      "elementReferenceType" : "TourismeAdapte",
      "id" : 4218
    }, {
      "elementReferenceType" : "TourismeAdapte",
      "id" : 4219
    } ]
  },
  "ouverture" : {
    "periodeEnClair" : {
      "libelleFr" : "Du 11/01 au 30/12/2022 \nOuverture le mardi, mercredi, jeudi et vendredi de 9h à 12h30 et de 14h à 18h. Le samedi de 10h à 12h30 et de 14h à 18h.\nFermetures exceptionnelles les 1er mai et 25 décembre.\n\nDu 10/01 au 30/12/2023 \nOuverture le mardi, mercredi, jeudi et vendredi de 9h à 12h30 et de 14h à 18h. Le samedi de 10h à 12h30 et de 14h à 18h.\nFermetures exceptionnelles les 1er mai et 25 décembre.",
      "libelleEn" : "From 11/01 to 30/12/2022 \nOpening hours on Tuesday, Wednesday, Thursday and Friday between 9 am and 12.30 pm and between 2 pm and 6 pm. On Saturday between 10 am and 12.30 pm and between 2 pm and 6 pm.\nClosed exceptionally on May 1st and December 25th.\n\nFrom 10/01 to 30/12/2023 \nOpening hours on Tuesday, Wednesday, Thursday and Friday between 9 am and 12.30 pm and between 2 pm and 6 pm. On Saturday between 10 am and 12.30 pm and between 2 pm and 6 pm.\nClosed exceptionally on May 1st and December 25th.",
      "libelleEs" : "Del 11/01 al 30/12/2022 \nHorarios de apertura los martes, miércoles, jueves y viernes de 9 a 12:30 y de 14 a 18. Los sábado de 10 a 12:30 y de 14 a 18.\nSe cierra, excepcionalmente los días 1er de mayo y 25 de diciembre.\n\nDel 10/01 al 30/12/2023 \nHorarios de apertura los martes, miércoles, jueves y viernes de 9 a 12:30 y de 14 a 18. Los sábado de 10 a 12:30 y de 14 a 18.\nSe cierra, excepcionalmente los días 1er de mayo y 25 de diciembre.",
      "libelleIt" : "Dal 11/01 al 30/12/2022 \nOrari di apertura il martedì, mercoledì, giovedì e venerdì dalle 9 alle 12:30 e dalle 14 alle 18. Il sabato dalle 10 alle 12:30 e dalle 14 alle 18.\nChiusura eccezionale 1° maggio e 25 dicembre.\n\nDal 10/01 al 30/12/2023 \nOrari di apertura il martedì, mercoledì, giovedì e venerdì dalle 9 alle 12:30 e dalle 14 alle 18. Il sabato dalle 10 alle 12:30 e dalle 14 alle 18.\nChiusura eccezionale 1° maggio e 25 dicembre.",
      "libelleDe" : "Vom 11/01 bis 30/12/2022 \nÖffnungszeiten jeden Dienstag, Mittwoch, Donnerstag und Freitag von 9 Uhr bis 12.30 Uhr und von 14 Uhr bis 18 Uhr. Jeden Samstag von 10 Uhr bis 12.30 Uhr und von 14 Uhr bis 18 Uhr.\nAusnahmsweise geschlossen am 1. Mai und 25. Dezember.\n\nVom 10/01 bis 30/12/2023 \nÖffnungszeiten jeden Dienstag, Mittwoch, Donnerstag und Freitag von 9 Uhr bis 12.30 Uhr und von 14 Uhr bis 18 Uhr. Jeden Samstag von 10 Uhr bis 12.30 Uhr und von 14 Uhr bis 18 Uhr.\nAusnahmsweise geschlossen am 1. Mai und 25. Dezember.",
      "libelleNl" : "Van 11/01 tot en met 30/12/2022 \nOpeningstijden op dinsdag, woensdag, donderdag en vrijdag van 9.00 tot en met 12.30 u en van 14.00 tot en met 18.00 u. Op zaterdag van 10.00 tot en met 12.30 u en van 14.00 tot en met 18.00 u.\nBij uitzondering gesloten op 1 mei en 25 december.\n\nVan 10/01 tot en met 30/12/2023 \nOpeningstijden op dinsdag, woensdag, donderdag en vrijdag van 9.00 tot en met 12.30 u en van 14.00 tot en met 18.00 u. Op zaterdag van 10.00 tot en met 12.30 u en van 14.00 tot en met 18.00 u.\nBij uitzondering gesloten op 1 mei en 25 december.",
      "libelleRu" : "С 11/01 до 30/12/2022 \nЧасы открытия на вторник, среда, четверг и пятница с 9h до 12h30 и с 14h до 18h. На суббота с 10h до 12h30 и с 14h до 18h.\nВ порядке исключения не работает 1 мая и 25 декабря.\n\nС 10/01 до 30/12/2023 \nЧасы открытия на вторник, среда, четверг и пятница с 9h до 12h30 и с 14h до 18h. На суббота с 10h до 12h30 и с 14h до 18h.\nВ порядке исключения не работает 1 мая и 25 декабря.",
      "libelleZh" : "从 1月11日 到 2022年12月30日 \n开放时间 上 星期二, 星期三, 星期四 和 星期五 小时小时 和 小时小时分钟  之间 和 小时小时 和 小时小时 之间. 上 星期六 小时小时 和 小时小时分钟  之间 和 小时小时 和 小时小时 之间.\n在 5月1日 和 12月25日 例外关闭.\n\n从 1月10日 到 2023年12月30日 \n开放时间 上 星期二, 星期三, 星期四 和 星期五 小时小时 和 小时小时分钟  之间 和 小时小时 和 小时小时 之间. 上 星期六 小时小时 和 小时小时分钟  之间 和 小时小时 和 小时小时 之间.\n在 5月1日 和 12月25日 例外关闭.",
      "libellePtBR" : "De 11/01 a 30/12/2022 \nOuverture na terça-feira, quarta-feira, quinta-feira e sexta-feira de 9h a  12h30 e de 14h a  18h. Na sábado de 10h a  12h30 e de 14h a  18h.\nFechamentos excepcionais em 1º de maio e 25 de dezembro.\n\nDe 10/01 a 30/12/2023 \nOuverture na terça-feira, quarta-feira, quinta-feira e sexta-feira de 9h a  12h30 e de 14h a  18h. Na sábado de 10h a  12h30 e de 14h a  18h.\nFechamentos excepcionais em 1º de maio e 25 de dezembro.",
      "libelleJa" : "11/01 から 30/12/2022 まで \n開館時間 火曜日, 水曜日, 木曜日 と 金曜日 に 9 午前 と 12.30 午後 の間 と 2 午後 と 6 午後 の間. 土曜日 に 10 午前 と 12.30 午後 の間 と 2 午後 と 6 午後 の間.\n5月1日 と 12月25日 は特別休業.\n\n10/01 から 30/12/2023 まで \n開館時間 火曜日, 水曜日, 木曜日 と 金曜日 に 9 午前 と 12.30 午後 の間 と 2 午後 と 6 午後 の間. 土曜日 に 10 午前 と 12.30 午後 の間 と 2 午後 と 6 午後 の間.\n5月1日 と 12月25日 は特別休業."
    },
    "periodeEnClairGenerationMode" : "AUTOMATIQUE",
    "indicationsPeriode" : [ {
      "elementReferenceType" : "IndicationPeriode",
      "id" : 416
    }, {
      "elementReferenceType" : "IndicationPeriode",
      "id" : 418
    }, {
      "elementReferenceType" : "IndicationPeriode",
      "id" : 435
    }, {
      "elementReferenceType" : "IndicationPeriode",
      "id" : 436
    } ],
    "periodesOuvertures" : [ {
      "identifiant" : 22373873,
      "dateDebut" : "2022-01-11",
      "dateFin" : "2022-12-30",
      "type" : "OUVERTURE_SEMAINE",
      "tousLesAns" : false,
      "ouverturesJournalieres" : [ {
        "jour" : "MARDI"
      }, {
        "jour" : "MERCREDI"
      }, {
        "jour" : "JEUDI"
      }, {
        "jour" : "VENDREDI"
      }, {
        "jour" : "SAMEDI"
      } ],
      "identifiantTechnique" : 24260917
    }, {
      "identifiant" : 24260947,
      "dateDebut" : "2023-01-10",
      "dateFin" : "2023-12-30",
      "type" : "OUVERTURE_SEMAINE",
      "tousLesAns" : false,
      "ouverturesJournalieres" : [ {
        "jour" : "MARDI"
      }, {
        "jour" : "MERCREDI"
      }, {
        "jour" : "JEUDI"
      }, {
        "jour" : "VENDREDI"
      }, {
        "jour" : "SAMEDI"
      } ],
      "identifiantTechnique" : 24260947
    } ],
    "fermeturesExceptionnelles" : [ {
      "dateSpeciale" : "PREMIER_MAI"
    }, {
      "dateSpeciale" : "VINGT_CINQ_DECEMBRE"
    } ]
  },
  "descriptionTarif" : {
    "indicationTarif" : "GRATUIT",
    "gratuit" : true,
    "tarifsEnClair" : {
      "libelleFr" : "Gratuit.",
      "libelleEn" : "Free of charge.",
      "libelleEs" : "Gratis.",
      "libelleIt" : "Gratuito.",
      "libelleDe" : "Kostenlos.",
      "libelleNl" : "Gratis.",
      "libelleRu" : "Бесплатно.",
      "libelleZh" : "免费.",
      "libellePtBR" : "Gratuito.",
      "libelleJa" : "無料."
    },
    "tarifsEnClairGenerationMode" : "AUTOMATIQUE",
    "devise" : "EUR",
    "conditions" : { }
  },
  "reservation" : {
    "organismes" : [ {
      "identifiant" : 5344920,
      "structureReference" : {
        "type" : "STRUCTURE",
        "id" : 5661581
      },
      "nom" : "Ville de Martigues",
      "type" : {
        "elementReferenceType" : "ReservationType",
        "id" : 475
      },
      "moyensCommunication" : [ {
        "identifiant" : 83687865,
        "type" : {
          "elementReferenceType" : "MoyenCommunicationType",
          "id" : 201
        },
        "coordonnees" : {
          "fr" : "04 42 44 36 48"
        },
        "observation" : {
          "libelleFr" : "Galerie de l'Histoire"
        }
      }, {
        "identifiant" : 83679704,
        "type" : {
          "elementReferenceType" : "MoyenCommunicationType",
          "id" : 204
        },
        "coordonnees" : {
          "fr" : "culture@ville-martigues.fr"
        },
        "observation" : {
          "libelleFr" : "Direction culturelle"
        }
      } ],
      "locked" : false
    } ]
  },
  "criteresInternes" : [ {
    "id" : 18002
  } ],
  "contacts" : [ {
    "identifiant" : 17636618,
    "referent" : true,
    "civilite" : {
      "elementReferenceType" : "ContactCivilite",
      "id" : 443
    },
    "nom" : "DURAND",
    "prenom" : "Eric",
    "fonction" : {
      "elementReferenceType" : "ContactFonction",
      "id" : 4196
    },
    "moyensCommunication" : [ {
      "identifiant" : 83110019,
      "type" : {
        "elementReferenceType" : "MoyenCommunicationType",
        "id" : 201
      },
      "coordonnees" : {
        "fr" : "04 42 44 36 48"
      }
    }, {
      "identifiant" : 83110020,
      "type" : {
        "elementReferenceType" : "MoyenCommunicationType",
        "id" : 204
      },
      "coordonnees" : {
        "fr" : "eric.durand@ville-martigues.fr"
      }
    } ]
  } ],
  "illustrations" : [ {
    "identifiant" : 13987619,
    "link" : false,
    "type" : "IMAGE",
    "nom" : {
      "libelleFr" : "Galerie de l'Histoire de Martigues"
    },
    "copyright" : {
      "libelleFr" : "Otmartigues-KarimK"
    },
    "traductionFichiers" : [ {
      "locale" : "fr",
      "url" : "https://static.apidae-tourisme.com/filestore/objets-touristiques/images/85/176/14266453.jpg",
      "urlListe" : "https://static.apidae-tourisme.com/filestore/objets-touristiques/images/85/176/14266453-liste.jpg",
      "urlFiche" : "https://static.apidae-tourisme.com/filestore/objets-touristiques/images/85/176/14266453-fiche.jpg",
      "urlDiaporama" : "https://static.apidae-tourisme.com/filestore/objets-touristiques/images/85/176/14266453-diaporama.jpg",
      "extension" : "jpg",
      "fileName" : "IMG_20220203_161125",
      "taille" : 4058522,
      "hauteur" : 3472,
      "largeur" : 4624,
      "lastModifiedDate" : "2022-09-09T12:12:36.289+0000"
    } ],
    "locked" : false
  }, {
    "identifiant" : 13987620,
    "link" : false,
    "type" : "IMAGE",
    "nom" : {
      "libelleFr" : "Galerie de l'Histoire de Martigues"
    },
    "copyright" : {
      "libelleFr" : "Otmartigues-KarimK"
    },
    "traductionFichiers" : [ {
      "locale" : "fr",
      "url" : "https://static.apidae-tourisme.com/filestore/objets-touristiques/images/86/176/14266454.jpg",
      "urlListe" : "https://static.apidae-tourisme.com/filestore/objets-touristiques/images/86/176/14266454-liste.jpg",
      "urlFiche" : "https://static.apidae-tourisme.com/filestore/objets-touristiques/images/86/176/14266454-fiche.jpg",
      "urlDiaporama" : "https://static.apidae-tourisme.com/filestore/objets-touristiques/images/86/176/14266454-diaporama.jpg",
      "extension" : "jpg",
      "fileName" : "IMG_20220203_161146",
      "taille" : 5190225,
      "hauteur" : 3472,
      "largeur" : 4624,
      "lastModifiedDate" : "2022-09-09T12:12:33.076+0000"
    } ],
    "locked" : false
  }, {
    "identifiant" : 13987621,
    "link" : false,
    "type" : "IMAGE",
    "nom" : {
      "libelleFr" : "Galerie de l'Histoire de Martigues"
    },
    "copyright" : {
      "libelleFr" : "Otmartigues-KarimK"
    },
    "traductionFichiers" : [ {
      "locale" : "fr",
      "url" : "https://static.apidae-tourisme.com/filestore/objets-touristiques/images/87/176/14266455.jpg",
      "urlListe" : "https://static.apidae-tourisme.com/filestore/objets-touristiques/images/87/176/14266455-liste.jpg",
      "urlFiche" : "https://static.apidae-tourisme.com/filestore/objets-touristiques/images/87/176/14266455-fiche.jpg",
      "urlDiaporama" : "https://static.apidae-tourisme.com/filestore/objets-touristiques/images/87/176/14266455-diaporama.jpg",
      "extension" : "jpg",
      "fileName" : "IMG_20220203_161236",
      "taille" : 4587516,
      "hauteur" : 3472,
      "largeur" : 4624,
      "lastModifiedDate" : "2022-09-09T12:12:42.567+0000"
    } ],
    "locked" : false
  }, {
    "identifiant" : 13987622,
    "link" : false,
    "type" : "IMAGE",
    "nom" : {
      "libelleFr" : "Galerie de l'Histoire de Martigues"
    },
    "copyright" : {
      "libelleFr" : "Otmartigues-KarimK"
    },
    "traductionFichiers" : [ {
      "locale" : "fr",
      "url" : "https://static.apidae-tourisme.com/filestore/objets-touristiques/images/88/176/14266456.jpg",
      "urlListe" : "https://static.apidae-tourisme.com/filestore/objets-touristiques/images/88/176/14266456-liste.jpg",
      "urlFiche" : "https://static.apidae-tourisme.com/filestore/objets-touristiques/images/88/176/14266456-fiche.jpg",
      "urlDiaporama" : "https://static.apidae-tourisme.com/filestore/objets-touristiques/images/88/176/14266456-diaporama.jpg",
      "extension" : "jpg",
      "fileName" : "IMG_20220203_161435",
      "taille" : 5060763,
      "hauteur" : 3472,
      "largeur" : 4624,
      "lastModifiedDate" : "2022-09-09T12:12:39.221+0000"
    } ],
    "locked" : false
  }, {
    "identifiant" : 13987623,
    "link" : false,
    "type" : "IMAGE",
    "nom" : {
      "libelleFr" : "Galerie de l'Histoire de Martigues"
    },
    "copyright" : {
      "libelleFr" : "Otmartigues-KarimK"
    },
    "traductionFichiers" : [ {
      "locale" : "fr",
      "url" : "https://static.apidae-tourisme.com/filestore/objets-touristiques/images/89/176/14266457.jpg",
      "urlListe" : "https://static.apidae-tourisme.com/filestore/objets-touristiques/images/89/176/14266457-liste.jpg",
      "urlFiche" : "https://static.apidae-tourisme.com/filestore/objets-touristiques/images/89/176/14266457-fiche.jpg",
      "urlDiaporama" : "https://static.apidae-tourisme.com/filestore/objets-touristiques/images/89/176/14266457-diaporama.jpg",
      "extension" : "jpg",
      "fileName" : "IMG_20220203_163144",
      "taille" : 4572337,
      "hauteur" : 3472,
      "largeur" : 4624,
      "lastModifiedDate" : "2022-09-09T12:12:29.991+0000"
    } ],
    "locked" : false
  } ],
  "tourismeAffaires" : {
    "tourismeAffairesEnabled" : true,
    "nombreSallesReunionEquipees" : 2,
    "capaciteMaxAccueil" : 110
  },
  "visites" : {
    "languesVisite" : [ {
      "elementReferenceType" : "Langue",
      "id" : 1197
    } ],
    "languesPanneauInformation" : [ {
      "elementReferenceType" : "Langue",
      "id" : 1197
    } ],
    "visitable" : true,
    "dureeMoyenneVisiteGroupe" : 90,
    "prestationsVisitesIndividuelles" : [ {
      "elementReferenceType" : "PrestationVisiteIndividuelle",
      "id" : 480
    }, {
      "elementReferenceType" : "PrestationVisiteIndividuelle",
      "id" : 483
    } ],
    "prestationsVisitesGroupees" : [ {
      "elementReferenceType" : "PrestationVisiteGroupee",
      "id" : 489
    }, {
      "elementReferenceType" : "PrestationVisiteGroupee",
      "id" : 491
    } ]
  },
  "territoires" : [ {
    "type" : "TERRITOIRE",
    "id" : 591381
  }, {
    "type" : "TERRITOIRE",
    "id" : 591419
  }, {
    "type" : "TERRITOIRE",
    "id" : 5127066
  }, {
    "type" : "TERRITOIRE",
    "id" : 5427637
  }, {
    "type" : "TERRITOIRE",
    "id" : 5460459
  }, {
    "type" : "TERRITOIRE",
    "id" : 5693765
  }, {
    "type" : "TERRITOIRE",
    "id" : 5693912
  }, {
    "type" : "TERRITOIRE",
    "id" : 5853947
  } ],
  "datesOuverture" : [ "2022-10-19", "2022-10-20", "2022-10-21", "2022-10-22", "2022-10-25", "2022-10-26", "2022-10-27", "2022-10-28", "2022-10-29", "2022-11-01", "2022-11-02", "2022-11-03", "2022-11-04", "2022-11-05", "2022-11-08", "2022-11-09", "2022-11-10", "2022-11-11", "2022-11-12", "2022-11-15", "2022-11-16", "2022-11-17", "2022-11-18", "2022-11-19", "2022-11-22", "2022-11-23", "2022-11-24", "2022-11-25", "2022-11-26", "2022-11-29", "2022-11-30", "2022-12-01", "2022-12-02", "2022-12-03", "2022-12-06", "2022-12-07", "2022-12-08", "2022-12-09", "2022-12-10", "2022-12-13", "2022-12-14", "2022-12-15", "2022-12-16", "2022-12-17", "2022-12-20", "2022-12-21", "2022-12-22", "2022-12-23", "2022-12-24", "2022-12-27", "2022-12-28", "2022-12-29", "2022-12-30", "2023-01-10", "2023-01-11", "2023-01-12", "2023-01-13", "2023-01-14", "2023-01-17", "2023-01-18", "2023-01-19", "2023-01-20", "2023-01-21", "2023-01-24", "2023-01-25", "2023-01-26", "2023-01-27", "2023-01-28", "2023-01-31", "2023-02-01", "2023-02-02", "2023-02-03", "2023-02-04", "2023-02-07", "2023-02-08", "2023-02-09", "2023-02-10", "2023-02-11", "2023-02-14", "2023-02-15", "2023-02-16", "2023-02-17", "2023-02-18", "2023-02-21", "2023-02-22", "2023-02-23", "2023-02-24", "2023-02-25", "2023-02-28", "2023-03-01", "2023-03-02", "2023-03-03", "2023-03-04", "2023-03-07", "2023-03-08", "2023-03-09", "2023-03-10", "2023-03-11", "2023-03-14", "2023-03-15", "2023-03-16", "2023-03-17", "2023-03-18", "2023-03-21", "2023-03-22", "2023-03-23", "2023-03-24", "2023-03-25", "2023-03-28", "2023-03-29", "2023-03-30", "2023-03-31", "2023-04-01", "2023-04-04", "2023-04-05", "2023-04-06", "2023-04-07", "2023-04-08", "2023-04-11", "2023-04-12", "2023-04-13", "2023-04-14", "2023-04-15", "2023-04-18", "2023-04-19", "2023-04-20", "2023-04-21", "2023-04-22", "2023-04-25", "2023-04-26", "2023-04-27", "2023-04-28", "2023-04-29", "2023-05-02", "2023-05-03", "2023-05-04", "2023-05-05", "2023-05-06", "2023-05-09", "2023-05-10", "2023-05-11", "2023-05-12", "2023-05-13", "2023-05-16", "2023-05-17", "2023-05-18", "2023-05-19", "2023-05-20", "2023-05-23", "2023-05-24", "2023-05-25", "2023-05-26", "2023-05-27", "2023-05-30", "2023-05-31", "2023-06-01", "2023-06-02", "2023-06-03", "2023-06-06", "2023-06-07", "2023-06-08", "2023-06-09", "2023-06-10", "2023-06-13", "2023-06-14", "2023-06-15", "2023-06-16", "2023-06-17", "2023-06-20", "2023-06-21", "2023-06-22", "2023-06-23", "2023-06-24", "2023-06-27", "2023-06-28", "2023-06-29", "2023-06-30", "2023-07-01", "2023-07-04", "2023-07-05", "2023-07-06", "2023-07-07", "2023-07-08", "2023-07-11", "2023-07-12", "2023-07-13", "2023-07-14", "2023-07-15", "2023-07-18", "2023-07-19", "2023-07-20", "2023-07-21", "2023-07-22", "2023-07-25", "2023-07-26", "2023-07-27", "2023-07-28", "2023-07-29", "2023-08-01", "2023-08-02", "2023-08-03", "2023-08-04", "2023-08-05", "2023-08-08", "2023-08-09", "2023-08-10", "2023-08-11", "2023-08-12", "2023-08-15", "2023-08-16", "2023-08-17", "2023-08-18", "2023-08-19", "2023-08-22", "2023-08-23", "2023-08-24", "2023-08-25", "2023-08-26", "2023-08-29", "2023-08-30", "2023-08-31", "2023-09-01", "2023-09-02", "2023-09-05", "2023-09-06", "2023-09-07", "2023-09-08", "2023-09-09", "2023-09-12", "2023-09-13", "2023-09-14", "2023-09-15", "2023-09-16", "2023-09-19", "2023-09-20", "2023-09-21", "2023-09-22", "2023-09-23", "2023-09-26", "2023-09-27", "2023-09-28", "2023-09-29", "2023-09-30", "2023-10-03", "2023-10-04", "2023-10-05", "2023-10-06", "2023-10-07", "2023-10-10", "2023-10-11", "2023-10-12", "2023-10-13", "2023-10-14", "2023-10-17", "2023-10-18", "2023-10-19", "2023-10-20", "2023-10-21", "2023-10-24", "2023-10-25", "2023-10-26", "2023-10-27", "2023-10-28", "2023-10-31", "2023-11-01", "2023-11-02", "2023-11-03", "2023-11-04", "2023-11-07", "2023-11-08", "2023-11-09", "2023-11-10", "2023-11-11", "2023-11-14", "2023-11-15", "2023-11-16", "2023-11-17", "2023-11-18", "2023-11-21", "2023-11-22", "2023-11-23", "2023-11-24", "2023-11-25", "2023-11-28", "2023-11-29", "2023-11-30", "2023-12-01", "2023-12-02", "2023-12-05", "2023-12-06", "2023-12-07", "2023-12-08", "2023-12-09", "2023-12-12", "2023-12-13", "2023-12-14", "2023-12-15", "2023-12-16", "2023-12-19", "2023-12-20", "2023-12-21", "2023-12-22", "2023-12-23", "2023-12-26", "2023-12-27", "2023-12-28", "2023-12-29", "2023-12-30" ],
  "informationsPatrimoineCulturel" : {
    "patrimoineCulturelType" : {
      "elementReferenceType" : "PatrimoineCulturelType",
      "id" : 3201
    },
    "themes" : [ {
      "elementReferenceType" : "PatrimoineCulturelTheme",
      "id" : 3419
    }, {
      "elementReferenceType" : "PatrimoineCulturelTheme",
      "id" : 3456
    } ],
    "categories" : [ {
      "elementReferenceType" : "PatrimoineCulturelCategorie",
      "id" : 3229
    } ]
  },
  "formatVersion" : "v002",
  "expiration" : {
    "dateExpiration" : "2023-12-30T00:00:00.000+0000"
  },
  "informationsPrestataireActivites" : {
    "prestataireActivites" : true
  },
  "enquete" : {
    "enquetes" : [ {
      "identifiant" : 2161710,
      "annee" : 2023,
      "retour" : true,
      "titre" : {
        "elementReferenceType" : "EnqueteTitre",
        "id" : 5865
      }
    }, {
      "identifiant" : 2161709,
      "annee" : 2023,
      "retour" : true,
      "titre" : {
        "elementReferenceType" : "EnqueteTitre",
        "id" : 3934
      }
    } ]
  },
  "donneesPrivees" : [ {
    "nomTechnique" : "1947_Id_patio",
    "libelleFr" : "Id_Patio",
    "ordre" : 1,
    "descriptif" : {
      "libelleFr" : "13T2001691"
    }
  }, {
    "nomTechnique" : "1947_Source_patio",
    "libelleFr" : "Source_Patio",
    "ordre" : 2,
    "descriptif" : {
      "libelleFr" : "OT Martigues"
    }
  }, {
    "nomTechnique" : "1947_Url_patio",
    "libelleFr" : "URL_Patio",
    "ordre" : 3,
    "descriptif" : {
      "libelleFr" : "http://www.martigues-tourisme.com"
    }
  } ]
}