{
  "type" : "FETE_ET_MANIFESTATION",
  "id" : 5541391,
  "nom" : {
    "libelleFr" : "Marché de Noël",
    "libelleEn" : "Christmas market in Rognonas",
    "libelleEs" : "Mercado de Navidad en Rognonas",
    "libelleIt" : "Mercatino di Natale di Rognonas",
    "libelleDe" : "Weihnachtsmarkt in Rognonas",
    "libelleNl" : "Kerstmarkt in Rognonas"
  },
  "identifier" : "SITRA2_EVE_5541391",
  "state" : "PUBLISHED",
  "gestion" : {
    "dateCreation" : "2020-05-28T09:25:42.498+0000",
    "dateModification" : "2022-10-07T07:55:45.165+0000",
    "dateExportModification" : "2022-10-07T07:55:45.339+0000",
    "membreProprietaire" : {
      "type" : {
        "elementReferenceType" : "MembreSitraType",
        "id" : 233
      },
      "nom" : "Office de Tourisme Intercommunal de Terre de Provence",
      "dateCreation" : "2020-10-28T10:42:53.102+0000",
      "dateModification" : "2022-10-24T08:49:48.093+0000",
      "id" : 2119
    },
    "signalerUnProblemeMails" : [ "accueil.oti@terredeprovence-agglo.com", "accueil2.oti@terredeprovence-agglo.com", "espaceculturetourisme@orange.fr", "office.tourisme@st-andiol.fr", "office.tourisme@ville-graveson.fr", "ot-culture@maillane.fr", "promotion.oti@terredeprovence-agglo.com", "romain.pascal@ville-graveson.fr", "tourisme@noves.fr", "tourisme@terredeprovence-agglo.com" ]
  },
  "informations" : {
    "moyensCommunication" : [ {
      "identifiant" : 77071700,
      "type" : {
        "elementReferenceType" : "MoyenCommunicationType",
        "id" : 201
      },
      "coordonnees" : {
        "fr" : "04 90 90 33 00"
      },
      "observation" : {
        "libelleFr" : "Mairie de Rognonas"
      }
    }, {
      "identifiant" : 77071702,
      "type" : {
        "elementReferenceType" : "MoyenCommunicationType",
        "id" : 204
      },
      "coordonnees" : {
        "fr" : "accueil@rognonas.fr"
      }
    }, {
      "identifiant" : 77071703,
      "type" : {
        "elementReferenceType" : "MoyenCommunicationType",
        "id" : 205
      },
      "coordonnees" : {
        "fr" : "http://rognonas.fr"
      }
    } ],
    "informationsLegales" : { },
    "structureGestion" : {
      "type" : "STRUCTURE",
      "id" : 5466133
    }
  },
  "presentation" : {
    "descriptifCourt" : {
      "libelleFr" : "Venez trouver des idées cadeaux et des produits du terroir pour préparer vos repas de fête au marché de Noël de Rognonas."
    },
    "descriptifDetaille" : {
      "libelleFr" : "Rognonas va doucement se plonger dans l’esprit de Noël ! Vin chaud, lumières et cadeaux …\r\n\r\nVous y trouverez les traditionnels jouets, bijoux, accessoires ou santons mais aussi une vingtaine de chalets dédiés à la gastronomie et la présence de nos amis de Grassau avec leurs délicieuses spécialités bavaroises. Vous pourrez déguster l’authentique aligot de l’Aubrac et les coquillages de la Côte Bleue.\r\nPendant tout le week-end, les visiteurs sont invités à visiter l’exposition de peinture des Artistes peintres rognonais à la Roubinette et à venir découvrir la forêt de Rognonas à la MJC.\r\n\r\nPlusieurs animations sont déjà programmées : le sapin merveilleux (sapin géant) gratuit qui pourra accueillir toute la famille pour une escapade féérique, un petit train, une patinoire...\r\n\r\nLes vendredi, samedi et dimanche de 14 h à 18 h, les clowns « Carotte et Moulinette » viendront maquiller les enfants, sculpter les ballons et le père Noël pointera le bout de sa barbe.\r\n\r\nSamedi de 10 h à 20 h et dimanche de 10 h à 18 h, une fanfare interviendra avec gaieté au rythme des musiques adaptées à la magie de Noël.\r\n\r\nLa convivialité du marché de Noël de Rognonas n’est plus à prouver et cette 23e édition tiendra une nouvelle fois toutes ses promesses.\r\nAlors, nous vous attendons nombreux.\r\n\r\nNos amis les animaux ne sont pas admis dans le Centre culturel.",
      "libelleEn" : "The magic of Christmas is coming to Rognonas, the: Saturday 10 and Sunday 11 November 2018 10: 00 to 19: 00.It will be more than 50 exhibitors across the cultural center and on the place of the market, which will offer visitors to the Christmas decorations, gourmet products and handicrafts. Everyone can find something, and what to please his loved ones: this is the magic of Christmas!Prepare year-end celebrations all strolling, find the good gift idea that will be a pleasure for sure, then warm up with a good crepe, with a small glass of wine hot or good sipping a beer German friends of Grassau : the usability of the market of Christmas of Rognonas is more to prove, and this 19th edition will once again all its promises.During the weekend, visitors are invited to participate in the Christmas raffle, visit the painting exhibition of painters rognonais to the Roubinette of 10 h to 19 h.For their part, children can meet Santa Claus every afternoon, take part in the drawing competition and make makeup on Saturday from 14 h to 18 h and a surprise awaits them! On-site catering, do not miss to pay a visit, don't what to change the ideas free entry"
    }
  },
  "localisation" : {
    "adresse" : {
      "nomDuLieu" : "Centre culturel",
      "adresse1" : "Place du Marché",
      "codePostal" : "13870",
      "commune" : {
        "id" : 4494
      }
    },
    "geolocalisation" : {
      "valide" : true,
      "geoJson" : {
        "type" : "Point",
        "coordinates" : [ 4.804180, 43.898649 ]
      }
    },
    "perimetreGeographique" : [ {
      "id" : 4494
    } ]
  },
  "liens" : { },
  "prestations" : {
    "animauxAcceptes" : "NON_DISPONIBLE",
    "animauxAcceptesSupplement" : "NON_DISPONIBLE"
  },
  "ouverture" : {
    "periodeEnClair" : {
      "libelleFr" : "Du vendredi 11 au dimanche 13 novembre 2022 de 10h à 19h.\nSamedi 12 novembre ouvert jusqu’à 20h30.",
      "libelleEn" : "From Friday 11 to Sunday 13 November 2022 between 10 am and 7 pm.",
      "libelleEs" : "Del viernes, 11 al domingo, 13 de noviembre de 2022 de 10 a 19.",
      "libelleIt" : "Dal venerdì 11 a domenica 13 novembre 2022 dalle 10 alle 19.",
      "libelleDe" : "Von Freitag, den 11. bis Sonntag, den 13. November 2022 von 10 Uhr bis 19 Uhr.",
      "libelleNl" : "Vrijdag 11 tot en met zondag 13 november 2022 van 10.00 tot en met 19.00 u.",
      "libelleRu" : "С пятница 11 до воскресенье 13 ноября 2022  с 10h до 19h.",
      "libelleZh" : "从 星期五 到 2022年11月13日, 星期日   小时小时 和 小时小时 之间.",
      "libellePtBR" : "De Sexta-feira 11 a Domingo 13 Novembro 2022 de 10h a  19h.",
      "libelleJa" : "金曜日 11 から 日曜日 13 11月 2022 まで 10 午前 と 7 午後 の間."
    },
    "periodeEnClairGenerationMode" : "AUTOMATIQUE",
    "indicationsPeriode" : [ {
      "elementReferenceType" : "IndicationPeriode",
      "id" : 416
    } ],
    "periodesOuvertures" : [ {
      "identifiant" : 20140854,
      "dateDebut" : "2022-11-11",
      "dateFin" : "2022-11-13",
      "complementHoraire" : {
        "libelleFr" : "Samedi 12 novembre ouvert jusqu’à 20h30."
      },
      "horaireOuverture" : "10:00:00",
      "horaireFermeture" : "19:00:00",
      "type" : "OUVERTURE_TOUS_LES_JOURS",
      "tousLesAns" : false,
      "identifiantTechnique" : 24450614
    } ]
  },
  "descriptionTarif" : {
    "indicationTarif" : "GRATUIT",
    "gratuit" : true,
    "tarifsEnClair" : {
      "libelleFr" : "Gratuit.",
      "libelleEn" : "Free of charge.",
      "libelleEs" : "Gratis.",
      "libelleIt" : "Gratuito.",
      "libelleDe" : "Kostenlos.",
      "libelleNl" : "Gratis.",
      "libelleRu" : "Бесплатно.",
      "libelleZh" : "免费.",
      "libellePtBR" : "Gratuito.",
      "libelleJa" : "無料."
    },
    "tarifsEnClairGenerationMode" : "AUTOMATIQUE",
    "devise" : "EUR",
    "conditions" : { }
  },
  "reservation" : {
    "organismes" : [ {
      "identifiant" : 5113745,
      "structureReference" : {
        "type" : "STRUCTURE",
        "id" : 5466133
      },
      "nom" : "Mairie de Rognonas",
      "type" : {
        "elementReferenceType" : "ReservationType",
        "id" : 475
      },
      "moyensCommunication" : [ {
        "identifiant" : 80577549,
        "type" : {
          "elementReferenceType" : "MoyenCommunicationType",
          "id" : 201
        },
        "coordonnees" : {
          "fr" : "04 90 90 33 00"
        }
      } ],
      "locked" : false
    } ]
  },
  "criteresInternes" : [ {
    "id" : 16902
  } ],
  "illustrations" : [ {
    "identifiant" : 14279528,
    "link" : false,
    "type" : "IMAGE",
    "copyright" : {
      "libelleFr" : "© Mairie Rognonas"
    },
    "traductionFichiers" : [ {
      "locale" : "fr",
      "url" : "https://static.apidae-tourisme.com/filestore/objets-touristiques/images/81/210/14602833.png",
      "urlListe" : "https://static.apidae-tourisme.com/filestore/objets-touristiques/images/81/210/14602833-liste.png",
      "urlFiche" : "https://static.apidae-tourisme.com/filestore/objets-touristiques/images/81/210/14602833-fiche.png",
      "urlDiaporama" : "https://static.apidae-tourisme.com/filestore/objets-touristiques/images/81/210/14602833-diaporama.png",
      "extension" : "png",
      "fileName" : "noel",
      "taille" : 2014763,
      "hauteur" : 1756,
      "largeur" : 1260,
      "lastModifiedDate" : "2022-10-03T08:31:40.346+0000"
    } ],
    "locked" : false
  } ],
  "territoires" : [ {
    "type" : "TERRITOIRE",
    "id" : 591381
  }, {
    "type" : "TERRITOIRE",
    "id" : 591419
  }, {
    "type" : "TERRITOIRE",
    "id" : 658199
  }, {
    "type" : "TERRITOIRE",
    "id" : 4819487
  }, {
    "type" : "TERRITOIRE",
    "id" : 5127066
  }, {
    "type" : "TERRITOIRE",
    "id" : 5424410
  }, {
    "type" : "TERRITOIRE",
    "id" : 5447176
  }, {
    "type" : "TERRITOIRE",
    "id" : 5693779
  } ],
  "datesOuverture" : [ "2022-11-11", "2022-11-12", "2022-11-13" ],
  "informationsFeteEtManifestation" : {
    "typesManifestation" : [ {
      "elementReferenceType" : "FeteEtManifestationType",
      "id" : 1962
    } ],
    "categories" : [ {
      "elementReferenceType" : "FeteEtManifestationCategorie",
      "id" : 2083
    } ],
    "themes" : [ {
      "elementReferenceType" : "FeteEtManifestationTheme",
      "id" : 2230
    } ],
    "portee" : {
      "elementReferenceType" : "FeteEtManifestationPortee",
      "id" : 2352
    },
    "nomLieu" : "Centre culturel"
  },
  "formatVersion" : "v002",
  "expiration" : {
    "dateExpiration" : "2022-11-13T00:00:00.000+0000",
    "expirationAction" : "MASQUER_AUTOMATIQUEMENT"
  },
  "enquete" : { },
  "donneesPrivees" : [ {
    "nomTechnique" : "1947_Id_patio",
    "libelleFr" : "Id_Patio",
    "ordre" : 1,
    "descriptif" : {
      "libelleFr" : "13EVT084196"
    }
  }, {
    "nomTechnique" : "1947_Source_patio",
    "libelleFr" : "Source_Patio",
    "ordre" : 2,
    "descriptif" : {
      "libelleFr" : "OT Terre de Provence"
    }
  }, {
    "nomTechnique" : "1947_Url_patio",
    "libelleFr" : "URL_Patio",
    "ordre" : 3,
    "descriptif" : {
      "libelleFr" : "http://www.myterredeprovence.fr/"
    }
  } ]
}