{
  "type" : "FETE_ET_MANIFESTATION",
  "id" : 5466430,
  "nom" : {
    "libelleFr" : "Istres Tourisme, Le CLUB",
    "libelleEn" : "Club tourism",
    "libelleEs" : "Club turismo",
    "libelleIt" : "Un Eté à Istres",
    "libelleDe" : "Un Eté à Istres",
    "libelleNl" : "Un Eté à Istres"
  },
  "identifier" : "SITRA2_EVE_5466430",
  "state" : "PUBLISHED",
  "gestion" : {
    "dateCreation" : "2020-03-04T07:46:05.241+0000",
    "dateModification" : "2022-10-18T07:32:22.461+0000",
    "dateExportModification" : "2022-10-31T07:55:04.712+0000",
    "membreProprietaire" : {
      "type" : {
        "elementReferenceType" : "MembreSitraType",
        "id" : 233
      },
      "nom" : "Office de Tourisme d'Istres",
      "dateCreation" : "2020-02-18T15:09:26.099+0000",
      "dateModification" : "2022-10-24T08:49:35.836+0000",
      "id" : 1991,
      "siteWeb" : "http://www.istres-tourisme.com"
    },
    "signalerUnProblemeMails" : [ "bmeurin@istres.fr" ]
  },
  "informations" : {
    "moyensCommunication" : [ {
      "identifiant" : 77072716,
      "type" : {
        "elementReferenceType" : "MoyenCommunicationType",
        "id" : 205
      },
      "coordonnees" : {
        "fr" : "http://www.istres-tourisme.com/blog-club-tourisme.html"
      }
    }, {
      "identifiant" : 70537444,
      "type" : {
        "elementReferenceType" : "MoyenCommunicationType",
        "id" : 201
      },
      "coordonnees" : {
        "fr" : "04 42 81 76 00"
      }
    } ],
    "informationsLegales" : { },
    "structureGestion" : {
      "type" : "STRUCTURE",
      "id" : 5228515
    }
  },
  "presentation" : {
    "descriptifCourt" : {
      "libelleFr" : "Istres tourisme, le CLUB, propose toute l'année des activités, découvertes et visites commentées pour découvrir les richesses du territoire istréen !"
    },
    "descriptifDetaille" : {
      "libelleFr" : "L'animateur de vos expériences. Des activités pour découvrir les richesses du territoire istréen !\r\n\r\nToute l'année, au rythme des saisons, l'office de tourisme vous propose visites et activités pour (re)découvrir la ville ! Des visites accompagnées, des sorties insolites et des découvertes enrichissantes sur l'ensemble du territoire istréen pour tout savoir sur ce qui fait à Istres. \r\n\r\nA chaque fois, pour chacune de ses propositions, Istres Tourisme LE CLUB est animé par des professionnels ou amateurs, amoureux de leur ville, leur domaine d'activité, heureux de pouvoir partager leur passion.\r\n\r\nCap sur l'automne et les vacances !\r\n\r\nAu programme, visites avec des paléontologues sur les dinosaures, \"Patrimoine XXL\" un grand jeu sur le patrimoine provençal au château des Baumes, découverte commentée du château des Baumes, découvertes naturelles dans la Crau et sur l'étang de Rassuen, ... \r\n\r\nDes activités pendant les vacances et les week-end pour toute la famille !",
      "libelleEn" : "Tourism Club, it's activities to discover the riches of the territory istréen!An offer of leisure and activities at hand... For the whole family!And it goes on for autumn!Appointment to discover ISTRES and his wealth an amazing leisure offer is offered to the istreens and tourists throughout the year with tourism Club of your Office.The Tourist Office thus offers guided visits, outings and unusual animations throughout the year. Discover the pond of Berre, the bamboo forest of Sulauze, the historic center, take a bath of freshness with rides and water activities, or even still to learn the history of the city through outings, cultural, sometimes unusual and funny! Appointments that reflect all of the riches of the territory istréen. A program rich for your spring A ISTRES this spring, with tourism Club you can enjoy:-of tours by a Dinosaur paleontologist technician ' Istres to destination specific visits for your little ones and adults - a baptisms of ponies to the Equestrian Center for your children (from 3 years accompanied by parents).-finds of equestrian competitions for children - a visit to the bamboo forest of Sulauze and comments on Crau Hay - a tour on the history of the Lavalduc pond - a visit to an organic gardener, the field of the 3B at Entressen - exit b otaniques in the best scenery istreens -...",
      "libelleEs" : "Club de turismo, es actividades para descubrir las riquezas de la istréen del territorio.Una oferta de ocio y a la mano... ¡Para toda la familia!Y para el otoño!Cita para descubrir ISTRES y su riqueza una increíble oferta de ocio se ofrece a los istreens y los turistas durante todo el año con el Club de la oficina de turismo.Por lo tanto, la oficina de turismo ofrece visitas guiadas, excursiones y animaciones inusuales durante todo el año. ¡Descubrir el estanque de Berre, el bosque de bambú de Sulauze, centro histórico, tomar un baño de frescura con paseos y actividades acuáticas o incluso para conocer la historia de la ciudad a través de salidas culturales, a veces inusuales y divertidos! Citas que reflejan todas las riquezas de la istréen del territorio. Puede disfrutar de un programa rico para su primavera A ISTRES esta primavera, con turismo Club te:-Tours por un técnico paleontólogo de dinosaurios ' visitas de Istres a destino específico para los pequeños y adultos - un bautismos de los potros para el centro ecuestre para los niños (desde 3 años acompañados de sus padres).-hallazgos de concursos ecuestres para niños - una visita al bosque de bambú de Sulauze y comentarios de Crau Hay - un recorrido sobre la historia de la charca de Lavalduc - una visita a un jardinero orgánico, el campo de la 3B en Entressen - salida b otaniques en el mejor escenario istreens-..."
    },
    "descriptifsThematises" : [ {
      "dateDisponibilite" : null,
      "dateLimiteDePublication" : null,
      "theme" : {
        "elementReferenceType" : "DescriptifTheme",
        "id" : 6143
      },
      "description" : {
        "libelleFr" : "Visites et ateliers encadrées dans le respect des gestes barrières. Places limitées selon la législation en vigueur."
      }
    } ]
  },
  "localisation" : {
    "adresse" : {
      "nomDuLieu" : "Office de Tourisme d'Istres",
      "adresse1" : "30 Allée Jean Jaurès",
      "codePostal" : "13800",
      "bureauDistribution" : "ISTRES",
      "commune" : {
        "id" : 4458
      }
    },
    "geolocalisation" : {
      "complement" : {
        "libelleFr" : "Marseille/Provence : Aéroport/Aérodrome à 40km\r\nGare routière : Arrêt de bus à 0.7km\r\nIstres : Gare ferroviaire à 0.5km"
      },
      "valide" : true,
      "geoJson" : {
        "type" : "Point",
        "coordinates" : [ 4.987461, 43.514538 ]
      }
    },
    "perimetreGeographique" : [ {
      "id" : 4458
    } ],
    "environnements" : [ {
      "elementReferenceType" : "Environnement",
      "id" : 180
    }, {
      "elementReferenceType" : "Environnement",
      "id" : 183
    }, {
      "elementReferenceType" : "Environnement",
      "id" : 3974
    } ],
    "lieu" : {
      "id" : 15424
    },
    "lieuObjetTouristique" : {
      "type" : "COMMERCE_ET_SERVICE",
      "id" : 5572478
    }
  },
  "liens" : {
    "liensObjetsTouristiquesTypes" : [ {
      "type" : "ORGANISATEUR_PROGRAMME",
      "libelleFr" : "Programme l'animation...",
      "libelleEn" : "Schedules activities...",
      "libelleEs" : "Organiza la animación...",
      "libelleIt" : "Programma l’animazione",
      "libelleDe" : "Plant die Veranstaltung ...",
      "libelleNl" : "Programmeert de animatie ...",
      "libelleRu" : "Развлекательная программа...",
      "libelleZh" : "助兴活动",
      "libellePtBR" : "Programa a animação ...",
      "libelleJa" : "イベントを開催します",
      "objetTouristique" : {
        "type" : "ACTIVITE",
        "id" : 5793011
      }
    }, {
      "type" : "ORGANISATEUR_PROGRAMME",
      "libelleFr" : "Programme l'animation...",
      "libelleEn" : "Schedules activities...",
      "libelleEs" : "Organiza la animación...",
      "libelleIt" : "Programma l’animazione",
      "libelleDe" : "Plant die Veranstaltung ...",
      "libelleNl" : "Programmeert de animatie ...",
      "libelleRu" : "Развлекательная программа...",
      "libelleZh" : "助兴活动",
      "libellePtBR" : "Programa a animação ...",
      "libelleJa" : "イベントを開催します",
      "objetTouristique" : {
        "type" : "ACTIVITE",
        "id" : 5793028
      }
    }, {
      "type" : "ORGANISATEUR_PROGRAMME",
      "libelleFr" : "Programme l'animation...",
      "libelleEn" : "Schedules activities...",
      "libelleEs" : "Organiza la animación...",
      "libelleIt" : "Programma l’animazione",
      "libelleDe" : "Plant die Veranstaltung ...",
      "libelleNl" : "Programmeert de animatie ...",
      "libelleRu" : "Развлекательная программа...",
      "libelleZh" : "助兴活动",
      "libellePtBR" : "Programa a animação ...",
      "libelleJa" : "イベントを開催します",
      "objetTouristique" : {
        "type" : "FETE_ET_MANIFESTATION",
        "id" : 5835521
      }
    }, {
      "type" : "ORGANISATEUR_PROGRAMME",
      "libelleFr" : "Programme l'animation...",
      "libelleEn" : "Schedules activities...",
      "libelleEs" : "Organiza la animación...",
      "libelleIt" : "Programma l’animazione",
      "libelleDe" : "Plant die Veranstaltung ...",
      "libelleNl" : "Programmeert de animatie ...",
      "libelleRu" : "Развлекательная программа...",
      "libelleZh" : "助兴活动",
      "libellePtBR" : "Programa a animação ...",
      "libelleJa" : "イベントを開催します",
      "objetTouristique" : {
        "type" : "ACTIVITE",
        "id" : 6136885
      }
    }, {
      "type" : "ORGANISATEUR_PROGRAMME",
      "libelleFr" : "Programme l'animation...",
      "libelleEn" : "Schedules activities...",
      "libelleEs" : "Organiza la animación...",
      "libelleIt" : "Programma l’animazione",
      "libelleDe" : "Plant die Veranstaltung ...",
      "libelleNl" : "Programmeert de animatie ...",
      "libelleRu" : "Развлекательная программа...",
      "libelleZh" : "助兴活动",
      "libellePtBR" : "Programa a animação ...",
      "libelleJa" : "イベントを開催します",
      "objetTouristique" : {
        "type" : "ACTIVITE",
        "id" : 6140283
      }
    }, {
      "type" : "ORGANISATEUR_PROGRAMME",
      "libelleFr" : "Programme l'animation...",
      "libelleEn" : "Schedules activities...",
      "libelleEs" : "Organiza la animación...",
      "libelleIt" : "Programma l’animazione",
      "libelleDe" : "Plant die Veranstaltung ...",
      "libelleNl" : "Programmeert de animatie ...",
      "libelleRu" : "Развлекательная программа...",
      "libelleZh" : "助兴活动",
      "libellePtBR" : "Programa a animação ...",
      "libelleJa" : "イベントを開催します",
      "objetTouristique" : {
        "type" : "ACTIVITE",
        "id" : 6151631
      }
    }, {
      "type" : "ORGANISATEUR_PROGRAMME",
      "libelleFr" : "Programme l'animation...",
      "libelleEn" : "Schedules activities...",
      "libelleEs" : "Organiza la animación...",
      "libelleIt" : "Programma l’animazione",
      "libelleDe" : "Plant die Veranstaltung ...",
      "libelleNl" : "Programmeert de animatie ...",
      "libelleRu" : "Развлекательная программа...",
      "libelleZh" : "助兴活动",
      "libellePtBR" : "Programa a animação ...",
      "libelleJa" : "イベントを開催します",
      "objetTouristique" : {
        "type" : "ACTIVITE",
        "id" : 5836383
      }
    }, {
      "type" : "ORGANISATEUR_PROGRAMME",
      "libelleFr" : "Programme l'animation...",
      "libelleEn" : "Schedules activities...",
      "libelleEs" : "Organiza la animación...",
      "libelleIt" : "Programma l’animazione",
      "libelleDe" : "Plant die Veranstaltung ...",
      "libelleNl" : "Programmeert de animatie ...",
      "libelleRu" : "Развлекательная программа...",
      "libelleZh" : "助兴活动",
      "libellePtBR" : "Programa a animação ...",
      "libelleJa" : "イベントを開催します",
      "objetTouristique" : {
        "type" : "FETE_ET_MANIFESTATION",
        "id" : 6267758
      }
    }, {
      "type" : "ORGANISATEUR_PROGRAMME",
      "libelleFr" : "Programme l'animation...",
      "libelleEn" : "Schedules activities...",
      "libelleEs" : "Organiza la animación...",
      "libelleIt" : "Programma l’animazione",
      "libelleDe" : "Plant die Veranstaltung ...",
      "libelleNl" : "Programmeert de animatie ...",
      "libelleRu" : "Развлекательная программа...",
      "libelleZh" : "助兴活动",
      "libellePtBR" : "Programa a animação ...",
      "libelleJa" : "イベントを開催します",
      "objetTouristique" : {
        "type" : "ACTIVITE",
        "id" : 5836470
      }
    }, {
      "type" : "ORGANISATEUR_PROGRAMME",
      "libelleFr" : "Programme l'animation...",
      "libelleEn" : "Schedules activities...",
      "libelleEs" : "Organiza la animación...",
      "libelleIt" : "Programma l’animazione",
      "libelleDe" : "Plant die Veranstaltung ...",
      "libelleNl" : "Programmeert de animatie ...",
      "libelleRu" : "Развлекательная программа...",
      "libelleZh" : "助兴活动",
      "libellePtBR" : "Programa a animação ...",
      "libelleJa" : "イベントを開催します",
      "objetTouristique" : {
        "type" : "ACTIVITE",
        "id" : 5836491
      }
    }, {
      "type" : "ORGANISATEUR_PROGRAMME",
      "libelleFr" : "Programme l'animation...",
      "libelleEn" : "Schedules activities...",
      "libelleEs" : "Organiza la animación...",
      "libelleIt" : "Programma l’animazione",
      "libelleDe" : "Plant die Veranstaltung ...",
      "libelleNl" : "Programmeert de animatie ...",
      "libelleRu" : "Развлекательная программа...",
      "libelleZh" : "助兴活动",
      "libellePtBR" : "Programa a animação ...",
      "libelleJa" : "イベントを開催します",
      "objetTouristique" : {
        "type" : "ACTIVITE",
        "id" : 5836510
      }
    }, {
      "type" : "ORGANISATEUR_PROGRAMME",
      "libelleFr" : "Programme l'animation...",
      "libelleEn" : "Schedules activities...",
      "libelleEs" : "Organiza la animación...",
      "libelleIt" : "Programma l’animazione",
      "libelleDe" : "Plant die Veranstaltung ...",
      "libelleNl" : "Programmeert de animatie ...",
      "libelleRu" : "Развлекательная программа...",
      "libelleZh" : "助兴活动",
      "libellePtBR" : "Programa a animação ...",
      "libelleJa" : "イベントを開催します",
      "objetTouristique" : {
        "type" : "ACTIVITE",
        "id" : 5836787
      }
    }, {
      "type" : "ORGANISATEUR_PROGRAMME",
      "libelleFr" : "Programme l'animation...",
      "libelleEn" : "Schedules activities...",
      "libelleEs" : "Organiza la animación...",
      "libelleIt" : "Programma l’animazione",
      "libelleDe" : "Plant die Veranstaltung ...",
      "libelleNl" : "Programmeert de animatie ...",
      "libelleRu" : "Развлекательная программа...",
      "libelleZh" : "助兴活动",
      "libellePtBR" : "Programa a animação ...",
      "libelleJa" : "イベントを開催します",
      "objetTouristique" : {
        "type" : "FETE_ET_MANIFESTATION",
        "id" : 6239982
      }
    }, {
      "type" : "ORGANISATEUR_PROGRAMME",
      "libelleFr" : "Programme l'animation...",
      "libelleEn" : "Schedules activities...",
      "libelleEs" : "Organiza la animación...",
      "libelleIt" : "Programma l’animazione",
      "libelleDe" : "Plant die Veranstaltung ...",
      "libelleNl" : "Programmeert de animatie ...",
      "libelleRu" : "Развлекательная программа...",
      "libelleZh" : "助兴活动",
      "libellePtBR" : "Programa a animação ...",
      "libelleJa" : "イベントを開催します",
      "objetTouristique" : {
        "type" : "ACTIVITE",
        "id" : 5836790
      }
    }, {
      "type" : "ORGANISATEUR_PROGRAMME",
      "libelleFr" : "Programme l'animation...",
      "libelleEn" : "Schedules activities...",
      "libelleEs" : "Organiza la animación...",
      "libelleIt" : "Programma l’animazione",
      "libelleDe" : "Plant die Veranstaltung ...",
      "libelleNl" : "Programmeert de animatie ...",
      "libelleRu" : "Развлекательная программа...",
      "libelleZh" : "助兴活动",
      "libellePtBR" : "Programa a animação ...",
      "libelleJa" : "イベントを開催します",
      "objetTouristique" : {
        "type" : "ACTIVITE",
        "id" : 5836803
      }
    }, {
      "type" : "ORGANISATEUR_PROGRAMME",
      "libelleFr" : "Programme l'animation...",
      "libelleEn" : "Schedules activities...",
      "libelleEs" : "Organiza la animación...",
      "libelleIt" : "Programma l’animazione",
      "libelleDe" : "Plant die Veranstaltung ...",
      "libelleNl" : "Programmeert de animatie ...",
      "libelleRu" : "Развлекательная программа...",
      "libelleZh" : "助兴活动",
      "libellePtBR" : "Programa a animação ...",
      "libelleJa" : "イベントを開催します",
      "objetTouristique" : {
        "type" : "ACTIVITE",
        "id" : 5836814
      }
    }, {
      "type" : "ORGANISATEUR_PROGRAMME",
      "libelleFr" : "Programme l'animation...",
      "libelleEn" : "Schedules activities...",
      "libelleEs" : "Organiza la animación...",
      "libelleIt" : "Programma l’animazione",
      "libelleDe" : "Plant die Veranstaltung ...",
      "libelleNl" : "Programmeert de animatie ...",
      "libelleRu" : "Развлекательная программа...",
      "libelleZh" : "助兴活动",
      "libellePtBR" : "Programa a animação ...",
      "libelleJa" : "イベントを開催します",
      "objetTouristique" : {
        "type" : "ACTIVITE",
        "id" : 5836834
      }
    }, {
      "type" : "ORGANISATEUR_PROGRAMME",
      "libelleFr" : "Programme l'animation...",
      "libelleEn" : "Schedules activities...",
      "libelleEs" : "Organiza la animación...",
      "libelleIt" : "Programma l’animazione",
      "libelleDe" : "Plant die Veranstaltung ...",
      "libelleNl" : "Programmeert de animatie ...",
      "libelleRu" : "Развлекательная программа...",
      "libelleZh" : "助兴活动",
      "libellePtBR" : "Programa a animação ...",
      "libelleJa" : "イベントを開催します",
      "objetTouristique" : {
        "type" : "ACTIVITE",
        "id" : 5842497
      }
    }, {
      "type" : "ORGANISATEUR_PROGRAMME",
      "libelleFr" : "Programme l'animation...",
      "libelleEn" : "Schedules activities...",
      "libelleEs" : "Organiza la animación...",
      "libelleIt" : "Programma l’animazione",
      "libelleDe" : "Plant die Veranstaltung ...",
      "libelleNl" : "Programmeert de animatie ...",
      "libelleRu" : "Развлекательная программа...",
      "libelleZh" : "助兴活动",
      "libellePtBR" : "Programa a animação ...",
      "libelleJa" : "イベントを開催します",
      "objetTouristique" : {
        "type" : "ACTIVITE",
        "id" : 5842563
      }
    }, {
      "type" : "ORGANISATEUR_PROGRAMME",
      "libelleFr" : "Programme l'animation...",
      "libelleEn" : "Schedules activities...",
      "libelleEs" : "Organiza la animación...",
      "libelleIt" : "Programma l’animazione",
      "libelleDe" : "Plant die Veranstaltung ...",
      "libelleNl" : "Programmeert de animatie ...",
      "libelleRu" : "Развлекательная программа...",
      "libelleZh" : "助兴活动",
      "libellePtBR" : "Programa a animação ...",
      "libelleJa" : "イベントを開催します",
      "objetTouristique" : {
        "type" : "ACTIVITE",
        "id" : 5842614
      }
    }, {
      "type" : "ORGANISATEUR_PROGRAMME",
      "libelleFr" : "Programme l'animation...",
      "libelleEn" : "Schedules activities...",
      "libelleEs" : "Organiza la animación...",
      "libelleIt" : "Programma l’animazione",
      "libelleDe" : "Plant die Veranstaltung ...",
      "libelleNl" : "Programmeert de animatie ...",
      "libelleRu" : "Развлекательная программа...",
      "libelleZh" : "助兴活动",
      "libellePtBR" : "Programa a animação ...",
      "libelleJa" : "イベントを開催します",
      "objetTouristique" : {
        "type" : "FETE_ET_MANIFESTATION",
        "id" : 5901709
      }
    }, {
      "type" : "ORGANISATEUR_PROGRAMME",
      "libelleFr" : "Programme l'animation...",
      "libelleEn" : "Schedules activities...",
      "libelleEs" : "Organiza la animación...",
      "libelleIt" : "Programma l’animazione",
      "libelleDe" : "Plant die Veranstaltung ...",
      "libelleNl" : "Programmeert de animatie ...",
      "libelleRu" : "Развлекательная программа...",
      "libelleZh" : "助兴活动",
      "libellePtBR" : "Programa a animação ...",
      "libelleJa" : "イベントを開催します",
      "objetTouristique" : {
        "type" : "ACTIVITE",
        "id" : 6046405
      }
    } ]
  },
  "prestations" : {
    "animauxAcceptes" : "NON_DISPONIBLE",
    "animauxAcceptesSupplement" : "NON_DISPONIBLE",
    "complementAccueil" : {
      "libelleFr" : "Accessible pour handicapés",
      "libelleEn" : "Accessible for disabled",
      "libelleIt" : "Accessibile ai disabili",
      "libelleDe" : "Zugänglich für Behinderte",
      "libelleNl" : "Toegankelijk voor mensen met een handicap"
    }
  },
  "ouverture" : {
    "periodeEnClair" : {
      "libelleFr" : "Du 15/10 au 26/11/2022, tous les jours.",
      "libelleEn" : "From 15/10 to 26/11/2022, daily.",
      "libelleEs" : "Del 15/10 al 26/11/2022, todos los dias.",
      "libelleIt" : "Dal 15/10 al 26/11/2022, ogni giorno.",
      "libelleDe" : "Vom 15/10 bis 26/11/2022, täglich.",
      "libelleNl" : "Van 15/10 tot en met 26/11/2022, iedere dag.",
      "libelleRu" : "С 15/10 до 26/11/2022, ежедневно.",
      "libelleZh" : "从 10月15日 到 2022年11月26日, 日常.",
      "libellePtBR" : "De 15/10 a 26/11/2022, todos os dias.",
      "libelleJa" : "15/10 から 26/11/2022 まで, 毎日."
    },
    "periodeEnClairGenerationMode" : "AUTOMATIQUE",
    "indicationsPeriode" : [ {
      "elementReferenceType" : "IndicationPeriode",
      "id" : 416
    } ],
    "periodesOuvertures" : [ {
      "identifiant" : 20927060,
      "dateDebut" : "2022-10-15",
      "dateFin" : "2022-11-26",
      "type" : "OUVERTURE_TOUS_LES_JOURS",
      "tousLesAns" : false,
      "identifiantTechnique" : 24521384
    } ]
  },
  "descriptionTarif" : {
    "indicationTarif" : "PAYANT",
    "gratuit" : false,
    "tarifsEnClair" : {
      "libelleFr" : "Selon les activités."
    },
    "tarifsEnClairGenerationMode" : "AUTOMATIQUE",
    "complement" : {
      "libelleFr" : "Selon les activités"
    },
    "devise" : "EUR",
    "conditions" : { }
  },
  "reservation" : {
    "organismes" : [ {
      "identifiant" : 5417455,
      "structureReference" : {
        "type" : "STRUCTURE",
        "id" : 5228515
      },
      "nom" : "Office de Tourisme d'Istres",
      "type" : {
        "elementReferenceType" : "ReservationType",
        "id" : 475
      },
      "locked" : false
    }, {
      "identifiant" : 5769280,
      "nom" : "Vente en ligne",
      "type" : {
        "elementReferenceType" : "ReservationType",
        "id" : 473
      },
      "moyensCommunication" : [ {
        "identifiant" : 88561114,
        "type" : {
          "elementReferenceType" : "MoyenCommunicationType",
          "id" : 205
        },
        "coordonnees" : {
          "fr" : "https://www.istres-tourisme.com/reservation-billetterie-istres-tourisme.html"
        }
      } ],
      "locked" : false
    } ]
  },
  "criteresInternes" : [ {
    "id" : 16541
  }, {
    "id" : 16775
  }, {
    "id" : 17325
  } ],
  "illustrations" : [ {
    "identifiant" : 14301251,
    "link" : false,
    "type" : "IMAGE",
    "traductionFichiers" : [ {
      "locale" : "fr",
      "url" : "https://static.apidae-tourisme.com/filestore/objets-touristiques/images/96/45/14626144.jpg",
      "urlListe" : "https://static.apidae-tourisme.com/filestore/objets-touristiques/images/96/45/14626144-liste.jpg",
      "urlFiche" : "https://static.apidae-tourisme.com/filestore/objets-touristiques/images/96/45/14626144-fiche.jpg",
      "urlDiaporama" : "https://static.apidae-tourisme.com/filestore/objets-touristiques/images/96/45/14626144-diaporama.jpg",
      "urlQHD" : "https://static.apidae-tourisme.com/filestore/objets-touristiques/images/96/45/14626144-QHD.jpg",
      "extension" : "jpg",
      "fileName" : "couv automne",
      "taille" : 2014846,
      "hauteur" : 3491,
      "largeur" : 2480,
      "lastModifiedDate" : "2022-10-04T15:25:49.619+0000"
    } ],
    "locked" : false
  }, {
    "identifiant" : 12704311,
    "link" : false,
    "type" : "IMAGE",
    "traductionFichiers" : [ {
      "locale" : "fr",
      "url" : "https://static.apidae-tourisme.com/filestore/objets-touristiques/images/254/201/12896766.jpg",
      "urlListe" : "https://static.apidae-tourisme.com/filestore/objets-touristiques/images/254/201/12896766-liste.jpg",
      "urlFiche" : "https://static.apidae-tourisme.com/filestore/objets-touristiques/images/254/201/12896766-fiche.jpg",
      "urlDiaporama" : "https://static.apidae-tourisme.com/filestore/objets-touristiques/images/254/201/12896766-diaporama.jpg",
      "extension" : "jpg",
      "fileName" : "ECO BALADE COLLINE SAINT ETIENNE CLUB TOURISME ETE 2020 (4)",
      "taille" : 4630763,
      "hauteur" : 3968,
      "largeur" : 2976,
      "lastModifiedDate" : "2022-03-17T14:37:22.873+0000"
    } ],
    "locked" : false
  }, {
    "identifiant" : 13180344,
    "link" : false,
    "type" : "IMAGE",
    "traductionFichiers" : [ {
      "locale" : "fr",
      "url" : "https://static.apidae-tourisme.com/filestore/objets-touristiques/images/88/219/13359960.jpg",
      "urlListe" : "https://static.apidae-tourisme.com/filestore/objets-touristiques/images/88/219/13359960-liste.jpg",
      "urlFiche" : "https://static.apidae-tourisme.com/filestore/objets-touristiques/images/88/219/13359960-fiche.jpg",
      "urlDiaporama" : "https://static.apidae-tourisme.com/filestore/objets-touristiques/images/88/219/13359960-diaporama.jpg",
      "extension" : "jpg",
      "fileName" : "DINOSAUr'ISTRES OCTOBRE 2021 (13)",
      "taille" : 4465910,
      "hauteur" : 3472,
      "largeur" : 4624,
      "lastModifiedDate" : "2022-06-07T15:32:48.834+0000"
    } ],
    "locked" : false
  }, {
    "identifiant" : 12704312,
    "link" : false,
    "type" : "IMAGE",
    "traductionFichiers" : [ {
      "locale" : "fr",
      "url" : "https://static.apidae-tourisme.com/filestore/objets-touristiques/images/255/201/12896767.jpg",
      "urlListe" : "https://static.apidae-tourisme.com/filestore/objets-touristiques/images/255/201/12896767-liste.jpg",
      "urlFiche" : "https://static.apidae-tourisme.com/filestore/objets-touristiques/images/255/201/12896767-fiche.jpg",
      "urlDiaporama" : "https://static.apidae-tourisme.com/filestore/objets-touristiques/images/255/201/12896767-diaporama.jpg",
      "extension" : "jpg",
      "fileName" : "ETANG RASSUEN CLUB TOUIRSME JUILLET 2020 (10)",
      "taille" : 991679,
      "hauteur" : 2736,
      "largeur" : 3648,
      "lastModifiedDate" : "2022-03-17T14:37:20.975+0000"
    } ],
    "locked" : false
  } ],
  "multimedias" : [ {
    "identifiant" : 14442105,
    "link" : true,
    "type" : "DOCUMENT",
    "nom" : {
      "libelleFr" : "Programme ITC automne 2022"
    },
    "legende" : {
      "libelleFr" : "Programme ITC automne 2022"
    },
    "copyright" : {
      "libelleFr" : "OT Istres"
    },
    "traductionFichiers" : [ {
      "locale" : "fr",
      "url" : "https://www.istres-tourisme.com/s?u=documentation/T/CLUB|FR||"
    } ],
    "locked" : false
  } ],
  "territoires" : [ {
    "type" : "TERRITOIRE",
    "id" : 591381
  }, {
    "type" : "TERRITOIRE",
    "id" : 591419
  }, {
    "type" : "TERRITOIRE",
    "id" : 5127066
  }, {
    "type" : "TERRITOIRE",
    "id" : 5427637
  }, {
    "type" : "TERRITOIRE",
    "id" : 5693765
  }, {
    "type" : "TERRITOIRE",
    "id" : 5693899
  }, {
    "type" : "TERRITOIRE",
    "id" : 5853947
  } ],
  "datesOuverture" : [ "2022-11-07", "2022-11-08", "2022-11-09", "2022-11-10", "2022-11-11", "2022-11-12", "2022-11-13", "2022-11-14", "2022-11-15", "2022-11-16", "2022-11-17", "2022-11-18", "2022-11-19", "2022-11-20", "2022-11-21", "2022-11-22", "2022-11-23", "2022-11-24", "2022-11-25", "2022-11-26" ],
  "informationsFeteEtManifestation" : {
    "typesManifestation" : [ {
      "elementReferenceType" : "FeteEtManifestationType",
      "id" : 1958
    }, {
      "elementReferenceType" : "FeteEtManifestationType",
      "id" : 1966
    }, {
      "elementReferenceType" : "FeteEtManifestationType",
      "id" : 1973
    } ],
    "categories" : [ {
      "elementReferenceType" : "FeteEtManifestationCategorie",
      "id" : 2101
    } ],
    "themes" : [ {
      "elementReferenceType" : "FeteEtManifestationTheme",
      "id" : 2129
    }, {
      "elementReferenceType" : "FeteEtManifestationTheme",
      "id" : 2158
    }, {
      "elementReferenceType" : "FeteEtManifestationTheme",
      "id" : 2282
    }, {
      "elementReferenceType" : "FeteEtManifestationTheme",
      "id" : 4922
    } ],
    "portee" : {
      "elementReferenceType" : "FeteEtManifestationPortee",
      "id" : 2351
    },
    "nomLieu" : "Office de Tourisme d'Istres"
  },
  "formatVersion" : "v002",
  "expiration" : {
    "dateExpiration" : "2022-11-26T00:00:00.000+0000",
    "expirationAction" : "MASQUER"
  },
  "enquete" : { },
  "donneesPrivees" : [ {
    "nomTechnique" : "1947_Id_patio",
    "libelleFr" : "Id_Patio",
    "ordre" : 1,
    "descriptif" : {
      "libelleFr" : "13EVT058873"
    }
  }, {
    "nomTechnique" : "1947_Source_patio",
    "libelleFr" : "Source_Patio",
    "ordre" : 2,
    "descriptif" : {
      "libelleFr" : "OT Istres"
    }
  }, {
    "nomTechnique" : "1947_Url_patio",
    "libelleFr" : "URL_Patio",
    "ordre" : 3,
    "descriptif" : {
      "libelleFr" : "http://www.istres.fr"
    }
  } ]
}