{
  "type" : "PATRIMOINE_CULTUREL",
  "id" : 5538965,
  "nom" : {
    "libelleFr" : "Musée de la Légion étrangère",
    "libelleEn" : "Musée de la Légion étrangère",
    "libelleEs" : "Musée de la Légion étrangère",
    "libelleIt" : "Musée du Souvenir de la Légion Etrangère",
    "libelleDe" : "Musée de la Légion étrangère",
    "libelleNl" : "Musée du Souvenir de la Légion Etrangère"
  },
  "identifier" : "SITRA2_PCU_5538965",
  "state" : "PUBLISHED",
  "gestion" : {
    "dateCreation" : "2020-05-27T10:46:25.989+0000",
    "dateModification" : "2022-10-28T07:48:07.934+0000",
    "dateExportModification" : "2022-11-08T15:50:14.266+0000",
    "membreProprietaire" : {
      "type" : {
        "elementReferenceType" : "MembreSitraType",
        "id" : 233
      },
      "nom" : "Office de Tourisme du Pays d’Aubagne et de l’Étoile",
      "dateCreation" : "2020-09-22T14:10:27.011+0000",
      "dateModification" : "2022-10-24T08:49:46.508+0000",
      "id" : 2083,
      "siteWeb" : "http://www.tourisme-paysdaubagne.fr"
    },
    "signalerUnProblemeMails" : [ "anne-laure.r@tourisme-paysdaubagne.fr", "cedric.f@tourisme-paysdaubagne.fr", "christine.g@tourisme-paysdaubagne.fr", "damien.d@tourisme-paysdaubagne.fr", "marianne.g@tourisme-paysdaubagne.fr" ]
  },
  "informations" : {
    "moyensCommunication" : [ {
      "identifiant" : 79654916,
      "type" : {
        "elementReferenceType" : "MoyenCommunicationType",
        "id" : 201
      },
      "coordonnees" : {
        "fr" : "04 42 18 10 96"
      }
    }, {
      "identifiant" : 79654917,
      "type" : {
        "elementReferenceType" : "MoyenCommunicationType",
        "id" : 204
      },
      "coordonnees" : {
        "fr" : "musee.legionetrangere@gmail.com"
      }
    }, {
      "identifiant" : 79654918,
      "type" : {
        "elementReferenceType" : "MoyenCommunicationType",
        "id" : 207
      },
      "coordonnees" : {
        "fr" : "https://www.facebook.com/museelegionetrangereofficiel/"
      }
    } ],
    "informationsLegales" : { },
    "structureGestion" : {
      "type" : "STRUCTURE",
      "id" : 5558371
    }
  },
  "presentation" : {
    "descriptifCourt" : {
      "libelleFr" : "Le Musée de la Légion étrangère est l'unique musée d'histoire militaire des Bouches du Rhône. Il invite chacun à découvrir cette institution de renommée mondiale.\r\n\r\nLe musée sera fermé au public du lundi 7 novembre jusqu’au lundi 28 novembre.",
      "libelleEn" : "The Foreign Legion Museum is the only military history museum in the Bouches du Rhône. It invites everyone to discover this world-renowned institution.",
      "libelleEs" : "El Museo de la Legión Extranjera es el único museo de historia militar de las Bouches du Rhône. Invita a todo el mundo a descubrir esta institución de renombre mundial.",
      "libelleDe" : "Das Musée de la Légion étrangère ist das einzige militärhistorische Museum im Departement Bouches du Rhône. Es lädt jeden ein, diese weltberühmte Institution zu entdecken."
    },
    "descriptifDetaille" : {
      "libelleFr" : "Le site vous accueille dans ses 2 000 m² pour un cheminement à la découverte de la Légion et de ses légionnaires depuis sa création en 1831 jusqu'à nos jours.\r\n\r\nLe musée organise périodiquement des expositions d’œuvres consacrées à la Légion et aux légionnaires. De nombreux grands artistes ont fait partie des rangs de la LE.\r\n\r\nUne boutique du musée proposant des souvenirs, des ouvrages et du vin du domaine du Capitaine Danjou produit par d’anciens légionnaires et dont la vente permet le financement de l’entraide légionnaire.\r\n\r\nPour les chercheurs, les universitaires, ou tout simplement pour les passionnés en quête d'informations plus pointues, le centre de documentation de la Légion étrangère, donne accès à des ouvrages et documents de référence, variés et exhaustifs.",
      "libelleEn" : "Aubagne, the headquarter of the foreign Legion\r\nSince 1962, Aubagne has welcomed the headquarter of this famous elite corps. \r\nThe Museum of the foreign legion presents various collections: memories of the founders of the Legion, pictures, portraits, various objects, weapons, photographs...",
      "libelleEs" : "El sitio le da la bienvenida en sus 2.000 m² para un viaje de descubrimiento de la Legión y sus legionarios desde su creación en 1831 hasta hoy.\r\n\r\nEl museo organiza periódicamente exposiciones de obras dedicadas a la Legión y a sus miembros. Muchos grandes artistas han formado parte de las filas de la LE.\r\n\r\nUna tienda-museo que ofrece recuerdos, libros y vino del Domaine du Capitaine Danjou producidos por antiguos legionarios, cuya venta contribuye a financiar la ayuda mutua legionaria.\r\n\r\nPara los investigadores, académicos o simplemente para los entusiastas que buscan información más detallada, el centro de documentación de la Legión Extranjera ofrece acceso a obras y documentos de referencia variados y exhaustivos.",
      "libelleDe" : "Das Museum empfängt Sie auf einer Fläche von 2 000 m² zu einem Rundgang, auf dem Sie die Legion und ihre Legionäre von ihrer Gründung im Jahr 1831 bis heute entdecken können.\r\n\r\nDas Museum organisiert regelmäßig Ausstellungen mit Werken, die der Legion und den Legionären gewidmet sind. Viele große Künstler gehörten zu den Reihen der LE.\r\n\r\nEin Museumsshop bietet Souvenirs, Bücher und Wein aus der Domaine du Capitaine Danjou an, der von ehemaligen Legionären hergestellt wird und dessen Verkauf die Finanzierung der Selbsthilfe der Legionäre ermöglicht.\r\n\r\nDas Dokumentationszentrum der Fremdenlegion bietet Forschern, Akademikern oder einfach nur Liebhabern, die auf der Suche nach detaillierteren Informationen sind, Zugang zu vielfältigen und umfassenden Referenzwerken und Dokumenten."
    }
  },
  "localisation" : {
    "adresse" : {
      "adresse1" : "Chemin de la Thuillière",
      "codePostal" : "13400",
      "bureauDistribution" : "AUBAGNE",
      "commune" : {
        "id" : 4416
      }
    },
    "geolocalisation" : {
      "complement" : {
        "libelleFr" : "Par la route de la Thuillière.Panneaux indicateurs 'Musée de la Légion Etrangère', au croisement CD2/route de la Thuillière"
      },
      "valide" : true,
      "geoJson" : {
        "type" : "Point",
        "coordinates" : [ 5.553160, 43.293763 ]
      }
    },
    "perimetreGeographique" : [ {
      "id" : 4416
    } ],
    "environnements" : [ {
      "elementReferenceType" : "Environnement",
      "id" : 141
    } ]
  },
  "liens" : { },
  "prestations" : {
    "equipements" : [ {
      "elementReferenceType" : "PrestationEquipement",
      "id" : 972
    }, {
      "elementReferenceType" : "PrestationEquipement",
      "id" : 1322
    }, {
      "elementReferenceType" : "PrestationEquipement",
      "id" : 1323
    } ],
    "services" : [ {
      "elementReferenceType" : "PrestationService",
      "id" : 1026
    } ],
    "animauxAcceptes" : "NON_ACCEPTES",
    "animauxAcceptesSupplement" : "NON_DISPONIBLE",
    "activites" : [ {
      "elementReferenceType" : "PrestationActivite",
      "id" : 652
    }, {
      "elementReferenceType" : "PrestationActivite",
      "id" : 6032
    } ],
    "complementAccueil" : {
      "libelleEn" : "Accessible for disabled",
      "libelleIt" : "Accessibile ai disabili",
      "libelleDe" : "Zugänglich für Behinderte",
      "libelleNl" : "Toegankelijk voor mensen met een handicap"
    },
    "tourismesAdaptes" : [ {
      "elementReferenceType" : "TourismeAdapte",
      "id" : 3653
    } ],
    "descriptifHandicapMoteur" : {
      "libelleFr" : "Le musée est adapté pour permettre la circulation et la visite des personnes  handicapées moteurs. A l'entrée une rampe d’accès est prévue.\r\nLe parking du musée possède des places adaptées."
    },
    "typesClientele" : [ {
      "elementReferenceType" : "TypeClientele",
      "id" : 593
    } ]
  },
  "ouverture" : {
    "periodeEnClair" : {
      "libelleFr" : "Du 05/02 au 06/11/2022 \nOuverture le mardi, mercredi, jeudi, vendredi, samedi et dimanche de 10h à 12h et de 14h à 18h.\nFermé le lundi.\n\nDu 29/11 au 31/12/2022 \nOuverture le mardi, mercredi, jeudi, vendredi, samedi et dimanche de 10h à 12h et de 14h à 18h.\nFermé le lundi.",
      "libelleEn" : "From 05/02 to 06/11/2022 \nOpening hours on Tuesday, Wednesday, Thursday, Friday, Saturday and Sunday between 10 am and 12 pm and between 2 pm and 6 pm.\nClosed on Monday.\n\nFrom 29/11 to 31/12/2022 \nOpening hours on Tuesday, Wednesday, Thursday, Friday, Saturday and Sunday between 10 am and 12 pm and between 2 pm and 6 pm.\nClosed on Monday.",
      "libelleEs" : "Del 05/02 al 06/11/2022 \nHorarios de apertura los martes, miércoles, jueves, viernes, sábado y domingo de 10 a 12 y de 14 a 18.\nCerrado los lunes.\n\nDel 29/11 al 31/12/2022 \nHorarios de apertura los martes, miércoles, jueves, viernes, sábado y domingo de 10 a 12 y de 14 a 18.\nCerrado los lunes.",
      "libelleIt" : "Dal 05/02 al 06/11/2022 \nOrari di apertura il martedì, mercoledì, giovedì, venerdì, sabato e domenica dalle 10 alle 12 e dalle 14 alle 18.\nChiuso il lunedì.\n\nDal 29/11 al 31/12/2022 \nOrari di apertura il martedì, mercoledì, giovedì, venerdì, sabato e domenica dalle 10 alle 12 e dalle 14 alle 18.\nChiuso il lunedì.",
      "libelleDe" : "Vom 05/02 bis 06/11/2022 \nÖffnungszeiten jeden Dienstag, Mittwoch, Donnerstag, Freitag, Samstag und Sonntag von 10 Uhr bis 12 Uhr und von 14 Uhr bis 18 Uhr.\nMontag geschlossen.\n\nVom 29/11 bis 31/12/2022 \nÖffnungszeiten jeden Dienstag, Mittwoch, Donnerstag, Freitag, Samstag und Sonntag von 10 Uhr bis 12 Uhr und von 14 Uhr bis 18 Uhr.\nMontag geschlossen.",
      "libelleNl" : "Van 05/02 tot en met 06/11/2022 \nOpeningstijden op dinsdag, woensdag, donderdag, vrijdag, zaterdag en zondag van 10.00 tot en met 12.00 u en van 14.00 tot en met 18.00 u.\nMaandag gesloten.\n\nVan 29/11 tot en met 31/12/2022 \nOpeningstijden op dinsdag, woensdag, donderdag, vrijdag, zaterdag en zondag van 10.00 tot en met 12.00 u en van 14.00 tot en met 18.00 u.\nMaandag gesloten.",
      "libelleRu" : "С 05/02 до 06/11/2022 \nЧасы открытия на вторник, среда, четверг, пятница, суббота и воскресенье с 10h до 12h и с 14h до 18h.\nНе работает понедельник.\n\nС 29/11 до 31/12/2022 \nЧасы открытия на вторник, среда, четверг, пятница, суббота и воскресенье с 10h до 12h и с 14h до 18h.\nНе работает понедельник.",
      "libelleZh" : "从 2月5日 到 2022年11月6日 \n开放时间 上 星期二, 星期三, 星期四, 星期五, 星期六 和 星期日 小时小时 和 小时小时 之间 和 小时小时 和 小时小时 之间.\n星期一 关闭.\n\n从 11月29日 到 2022年12月31日 \n开放时间 上 星期二, 星期三, 星期四, 星期五, 星期六 和 星期日 小时小时 和 小时小时 之间 和 小时小时 和 小时小时 之间.\n星期一 关闭.",
      "libellePtBR" : "De 05/02 a 06/11/2022 \nOuverture na terça-feira, quarta-feira, quinta-feira, sexta-feira, sábado e domingo de 10h a  12h e de 14h a  18h.\nFechado em segunda-feira.\n\nDe 29/11 a 31/12/2022 \nOuverture na terça-feira, quarta-feira, quinta-feira, sexta-feira, sábado e domingo de 10h a  12h e de 14h a  18h.\nFechado em segunda-feira.",
      "libelleJa" : "05/02 から 06/11/2022 まで \n開館時間 火曜日, 水曜日, 木曜日, 金曜日, 土曜日 と 日曜日 に 10 午前 と 12 午後 の間 と 2 午後 と 6 午後 の間.\n月曜日 は休み.\n\n29/11 から 31/12/2022 まで \n開館時間 火曜日, 水曜日, 木曜日, 金曜日, 土曜日 と 日曜日 に 10 午前 と 12 午後 の間 と 2 午後 と 6 午後 の間.\n月曜日 は休み."
    },
    "periodeEnClairGenerationMode" : "AUTOMATIQUE",
    "indicationsPeriode" : [ {
      "elementReferenceType" : "IndicationPeriode",
      "id" : 416
    }, {
      "elementReferenceType" : "IndicationPeriode",
      "id" : 418
    }, {
      "elementReferenceType" : "IndicationPeriode",
      "id" : 435
    }, {
      "elementReferenceType" : "IndicationPeriode",
      "id" : 436
    } ],
    "periodesOuvertures" : [ {
      "identifiant" : 22259411,
      "dateDebut" : "2022-02-05",
      "dateFin" : "2022-11-06",
      "type" : "OUVERTURE_SAUF",
      "tousLesAns" : false,
      "ouverturesJournalieres" : [ {
        "jour" : "LUNDI"
      } ],
      "identifiantTechnique" : 24627092
    }, {
      "identifiant" : 24627109,
      "dateDebut" : "2022-11-29",
      "dateFin" : "2022-12-31",
      "type" : "OUVERTURE_SAUF",
      "tousLesAns" : false,
      "ouverturesJournalieres" : [ {
        "jour" : "LUNDI"
      } ],
      "identifiantTechnique" : 24627109
    } ]
  },
  "descriptionTarif" : {
    "indicationTarif" : "GRATUIT",
    "gratuit" : true,
    "tarifsEnClair" : {
      "libelleFr" : "Gratuit.",
      "libelleEn" : "Free of charge.",
      "libelleEs" : "Gratis.",
      "libelleIt" : "Gratuito.",
      "libelleDe" : "Kostenlos.",
      "libelleNl" : "Gratis.",
      "libelleRu" : "Бесплатно.",
      "libelleZh" : "免费.",
      "libellePtBR" : "Gratuito.",
      "libelleJa" : "無料."
    },
    "tarifsEnClairGenerationMode" : "AUTOMATIQUE",
    "devise" : "EUR",
    "conditions" : { }
  },
  "reservation" : { },
  "criteresInternes" : [ {
    "id" : 16775
  }, {
    "id" : 18002
  } ],
  "contacts" : [ {
    "identifiant" : 17641077,
    "referent" : true,
    "civilite" : {
      "elementReferenceType" : "ContactCivilite",
      "id" : 443
    },
    "nom" : "SEZNEC",
    "fonction" : {
      "elementReferenceType" : "ContactFonction",
      "id" : 6026
    },
    "moyensCommunication" : [ {
      "identifiant" : 81744087,
      "type" : {
        "elementReferenceType" : "MoyenCommunicationType",
        "id" : 201
      },
      "coordonnees" : {
        "fr" : "04 42 18 12 41"
      }
    } ]
  } ],
  "illustrations" : [ {
    "identifiant" : 13923675,
    "link" : false,
    "type" : "IMAGE",
    "copyright" : {
      "libelleFr" : "2DG"
    },
    "traductionFichiers" : [ {
      "locale" : "fr",
      "url" : "https://static.apidae-tourisme.com/filestore/objets-touristiques/images/199/130/14189255.jpg",
      "urlListe" : "https://static.apidae-tourisme.com/filestore/objets-touristiques/images/199/130/14189255-liste.jpg",
      "urlFiche" : "https://static.apidae-tourisme.com/filestore/objets-touristiques/images/199/130/14189255-fiche.jpg",
      "urlDiaporama" : "https://static.apidae-tourisme.com/filestore/objets-touristiques/images/199/130/14189255-diaporama.jpg",
      "extension" : "jpg",
      "fileName" : "IMG_0669",
      "taille" : 2692500,
      "hauteur" : 4032,
      "largeur" : 3024,
      "lastModifiedDate" : "2022-09-01T15:50:06.114+0000"
    } ],
    "locked" : false
  }, {
    "identifiant" : 13923679,
    "link" : false,
    "type" : "IMAGE",
    "copyright" : {
      "libelleFr" : "2DG"
    },
    "traductionFichiers" : [ {
      "locale" : "fr",
      "url" : "https://static.apidae-tourisme.com/filestore/objets-touristiques/images/202/130/14189258.jpg",
      "urlListe" : "https://static.apidae-tourisme.com/filestore/objets-touristiques/images/202/130/14189258-liste.jpg",
      "urlFiche" : "https://static.apidae-tourisme.com/filestore/objets-touristiques/images/202/130/14189258-fiche.jpg",
      "urlDiaporama" : "https://static.apidae-tourisme.com/filestore/objets-touristiques/images/202/130/14189258-diaporama.jpg",
      "extension" : "jpg",
      "fileName" : "IMG_0702",
      "taille" : 3569796,
      "hauteur" : 4032,
      "largeur" : 3024,
      "lastModifiedDate" : "2022-09-01T15:50:11.350+0000"
    } ],
    "locked" : false
  }, {
    "identifiant" : 13923682,
    "link" : false,
    "type" : "IMAGE",
    "copyright" : {
      "libelleFr" : "2DG"
    },
    "traductionFichiers" : [ {
      "locale" : "fr",
      "url" : "https://static.apidae-tourisme.com/filestore/objets-touristiques/images/205/130/14189261.jpg",
      "urlListe" : "https://static.apidae-tourisme.com/filestore/objets-touristiques/images/205/130/14189261-liste.jpg",
      "urlFiche" : "https://static.apidae-tourisme.com/filestore/objets-touristiques/images/205/130/14189261-fiche.jpg",
      "urlDiaporama" : "https://static.apidae-tourisme.com/filestore/objets-touristiques/images/205/130/14189261-diaporama.jpg",
      "extension" : "jpg",
      "fileName" : "IMG_0733",
      "taille" : 2554838,
      "hauteur" : 4032,
      "largeur" : 3024,
      "lastModifiedDate" : "2022-09-01T15:50:13.066+0000"
    } ],
    "locked" : false
  }, {
    "identifiant" : 13923688,
    "link" : false,
    "type" : "IMAGE",
    "copyright" : {
      "libelleFr" : "2DG"
    },
    "traductionFichiers" : [ {
      "locale" : "fr",
      "url" : "https://static.apidae-tourisme.com/filestore/objets-touristiques/images/211/130/14189267.jpg",
      "urlListe" : "https://static.apidae-tourisme.com/filestore/objets-touristiques/images/211/130/14189267-liste.jpg",
      "urlFiche" : "https://static.apidae-tourisme.com/filestore/objets-touristiques/images/211/130/14189267-fiche.jpg",
      "urlDiaporama" : "https://static.apidae-tourisme.com/filestore/objets-touristiques/images/211/130/14189267-diaporama.jpg",
      "extension" : "jpg",
      "fileName" : "IMG_0755",
      "taille" : 3226260,
      "hauteur" : 4032,
      "largeur" : 3024,
      "lastModifiedDate" : "2022-09-01T15:50:07.966+0000"
    } ],
    "locked" : false
  }, {
    "identifiant" : 13923699,
    "link" : false,
    "type" : "IMAGE",
    "copyright" : {
      "libelleFr" : "2DG"
    },
    "traductionFichiers" : [ {
      "locale" : "fr",
      "url" : "https://static.apidae-tourisme.com/filestore/objets-touristiques/images/222/130/14189278.jpg",
      "urlListe" : "https://static.apidae-tourisme.com/filestore/objets-touristiques/images/222/130/14189278-liste.jpg",
      "urlFiche" : "https://static.apidae-tourisme.com/filestore/objets-touristiques/images/222/130/14189278-fiche.jpg",
      "urlDiaporama" : "https://static.apidae-tourisme.com/filestore/objets-touristiques/images/222/130/14189278-diaporama.jpg",
      "extension" : "jpg",
      "fileName" : "IMG_0767",
      "taille" : 2318588,
      "hauteur" : 4032,
      "largeur" : 3024,
      "lastModifiedDate" : "2022-09-01T15:50:09.675+0000"
    } ],
    "locked" : false
  } ],
  "tourismeAffaires" : {
    "tourismeAffairesEnabled" : true,
    "nombreSallesReunionEquipees" : 5,
    "capaciteMaxAccueil" : 100
  },
  "visites" : {
    "languesPanneauInformation" : [ {
      "elementReferenceType" : "Langue",
      "id" : 1197
    } ],
    "visitable" : true
  },
  "territoires" : [ {
    "type" : "TERRITOIRE",
    "id" : 591381
  }, {
    "type" : "TERRITOIRE",
    "id" : 591419
  }, {
    "type" : "TERRITOIRE",
    "id" : 5127066
  }, {
    "type" : "TERRITOIRE",
    "id" : 5427370
  }, {
    "type" : "TERRITOIRE",
    "id" : 5427637
  }, {
    "type" : "TERRITOIRE",
    "id" : 5693743
  }, {
    "type" : "TERRITOIRE",
    "id" : 5693911
  }, {
    "type" : "TERRITOIRE",
    "id" : 5853958
  } ],
  "datesOuverture" : [ "2022-11-29", "2022-11-30", "2022-12-01", "2022-12-02", "2022-12-03", "2022-12-04", "2022-12-06", "2022-12-07", "2022-12-08", "2022-12-09", "2022-12-10", "2022-12-11", "2022-12-13", "2022-12-14", "2022-12-15", "2022-12-16", "2022-12-17", "2022-12-18", "2022-12-20", "2022-12-21", "2022-12-22", "2022-12-23", "2022-12-24", "2022-12-25", "2022-12-27", "2022-12-28", "2022-12-29", "2022-12-30", "2022-12-31" ],
  "informationsPatrimoineCulturel" : {
    "patrimoineCulturelType" : {
      "elementReferenceType" : "PatrimoineCulturelType",
      "id" : 3201
    },
    "themes" : [ {
      "elementReferenceType" : "PatrimoineCulturelTheme",
      "id" : 3399
    } ],
    "categories" : [ {
      "elementReferenceType" : "PatrimoineCulturelCategorie",
      "id" : 3226
    } ]
  },
  "formatVersion" : "v002",
  "expiration" : {
    "dateExpiration" : "2022-12-31T00:00:00.000+0000"
  },
  "informationsPrestataireActivites" : {
    "prestataireActivites" : true
  },
  "enquete" : { },
  "donneesPrivees" : [ {
    "nomTechnique" : "1947_Id_patio",
    "libelleFr" : "Id_Patio",
    "ordre" : 1,
    "descriptif" : {
      "libelleFr" : "13T2000355"
    }
  }, {
    "nomTechnique" : "1947_Source_patio",
    "libelleFr" : "Source_Patio",
    "ordre" : 2,
    "descriptif" : {
      "libelleFr" : "OT Pays d'Aubagne"
    }
  }, {
    "nomTechnique" : "1947_Url_patio",
    "libelleFr" : "URL_Patio",
    "ordre" : 3,
    "descriptif" : {
      "libelleFr" : "http://www.tourisme-paysdaubagne.fr/fr"
    }
  } ],
  "metadonnees" : [ {
    "noeudId" : "fairguest",
    "contenus" : [ {
      "cible" : "general",
      "metadonnee" : {
        "note" : 9.4,
        "label" : "Excellent",
        "couleur" : "#277712",
        "nombreAvis" : 275,
        "dateMaj" : 1667919401018
      }
    } ]
  } ]
}