{
  "type" : "PATRIMOINE_CULTUREL",
  "id" : 5539453,
  "nom" : {
    "libelleFr" : "Chapelle Saint-Blaise",
    "libelleEn" : "Chapelle Saint Blaise",
    "libelleEs" : "Chapelle Saint Blaise",
    "libelleIt" : "Chapelle Saint Blaise",
    "libelleDe" : "Chapelle Saint Blaise",
    "libelleNl" : "Chapelle Saint Blaise"
  },
  "identifier" : "SITRA2_PCU_5539453",
  "state" : "PUBLISHED",
  "gestion" : {
    "dateCreation" : "2020-05-27T15:10:35.896+0000",
    "dateModification" : "2021-07-05T09:47:51.964+0000",
    "dateExportModification" : "2022-07-27T13:30:54.351+0000",
    "membreProprietaire" : {
      "type" : {
        "elementReferenceType" : "MembreSitraType",
        "id" : 233
      },
      "nom" : "Office de Tourisme des Baux de Provence",
      "dateCreation" : "2020-09-25T06:26:38.958+0000",
      "dateModification" : "2022-10-24T08:49:44.523+0000",
      "id" : 2087,
      "siteWeb" : "http://www.lesbauxdeprovence.com"
    },
    "signalerUnProblemeMails" : [ "bernadettebrummelhuis@lesbauxdeprovence.com" ]
  },
  "informations" : {
    "moyensCommunication" : [ {
      "identifiant" : 79674796,
      "type" : {
        "elementReferenceType" : "MoyenCommunicationType",
        "id" : 201
      },
      "coordonnees" : {
        "fr" : "04 90 49 20 02"
      }
    }, {
      "identifiant" : 79674797,
      "type" : {
        "elementReferenceType" : "MoyenCommunicationType",
        "id" : 204
      },
      "coordonnees" : {
        "fr" : "message@chateau-baux-provence.com"
      }
    }, {
      "identifiant" : 79674798,
      "type" : {
        "elementReferenceType" : "MoyenCommunicationType",
        "id" : 205
      },
      "coordonnees" : {
        "fr" : "http://www.chateau-baux-provence.com"
      }
    } ],
    "informationsLegales" : { },
    "structureGestion" : {
      "type" : "STRUCTURE",
      "id" : 5224975
    }
  },
  "presentation" : {
    "descriptifCourt" : {
      "libelleFr" : "L'ancienne chapelle romane Saint-Blaise présente une architecture caractéristique de la sobriété et de la simplicité des édifices religieux romans en Provence au Moyen Âge."
    },
    "descriptifDetaille" : {
      "libelleFr" : "L'ancienne chapelle romane Saint-Blaise, élevée par la corporation des tisserands et des cardeurs en l'honneur de leur patron, date du XIIème siècle. Elle devient, au XVIIIème siècle, siège de leur confrérie. Construite en pierre de taille, elle dispose d'une nef centrale unique. La porte d'entrée en plein cintre est surmontée d'un oculus, petite ouverture ronde qui permet une entrée de lumière (symbole religieux). Sur le haut de la chapelle, un clocheton a été restauré dont la cloche, qui sert encore aujourd'hui, a été baptisée par Madame Claude Pompidou. L'architecture de cette chapelle est caractéristique de la sobriété et de la simplicité des édifices religieux romans en Provence au Moyen Âge.",
      "libelleEn" : "The old Romanesque chapel of Saint Blaise, erected by the weavers' and carders' association in honour of their patron saint, dates back to the 12th century. It became the seat of their Brotherhood in the 18th century. The Chapel was built of dressed stone and has a single central nave. The semi-circular entrance door is surmounted by an oculus, a small round opening that allows light to enter (religious symbol). On top of the chapel is a restored bell-turret whose bell, still used today, was baptised by Mme Claude Pompidou. The architecture of this chapel is characteristic of the sobriety and simplicity of Romanesque religious buildings in Provence in the Middle Ages.",
      "libelleEs" : "La antigua capilla románica de Saint-Blaise, levantada por la corporación de los tejedores y de los cardadores en honor de su patrón, data del siglo XII. Se convirtió, en el siglo XVIII, en la sede de su cofradía. Construida con piedra de sillería, dispone de una nave central única. La puerta de entrada en plena cimbra está coronada con un óculo, pequeña abertura redonda que permite una entrada de luz (símbolo religioso). En la parte superior de la capilla, se ha restaurado un pequeño campanario cuya campana, que aún sirve, fue bautizada por Madame Claude Pompidou. La arquitectura de esta capilla es característica por la sobriedad y la simplicidad de los edificios religiosos románicos en Provenza en la Edad Media.",
      "libelleIt" : "L’antica cappella romanica di Saint-Blaise, eretta dalla corporazione dei tessitori e dei cardatori in onore del loro patrono, risale al XII secolo. Diventa, nel XVIII secolo, sede della loro confraternita. Costruita in pietra da taglio, dispone di una navata centrale unica. La porta di ingresso con arco a tutto sesto è sormontata da un oculus, piccola apertura rotonda che consente l'ingresso della luce (simbolo religioso). Sulla parte superiore della cappella, è stata restaurata una guglietta la cui campana, che serve ancor 'oggi, è stata battezzata da Madame Claude Pompidou. L’architettura di questa cappella è caratteristica della sobrietà e della semplicità degli edifici religiosi romanici in Provenza nel Medioevo.",
      "libelleDe" : "Die frühere romanische Kapelle Saint-Blaise, von der Innung der Weber und Wollkämmer zu Ehren ihres Schutzpatrons errichtet, stammt aus dem 12. Jhd. Sie wird im 18. Jhd. Sitz ihrer Bruderschaft. Die Kapelle ist aus Naturwerkstein erbaut und besitzt ein einzigartiges Mittelschiff. Über dem Eingangsportal mit Rundbogen befindet sich ein Okulus. Durch die kleine runde Öffnung fällt das das Licht hinein (ein religiöses Symbol). Auf dem Dach der Kapelle wurde ein Dachreiter restauriert, dessen Glocke, die heute noch läutet, von Madame Claude Pompidou getauft wurde. Die Architektur dieser Kapelle zeichnet sich durch die charakteristische Schlichtheit und Einfachheit der romanischen Kirchengebäude in der Provence im Mittelalter aus."
    }
  },
  "localisation" : {
    "adresse" : {
      "codePostal" : "13520",
      "bureauDistribution" : "LES BAUX DE PROVENCE",
      "commune" : {
        "id" : 4422
      }
    },
    "geolocalisation" : {
      "valide" : true,
      "geoJson" : {
        "type" : "Point",
        "coordinates" : [ 4.794609, 43.742899 ]
      }
    },
    "perimetreGeographique" : [ {
      "id" : 4422
    } ]
  },
  "liens" : { },
  "prestations" : {
    "animauxAcceptes" : "NON_DISPONIBLE",
    "animauxAcceptesSupplement" : "NON_DISPONIBLE",
    "complementAccueil" : {
      "libelleFr" : "Parking public(A l'entrée du village des Baux de Provence.)",
      "libelleEn" : "Accessible for disabled",
      "libelleIt" : "Accessibile ai disabili",
      "libelleDe" : "Zugänglich für Behinderte",
      "libelleNl" : "Toegankelijk voor mensen met een handicap"
    }
  },
  "ouverture" : {
    "periodeEnClair" : {
      "libelleFr" : "Du 01/01 au 28/02, tous les jours de 10h à 17h.\n\nDu 01/03 au 31/03, tous les jours de 9h30 à 18h30.\n\nDu 01/04 au 30/06, tous les jours de 9h à 19h.\n\nDu 01/07 au 31/08, tous les jours de 9h à 19h30.\n\nDu 01/09 au 30/09, tous les jours de 9h à 19h.\n\nDu 01/10 au 31/10, tous les jours de 9h30 à 18h30.\n\nDu 01/11 au 31/12, tous les jours de 10h à 17h.",
      "libelleEn" : "From 01/01 to 28/02, daily between 10 am and 5 pm.\n\nFrom 01/03 to 31/03, daily between 9.30 am and 6.30 pm.\n\nFrom 01/04 to 30/06, daily between 9 am and 7 pm.\n\nFrom 01/07 to 31/08, daily between 9 am and 7.30 pm.\n\nFrom 01/09 to 30/09, daily between 9 am and 7 pm.\n\nFrom 01/10 to 31/10, daily between 9.30 am and 6.30 pm.\n\nFrom 01/11 to 31/12, daily between 10 am and 5 pm.",
      "libelleEs" : "Del 01/01 al 28/02, todos los dias de 10 a 17.\n\nDel 01/03 al 31/03, todos los dias de 9:30 a 18:30.\n\nDel 01/04 al 30/06, todos los dias de 9 a 19.\n\nDel 01/07 al 31/08, todos los dias de 9 a 19:30.\n\nDel 01/09 al 30/09, todos los dias de 9 a 19.\n\nDel 01/10 al 31/10, todos los dias de 9:30 a 18:30.\n\nDel 01/11 al 31/12, todos los dias de 10 a 17.",
      "libelleIt" : "Dal 01/01 al 28/02, ogni giorno dalle 10 alle 17.\n\nDal 01/03 al 31/03, ogni giorno dalle 9:30 alle 18:30.\n\nDal 01/04 al 30/06, ogni giorno dalle 9 alle 19.\n\nDal 01/07 al 31/08, ogni giorno dalle 9 alle 19:30.\n\nDal 01/09 al 30/09, ogni giorno dalle 9 alle 19.\n\nDal 01/10 al 31/10, ogni giorno dalle 9:30 alle 18:30.\n\nDal 01/11 al 31/12, ogni giorno dalle 10 alle 17.",
      "libelleDe" : "Vom 01/01 bis 28/02, täglich von 10 Uhr bis 17 Uhr.\n\nVom 01/03 bis 31/03, täglich von 9.30 Uhr bis 18.30 Uhr.\n\nVom 01/04 bis 30/06, täglich von 9 Uhr bis 19 Uhr.\n\nVom 01/07 bis 31/08, täglich von 9 Uhr bis 19.30 Uhr.\n\nVom 01/09 bis 30/09, täglich von 9 Uhr bis 19 Uhr.\n\nVom 01/10 bis 31/10, täglich von 9.30 Uhr bis 18.30 Uhr.\n\nVom 01/11 bis 31/12, täglich von 10 Uhr bis 17 Uhr.",
      "libelleNl" : "Van 01/01 tot en met 28/02, iedere dag van 10.00 tot en met 17.00 u.\n\nVan 01/03 tot en met 31/03, iedere dag van 9.30 tot en met 18.30 u.\n\nVan 01/04 tot en met 30/06, iedere dag van 9.00 tot en met 19.00 u.\n\nVan 01/07 tot en met 31/08, iedere dag van 9.00 tot en met 19.30 u.\n\nVan 01/09 tot en met 30/09, iedere dag van 9.00 tot en met 19.00 u.\n\nVan 01/10 tot en met 31/10, iedere dag van 9.30 tot en met 18.30 u.\n\nVan 01/11 tot en met 31/12, iedere dag van 10.00 tot en met 17.00 u.",
      "libelleRu" : "С 01/01 до 28/02, ежедневно с 10h до 17h.\n\nС 01/03 до 31/03, ежедневно с 9h30 до 18h30.\n\nС 01/04 до 30/06, ежедневно с 9h до 19h.\n\nС 01/07 до 31/08, ежедневно с 9h до 19h30.\n\nС 01/09 до 30/09, ежедневно с 9h до 19h.\n\nС 01/10 до 31/10, ежедневно с 9h30 до 18h30.\n\nС 01/11 до 31/12, ежедневно с 10h до 17h.",
      "libelleZh" : "从 1月1日 到 2月28日, 日常 小时小时 和 小时小时 之间.\n\n从 3月1日 到 3月31日, 日常 小时小时分钟  和 小时小时分钟  之间.\n\n从 4月1日 到 6月30日, 日常 小时小时 和 小时小时 之间.\n\n从 7月1日 到 8月31日, 日常 小时小时 和 小时小时分钟  之间.\n\n从 9月1日 到 9月30日, 日常 小时小时 和 小时小时 之间.\n\n从 10月1日 到 10月31日, 日常 小时小时分钟  和 小时小时分钟  之间.\n\n从 11月1日 到 12月31日, 日常 小时小时 和 小时小时 之间.",
      "libellePtBR" : "De 01/01 a 28/02, todos os dias de 10h a  17h.\n\nDe 01/03 a 31/03, todos os dias de 9h30 a  18h30.\n\nDe 01/04 a 30/06, todos os dias de 9h a  19h.\n\nDe 01/07 a 31/08, todos os dias de 9h a  19h30.\n\nDe 01/09 a 30/09, todos os dias de 9h a  19h.\n\nDe 01/10 a 31/10, todos os dias de 9h30 a  18h30.\n\nDe 01/11 a 31/12, todos os dias de 10h a  17h.",
      "libelleJa" : "01/01 から 28/02 まで, 毎日 10 午前 と 5 午後 の間.\n\n01/03 から 31/03 まで, 毎日 9.30 午前 と 6.30 午後 の間.\n\n01/04 から 30/06 まで, 毎日 9 午前 と 7 午後 の間.\n\n01/07 から 31/08 まで, 毎日 9 午前 と 7.30 午後 の間.\n\n01/09 から 30/09 まで, 毎日 9 午前 と 7 午後 の間.\n\n01/10 から 31/10 まで, 毎日 9.30 午前 と 6.30 午後 の間.\n\n01/11 から 31/12 まで, 毎日 10 午前 と 5 午後 の間."
    },
    "periodeEnClairGenerationMode" : "AUTOMATIQUE",
    "indicationsPeriode" : [ {
      "elementReferenceType" : "IndicationPeriode",
      "id" : 416
    }, {
      "elementReferenceType" : "IndicationPeriode",
      "id" : 418
    }, {
      "elementReferenceType" : "IndicationPeriode",
      "id" : 435
    }, {
      "elementReferenceType" : "IndicationPeriode",
      "id" : 436
    } ],
    "periodesOuvertures" : [ {
      "identifiant" : 21145365,
      "dateDebut" : "2022-01-01",
      "dateFin" : "2022-02-28",
      "horaireOuverture" : "10:00:00",
      "horaireFermeture" : "17:00:00",
      "type" : "OUVERTURE_TOUS_LES_JOURS",
      "tousLesAns" : true,
      "identifiantTechnique" : 21145365
    }, {
      "identifiant" : 21145390,
      "dateDebut" : "2022-03-01",
      "dateFin" : "2022-03-31",
      "horaireOuverture" : "09:30:00",
      "horaireFermeture" : "18:30:00",
      "type" : "OUVERTURE_TOUS_LES_JOURS",
      "tousLesAns" : true,
      "identifiantTechnique" : 21145390
    }, {
      "identifiant" : 21145408,
      "dateDebut" : "2022-04-01",
      "dateFin" : "2022-06-30",
      "horaireOuverture" : "09:00:00",
      "horaireFermeture" : "19:00:00",
      "type" : "OUVERTURE_TOUS_LES_JOURS",
      "tousLesAns" : true,
      "identifiantTechnique" : 21145408
    }, {
      "identifiant" : 21145417,
      "dateDebut" : "2021-07-01",
      "dateFin" : "2021-08-31",
      "horaireOuverture" : "09:00:00",
      "horaireFermeture" : "19:30:00",
      "type" : "OUVERTURE_TOUS_LES_JOURS",
      "tousLesAns" : true,
      "identifiantTechnique" : 21145417
    }, {
      "identifiant" : 21145425,
      "dateDebut" : "2021-09-01",
      "dateFin" : "2021-09-30",
      "horaireOuverture" : "09:00:00",
      "horaireFermeture" : "19:00:00",
      "type" : "OUVERTURE_TOUS_LES_JOURS",
      "tousLesAns" : true,
      "identifiantTechnique" : 21145425
    }, {
      "identifiant" : 21145432,
      "dateDebut" : "2021-10-01",
      "dateFin" : "2021-10-31",
      "horaireOuverture" : "09:30:00",
      "horaireFermeture" : "18:30:00",
      "type" : "OUVERTURE_TOUS_LES_JOURS",
      "tousLesAns" : true,
      "identifiantTechnique" : 21145432
    }, {
      "identifiant" : 21145437,
      "dateDebut" : "2021-11-01",
      "dateFin" : "2021-12-31",
      "horaireOuverture" : "10:00:00",
      "horaireFermeture" : "17:00:00",
      "type" : "OUVERTURE_TOUS_LES_JOURS",
      "tousLesAns" : true,
      "identifiantTechnique" : 21145437
    } ]
  },
  "descriptionTarif" : {
    "indicationTarif" : "GRATUIT",
    "gratuit" : true,
    "tarifsEnClair" : {
      "libelleFr" : "Gratuit.",
      "libelleEn" : "Free of charge.",
      "libelleEs" : "Gratis.",
      "libelleIt" : "Gratuito.",
      "libelleDe" : "Kostenlos.",
      "libelleNl" : "Gratis.",
      "libelleRu" : "Бесплатно.",
      "libelleZh" : "免费.",
      "libellePtBR" : "Gratuito.",
      "libelleJa" : "無料."
    },
    "tarifsEnClairGenerationMode" : "AUTOMATIQUE",
    "devise" : "EUR",
    "conditions" : { }
  },
  "reservation" : { },
  "criteresInternes" : [ {
    "id" : 16775
  }, {
    "id" : 16902
  } ],
  "illustrations" : [ {
    "identifiant" : 10240206,
    "link" : false,
    "type" : "IMAGE",
    "nom" : {
      "libelleFr" : "Chapelle Saint-Blaise"
    },
    "legende" : {
      "libelleFr" : "Chapelle Saint-Blaise"
    },
    "copyright" : {
      "libelleFr" : "Office de tourisme des Baux-de-Provence"
    },
    "traductionFichiers" : [ {
      "locale" : "fr",
      "url" : "https://static.apidae-tourisme.com/filestore/objets-touristiques/images/184/223/10018744.jpg",
      "urlListe" : "https://static.apidae-tourisme.com/filestore/objets-touristiques/images/184/223/10018744-liste.jpg",
      "urlFiche" : "https://static.apidae-tourisme.com/filestore/objets-touristiques/images/184/223/10018744-fiche.jpg",
      "urlDiaporama" : "https://static.apidae-tourisme.com/filestore/objets-touristiques/images/184/223/10018744-diaporama.jpg",
      "extension" : "jpg",
      "fileName" : "chapelle saint blaise ",
      "taille" : 810111,
      "hauteur" : 1200,
      "largeur" : 1600,
      "lastModifiedDate" : "2021-07-05T09:47:52.000+0000"
    } ],
    "locked" : false
  } ],
  "visites" : {
    "visitable" : true,
    "prestationsVisitesIndividuelles" : [ {
      "elementReferenceType" : "PrestationVisiteIndividuelle",
      "id" : 480
    } ],
    "prestationsVisitesGroupees" : [ {
      "elementReferenceType" : "PrestationVisiteGroupee",
      "id" : 488
    } ]
  },
  "territoires" : [ {
    "type" : "TERRITOIRE",
    "id" : 392
  }, {
    "type" : "TERRITOIRE",
    "id" : 591381
  }, {
    "type" : "TERRITOIRE",
    "id" : 591419
  }, {
    "type" : "TERRITOIRE",
    "id" : 658199
  }, {
    "type" : "TERRITOIRE",
    "id" : 4819487
  }, {
    "type" : "TERRITOIRE",
    "id" : 4881511
  }, {
    "type" : "TERRITOIRE",
    "id" : 5127066
  }, {
    "type" : "TERRITOIRE",
    "id" : 5447176
  }, {
    "type" : "TERRITOIRE",
    "id" : 5447185
  } ],
  "datesOuverture" : [ "2023-01-01", "2023-01-02", "2023-01-03", "2023-01-04", "2023-01-05", "2023-01-06", "2023-01-07", "2023-01-08", "2023-01-09", "2023-01-10", "2023-01-11", "2023-01-12", "2023-01-13", "2023-01-14", "2023-01-15", "2023-01-16", "2023-01-17", "2023-01-18", "2023-01-19", "2023-01-20", "2023-01-21", "2023-01-22", "2023-01-23", "2023-01-24", "2023-01-25", "2023-01-26", "2023-01-27", "2023-01-28", "2023-01-29", "2023-01-30", "2023-01-31", "2023-02-01", "2023-02-02", "2023-02-03", "2023-02-04", "2023-02-05", "2023-02-06", "2023-02-07", "2023-02-08", "2023-02-09", "2023-02-10", "2023-02-11", "2023-02-12", "2023-02-13", "2023-02-14", "2023-02-15", "2023-02-16", "2023-02-17", "2023-02-18", "2023-02-19", "2023-02-20", "2023-02-21", "2023-02-22", "2023-02-23", "2023-02-24", "2023-02-25", "2023-02-26", "2023-02-27", "2023-02-28", "2024-01-01", "2024-01-02", "2024-01-03", "2024-01-04", "2024-01-05", "2024-01-06", "2024-01-07", "2024-01-08", "2024-01-09", "2024-01-10", "2024-01-11", "2024-01-12", "2024-01-13", "2024-01-14", "2024-01-15", "2024-01-16", "2024-01-17", "2024-01-18", "2024-01-19", "2024-01-20", "2024-01-21", "2024-01-22", "2024-01-23", "2024-01-24", "2024-01-25", "2024-01-26", "2024-01-27", "2024-01-28", "2024-01-29", "2024-01-30", "2024-01-31", "2024-02-01", "2024-02-02", "2024-02-03", "2024-02-04", "2024-02-05", "2024-02-06", "2024-02-07", "2024-02-08", "2024-02-09", "2024-02-10", "2024-02-11", "2024-02-12", "2024-02-13", "2024-02-14", "2024-02-15", "2024-02-16", "2024-02-17", "2024-02-18", "2024-02-19", "2024-02-20", "2024-02-21", "2024-02-22", "2024-02-23", "2024-02-24", "2024-02-25", "2024-02-26", "2024-02-27", "2024-02-28", "2023-03-01", "2023-03-02", "2023-03-03", "2023-03-04", "2023-03-05", "2023-03-06", "2023-03-07", "2023-03-08", "2023-03-09", "2023-03-10", "2023-03-11", "2023-03-12", "2023-03-13", "2023-03-14", "2023-03-15", "2023-03-16", "2023-03-17", "2023-03-18", "2023-03-19", "2023-03-20", "2023-03-21", "2023-03-22", "2023-03-23", "2023-03-24", "2023-03-25", "2023-03-26", "2023-03-27", "2023-03-28", "2023-03-29", "2023-03-30", "2023-03-31", "2024-03-01", "2024-03-02", "2024-03-03", "2024-03-04", "2024-03-05", "2024-03-06", "2024-03-07", "2024-03-08", "2024-03-09", "2024-03-10", "2024-03-11", "2024-03-12", "2024-03-13", "2024-03-14", "2024-03-15", "2024-03-16", "2024-03-17", "2024-03-18", "2024-03-19", "2024-03-20", "2024-03-21", "2024-03-22", "2024-03-23", "2024-03-24", "2024-03-25", "2024-03-26", "2024-03-27", "2024-03-28", "2024-03-29", "2024-03-30", "2024-03-31", "2023-04-01", "2023-04-02", "2023-04-03", "2023-04-04", "2023-04-05", "2023-04-06", "2023-04-07", "2023-04-08", "2023-04-09", "2023-04-10", "2023-04-11", "2023-04-12", "2023-04-13", "2023-04-14", "2023-04-15", "2023-04-16", "2023-04-17", "2023-04-18", "2023-04-19", "2023-04-20", "2023-04-21", "2023-04-22", "2023-04-23", "2023-04-24", "2023-04-25", "2023-04-26", "2023-04-27", "2023-04-28", "2023-04-29", "2023-04-30", "2023-05-01", "2023-05-02", "2023-05-03", "2023-05-04", "2023-05-05", "2023-05-06", "2023-05-07", "2023-05-08", "2023-05-09", "2023-05-10", "2023-05-11", "2023-05-12", "2023-05-13", "2023-05-14", "2023-05-15", "2023-05-16", "2023-05-17", "2023-05-18", "2023-05-19", "2023-05-20", "2023-05-21", "2023-05-22", "2023-05-23", "2023-05-24", "2023-05-25", "2023-05-26", "2023-05-27", "2023-05-28", "2023-05-29", "2023-05-30", "2023-05-31", "2023-06-01", "2023-06-02", "2023-06-03", "2023-06-04", "2023-06-05", "2023-06-06", "2023-06-07", "2023-06-08", "2023-06-09", "2023-06-10", "2023-06-11", "2023-06-12", "2023-06-13", "2023-06-14", "2023-06-15", "2023-06-16", "2023-06-17", "2023-06-18", "2023-06-19", "2023-06-20", "2023-06-21", "2023-06-22", "2023-06-23", "2023-06-24", "2023-06-25", "2023-06-26", "2023-06-27", "2023-06-28", "2023-06-29", "2023-06-30", "2024-04-01", "2024-04-02", "2024-04-03", "2024-04-04", "2024-04-05", "2024-04-06", "2024-04-07", "2024-04-08", "2024-04-09", "2024-04-10", "2024-04-11", "2024-04-12", "2024-04-13", "2024-04-14", "2024-04-15", "2024-04-16", "2024-04-17", "2024-04-18", "2024-04-19", "2024-04-20", "2024-04-21", "2024-04-22", "2024-04-23", "2024-04-24", "2024-04-25", "2024-04-26", "2024-04-27", "2024-04-28", "2024-04-29", "2024-04-30", "2024-05-01", "2024-05-02", "2024-05-03", "2024-05-04", "2024-05-05", "2024-05-06", "2024-05-07", "2024-05-08", "2024-05-09", "2024-05-10", "2024-05-11", "2024-05-12", "2024-05-13", "2024-05-14", "2024-05-15", "2024-05-16", "2024-05-17", "2024-05-18", "2024-05-19", "2024-05-20", "2024-05-21", "2024-05-22", "2024-05-23", "2024-05-24", "2024-05-25", "2024-05-26", "2024-05-27", "2024-05-28", "2024-05-29", "2024-05-30", "2024-05-31", "2024-06-01", "2024-06-02", "2024-06-03", "2024-06-04", "2024-06-05", "2024-06-06", "2024-06-07", "2024-06-08", "2024-06-09", "2024-06-10", "2024-06-11", "2024-06-12", "2024-06-13", "2024-06-14", "2024-06-15", "2024-06-16", "2024-06-17", "2024-06-18", "2024-06-19", "2024-06-20", "2024-06-21", "2024-06-22", "2024-06-23", "2024-06-24", "2024-06-25", "2024-06-26", "2024-06-27", "2024-06-28", "2024-06-29", "2024-06-30", "2023-07-01", "2023-07-02", "2023-07-03", "2023-07-04", "2023-07-05", "2023-07-06", "2023-07-07", "2023-07-08", "2023-07-09", "2023-07-10", "2023-07-11", "2023-07-12", "2023-07-13", "2023-07-14", "2023-07-15", "2023-07-16", "2023-07-17", "2023-07-18", "2023-07-19", "2023-07-20", "2023-07-21", "2023-07-22", "2023-07-23", "2023-07-24", "2023-07-25", "2023-07-26", "2023-07-27", "2023-07-28", "2023-07-29", "2023-07-30", "2023-07-31", "2023-08-01", "2023-08-02", "2023-08-03", "2023-08-04", "2023-08-05", "2023-08-06", "2023-08-07", "2023-08-08", "2023-08-09", "2023-08-10", "2023-08-11", "2023-08-12", "2023-08-13", "2023-08-14", "2023-08-15", "2023-08-16", "2023-08-17", "2023-08-18", "2023-08-19", "2023-08-20", "2023-08-21", "2023-08-22", "2023-08-23", "2023-08-24", "2023-08-25", "2023-08-26", "2023-08-27", "2023-08-28", "2023-08-29", "2023-08-30", "2023-08-31", "2024-07-01", "2024-07-02", "2024-07-03", "2024-07-04", "2024-07-05", "2024-07-06", "2024-07-07", "2024-07-08", "2024-07-09", "2024-07-10", "2024-07-11", "2024-07-12", "2024-07-13", "2024-07-14", "2024-07-15", "2024-07-16", "2024-07-17", "2024-07-18", "2024-07-19", "2024-07-20", "2024-07-21", "2024-07-22", "2024-07-23", "2024-07-24", "2024-07-25", "2024-07-26", "2024-07-27", "2024-07-28", "2024-07-29", "2024-07-30", "2024-07-31", "2024-08-01", "2024-08-02", "2024-08-03", "2024-08-04", "2024-08-05", "2024-08-06", "2024-08-07", "2024-08-08", "2024-08-09", "2024-08-10", "2024-08-11", "2024-08-12", "2024-08-13", "2024-08-14", "2024-08-15", "2024-08-16", "2024-08-17", "2024-08-18", "2024-08-19", "2024-08-20", "2024-08-21", "2024-08-22", "2024-08-23", "2024-08-24", "2024-08-25", "2024-08-26", "2024-08-27", "2024-08-28", "2024-08-29", "2024-08-30", "2024-08-31", "2023-09-01", "2023-09-02", "2023-09-03", "2023-09-04", "2023-09-05", "2023-09-06", "2023-09-07", "2023-09-08", "2023-09-09", "2023-09-10", "2023-09-11", "2023-09-12", "2023-09-13", "2023-09-14", "2023-09-15", "2023-09-16", "2023-09-17", "2023-09-18", "2023-09-19", "2023-09-20", "2023-09-21", "2023-09-22", "2023-09-23", "2023-09-24", "2023-09-25", "2023-09-26", "2023-09-27", "2023-09-28", "2023-09-29", "2023-09-30", "2024-09-01", "2024-09-02", "2024-09-03", "2024-09-04", "2024-09-05", "2024-09-06", "2024-09-07", "2024-09-08", "2024-09-09", "2024-09-10", "2024-09-11", "2024-09-12", "2024-09-13", "2024-09-14", "2024-09-15", "2024-09-16", "2024-09-17", "2024-09-18", "2024-09-19", "2024-09-20", "2024-09-21", "2024-09-22", "2024-09-23", "2024-09-24", "2024-09-25", "2024-09-26", "2024-09-27", "2024-09-28", "2024-09-29", "2024-09-30", "2022-10-28", "2022-10-29", "2022-10-30", "2022-10-31", "2023-10-01", "2023-10-02", "2023-10-03", "2023-10-04", "2023-10-05", "2023-10-06", "2023-10-07", "2023-10-08", "2023-10-09", "2023-10-10", "2023-10-11", "2023-10-12", "2023-10-13", "2023-10-14", "2023-10-15", "2023-10-16", "2023-10-17", "2023-10-18", "2023-10-19", "2023-10-20", "2023-10-21", "2023-10-22", "2023-10-23", "2023-10-24", "2023-10-25", "2023-10-26", "2023-10-27", "2023-10-28", "2023-10-29", "2023-10-30", "2023-10-31", "2024-10-01", "2024-10-02", "2024-10-03", "2024-10-04", "2024-10-05", "2024-10-06", "2024-10-07", "2024-10-08", "2024-10-09", "2024-10-10", "2024-10-11", "2024-10-12", "2024-10-13", "2024-10-14", "2024-10-15", "2024-10-16", "2024-10-17", "2024-10-18", "2024-10-19", "2024-10-20", "2024-10-21", "2024-10-22", "2024-10-23", "2024-10-24", "2024-10-25", "2024-10-26", "2024-10-27", "2022-11-01", "2022-11-02", "2022-11-03", "2022-11-04", "2022-11-05", "2022-11-06", "2022-11-07", "2022-11-08", "2022-11-09", "2022-11-10", "2022-11-11", "2022-11-12", "2022-11-13", "2022-11-14", "2022-11-15", "2022-11-16", "2022-11-17", "2022-11-18", "2022-11-19", "2022-11-20", "2022-11-21", "2022-11-22", "2022-11-23", "2022-11-24", "2022-11-25", "2022-11-26", "2022-11-27", "2022-11-28", "2022-11-29", "2022-11-30", "2022-12-01", "2022-12-02", "2022-12-03", "2022-12-04", "2022-12-05", "2022-12-06", "2022-12-07", "2022-12-08", "2022-12-09", "2022-12-10", "2022-12-11", "2022-12-12", "2022-12-13", "2022-12-14", "2022-12-15", "2022-12-16", "2022-12-17", "2022-12-18", "2022-12-19", "2022-12-20", "2022-12-21", "2022-12-22", "2022-12-23", "2022-12-24", "2022-12-25", "2022-12-26", "2022-12-27", "2022-12-28", "2022-12-29", "2022-12-30", "2022-12-31", "2023-11-01", "2023-11-02", "2023-11-03", "2023-11-04", "2023-11-05", "2023-11-06", "2023-11-07", "2023-11-08", "2023-11-09", "2023-11-10", "2023-11-11", "2023-11-12", "2023-11-13", "2023-11-14", "2023-11-15", "2023-11-16", "2023-11-17", "2023-11-18", "2023-11-19", "2023-11-20", "2023-11-21", "2023-11-22", "2023-11-23", "2023-11-24", "2023-11-25", "2023-11-26", "2023-11-27", "2023-11-28", "2023-11-29", "2023-11-30", "2023-12-01", "2023-12-02", "2023-12-03", "2023-12-04", "2023-12-05", "2023-12-06", "2023-12-07", "2023-12-08", "2023-12-09", "2023-12-10", "2023-12-11", "2023-12-12", "2023-12-13", "2023-12-14", "2023-12-15", "2023-12-16", "2023-12-17", "2023-12-18", "2023-12-19", "2023-12-20", "2023-12-21", "2023-12-22", "2023-12-23", "2023-12-24", "2023-12-25", "2023-12-26", "2023-12-27", "2023-12-28", "2023-12-29", "2023-12-30", "2023-12-31" ],
  "informationsPatrimoineCulturel" : {
    "patrimoineCulturelType" : {
      "elementReferenceType" : "PatrimoineCulturelType",
      "id" : 3203
    },
    "themes" : [ {
      "elementReferenceType" : "PatrimoineCulturelTheme",
      "id" : 3488
    }, {
      "elementReferenceType" : "PatrimoineCulturelTheme",
      "id" : 3530
    } ],
    "categories" : [ {
      "elementReferenceType" : "PatrimoineCulturelCategorie",
      "id" : 3328
    }, {
      "elementReferenceType" : "PatrimoineCulturelCategorie",
      "id" : 3374
    } ]
  },
  "formatVersion" : "v002",
  "expiration" : { },
  "informationsPrestataireActivites" : {
    "prestataireActivites" : false
  },
  "enquete" : { },
  "donneesPrivees" : [ {
    "nomTechnique" : "1947_Id_patio",
    "libelleFr" : "Id_Patio",
    "ordre" : 1,
    "descriptif" : {
      "libelleFr" : "13T2001384"
    }
  }, {
    "nomTechnique" : "1947_Source_patio",
    "libelleFr" : "Source_Patio",
    "ordre" : 2,
    "descriptif" : {
      "libelleFr" : "OT Les Baux de Provence"
    }
  }, {
    "nomTechnique" : "1947_Url_patio",
    "libelleFr" : "URL_Patio",
    "ordre" : 3,
    "descriptif" : {
      "libelleFr" : "http://www.lesbauxdeprovence.com"
    }
  } ],
  "metadonnees" : [ {
    "noeudId" : "fairguest",
    "contenus" : [ {
      "cible" : "general",
      "metadonnee" : {
        "note" : 9.0,
        "label" : "Excellent",
        "couleur" : "#277712",
        "nombreAvis" : 8295,
        "dateMaj" : 1631985291018
      }
    } ]
  } ]
}