{
  "type" : "PATRIMOINE_CULTUREL",
  "id" : 5537881,
  "nom" : {
    "libelleFr" : "La Tour - Panorama de la Friche de la Belle de Mai",
    "libelleEn" : "The Tower - Panorama of the Friche de la Belle de Mai",
    "libelleEs" : "La Torre - Panorama de la Friche de la Belle de Mai",
    "libelleIt" : "Le Panorama",
    "libelleDe" : "La Tour - Panorama der Friche de la Belle de Mai",
    "libelleNl" : "Le Panorama"
  },
  "identifier" : "SITRA2_PCU_5537881",
  "state" : "PUBLISHED",
  "gestion" : {
    "dateCreation" : "2020-05-26T16:56:44.230+0000",
    "dateModification" : "2021-12-07T09:21:06.025+0000",
    "dateExportModification" : "2022-11-06T12:25:30.642+0000",
    "membreProprietaire" : {
      "type" : {
        "elementReferenceType" : "MembreSitraType",
        "id" : 233
      },
      "nom" : "Office Métropolitain de tourisme et des congrès de Marseille",
      "dateCreation" : "2017-02-13T09:29:30.842+0000",
      "dateModification" : "2022-10-24T08:49:48.642+0000",
      "id" : 1490,
      "siteWeb" : "http://www.marseille-tourisme.com"
    },
    "signalerUnProblemeMails" : [ "alegrand@marseille-tourisme.com", "hcochet@marseille-tourisme.com", "jorengo@marseille-tourisme.com", "lchavet@marseille-tourisme.com", "mamadier@marseille-tourisme.com", "sbenimeli@marseille-tourisme.com" ]
  },
  "informations" : {
    "moyensCommunication" : [ {
      "identifiant" : 79627096,
      "type" : {
        "elementReferenceType" : "MoyenCommunicationType",
        "id" : 201
      },
      "coordonnees" : {
        "fr" : "04 95 04 95 04"
      }
    }, {
      "identifiant" : 79627097,
      "type" : {
        "elementReferenceType" : "MoyenCommunicationType",
        "id" : 205
      },
      "coordonnees" : {
        "fr" : "http://www.lafriche.org"
      }
    } ],
    "informationsLegales" : { },
    "structureGestion" : {
      "type" : "STRUCTURE",
      "id" : 5463068
    }
  },
  "presentation" : {
    "descriptifCourt" : {
      "libelleFr" : "L'année 2013 a vu l'inauguration d'un nouvel équipement dédié à la création contemporaine. Le Panorama et plus généralement la réhabilitation de la Friche La Belle de Mai donne un nouvel élan à la place de l'art contemporain sur la ville.",
      "libelleEn" : "The  year  2013 saw the inauguration of  a new  facility dedicated to a  contemporary  creation.The view, more precisely the rehabilitation  of La Friche de la belle de Mai gives a  new  impulse to the  Comtemporary  Art in the city.",
      "libelleEs" : "En 2013 se inauguró una nueva instalación dedicada a la creación contemporánea. El Panorama y, más en general, la rehabilitación de la Friche La Belle de Mai darán un nuevo impulso al lugar del arte contemporáneo en la ciudad.",
      "libelleDe" : "Im Jahr 2013 wurde eine neue Einrichtung eingeweiht, die der zeitgenössischen Kunst gewidmet ist. Das Panorama und generell die Sanierung der Friche La Belle de Mai verleihen dem Stellenwert der zeitgenössischen Kunst in der Stadt einen neuen Impuls."
    },
    "descriptifDetaille" : {
      "libelleFr" : "Un espace inédit d'art contemporain international et prospectif : le Panorama est un projet labellisé Marseille-Provence Capitale Européenne de la Culture et en activité dès 2013. Son architecture, signée Mathieu Poitevin, entremêle de larges plateaux de diffusion réversibles et modulables qui favorisent la conception de formes d'expositions de grandes amplitudes, à des formats intermédiaires propices aux partenariats et aux invitations. Un nouvel espace où l'accessibilité au toit terrasse est pensé comme une véritable place publique, où le rapport à la ville s'offre aussi comme panorama.\r\n\r\nLe Panorama est une imposante salle d'exposition, une boite blanche en surplomb de la cour Jobin, ouvrant sur une large terrasse aux proportions de place publique et offrant un point de vue panoramique sur la cité phocéenne ( 475 m2 et de 150 m2 de surface vitrée , avec 9m de hauteur sous plafond).\r\n\r\nSes programmes s'appuient sur une politique de résidences d'artistes inscrite dans une dynamique de réseaux locaux, nationaux et internationaux et qui offre une autre permanence artistique aux expositions temporaires. Il se propose d'offrir à plusieurs titres le panorama d'une création contemporaine plurielle.",
      "libelleEn" : "A new space for international and prospective contemporary art: the Panorama is a project labeled Marseille-Provence European Capital of Culture and in operation since 2013. Its architecture, designed by Mathieu Poitevin, interweaves large reversible and modular exhibition platforms that encourage the design of large-scale exhibitions, with intermediate formats that are conducive to partnerships and invitations. A new space where the accessibility to the roof terrace is thought as a real public square, where the relationship to the city is also offered as a panorama.\r\n\r\nThe Panorama is an imposing exhibition hall, a white box overlooking the Jobin courtyard, opening onto a large terrace with the proportions of a public square and offering a panoramic view of the city of Marseille (475 m2 and 150 m2 of glass surface, with 9m high ceilings).\r\n\r\nIts programs are based on a policy of artists' residencies that are part of a dynamic of local, national and international networks and that offer another artistic permanence to temporary exhibitions. It aims to offer a panorama of plural contemporary creation in several ways.",
      "libelleEs" : "Un nuevo espacio para el arte contemporáneo internacional y de vanguardia: el Panorama es un proyecto galardonado con la etiqueta de Capital Europea de la Cultura de Marsella-Provenza que funciona desde 2013. Su arquitectura, diseñada por Mathieu Poitevin, combina grandes plataformas expositivas, reversibles y modulares, que favorecen el diseño de exposiciones a gran escala, con formatos intermedios que favorecen las asociaciones y las invitaciones. Un nuevo espacio en el que el acceso a la azotea está concebido como una auténtica plaza pública, en la que la relación con la ciudad se ofrece también como una panorámica.\r\n\r\nEl Panorama es una imponente sala de exposiciones, una caja blanca que da al patio Jobin, que se abre a una gran terraza con las proporciones de una plaza pública y que ofrece una vista panorámica de la ciudad de Marsella (475 m2 y 150 m2 de superficie acristalada, con techos de 9 m de altura).\r\n\r\nSus programas se basan en una política de residencias de artistas dentro de una dinámica de redes locales, nacionales e internacionales y que ofrece otra permanencia artística a las exposiciones temporales. Pretende ofrecer un panorama de la creación contemporánea plural en varios sentidos.",
      "libelleDe" : "Ein neuartiger Raum für internationale und zukunftsorientierte zeitgenössische Kunst: Das Panorama ist ein Projekt, das mit dem Label Marseille-Provence Europäische Kulturhauptstadt ausgezeichnet wurde und seit 2013 in Betrieb ist. Seine Architektur, die von Mathieu Poitevin entworfen wurde, verbindet große, umkehrbare und modulierbare Ausstellungsflächen, die die Konzeption von Ausstellungsformen mit großer Spannweite begünstigen, mit Zwischenformaten, die Partnerschaften und Einladungen begünstigen. Ein neuer Raum, in dem der Zugang zur Dachterrasse wie ein echter öffentlicher Platz gedacht ist, wo sich die Beziehung zur Stadt auch als Panorama anbietet.\r\n\r\nDas Panorama ist ein imposanter Ausstellungsraum, ein weißer Kasten, der den Hof Jobin überragt und sich auf eine große Terrasse öffnet, die wie ein öffentlicher Platz wirkt und einen Panoramablick auf die Stadt Phokéenne bietet (475 m2 und 150 m2 Glasfläche mit einer Deckenhöhe von 9 m).\r\n\r\nSeine Programme stützen sich auf eine Politik der Künstlerresidenzen, die in eine Dynamik lokaler, nationaler und internationaler Netzwerke eingebettet ist und eine weitere künstlerische Permanenz in Form von temporären Ausstellungen bietet. Das Museum soll in vielerlei Hinsicht das Panorama eines vielfältigen zeitgenössischen Kunstschaffens bieten."
    },
    "typologiesPromoSitra" : [ {
      "elementReferenceType" : "TypologiePromoSitra",
      "id" : 6199
    } ]
  },
  "localisation" : {
    "adresse" : {
      "adresse1" : "Friche de la Belle de Mai",
      "adresse2" : "41 Rue Jobin",
      "codePostal" : "13003",
      "bureauDistribution" : "MARSEILLE",
      "commune" : {
        "id" : 4533
      }
    },
    "geolocalisation" : {
      "valide" : true,
      "geoJson" : {
        "type" : "Point",
        "coordinates" : [ 5.390458, 43.309551 ]
      }
    },
    "perimetreGeographique" : [ {
      "id" : 4533
    } ]
  },
  "liens" : { },
  "prestations" : {
    "animauxAcceptes" : "NON_DISPONIBLE",
    "animauxAcceptesSupplement" : "NON_DISPONIBLE",
    "languesParlees" : [ {
      "elementReferenceType" : "Langue",
      "id" : 1192
    }, {
      "elementReferenceType" : "Langue",
      "id" : 1197
    } ],
    "complementAccueil" : {
      "libelleFr" : "Accessible pour handicapés",
      "libelleEn" : "Accessible for disabled",
      "libelleIt" : "Accessibile ai disabili",
      "libelleDe" : "Zugänglich für Behinderte",
      "libelleNl" : "Toegankelijk voor mensen met een handicap"
    },
    "typesClientele" : [ {
      "elementReferenceType" : "TypeClientele",
      "id" : 593
    } ]
  },
  "ouverture" : {
    "periodeEnClair" : {
      "libelleFr" : "Du 19/05 au 31/12/2021, tous les mardis, mercredis, jeudis, vendredis, samedis et dimanches.",
      "libelleEn" : "From 19/05 to 31/12/2021, every Tuesday, Wednesday, Thursday, Friday, Saturday and Sunday.",
      "libelleEs" : "Del 19/05 al 31/12/2021, todos los martes, miércoles, jueves, viernes, sábados y domingos.",
      "libelleIt" : "Dal 19/05 al 31/12/2021, tutti i martedì, mercoledì, giovedì, venerdì, sabati e domeniche.",
      "libelleDe" : "Vom 19/05 bis 31/12/2021, jeden Dienstag, Mittwoch, Donnerstag, Freitag, Samstag und Sonntag.",
      "libelleNl" : "Van 19/05 tot en met 31/12/2021, elke dinsdag, woensdag, donderdag, vrijdag, zaterdag en zondag.",
      "libelleRu" : "С 19/05 до 31/12/2021, каждый вторники, среды, четверги, пятницы, субботы и воскресенья.",
      "libelleZh" : "从 5月19日 到 2021年12月31日, 每星期二, 星期三, 星期四, 星期五, 星期六 和 星期日.",
      "libellePtBR" : "De 19/05 a 31/12/2021, todas as terças-feiras, quartas-feiras, quintas-feiras, sextas-feiras, sábados e domingos.",
      "libelleJa" : "19/05 から 31/12/2021 まで, 毎火曜日, 水曜日, 木曜日, 金曜日, 土曜日 と 日曜日."
    },
    "periodeEnClairGenerationMode" : "AUTOMATIQUE",
    "indicationsPeriode" : [ {
      "elementReferenceType" : "IndicationPeriode",
      "id" : 416
    }, {
      "elementReferenceType" : "IndicationPeriode",
      "id" : 418
    }, {
      "elementReferenceType" : "IndicationPeriode",
      "id" : 435
    }, {
      "elementReferenceType" : "IndicationPeriode",
      "id" : 436
    } ],
    "periodesOuvertures" : [ {
      "identifiant" : 19373637,
      "dateDebut" : "2021-05-19",
      "dateFin" : "2021-12-31",
      "type" : "OUVERTURE_SEMAINE",
      "tousLesAns" : false,
      "ouverturesJournalieres" : [ {
        "jour" : "MARDI"
      }, {
        "jour" : "MERCREDI"
      }, {
        "jour" : "JEUDI"
      }, {
        "jour" : "VENDREDI"
      }, {
        "jour" : "SAMEDI"
      }, {
        "jour" : "DIMANCHE"
      } ],
      "identifiantTechnique" : 22234390
    } ]
  },
  "descriptionTarif" : {
    "indicationTarif" : "PAYANT",
    "gratuit" : false,
    "tarifsEnClair" : {
      "libelleFr" : "Plein tarif : de 3 à 6 €.\n",
      "libelleEn" : "Full price: 3 to 6 €.\n",
      "libelleEs" : "Tarifa completa: de 3 a 6 €.\n",
      "libelleIt" : "Tarrifa intera: da 3 a 6 €.\n",
      "libelleDe" : "Voller Preis: von 3 bis 6 €.\n",
      "libelleNl" : "Vol tarief: € 3 tot en met € 6.\n",
      "libelleRu" : "Полную цену : с 3 до  6 €.\n",
      "libelleZh" : "全额 : 从 3 到  6 €.\n",
      "libellePtBR" : "Tarifa inteira: de 3 a 6 €.\n",
      "libelleJa" : "通常料金: 3 から 6 €.\n"
    },
    "tarifsEnClairGenerationMode" : "AUTOMATIQUE",
    "complement" : { },
    "periodes" : [ {
      "identifiant" : 12066002,
      "dateDebut" : "2021-05-19",
      "dateFin" : "2021-12-31",
      "tarifs" : [ {
        "devise" : "EUR",
        "minimum" : 3.00,
        "maximum" : 6.00,
        "type" : {
          "elementReferenceType" : "TarifType",
          "id" : 5250
        }
      } ]
    } ],
    "modesPaiement" : [ {
      "elementReferenceType" : "ModePaiement",
      "id" : 1277
    } ],
    "devise" : "EUR",
    "conditions" : { }
  },
  "reservation" : { },
  "criteresInternes" : [ {
    "id" : 16640
  }, {
    "id" : 18002
  } ],
  "contacts" : [ {
    "identifiant" : 17636349,
    "referent" : true,
    "civilite" : {
      "elementReferenceType" : "ContactCivilite",
      "id" : 443
    },
    "nom" : "ARNAUDET",
    "prenom" : "Alain",
    "fonction" : {
      "elementReferenceType" : "ContactFonction",
      "id" : 458
    },
    "moyensCommunication" : [ {
      "identifiant" : 81745828,
      "type" : {
        "elementReferenceType" : "MoyenCommunicationType",
        "id" : 204
      },
      "coordonnees" : {
        "fr" : "aarnaudet@lafriche.org"
      }
    } ]
  }, {
    "identifiant" : 17636350,
    "referent" : false,
    "civilite" : {
      "elementReferenceType" : "ContactCivilite",
      "id" : 442
    },
    "nom" : "THIERY",
    "prenom" : "Odile",
    "fonction" : {
      "elementReferenceType" : "ContactFonction",
      "id" : 467
    },
    "moyensCommunication" : [ {
      "identifiant" : 81745829,
      "type" : {
        "elementReferenceType" : "MoyenCommunicationType",
        "id" : 201
      },
      "coordonnees" : {
        "fr" : "04 95 04 95 08"
      }
    }, {
      "identifiant" : 81745830,
      "type" : {
        "elementReferenceType" : "MoyenCommunicationType",
        "id" : 201
      },
      "coordonnees" : {
        "fr" : "06 11 45 43 72"
      }
    }, {
      "identifiant" : 81745831,
      "type" : {
        "elementReferenceType" : "MoyenCommunicationType",
        "id" : 204
      },
      "coordonnees" : {
        "fr" : "othiery@lafriche.org"
      }
    } ]
  } ],
  "illustrations" : [ {
    "identifiant" : 9977925,
    "link" : false,
    "type" : "IMAGE",
    "nom" : {
      "libelleFr" : "Tour Panorama Friche Belle de Mai"
    },
    "legende" : {
      "libelleFr" : "Tour Panorama Friche Belle de Mai"
    },
    "copyright" : {
      "libelleFr" : "Caroline Dutrey"
    },
    "traductionFichiers" : [ {
      "locale" : "fr",
      "url" : "https://static.apidae-tourisme.com/filestore/objets-touristiques/images/244/162/9741044.jpg",
      "urlListe" : "https://static.apidae-tourisme.com/filestore/objets-touristiques/images/244/162/9741044-liste.jpg",
      "urlFiche" : "https://static.apidae-tourisme.com/filestore/objets-touristiques/images/244/162/9741044-fiche.jpg",
      "urlDiaporama" : "https://static.apidae-tourisme.com/filestore/objets-touristiques/images/244/162/9741044-diaporama.jpg",
      "extension" : "jpg",
      "fileName" : "TOUR",
      "taille" : 77122,
      "hauteur" : 533,
      "largeur" : 799,
      "lastModifiedDate" : "2021-05-11T12:52:27.000+0000"
    } ],
    "locked" : false
  } ],
  "visites" : {
    "visitable" : false
  },
  "territoires" : [ {
    "type" : "TERRITOIRE",
    "id" : 591381
  }, {
    "type" : "TERRITOIRE",
    "id" : 591419
  }, {
    "type" : "TERRITOIRE",
    "id" : 5127066
  }, {
    "type" : "TERRITOIRE",
    "id" : 5427637
  }, {
    "type" : "TERRITOIRE",
    "id" : 5460436
  }, {
    "type" : "TERRITOIRE",
    "id" : 5693878
  }, {
    "type" : "TERRITOIRE",
    "id" : 5693903
  }, {
    "type" : "TERRITOIRE",
    "id" : 6008197
  } ],
  "informationsPatrimoineCulturel" : {
    "patrimoineCulturelType" : {
      "elementReferenceType" : "PatrimoineCulturelType",
      "id" : 3201
    },
    "themes" : [ {
      "elementReferenceType" : "PatrimoineCulturelTheme",
      "id" : 3393
    }, {
      "elementReferenceType" : "PatrimoineCulturelTheme",
      "id" : 3420
    } ]
  },
  "formatVersion" : "v002",
  "expiration" : {
    "dateExpiration" : "2021-12-31T00:00:00.000+0000"
  },
  "informationsPrestataireActivites" : {
    "prestataireActivites" : false
  },
  "enquete" : { },
  "donneesPrivees" : [ {
    "nomTechnique" : "1947_Id_patio",
    "libelleFr" : "Id_Patio",
    "ordre" : 1,
    "descriptif" : {
      "libelleFr" : "13MUS000033"
    }
  }, {
    "nomTechnique" : "1947_Source_patio",
    "libelleFr" : "Source_Patio",
    "ordre" : 2,
    "descriptif" : {
      "libelleFr" : "OT Marseille"
    }
  }, {
    "nomTechnique" : "1947_Url_patio",
    "libelleFr" : "URL_Patio",
    "ordre" : 3,
    "descriptif" : {
      "libelleFr" : "http://www.marseille-tourisme.com"
    }
  } ],
  "metadonnees" : [ {
    "noeudId" : "fairguest",
    "contenus" : [ {
      "cible" : "general",
      "metadonnee" : {
        "note" : 8.8,
        "label" : "Très bon",
        "couleur" : "#71a63e",
        "nombreAvis" : 1554,
        "dateMaj" : 1667730360723
      }
    } ]
  } ]
}