{
  "type" : "PATRIMOINE_CULTUREL",
  "id" : 5539390,
  "nom" : {
    "libelleFr" : "Musée Urgonia",
    "libelleEn" : "Geological and Archaeological Museum",
    "libelleEs" : "Museo geológico y arqueológico",
    "libelleIt" : "Museo geologico e archeologico",
    "libelleDe" : "Geologische und archäologische Museum",
    "libelleNl" : "Geologische en archeologische Museum"
  },
  "identifier" : "SITRA2_PCU_5539390",
  "state" : "PUBLISHED",
  "gestion" : {
    "dateCreation" : "2020-05-27T14:59:40.695+0000",
    "dateModification" : "2022-09-24T15:02:27.111+0000",
    "dateExportModification" : "2022-09-24T15:02:27.284+0000",
    "membreProprietaire" : {
      "type" : {
        "elementReferenceType" : "MembreSitraType",
        "id" : 233
      },
      "nom" : "Office de Tourisme Intercommunal de Terre de Provence",
      "dateCreation" : "2020-10-28T10:42:53.102+0000",
      "dateModification" : "2022-10-24T08:49:48.093+0000",
      "id" : 2119
    },
    "signalerUnProblemeMails" : [ "accueil.oti@terredeprovence-agglo.com", "accueil2.oti@terredeprovence-agglo.com", "espaceculturetourisme@orange.fr", "office.tourisme@st-andiol.fr", "office.tourisme@ville-graveson.fr", "ot-culture@maillane.fr", "promotion.oti@terredeprovence-agglo.com", "romain.pascal@ville-graveson.fr", "tourisme@noves.fr", "tourisme@terredeprovence-agglo.com" ]
  },
  "informations" : {
    "moyensCommunication" : [ {
      "identifiant" : 70512479,
      "type" : {
        "elementReferenceType" : "MoyenCommunicationType",
        "id" : 201
      },
      "coordonnees" : {
        "fr" : "04 90 73 09 54"
      }
    }, {
      "identifiant" : 91181656,
      "type" : {
        "elementReferenceType" : "MoyenCommunicationType",
        "id" : 204
      },
      "coordonnees" : {
        "fr" : "urgonia.mediation@orgon.fr"
      }
    }, {
      "identifiant" : 91181732,
      "type" : {
        "elementReferenceType" : "MoyenCommunicationType",
        "id" : 204
      },
      "coordonnees" : {
        "fr" : "musee.urgonia@gmail.com"
      }
    }, {
      "identifiant" : 70512480,
      "type" : {
        "elementReferenceType" : "MoyenCommunicationType",
        "id" : 205
      },
      "coordonnees" : {
        "fr" : "http://www.musee-urgonia.fr"
      }
    }, {
      "identifiant" : 96025178,
      "type" : {
        "elementReferenceType" : "MoyenCommunicationType",
        "id" : 207
      },
      "coordonnees" : {
        "fr" : "https://www.facebook.com/MuseeUrgonia/"
      }
    } ],
    "informationsLegales" : { },
    "structureGestion" : {
      "type" : "STRUCTURE",
      "id" : 5222961
    }
  },
  "presentation" : {
    "descriptifCourt" : {
      "libelleFr" : "Musée de Paléontologie et d'Archéologie d'Orgon."
    },
    "descriptifDetaille" : {
      "libelleFr" : "Chargée d'histoire, cette ancienne prison où apparaissent les graffitis des prisonniers, accueille aujourd'hui le Musée Urgonia.\r\nLes expositions présentées dans ce lieu vous dévoilent la singulière et passionnante histoire de ce territoire depuis 130 millions d'années. Les épisodes marins et continentaux se succèdent, dévoilant tout un cortège d'animaux fossilisés aujourd'hui disparus, ainsi que les vestiges laissés par l'homme depuis son arrivée sur ce secteur il y a environ 10 000 ans. Devenu site géologique de référence internationale depuis la moitié du XIXe siècle, les traces de l'exploitation du calcaire urgonien sont nombreuses et variées comme vous le découvrirez. Pour compléter cette thématique, le Parc Naturel Régional des Alpilles présente une exposition ornithologique consacrée à treize espèces d'oiseaux protégés qui ont fait l'objet d'un programme Life.\r\nAu fil de la découverte de ce patrimoine local, cette invitation à voyager dans le temps s'agrémente de panneaux et de documentaires vidéo. Des bornes numériques vous permettent de compléter et tester vos connaissances de manière ludique et interactive. \r\nDes visites accompagnées pour découvrir le musée et le sentier de la Pierre sont proposées sur réservation. \r\nUn dispositif d'accompagnement pédagogique personnalisé permet l'accueil des groupes scolaires. \r\nDans le cadre du projet Leader Pays d'Arles, subventionné par le FEADER et le Conseil Régional, le service des publics développe un programme d'ateliers pédagogiques que vous pouvez consulter sur le site www.musee-urgonia.fr.\r\n\r\nLes visites guidées du musée reprennent, n'hésitez pas à réserver la votre par mail (museeurgonia@gmail.com) ou en appelant le musée au 04 90 73 09 54.",
      "libelleEn" : "Discover the load History Museum, the former prison of the 17th century showing the graffiti of the convicts who were a stop on the path that led to the bagne of Toulon, welcomes today the Urgonia Museum and the Municipal Tourist Office in the village.The exhibitions presented in this place reveal you the unique and fascinating history of this territory for 130 million years. Marine and continental episodes follow one another, revealing a procession of fossilized animals now extinct and the remains left by the man since his arrival in this area about 10,000 years ago.Become geological site of international standard since the half of the 19th century, traces of the exploitation of the urgonian limestone are numerous and varied as you will discover. Soon, an ornithological exhibition devoted to the thirteen protected bird species taken into account by the Life of Alpilles program will complement the themes.Fun and interactive visits over the discovery of local heritage, this invitation to travel back in time to embellishing panels and video documentaries. Digital terminals allow you to complete and test your knowledge in a fun and interactive way. Guided tours of the visits accompanied by to discover the Museum and the path of stone are available on registration. Feel free to ask the program and schedules to the members of the team who are at your disposal and will answer your questions in the home of the Museum. Educational visit a pedagogical accompaniment device allows the reception of school groups. In order to adapt the content of the visits, a preparatory meeting between the teacher and the head of the Museum is desirable.Home and visits accompanied by reservation.15 persons maximum per group.",
      "libelleEs" : "Exposiciones propuestas por la sección patrimonio, turismo y cultura del Ayuntamiento de Orgon en el Monasterio de Notre-Dame de Beauregard:\r\n• Exposición sobre la vida prehistórica en el campaniforme en las cabañas de Calades diseñada con la arqueóloga Hélène Barge.\r\n• Exposición sobre el Urgonien: sus fósiles, sus minerales y sus emplazamientos destacables realizada por Jean-Pierre y Mukkerrem Masse y Fabrice Aubert.",
      "libelleIt" : "Mostre proposte dalla sezione patrimonio, turismo e cultura del Municipio di Orgon al Monastero di Notre-Dame de Beauregard:\r\n• Mostra sulla \"Vita preistorica durante il periodo del campaniforme nelle capanne delle Calades\", ideata con l'archeologa Hélène Barge.\r\n• Mostra sull’Urgonien: fossili, minerali e siti degni di nota, realizzata da Jean-Pierre e Mukkerrem Masse, e Fabrice Aubert.",
      "libelleDe" : "Entdecken Sie die Auslastung History Museum, das ehemalige Gefängnis des 17ten Jahrhunderts zeigen die Graffiti die Sträflinge waren ein Stop auf dem Weg ins Bagno von Toulon, führte heute das Urgonia-Museum und das städtische Tourismusbüro in das Dorf begrüßt.Die Ausstellungen an diesem Ort zeigen Sie die einzigartige und faszinierende Geschichte dieses Gebietes für 130 Millionen Jahren. Marinen und kontinentale Episoden folgen einander, offenbart eine Prozession der versteinerten Tiere jetzt ausgestorben und die Reste übrig von dem Mann seit seiner Ankunft in diesem Gebiet vor etwa 10.000 Jahren.Geologischen Standort mit internationalem Standard seit der Hälfte des 19. Jahrhunderts geworden, Spuren der Ausbeutung der Urgonian Kalkstein sind zahlreich und vielfältig wie Sie entdecken werden. Bald wird eine ornithologische Ausstellung zu den dreizehn geschützte Vogelarten durch das Leben des Alpilles-Programm berücksichtigt die Themen ergänzen.Spaß und interaktive Besuche über die Entdeckung der Heimatverein, diese Einladung zu einer Reise zurück in die Zeit zu verschönern, Panels und video-Dokumentationen. Digitale Endgeräte können Sie abschließen und testen Sie Ihr Wissen auf unterhaltsame und interaktive Weise. Führungen durch die Besuche, Begleitung, um das Museum und den Pfad des Steins zu entdecken sind auf Anmeldung. Zögern Sie nicht, Fragen das Programm und die Zeitpläne für die Mitglieder des Teams stehen Ihnen zur Verfügung und beantworten Ihre Fragen in der Heimat des Museums. Pädagogische Besuch ermöglicht eine pädagogische Begleitung-Gerät den Empfang von Schulklassen. Um den Inhalt der Besuche anzupassen, empfiehlt sich eine vorbereitende Sitzung zwischen Lehrer und Leiter des Museums.Haus und Besuche von Reservierung begleitet.pro Gruppe Max. 15 Personen.",
      "libelleNl" : "Exposities door de afdeling erfgoed, toerisme en cultuur van de gemeente Orgon in het klooster van de Notre-Dame van Beauregard:\r\n• Expositie over het prehistorisch leven ten tijde van de klokbekercultuur in de hutten van de Calades, in samenwerking met de archeoloog Hélène Barge.\r\n• Expositie over het Urgoon: fossielen, mineralen en opmerkelijke vindplaatsen, door Jean-Pierre en Mukkerrem Masse en Fabrice Aubert."
    },
    "descriptifsThematises" : [ {
      "dateDisponibilite" : null,
      "dateLimiteDePublication" : null,
      "theme" : {
        "elementReferenceType" : "DescriptifTheme",
        "id" : 6143
      },
      "description" : { }
    } ]
  },
  "localisation" : {
    "adresse" : {
      "adresse1" : "Chemin des Aires",
      "codePostal" : "13660",
      "bureauDistribution" : "ORGON",
      "commune" : {
        "id" : 4478
      }
    },
    "geolocalisation" : {
      "complement" : {
        "libelleFr" : "10 personnes maximum.\r\nVisites libres mais sur réservation uniquement. Pas de visite commentée.\r\nGel hydro-alcoolique lors de l'entrée.\r\nInterdiction de toucher les panneaux / vitrines.\r\nPort du masque conseillé."
      },
      "valide" : true,
      "geoJson" : {
        "type" : "Point",
        "coordinates" : [ 5.037502, 43.790518 ]
      }
    },
    "perimetreGeographique" : [ {
      "id" : 4478
    } ],
    "environnements" : [ {
      "elementReferenceType" : "Environnement",
      "id" : 141
    }, {
      "elementReferenceType" : "Environnement",
      "id" : 143
    }, {
      "elementReferenceType" : "Environnement",
      "id" : 173
    }, {
      "elementReferenceType" : "Environnement",
      "id" : 180
    }, {
      "elementReferenceType" : "Environnement",
      "id" : 6042
    } ]
  },
  "liens" : {
    "liensObjetsTouristiquesTypes" : [ {
      "type" : "SUR_PLACE",
      "libelleFr" : "Sur place",
      "libelleEn" : "On the premises",
      "libelleEs" : "In situ",
      "libelleIt" : "Sul posto",
      "libelleDe" : "Vor Ort",
      "libelleNl" : "Ter plaatse",
      "libelleRu" : "На месте",
      "libelleZh" : "堂食",
      "libellePtBR" : "No local",
      "libelleJa" : "現地で",
      "objetTouristique" : {
        "type" : "PATRIMOINE_CULTUREL",
        "id" : 5538229
      }
    }, {
      "type" : "SUR_PLACE",
      "libelleFr" : "Sur place",
      "libelleEn" : "On the premises",
      "libelleEs" : "In situ",
      "libelleIt" : "Sul posto",
      "libelleDe" : "Vor Ort",
      "libelleNl" : "Ter plaatse",
      "libelleRu" : "На месте",
      "libelleZh" : "堂食",
      "libellePtBR" : "No local",
      "libelleJa" : "現地で",
      "objetTouristique" : {
        "type" : "PATRIMOINE_CULTUREL",
        "id" : 5538298
      }
    } ]
  },
  "prestations" : {
    "equipements" : [ {
      "elementReferenceType" : "PrestationEquipement",
      "id" : 606
    }, {
      "elementReferenceType" : "PrestationEquipement",
      "id" : 804
    }, {
      "elementReferenceType" : "PrestationEquipement",
      "id" : 1321
    } ],
    "services" : [ {
      "elementReferenceType" : "PrestationService",
      "id" : 1130
    }, {
      "elementReferenceType" : "PrestationService",
      "id" : 1190
    } ],
    "animauxAcceptes" : "NON_ACCEPTES",
    "animauxAcceptesSupplement" : "NON_DISPONIBLE",
    "activites" : [ {
      "elementReferenceType" : "PrestationActivite",
      "id" : 652
    }, {
      "elementReferenceType" : "PrestationActivite",
      "id" : 6032
    } ],
    "languesParlees" : [ {
      "elementReferenceType" : "Langue",
      "id" : 1192
    }, {
      "elementReferenceType" : "Langue",
      "id" : 1197
    } ],
    "complementAccueil" : {
      "libelleFr" : "Parking public(Parking des Aires.)\r\nGarage pour vélo(Cour du Musée Urgonia.)",
      "libelleEn" : "Accessible for disabled",
      "libelleIt" : "Accessibile ai disabili",
      "libelleDe" : "Zugänglich für Behinderte",
      "libelleNl" : "Toegankelijk voor mensen met een handicap"
    },
    "typesClientele" : [ {
      "elementReferenceType" : "TypeClientele",
      "id" : 509
    }, {
      "elementReferenceType" : "TypeClientele",
      "id" : 593
    }, {
      "elementReferenceType" : "TypeClientele",
      "id" : 6486
    } ]
  },
  "ouverture" : {
    "periodeEnClair" : {
      "libelleFr" : "Du 02/01 au 31/12/2022, tous les lundis, mardis, mercredis, jeudis, vendredis et samedis.\nDu Lundi au Samedi de 10h à 12h et de 14h à 17h30.",
      "libelleEn" : "From 02/01 to 31/12/2022, every Monday, Tuesday, Wednesday, Thursday, Friday and Saturday.",
      "libelleEs" : "Del 02/01 al 31/12/2022, todos los lunes, martes, miércoles, jueves, viernes y sábados.",
      "libelleIt" : "Dal 02/01 al 31/12/2022, tutti i lunedì, martedì, mercoledì, giovedì, venerdì e sabati.",
      "libelleDe" : "Vom 02/01 bis 31/12/2022, jeden Montag, Dienstag, Mittwoch, Donnerstag, Freitag und Samstag.",
      "libelleNl" : "Van 02/01 tot en met 31/12/2022, elke maandag, dinsdag, woensdag, donderdag, vrijdag en zaterdag.",
      "libelleRu" : "С 02/01 до 31/12/2022, каждый понедельники, вторники, среды, четверги, пятницы и субботы.",
      "libelleZh" : "从 1月2日 到 2022年12月31日, 每星期一, 星期二, 星期三, 星期四, 星期五 和 星期六.",
      "libellePtBR" : "De 02/01 a 31/12/2022, todas as segundas-feiras, terças-feiras, quartas-feiras, quintas-feiras, sextas-feiras e sábados.",
      "libelleJa" : "02/01 から 31/12/2022 まで, 毎月曜日, 火曜日, 水曜日, 木曜日, 金曜日 と 土曜日."
    },
    "periodeEnClairGenerationMode" : "AUTOMATIQUE",
    "indicationsPeriode" : [ {
      "elementReferenceType" : "IndicationPeriode",
      "id" : 416
    }, {
      "elementReferenceType" : "IndicationPeriode",
      "id" : 418
    }, {
      "elementReferenceType" : "IndicationPeriode",
      "id" : 435
    }, {
      "elementReferenceType" : "IndicationPeriode",
      "id" : 436
    } ],
    "periodesOuvertures" : [ {
      "identifiant" : 19871986,
      "dateDebut" : "2022-01-02",
      "dateFin" : "2022-12-31",
      "complementHoraire" : {
        "libelleFr" : "Du Lundi au Samedi de 10h à 12h et de 14h à 17h30."
      },
      "type" : "OUVERTURE_SEMAINE",
      "tousLesAns" : false,
      "ouverturesJournalieres" : [ {
        "jour" : "LUNDI"
      }, {
        "jour" : "MARDI"
      }, {
        "jour" : "MERCREDI"
      }, {
        "jour" : "JEUDI"
      }, {
        "jour" : "VENDREDI"
      }, {
        "jour" : "SAMEDI"
      } ],
      "identifiantTechnique" : 24361791
    } ]
  },
  "descriptionTarif" : {
    "indicationTarif" : "PAYANT",
    "gratuit" : false,
    "tarifsEnClair" : {
      "libelleFr" : "Visite commentée sur réservation du Musée ou du Sentier de la Pierre :\r\nPlein tarif : 3 € / personne.\r\nTarif réduit* : 2,50 € / personne.\r\n*Étudiants, groupe de plus de 10 personnes.\r\nGratuité pour les moins de 6 ans.\r\n\r\nVisite libre : Gratuit."
    },
    "tarifsEnClairGenerationMode" : "AUTOMATIQUE",
    "complement" : {
      "libelleFr" : "Visite commentée sur réservation du Musée ou du Sentier de la Pierre :\r\nPlein tarif : 3 € / personne.\r\nTarif réduit* : 2,50 € / personne.\r\n*Étudiants, groupe de plus de 10 personnes.\r\nGratuité pour les moins de 6 ans.\r\n\r\nVisite libre : Gratuit."
    },
    "modesPaiement" : [ {
      "elementReferenceType" : "ModePaiement",
      "id" : 1271
    }, {
      "elementReferenceType" : "ModePaiement",
      "id" : 1277
    } ],
    "devise" : "EUR",
    "conditions" : { }
  },
  "reservation" : { },
  "criteresInternes" : [ {
    "id" : 16902
  }, {
    "id" : 16903
  }, {
    "id" : 20075
  } ],
  "contacts" : [ {
    "identifiant" : 19295677,
    "referent" : true,
    "titre" : {
      "libelleFr" : "Musée Urgonia"
    },
    "fonction" : {
      "elementReferenceType" : "ContactFonction",
      "id" : 459
    },
    "moyensCommunication" : [ {
      "identifiant" : 89264396,
      "type" : {
        "elementReferenceType" : "MoyenCommunicationType",
        "id" : 201
      },
      "coordonnees" : {
        "fr" : "04 90 73 09 54"
      }
    } ]
  } ],
  "illustrations" : [ {
    "identifiant" : 8962406,
    "link" : false,
    "type" : "IMAGE",
    "nom" : {
      "libelleFr" : "13MUS000035_1_HD.jpg"
    },
    "traductionFichiers" : [ {
      "locale" : "fr",
      "url" : "https://static.apidae-tourisme.com/filestore/objets-touristiques/images/113/43/8727409.jpg",
      "urlListe" : "https://static.apidae-tourisme.com/filestore/objets-touristiques/images/113/43/8727409-liste.jpg",
      "urlFiche" : "https://static.apidae-tourisme.com/filestore/objets-touristiques/images/113/43/8727409-fiche.jpg",
      "urlDiaporama" : "https://static.apidae-tourisme.com/filestore/objets-touristiques/images/113/43/8727409-diaporama.jpg",
      "extension" : "jpg",
      "fileName" : "full",
      "taille" : 174217,
      "hauteur" : 600,
      "largeur" : 800,
      "lastModifiedDate" : "2020-10-23T04:06:17.000+0000"
    } ],
    "locked" : false
  } ],
  "tourismeAffaires" : {
    "tourismeAffairesEnabled" : true,
    "sallesEquipement" : [ {
      "elementReferenceType" : "SalleEquipement",
      "id" : 1259
    } ],
    "nombreSallesReunionEquipees" : 7
  },
  "visites" : {
    "languesPanneauInformation" : [ {
      "elementReferenceType" : "Langue",
      "id" : 1197
    } ],
    "visitable" : true
  },
  "territoires" : [ {
    "type" : "TERRITOIRE",
    "id" : 591381
  }, {
    "type" : "TERRITOIRE",
    "id" : 591419
  }, {
    "type" : "TERRITOIRE",
    "id" : 4819487
  }, {
    "type" : "TERRITOIRE",
    "id" : 4881511
  }, {
    "type" : "TERRITOIRE",
    "id" : 5127066
  }, {
    "type" : "TERRITOIRE",
    "id" : 5424410
  }, {
    "type" : "TERRITOIRE",
    "id" : 5447176
  } ],
  "datesOuverture" : [ "2022-10-27", "2022-10-28", "2022-10-29", "2022-10-31", "2022-11-01", "2022-11-02", "2022-11-03", "2022-11-04", "2022-11-05", "2022-11-07", "2022-11-08", "2022-11-09", "2022-11-10", "2022-11-11", "2022-11-12", "2022-11-14", "2022-11-15", "2022-11-16", "2022-11-17", "2022-11-18", "2022-11-19", "2022-11-21", "2022-11-22", "2022-11-23", "2022-11-24", "2022-11-25", "2022-11-26", "2022-11-28", "2022-11-29", "2022-11-30", "2022-12-01", "2022-12-02", "2022-12-03", "2022-12-05", "2022-12-06", "2022-12-07", "2022-12-08", "2022-12-09", "2022-12-10", "2022-12-12", "2022-12-13", "2022-12-14", "2022-12-15", "2022-12-16", "2022-12-17", "2022-12-19", "2022-12-20", "2022-12-21", "2022-12-22", "2022-12-23", "2022-12-24", "2022-12-26", "2022-12-27", "2022-12-28", "2022-12-29", "2022-12-30", "2022-12-31" ],
  "informationsPatrimoineCulturel" : {
    "patrimoineCulturelType" : {
      "elementReferenceType" : "PatrimoineCulturelType",
      "id" : 3201
    },
    "themes" : [ {
      "elementReferenceType" : "PatrimoineCulturelTheme",
      "id" : 3416
    }, {
      "elementReferenceType" : "PatrimoineCulturelTheme",
      "id" : 3436
    }, {
      "elementReferenceType" : "PatrimoineCulturelTheme",
      "id" : 3784
    } ]
  },
  "formatVersion" : "v002",
  "expiration" : {
    "dateExpiration" : "2022-12-31T00:00:00.000+0000"
  },
  "informationsPrestataireActivites" : {
    "prestataireActivites" : true,
    "activitesCulturelles" : [ {
      "elementReferenceType" : "ActiviteCulturellePrestation",
      "id" : 1776
    }, {
      "elementReferenceType" : "ActiviteCulturellePrestation",
      "id" : 1788
    }, {
      "elementReferenceType" : "ActiviteCulturellePrestation",
      "id" : 1792
    }, {
      "elementReferenceType" : "ActiviteCulturellePrestation",
      "id" : 1815
    }, {
      "elementReferenceType" : "ActiviteCulturellePrestation",
      "id" : 1817
    }, {
      "elementReferenceType" : "ActiviteCulturellePrestation",
      "id" : 1818
    }, {
      "elementReferenceType" : "ActiviteCulturellePrestation",
      "id" : 1820
    }, {
      "elementReferenceType" : "ActiviteCulturellePrestation",
      "id" : 1825
    }, {
      "elementReferenceType" : "ActiviteCulturellePrestation",
      "id" : 6332
    } ]
  },
  "enquete" : { },
  "donneesPrivees" : [ {
    "nomTechnique" : "1947_Id_patio",
    "libelleFr" : "Id_Patio",
    "ordre" : 1,
    "descriptif" : {
      "libelleFr" : "13MUS000035"
    }
  }, {
    "nomTechnique" : "1947_Source_patio",
    "libelleFr" : "Source_Patio",
    "ordre" : 2,
    "descriptif" : {
      "libelleFr" : "OT Terre de Provence"
    }
  }, {
    "nomTechnique" : "1947_Url_patio",
    "libelleFr" : "URL_Patio",
    "ordre" : 3,
    "descriptif" : {
      "libelleFr" : "http://www.myterredeprovence.fr/"
    }
  } ],
  "prestationsList" : [ {
    "type" : "ACTIVITE",
    "id" : 6052638
  }, {
    "type" : "ACTIVITE",
    "id" : 6056580
  }, {
    "type" : "ACTIVITE",
    "id" : 6273373
  }, {
    "type" : "ACTIVITE",
    "id" : 6273432
  }, {
    "type" : "ACTIVITE",
    "id" : 6273485
  }, {
    "type" : "ACTIVITE",
    "id" : 6290619
  }, {
    "type" : "ACTIVITE",
    "id" : 6290628
  } ]
}