{
  "type" : "PATRIMOINE_CULTUREL",
  "id" : 5539331,
  "nom" : {
    "libelleFr" : "Oppidum d'Entremont",
    "libelleEn" : "Oppidum d'Entremont",
    "libelleEs" : "Oppidum de Entremont",
    "libelleIt" : "Oppidum celto-ligure d'Entremont",
    "libelleDe" : "Oppidum celto-ligure d'Entremont",
    "libelleNl" : "Oppidum celto-ligure d'Entremont"
  },
  "identifier" : "SITRA2_PCU_5539331",
  "state" : "PUBLISHED",
  "gestion" : {
    "dateCreation" : "2020-05-27T14:51:07.357+0000",
    "dateModification" : "2022-03-21T10:12:16.111+0000",
    "dateExportModification" : "2022-10-17T12:22:42.732+0000",
    "membreProprietaire" : {
      "type" : {
        "elementReferenceType" : "MembreSitraType",
        "id" : 233
      },
      "nom" : "Office de Tourisme d'Aix en Provence",
      "dateCreation" : "2020-02-14T10:34:37.912+0000",
      "dateModification" : "2022-10-24T08:49:34.452+0000",
      "id" : 1988,
      "siteWeb" : "http://www.aixenprovencetourism.com"
    },
    "signalerUnProblemeMails" : [ "jchevalier@aixenprovencetourism.com", "sdardenne@aixenprovencetourism.com", "vmontpellaz@aixenprovencetourism.com" ]
  },
  "informations" : {
    "moyensCommunication" : [ {
      "identifiant" : 70503311,
      "type" : {
        "elementReferenceType" : "MoyenCommunicationType",
        "id" : 201
      },
      "coordonnees" : {
        "fr" : "04 42 21 97 33"
      }
    }, {
      "identifiant" : 70503312,
      "type" : {
        "elementReferenceType" : "MoyenCommunicationType",
        "id" : 201
      },
      "coordonnees" : {
        "fr" : "06 17 93 46 88"
      }
    }, {
      "identifiant" : 70503314,
      "type" : {
        "elementReferenceType" : "MoyenCommunicationType",
        "id" : 204
      },
      "coordonnees" : {
        "fr" : "sra.entremont@orange.fr"
      }
    }, {
      "identifiant" : 70503315,
      "type" : {
        "elementReferenceType" : "MoyenCommunicationType",
        "id" : 205
      },
      "coordonnees" : {
        "fr" : "https://archeologie.culture.fr/entremont/fr"
      }
    } ],
    "informationsLegales" : { },
    "structureGestion" : {
      "type" : "STRUCTURE",
      "id" : 5221391
    }
  },
  "presentation" : {
    "descriptifCourt" : {
      "libelleFr" : "À seulement 3km du centre ville d’Aix-en-Provence, l’oppidum d’Entremont est un site archéologique classé Monument Historique de grande importance.",
      "libelleEn" : "At just 3km from the city center of Aix-en-Provence, the oppidum d'Entremont is an archaeological site classified as a Historic Monument of great importance."
    },
    "descriptifDetaille" : {
      "libelleFr" : "Perchée à 365m, l’ancienne capitale des Salyens (une population gauloise) est une agglomération fortifiée dont l’occupation est extrêmement courte, entre 180 et 90 av.j.-C. \r\n\r\nPlusieurs vestiges sont encore visibles aujourd'hui : remparts, habitations, ateliers, la grande salle où étaient exposées \"les têtes coupées\".\r\nLes statues et les objets découverts (céramique, outils...) sont exposés au musée Granet.\r\n\r\nL'oppidum, propriété de l’État, est géré principalement par le Service Régional de l'Archéologie (DRAC, Ministère de la Culture).\r\nSitué dans un parc de verdure, le lieu est aussi l'occasion d'une promenade au grand air aux portes d'Aix-en-Provence.\r\n\r\nPour faire parler les vestiges, des visites guidées sont régulièrement organisées pour le public et pour les groupes sur demande toute l'année. Seul un guide-conférencier agréé par l'État est habilité à réaliser ces visites. \r\n\r\n---- \r\n\r\nVisites publiques de Secrets d'ici : \r\nSamedi 14 mai 2022 de 14h à 15h30 \r\nSamedi 4 juin 2022 de 10h à 11h30\r\nSamedi 2 juillet 2022 de 10h à 11h30 \r\nSamedi 3 septembre de 10h à 11h30 \r\nSamedi 1er octobre 2022 de 10h à 11h30 \r\n\r\nVisite privée sur demande toute l'année pour groupe, scolaire, CE, etc.",
      "libelleEn" : "Entremont is a Gallic village dating from the 2nd century BC. The site has been excavated since 1946. Remains of ramparts, housing, workshops, a room displaying the heads of enemies (a Celtic custom), statues and a wide range of objects have been found here. The oppidum (Roman settlement) is in a pleasant green park with open access during the site opening days and times. \r\nThe excavated statues and objects (ceramics, tools, etc.) are displayed in the Granet Museum. \r\n\r\nThe oppidum is owned by the French state and is chiefly managed by the Regional Archaeology Department (DRAC, Ministry of Culture). The Entremont Archaeological Association works to enhance the site.",
      "libelleEs" : "Entremont es una aldea gala del siglo II A.C. en la que se realizan excavaciones desde 1946. Se han encontrado vestigios de murallas, viviendas, talleres, una sala donde se exhibían cabezas cortadas a sus enemigos (una costumbre celta), estatuas y numerosos objetos. Situado en un parque sobre una colina, el Oppidum ofrece además un bello panorama de la montaña de Santa Victoria. Las estatuas y los objetos descubiertos (cerámica, herramientas) se exhiben en el Museo Granet. El Oppidum es de propiedad del Estado y su dirección la ejerce principalmente el Servicio General de Arqueología (DRAC, Ministerio de Cultura). La Asociación Arqueológica de Entremont participa en el manejo de las actividades del sitio. La entrada es gratuita para las visitas libres. En el caso de las visitas guiadas, la tarifa es variable (sólo para grupos organizados) según las entidades que las organicen. La Asociación Entremont organiza visitas guiadas para todo público en fechas fijas, gratuitas durante las Jornadas del Patrimonio Histórico. En las demás fechas la tarifa para los adultos es de 3 euros (1 euro durante las Jornadas de la Antigüedad en el mes de mayo). Para mayor información visite el sitio www.asso-archeo-entremont.com.",
      "libelleIt" : "Nel II secolo avanti Cristo, Entremont è un centro abitato gallico. Gli scavi iniziati nel 1946 hanno riportato alla luce vestigia di mura fortificate, abitazioni, botteghe, una sala in cui erano esposte le teste mozzate dei nemici (usanza celtica), statue e numerosi oggetti. Situato in un parco su una collina, l'oppidum offre inoltre un bel panorama sulla montagna Sainte-Victoire. Le statue e gli oggetti rinvenuti (ceramiche, utensili, ecc.) sono oggi esposti presso il museo Granet. L'oppidum, di proprietà dello Stato, è gestito essenzialmente dal Servizio Regionale di Archeologia (DRAC, Ministero della Cultura). L'Associazione archeologica Entremont partecipa alla valorizzazione del sito. L'ingresso è gratuito per le visite libere. La tariffa è variabile per le visite guidate (solo per gruppi precostituiti), in funzione degli organismi che ne garantiscono lo svolgimento. L'Associazione Entremont organizza visite guidate in date fisse, per ogni tipo di pubblico, gratuite in occasione delle Giornate del Patrimonio, al prezzo di 3 euro per adulto per le altre date (1 euro in occasione delle Giornate dell'Antichità, nel mese di maggio). Per ulteriori informazioni: www.asso-archeo-entremont.com. L'oppidum è aperto dal 2 gennaio al 31 marzo e dal 2 novembre al 31 dicembre (tranne l'11 novembre, il 25 dicembre ed il 1° gennaio), tutti i giorni, tranne il martedì, dalle 9 alle 12 e dalle 14 alle 17. Dal 1° aprile fino al 31 ottobre, è aperto tutti i giorni, tranne il martedì, dalle 9 alle 12 e dalle 14 alle 18 (chiuso il 1° e 8 maggio).",
      "libelleDe" : "Entremont ist ein gallisches Dorf aus dem 2. Jh. v. Chr., in dem seit 1946 Ausgrabungen durchgeführt werden. Man sieht Reste von Befestigungsanlagen, Wohnbauten, Werkstätten und eines grossen Raums, in dem die abgeschlagenen Köpfe von Feinden zur Schau gestellt wurden (keltische Sitte), sowie Statuen und zahlreiche Gegenstände. Das Oppidum liegt in einem Park auf einem Hügel, von wo aus sich dem Besucher ein herrlicher Panoramablick auf das Sainte Victoire Gebirge bietet. Die hier gefundenen Statuen und Gegenstände (Keramiken, Werkzeuge) sind im Musée Granet ausgestellt. Das Oppidum ist Eigentum des französischen Staates und wird von der Regionalbehörde für Archäologie verwaltet (DRAC, Kulturministerium). Der archäologische Verein Entremont sorgt mit dafür, dass diese Ausgrabungsstätte zur Geltung gebracht wird. Eintritt kostenlos für individuelle Besichtigung. Unterschiedliche Preise für geführte Besichtigungen (nur für Gruppen), abhängig von der Institution, die die Führung übernimmt. Der archäologische Verein Entremont veranstaltet geführte Besichtigungen für jedes Publikum an bestimmten Daten: kostenlos am Tag des offenen Denkmals, 3 Euro an den übrigen Daten (1 Euro an den Tagen der Antike im Mai). Weitere Informationen hierzu finden sie im Internet unter ww.asso-archeo-entremont.com."
    }
  },
  "localisation" : {
    "adresse" : {
      "adresse1" : "960 Avenue Fernand Benoit",
      "codePostal" : "13090",
      "bureauDistribution" : "AIX EN PROVENCE",
      "commune" : {
        "id" : 4412
      }
    },
    "geolocalisation" : {
      "complement" : {
        "libelleFr" : "Au nord de la ville, prendre l'avenue Pasteur, puis l'avenue Philippe Solari en direction de Puyricard, continuer sur environ 2 kms. L'itinéraire est fléché. (Bus 11 et 24, descendre arrêt Entremont : horaires variables, consulter : http://www.aixenbus.fr/ ). Accès possible aussi pour les piétons par l'avenue Paul Cézanne, puis chemin de la Marguerite, petite voie tranquille, avant de retomber sur l'avenue F. Benoit au pied de l'Oppidum."
      },
      "valide" : true,
      "geoJson" : {
        "type" : "Point",
        "coordinates" : [ 5.438542, 43.552109 ]
      }
    },
    "perimetreGeographique" : [ {
      "id" : 4412
    } ],
    "environnements" : [ {
      "elementReferenceType" : "Environnement",
      "id" : 183
    }, {
      "elementReferenceType" : "Environnement",
      "id" : 3974
    } ]
  },
  "liens" : {
    "liensObjetsTouristiquesTypes" : [ {
      "type" : "SUR_PLACE",
      "libelleFr" : "Sur place",
      "libelleEn" : "On the premises",
      "libelleEs" : "In situ",
      "libelleIt" : "Sul posto",
      "libelleDe" : "Vor Ort",
      "libelleNl" : "Ter plaatse",
      "libelleRu" : "На месте",
      "libelleZh" : "堂食",
      "libellePtBR" : "No local",
      "libelleJa" : "現地で",
      "objetTouristique" : {
        "type" : "COMMERCE_ET_SERVICE",
        "id" : 5556021
      }
    } ]
  },
  "prestations" : {
    "equipements" : [ {
      "elementReferenceType" : "PrestationEquipement",
      "id" : 972
    }, {
      "elementReferenceType" : "PrestationEquipement",
      "id" : 1321
    }, {
      "elementReferenceType" : "PrestationEquipement",
      "id" : 1322
    } ],
    "services" : [ {
      "elementReferenceType" : "PrestationService",
      "id" : 1190
    } ],
    "animauxAcceptes" : "NON_ACCEPTES",
    "animauxAcceptesSupplement" : "NON_DISPONIBLE",
    "complementAccueil" : {
      "libelleFr" : "Parking autocar\r\nParking public",
      "libelleEn" : "Accessible for disabled",
      "libelleIt" : "Accessibile ai disabili",
      "libelleDe" : "Zugänglich für Behinderte",
      "libelleNl" : "Toegankelijk voor mensen met een handicap"
    }
  },
  "ouverture" : {
    "periodeEnClair" : {
      "libelleFr" : "Du 04/01 au 31/12/2022.\nFermé le mardi.\nFermetures exceptionnelles les 1er mai, 8 mai, 1er novembre, 11 novembre et 25 décembre.\nFermé tous les week-ends sauf le premier week-end du mois.\r\nMerci de vous renseigner avant votre visite au 06 17 93 46 88 ou par mail sra.entremont@culture.gouv.fr\r\n\r\nFermé du 25 décembre au 4 janvier.",
      "libelleEn" : "From 04/01 to 31/12/2022.\nClosed on Tuesday.\nClosed exceptionally on May 1st, May 8th, November 1st, November 11th and December 25th.\nClosed every weekend except the first weekend of the month.\r\nPlease inquire before your visit at 06 17 93 46 88 or by email at sra.entremont@culture.gouv.fr\r\n\r\nClosed from December 25th to 2022, January 4th.",
      "libelleEs" : "Del 04/01 al 31/12/2022.\nCerrado los martes.\nSe cierra, excepcionalmente los días 1er de mayo, 8 de mayo, 1er de noviembre, 11 de noviembre y 25 de diciembre.",
      "libelleIt" : "Dal 04/01 al 31/12/2022.\nChiuso il martedì.\nChiusura eccezionale 1° maggio, 8 maggio, 1° novembre, 11 novembre e 25 dicembre.",
      "libelleDe" : "Vom 04/01 bis 31/12/2022.\nDienstag geschlossen.\nAusnahmsweise geschlossen am 1. Mai, 8. Mai, 1. November, 11. Dezember und 25. Dezember.",
      "libelleNl" : "Van 04/01 tot en met 31/12/2022.\nDinsdag gesloten.\nBij uitzondering gesloten op 1 mei, 8 mei, 1er november, 11 november en 25 december.",
      "libelleRu" : "С 04/01 до 31/12/2022.\nНе работает вторник.\nВ порядке исключения не работает 1 мая, 8 мая, 1 ноября, 11 ноября и 25 декабря.",
      "libelleZh" : "从 1月4日 到 2022年12月31日.\n星期二 关闭.\n在 5月1日, 5月8日, 11月1日, 11月11日 和 12月25日 例外关闭.",
      "libellePtBR" : "De 04/01 a 31/12/2022.\nFechado em terça-feira.\nFechamentos excepcionais em 1º de maio, 8 de maio, 1º de novembro, 11 de novembro e 25 de dezembro.",
      "libelleJa" : "04/01 から 31/12/2022 まで.\n火曜日 は休み.\n5月1日, 5月8日, 11月1日, 11月11日 と 12月25日 は特別休業."
    },
    "periodeEnClairGenerationMode" : "AUTOMATIQUE",
    "indicationsPeriode" : [ {
      "elementReferenceType" : "IndicationPeriode",
      "id" : 416
    }, {
      "elementReferenceType" : "IndicationPeriode",
      "id" : 418
    }, {
      "elementReferenceType" : "IndicationPeriode",
      "id" : 435
    }, {
      "elementReferenceType" : "IndicationPeriode",
      "id" : 436
    } ],
    "periodesOuvertures" : [ {
      "identifiant" : 20190657,
      "dateDebut" : "2022-01-04",
      "dateFin" : "2022-12-31",
      "complementHoraire" : {
        "libelleFr" : "Fermé tous les week-ends sauf le premier week-end du mois.\r\nMerci de vous renseigner avant votre visite au 06 17 93 46 88 ou par mail sra.entremont@culture.gouv.fr\r\n\r\nFermé du 25 décembre au 4 janvier.",
        "libelleEn" : "Closed every weekend except the first weekend of the month.\r\nPlease inquire before your visit at 06 17 93 46 88 or by email at sra.entremont@culture.gouv.fr\r\n\r\nClosed from December 25th to 2022, January 4th."
      },
      "type" : "OUVERTURE_SAUF",
      "tousLesAns" : false,
      "ouverturesJournalieres" : [ {
        "jour" : "MARDI"
      } ],
      "identifiantTechnique" : 22943676
    } ],
    "fermeturesExceptionnelles" : [ {
      "dateSpeciale" : "PREMIER_JANVIER"
    }, {
      "dateSpeciale" : "PREMIER_MAI"
    }, {
      "dateSpeciale" : "HUIT_MAI"
    }, {
      "dateSpeciale" : "PREMIER_NOVEMBRE"
    }, {
      "dateSpeciale" : "ONZE_NOVEMBRE"
    }, {
      "dateSpeciale" : "VINGT_CINQ_DECEMBRE"
    } ]
  },
  "descriptionTarif" : {
    "indicationTarif" : "GRATUIT",
    "gratuit" : true,
    "tarifsEnClair" : {
      "libelleFr" : "Gratuit.",
      "libelleEn" : "Free of charge.",
      "libelleEs" : "Gratis.",
      "libelleIt" : "Gratuito.",
      "libelleDe" : "Kostenlos.",
      "libelleNl" : "Gratis.",
      "libelleRu" : "Бесплатно.",
      "libelleZh" : "免费.",
      "libellePtBR" : "Gratuito.",
      "libelleJa" : "無料."
    },
    "tarifsEnClairGenerationMode" : "AUTOMATIQUE",
    "complement" : { },
    "devise" : "EUR",
    "conditions" : { }
  },
  "reservation" : { },
  "criteresInternes" : [ {
    "id" : 16775
  } ],
  "contacts" : [ {
    "identifiant" : 18905518,
    "referent" : true,
    "civilite" : {
      "elementReferenceType" : "ContactCivilite",
      "id" : 443
    },
    "nom" : "Delestre",
    "prenom" : "Xavier",
    "titre" : {
      "libelleFr" : "Conservateur régional de l’archéologie"
    },
    "fonction" : {
      "elementReferenceType" : "ContactFonction",
      "id" : 457
    },
    "moyensCommunication" : [ {
      "identifiant" : 86955631,
      "type" : {
        "elementReferenceType" : "MoyenCommunicationType",
        "id" : 204
      },
      "coordonnees" : {
        "fr" : "xavier.delestre@culture.gouv.fr"
      }
    } ]
  }, {
    "identifiant" : 20427869,
    "referent" : false,
    "civilite" : {
      "elementReferenceType" : "ContactCivilite",
      "id" : 442
    },
    "prenom" : "Carasco",
    "titre" : {
      "libelleFr" : "Agent du site"
    },
    "fonction" : {
      "elementReferenceType" : "ContactFonction",
      "id" : 468
    },
    "moyensCommunication" : [ {
      "identifiant" : 97489218,
      "type" : {
        "elementReferenceType" : "MoyenCommunicationType",
        "id" : 201
      },
      "coordonnees" : {
        "fr" : "06 17 93 46 88"
      }
    } ]
  } ],
  "illustrations" : [ {
    "identifiant" : 9239934,
    "link" : false,
    "type" : "IMAGE",
    "nom" : {
      "libelleFr" : "13T2A00003_1_HD.jpg"
    },
    "copyright" : {
      "libelleFr" : "C. FASSANARO"
    },
    "traductionFichiers" : [ {
      "locale" : "fr",
      "url" : "https://static.apidae-tourisme.com/filestore/objets-touristiques/images/4/68/8995844.jpg",
      "urlListe" : "https://static.apidae-tourisme.com/filestore/objets-touristiques/images/4/68/8995844-liste.jpg",
      "urlFiche" : "https://static.apidae-tourisme.com/filestore/objets-touristiques/images/4/68/8995844-fiche.jpg",
      "urlDiaporama" : "https://static.apidae-tourisme.com/filestore/objets-touristiques/images/4/68/8995844-diaporama.jpg",
      "extension" : "jpg",
      "fileName" : "full",
      "taille" : 1321027,
      "hauteur" : 1440,
      "largeur" : 1920,
      "lastModifiedDate" : "2020-12-17T05:09:13.000+0000"
    } ],
    "locked" : false
  }, {
    "identifiant" : 9239935,
    "link" : false,
    "type" : "IMAGE",
    "nom" : {
      "libelleFr" : "13T2A00003_2_HD.jpg"
    },
    "copyright" : {
      "libelleFr" : "C. FASSANARO"
    },
    "traductionFichiers" : [ {
      "locale" : "fr",
      "url" : "https://static.apidae-tourisme.com/filestore/objets-touristiques/images/5/68/8995845.jpg",
      "urlListe" : "https://static.apidae-tourisme.com/filestore/objets-touristiques/images/5/68/8995845-liste.jpg",
      "urlFiche" : "https://static.apidae-tourisme.com/filestore/objets-touristiques/images/5/68/8995845-fiche.jpg",
      "urlDiaporama" : "https://static.apidae-tourisme.com/filestore/objets-touristiques/images/5/68/8995845-diaporama.jpg",
      "extension" : "jpg",
      "fileName" : "full",
      "taille" : 1193167,
      "hauteur" : 1440,
      "largeur" : 1920,
      "lastModifiedDate" : "2020-12-17T05:09:11.000+0000"
    } ],
    "locked" : false
  }, {
    "identifiant" : 9239936,
    "link" : false,
    "type" : "IMAGE",
    "nom" : {
      "libelleFr" : "13T2A00003_3_HD.jpg"
    },
    "copyright" : {
      "libelleFr" : "C. FASSANARO"
    },
    "traductionFichiers" : [ {
      "locale" : "fr",
      "url" : "https://static.apidae-tourisme.com/filestore/objets-touristiques/images/6/68/8995846.jpg",
      "urlListe" : "https://static.apidae-tourisme.com/filestore/objets-touristiques/images/6/68/8995846-liste.jpg",
      "urlFiche" : "https://static.apidae-tourisme.com/filestore/objets-touristiques/images/6/68/8995846-fiche.jpg",
      "urlDiaporama" : "https://static.apidae-tourisme.com/filestore/objets-touristiques/images/6/68/8995846-diaporama.jpg",
      "extension" : "jpg",
      "fileName" : "full",
      "taille" : 1010480,
      "hauteur" : 1440,
      "largeur" : 1920,
      "lastModifiedDate" : "2020-12-17T05:09:12.000+0000"
    } ],
    "locked" : false
  } ],
  "visites" : {
    "languesPanneauInformation" : [ {
      "elementReferenceType" : "Langue",
      "id" : 1189
    }, {
      "elementReferenceType" : "Langue",
      "id" : 1192
    }, {
      "elementReferenceType" : "Langue",
      "id" : 1197
    } ],
    "visitable" : true,
    "prestationsVisitesIndividuelles" : [ {
      "elementReferenceType" : "PrestationVisiteIndividuelle",
      "id" : 483
    } ],
    "prestationsVisitesGroupees" : [ {
      "elementReferenceType" : "PrestationVisiteGroupee",
      "id" : 491
    } ]
  },
  "territoires" : [ {
    "type" : "TERRITOIRE",
    "id" : 591381
  }, {
    "type" : "TERRITOIRE",
    "id" : 591419
  }, {
    "type" : "TERRITOIRE",
    "id" : 5127066
  }, {
    "type" : "TERRITOIRE",
    "id" : 5427620
  }, {
    "type" : "TERRITOIRE",
    "id" : 5427637
  }, {
    "type" : "TERRITOIRE",
    "id" : 5460325
  }, {
    "type" : "TERRITOIRE",
    "id" : 5693839
  }, {
    "type" : "TERRITOIRE",
    "id" : 5775948
  }, {
    "type" : "TERRITOIRE",
    "id" : 5853930
  } ],
  "datesOuverture" : [ "2022-10-17", "2022-10-19", "2022-10-20", "2022-10-21", "2022-10-22", "2022-10-23", "2022-10-24", "2022-10-26", "2022-10-27", "2022-10-28", "2022-10-29", "2022-10-30", "2022-10-31", "2022-11-02", "2022-11-03", "2022-11-04", "2022-11-05", "2022-11-06", "2022-11-07", "2022-11-09", "2022-11-10", "2022-11-12", "2022-11-13", "2022-11-14", "2022-11-16", "2022-11-17", "2022-11-18", "2022-11-19", "2022-11-20", "2022-11-21", "2022-11-23", "2022-11-24", "2022-11-25", "2022-11-26", "2022-11-27", "2022-11-28", "2022-11-30", "2022-12-01", "2022-12-02", "2022-12-03", "2022-12-04", "2022-12-05", "2022-12-07", "2022-12-08", "2022-12-09", "2022-12-10", "2022-12-11", "2022-12-12", "2022-12-14", "2022-12-15", "2022-12-16", "2022-12-17", "2022-12-18", "2022-12-19", "2022-12-21", "2022-12-22", "2022-12-23", "2022-12-24", "2022-12-26", "2022-12-28", "2022-12-29", "2022-12-30", "2022-12-31" ],
  "informationsPatrimoineCulturel" : {
    "patrimoineCulturelType" : {
      "elementReferenceType" : "PatrimoineCulturelType",
      "id" : 3203
    },
    "themes" : [ {
      "elementReferenceType" : "PatrimoineCulturelTheme",
      "id" : 3486
    }, {
      "elementReferenceType" : "PatrimoineCulturelTheme",
      "id" : 6035
    } ],
    "categories" : [ {
      "elementReferenceType" : "PatrimoineCulturelCategorie",
      "id" : 3314
    } ]
  },
  "formatVersion" : "v002",
  "expiration" : {
    "dateExpiration" : "2022-12-31T00:00:00.000+0000"
  },
  "informationsPrestataireActivites" : {
    "prestataireActivites" : false
  },
  "enquete" : { },
  "donneesPrivees" : [ {
    "nomTechnique" : "1947_Id_patio",
    "libelleFr" : "Id_Patio",
    "ordre" : 1,
    "descriptif" : {
      "libelleFr" : "13T2A00003"
    }
  }, {
    "nomTechnique" : "1947_Source_patio",
    "libelleFr" : "Source_Patio",
    "ordre" : 2,
    "descriptif" : {
      "libelleFr" : "OT Aix en Provence"
    }
  }, {
    "nomTechnique" : "1947_Url_patio",
    "libelleFr" : "URL_Patio",
    "ordre" : 3,
    "descriptif" : {
      "libelleFr" : "http://www.aixenprovencetourism.com"
    }
  } ]
}