{
  "type" : "FETE_ET_MANIFESTATION",
  "id" : 4612219,
  "nom" : {
    "libelleFr" : "Marché provençal  de Pertuis",
    "libelleEn" : "Weekly Market at Pertuis",
    "libelleEs" : "Marché hebdomadaire",
    "libelleIt" : "Marché hebdomadaire",
    "libelleDe" : "Marché hebdomadaire",
    "libelleNl" : "Weekmarkt van Pertuis"
  },
  "identifier" : "SITRA2_EVE_4612219",
  "state" : "PUBLISHED",
  "gestion" : {
    "dateCreation" : "2016-12-15T14:05:35.733+0000",
    "dateModification" : "2022-02-10T14:19:03.098+0000",
    "dateExportModification" : "2022-06-09T07:16:13.971+0000",
    "membreProprietaire" : {
      "type" : {
        "elementReferenceType" : "MembreSitraType",
        "id" : 233
      },
      "nom" : "Office de Tourisme de Pertuis",
      "dateCreation" : "2020-10-05T11:51:36.468+0000",
      "dateModification" : "2022-07-26T09:15:58.380+0000",
      "id" : 2097,
      "siteWeb" : "http://www.ville-pertuis.fr"
    },
    "signalerUnProblemeMails" : [ "contact@tourisme-pertuis.fr", "dgambari@tourisme-pertuis.fr", "pleale@tourisme-pertuis.fr" ]
  },
  "informations" : {
    "moyensCommunication" : [ {
      "identifiant" : 38359639,
      "type" : {
        "elementReferenceType" : "MoyenCommunicationType",
        "id" : 201
      },
      "coordonnees" : {
        "fr" : "04 90 79 52 29"
      }
    }, {
      "identifiant" : 38359640,
      "type" : {
        "elementReferenceType" : "MoyenCommunicationType",
        "id" : 204
      },
      "coordonnees" : {
        "fr" : "contact@tourisme-pertuis.fr"
      }
    }, {
      "identifiant" : 38359641,
      "type" : {
        "elementReferenceType" : "MoyenCommunicationType",
        "id" : 205
      },
      "coordonnees" : {
        "fr" : "https://www.ville-pertuis.fr/"
      }
    } ],
    "structureGestion" : {
      "type" : "STRUCTURE",
      "id" : 4612057
    }
  },
  "presentation" : {
    "descriptifCourt" : {
      "libelleFr" : "Rendez-vous tous les vendredis matin à Pertuis pour le marché local dans le centre ville."
    },
    "descriptifDetaille" : {
      "libelleFr" : "Durant ce rendez-vous hebdomadaire, vous flirterez avec des senteurs épicées et vous découvrirez des gourmandises à vous lécher les papilles tous les vendredis matin dans le centre ville."
    }
  },
  "localisation" : {
    "adresse" : {
      "adresse1" : "Cours de la République",
      "codePostal" : "84120",
      "commune" : {
        "id" : 34282
      }
    },
    "geolocalisation" : {
      "complement" : {
        "libelleFr" : "parking de la Dévalade\r\nparking Vignes\r\nparking rue Hoche"
      },
      "valide" : true,
      "geoJson" : {
        "type" : "Point",
        "coordinates" : [ 5.500664, 43.691843 ]
      }
    },
    "perimetreGeographique" : [ {
      "id" : 34282
    } ]
  },
  "liens" : {
    "liensObjetsTouristiquesTypes" : [ {
      "type" : "COUPS_DE_COEUR_INCONTOURNABLES",
      "libelleFr" : "Coups de cœur / incontournables",
      "libelleEn" : "Firm favourites / must-sees",
      "libelleEs" : "Preferidos / imprescindibles",
      "libelleIt" : "Luogo d'eccezione/luogo da non perdere",
      "libelleDe" : "Highlights / Must-sees",
      "libelleNl" : "Favorieten / hoogtepunten",
      "libelleRu" : "Самые популярные места",
      "libelleZh" : "倾心推荐/不容错过的景点",
      "libellePtBR" : "Favoritos / indispensáveis",
      "libelleJa" : "おすすめ／お決まり",
      "objetTouristique" : {
        "type" : "EQUIPEMENT",
        "id" : 4651451
      }
    }, {
      "type" : "COUPS_DE_COEUR_INCONTOURNABLES",
      "libelleFr" : "Coups de cœur / incontournables",
      "libelleEn" : "Firm favourites / must-sees",
      "libelleEs" : "Preferidos / imprescindibles",
      "libelleIt" : "Luogo d'eccezione/luogo da non perdere",
      "libelleDe" : "Highlights / Must-sees",
      "libelleNl" : "Favorieten / hoogtepunten",
      "libelleRu" : "Самые популярные места",
      "libelleZh" : "倾心推荐/不容错过的景点",
      "libellePtBR" : "Favoritos / indispensáveis",
      "libelleJa" : "おすすめ／お決まり",
      "objetTouristique" : {
        "type" : "EQUIPEMENT",
        "id" : 4704922
      }
    }, {
      "type" : "COUPS_DE_COEUR_INCONTOURNABLES",
      "libelleFr" : "Coups de cœur / incontournables",
      "libelleEn" : "Firm favourites / must-sees",
      "libelleEs" : "Preferidos / imprescindibles",
      "libelleIt" : "Luogo d'eccezione/luogo da non perdere",
      "libelleDe" : "Highlights / Must-sees",
      "libelleNl" : "Favorieten / hoogtepunten",
      "libelleRu" : "Самые популярные места",
      "libelleZh" : "倾心推荐/不容错过的景点",
      "libellePtBR" : "Favoritos / indispensáveis",
      "libelleJa" : "おすすめ／お決まり",
      "objetTouristique" : {
        "type" : "PATRIMOINE_CULTUREL",
        "id" : 4664122
      }
    }, {
      "type" : "COUPS_DE_COEUR_INCONTOURNABLES",
      "libelleFr" : "Coups de cœur / incontournables",
      "libelleEn" : "Firm favourites / must-sees",
      "libelleEs" : "Preferidos / imprescindibles",
      "libelleIt" : "Luogo d'eccezione/luogo da non perdere",
      "libelleDe" : "Highlights / Must-sees",
      "libelleNl" : "Favorieten / hoogtepunten",
      "libelleRu" : "Самые популярные места",
      "libelleZh" : "倾心推荐/不容错过的景点",
      "libellePtBR" : "Favoritos / indispensáveis",
      "libelleJa" : "おすすめ／お決まり",
      "objetTouristique" : {
        "type" : "EQUIPEMENT",
        "id" : 4675377
      }
    } ]
  },
  "prestations" : {
    "services" : [ {
      "elementReferenceType" : "PrestationService",
      "id" : 687
    } ],
    "animauxAcceptes" : "ACCEPTES",
    "animauxAcceptesSupplement" : "NON_DISPONIBLE",
    "languesParlees" : [ {
      "elementReferenceType" : "Langue",
      "id" : 1197
    } ],
    "tourismesAdaptes" : [ {
      "elementReferenceType" : "TourismeAdapte",
      "id" : 3653
    } ]
  },
  "ouverture" : {
    "periodeEnClair" : {
      "libelleFr" : "Toute l'année, tous les vendredis de 6h à 13h.\n\nAnnulé en cas de mauvais temps.",
      "libelleEn" : "All year round, every Friday between 6 am and 1 pm.\n\nCancelled in case of bad weather.",
      "libelleEs" : "Todo el año, todos los viernes de 6 a 13.\n\nCancelado en caso de mal tiempo.",
      "libelleIt" : "Tutto l'anno, tutti i venerdì dalle 6 alle 13.\n\nAnnulato in caso di maltempo.",
      "libelleDe" : "Ganzjährig, jeden Freitag von 6 Uhr bis 13 Uhr.\n\nStorniert bei Schlechtwetter.",
      "libelleNl" : "Het hele jaar, elke vrijdag van 6.00 tot en met 13.00 u.\n\nAfgelast vanwege slechte weeromstandigheden.",
      "libelleRu" : "В течение всего года, каждый пятницы с 6h до 13h.\n\nАннулируется при плохой погоде.",
      "libelleZh" : "全年, 每星期五 小时小时 和 小时小时 之间.\n\n恶劣天气时取消.",
      "libellePtBR" : "Todo o ano, todas as sextas-feiras de 6h a  13h.\n\nCancelado em caso de mau tempo.",
      "libelleJa" : "オールシーズン, 毎金曜日 6 午前 と 1 午後 の間.\n\n悪天候の場合は中止."
    },
    "periodeEnClairGenerationMode" : "AUTOMATIQUE",
    "indicationsPeriode" : [ {
      "elementReferenceType" : "IndicationPeriode",
      "id" : 436
    }, {
      "elementReferenceType" : "IndicationPeriode",
      "id" : 418
    }, {
      "elementReferenceType" : "IndicationPeriode",
      "id" : 416
    }, {
      "elementReferenceType" : "IndicationPeriode",
      "id" : 435
    } ],
    "periodesOuvertures" : [ {
      "identifiant" : 12891504,
      "dateDebut" : "2017-01-01",
      "dateFin" : "2017-12-31",
      "horaireOuverture" : "06:00:00",
      "horaireFermeture" : "13:00:00",
      "type" : "OUVERTURE_SEMAINE",
      "tousLesAns" : true,
      "ouverturesJournalieres" : [ {
        "jour" : "VENDREDI"
      } ],
      "identifiantTechnique" : 22677566
    } ],
    "ouverturesComplementaires" : [ {
      "elementReferenceType" : "OuvertureComplementaire",
      "id" : 4190
    } ],
    "ouvertTouteLAnnee" : "OUVERT_TOUTE_L_ANNEE"
  },
  "descriptionTarif" : {
    "indicationTarif" : "ACCES_LIBRE",
    "gratuit" : true,
    "tarifsEnClair" : {
      "libelleFr" : "Accès libre.",
      "libelleEn" : "Free access.",
      "libelleEs" : "Acceso libre.",
      "libelleIt" : "Accesso libero.",
      "libelleDe" : "Freier Zugang.",
      "libelleNl" : "Gratis toegang.",
      "libelleRu" : "Вход свободный.",
      "libelleZh" : "自由访问.",
      "libellePtBR" : "Acesso livre.",
      "libelleJa" : "フリーアクセス."
    },
    "tarifsEnClairGenerationMode" : "AUTOMATIQUE",
    "modesPaiement" : [ {
      "elementReferenceType" : "ModePaiement",
      "id" : 1271
    }, {
      "elementReferenceType" : "ModePaiement",
      "id" : 1268
    }, {
      "elementReferenceType" : "ModePaiement",
      "id" : 1277
    } ],
    "devise" : "EUR",
    "conditions" : { }
  },
  "reservation" : { },
  "contacts" : [ {
    "identifiant" : 13219933,
    "referent" : true,
    "nom" : "Office de Tourisme de Pertuis",
    "fonction" : {
      "elementReferenceType" : "ContactFonction",
      "id" : 459
    },
    "autresFonctions" : [ {
      "elementReferenceType" : "ContactFonction",
      "id" : 459
    } ],
    "moyensCommunication" : [ {
      "identifiant" : 38359642,
      "type" : {
        "elementReferenceType" : "MoyenCommunicationType",
        "id" : 201
      },
      "coordonnees" : {
        "fr" : "04 90 79 52 29"
      }
    }, {
      "identifiant" : 38359644,
      "type" : {
        "elementReferenceType" : "MoyenCommunicationType",
        "id" : 204
      },
      "coordonnees" : {
        "fr" : "contact@tourisme-pertuis.fr"
      }
    }, {
      "identifiant" : 38359645,
      "type" : {
        "elementReferenceType" : "MoyenCommunicationType",
        "id" : 205
      },
      "coordonnees" : {
        "fr" : "http://www.ville-pertuis.fr"
      }
    } ]
  } ],
  "illustrations" : [ {
    "identifiant" : 9494164,
    "link" : false,
    "type" : "IMAGE",
    "nom" : {
      "libelleFr" : "Marché régulier de Pertuis"
    },
    "copyright" : {
      "libelleFr" : "Office de Tourisme de Pertuis"
    },
    "traductionFichiers" : [ {
      "locale" : "fr",
      "url" : "https://static.apidae-tourisme.com/filestore/objets-touristiques/images/46/51/9253678.jpg",
      "urlListe" : "https://static.apidae-tourisme.com/filestore/objets-touristiques/images/46/51/9253678-liste.jpg",
      "urlFiche" : "https://static.apidae-tourisme.com/filestore/objets-touristiques/images/46/51/9253678-fiche.jpg",
      "urlDiaporama" : "https://static.apidae-tourisme.com/filestore/objets-touristiques/images/46/51/9253678-diaporama.jpg",
      "extension" : "jpg",
      "fileName" : "IMG_1574",
      "taille" : 667439,
      "hauteur" : 1224,
      "largeur" : 1632,
      "lastModifiedDate" : "2021-02-07T19:51:15.000+0000"
    } ],
    "locked" : false
  }, {
    "identifiant" : 9494165,
    "link" : false,
    "type" : "IMAGE",
    "nom" : {
      "libelleFr" : "Marché régulier de Pertuis"
    },
    "copyright" : {
      "libelleFr" : "Office de Tourisme de Pertuis"
    },
    "traductionFichiers" : [ {
      "locale" : "fr",
      "url" : "https://static.apidae-tourisme.com/filestore/objets-touristiques/images/47/51/9253679.jpg",
      "urlListe" : "https://static.apidae-tourisme.com/filestore/objets-touristiques/images/47/51/9253679-liste.jpg",
      "urlFiche" : "https://static.apidae-tourisme.com/filestore/objets-touristiques/images/47/51/9253679-fiche.jpg",
      "urlDiaporama" : "https://static.apidae-tourisme.com/filestore/objets-touristiques/images/47/51/9253679-diaporama.jpg",
      "extension" : "jpg",
      "fileName" : "IMG_1578",
      "taille" : 693939,
      "hauteur" : 1632,
      "largeur" : 1224,
      "lastModifiedDate" : "2021-02-07T19:51:16.000+0000"
    } ],
    "locked" : false
  }, {
    "identifiant" : 9494166,
    "link" : false,
    "type" : "IMAGE",
    "nom" : {
      "libelleFr" : "Marché régulier de Pertuis"
    },
    "copyright" : {
      "libelleFr" : "Office de Tourisme de Pertuis"
    },
    "traductionFichiers" : [ {
      "locale" : "fr",
      "url" : "https://static.apidae-tourisme.com/filestore/objets-touristiques/images/48/51/9253680.jpg",
      "urlListe" : "https://static.apidae-tourisme.com/filestore/objets-touristiques/images/48/51/9253680-liste.jpg",
      "urlFiche" : "https://static.apidae-tourisme.com/filestore/objets-touristiques/images/48/51/9253680-fiche.jpg",
      "urlDiaporama" : "https://static.apidae-tourisme.com/filestore/objets-touristiques/images/48/51/9253680-diaporama.jpg",
      "extension" : "jpg",
      "fileName" : "IMG_8498",
      "taille" : 1086496,
      "hauteur" : 1224,
      "largeur" : 1632,
      "lastModifiedDate" : "2021-02-07T19:51:17.000+0000"
    } ],
    "locked" : false
  } ],
  "territoires" : [ {
    "type" : "TERRITOIRE",
    "id" : 311231
  }, {
    "type" : "TERRITOIRE",
    "id" : 591419
  }, {
    "type" : "TERRITOIRE",
    "id" : 4645641
  }, {
    "type" : "TERRITOIRE",
    "id" : 4784556
  }, {
    "type" : "TERRITOIRE",
    "id" : 5127066
  }, {
    "type" : "TERRITOIRE",
    "id" : 5427620
  }, {
    "type" : "TERRITOIRE",
    "id" : 5427637
  }, {
    "type" : "TERRITOIRE",
    "id" : 5853837
  }, {
    "type" : "TERRITOIRE",
    "id" : 5853930
  }, {
    "type" : "TERRITOIRE",
    "id" : 5916395
  }, {
    "type" : "TERRITOIRE",
    "id" : 6140533
  } ],
  "datesOuverture" : [ "2022-10-14", "2022-10-21", "2022-10-28", "2022-11-04", "2022-11-11", "2022-11-18", "2022-11-25", "2022-12-02", "2022-12-09", "2022-12-16", "2022-12-23", "2022-12-30", "2023-01-06", "2023-01-13", "2023-01-20", "2023-01-27", "2023-02-03", "2023-02-10", "2023-02-17", "2023-02-24", "2023-03-03", "2023-03-10", "2023-03-17", "2023-03-24", "2023-03-31", "2023-04-07", "2023-04-14", "2023-04-21", "2023-04-28", "2023-05-05", "2023-05-12", "2023-05-19", "2023-05-26", "2023-06-02", "2023-06-09", "2023-06-16", "2023-06-23", "2023-06-30", "2023-07-07", "2023-07-14", "2023-07-21", "2023-07-28", "2023-08-04", "2023-08-11", "2023-08-18", "2023-08-25", "2023-09-01", "2023-09-08", "2023-09-15", "2023-09-22", "2023-09-29", "2023-10-06", "2023-10-13", "2023-10-20", "2023-10-27", "2023-11-03", "2023-11-10", "2023-11-17", "2023-11-24", "2023-12-01", "2023-12-08", "2023-12-15", "2023-12-22", "2023-12-29", "2024-01-05", "2024-01-12", "2024-01-19", "2024-01-26", "2024-02-02", "2024-02-09", "2024-02-16", "2024-02-23", "2024-03-01", "2024-03-08", "2024-03-15", "2024-03-22", "2024-03-29", "2024-04-05", "2024-04-12", "2024-04-19", "2024-04-26", "2024-05-03", "2024-05-10", "2024-05-17", "2024-05-24", "2024-05-31", "2024-06-07", "2024-06-14", "2024-06-21", "2024-06-28", "2024-07-05", "2024-07-12", "2024-07-19", "2024-07-26", "2024-08-02", "2024-08-09", "2024-08-16", "2024-08-23", "2024-08-30", "2024-09-06", "2024-09-13", "2024-09-20", "2024-09-27", "2024-10-04", "2024-10-11" ],
  "informationsFeteEtManifestation" : {
    "typesManifestation" : [ {
      "elementReferenceType" : "FeteEtManifestationType",
      "id" : 1962
    } ],
    "categories" : [ {
      "elementReferenceType" : "FeteEtManifestationCategorie",
      "id" : 2107
    } ],
    "themes" : [ {
      "elementReferenceType" : "FeteEtManifestationTheme",
      "id" : 2292
    } ],
    "portee" : {
      "elementReferenceType" : "FeteEtManifestationPortee",
      "id" : 2351
    }
  },
  "formatVersion" : "v002",
  "expiration" : {
    "expirationAction" : "MASQUER_AUTOMATIQUEMENT"
  },
  "enquete" : { }
}