{
  "type" : "PATRIMOINE_CULTUREL",
  "id" : 5539622,
  "nom" : {
    "libelleFr" : "Le Sentier des Moulins d'Alphonse Daudet",
    "libelleEn" : "The Mill Trail of Alphonse Daudet",
    "libelleEs" : "El camino del molino de Alphonse Daudet",
    "libelleIt" : "Moulin d'Alphonse Daudet",
    "libelleDe" : "Alphonse Daudets \"Der Mühlenpfad\"",
    "libelleNl" : "Moulin d'Alphonse Daudet"
  },
  "identifier" : "SITRA2_PCU_5539622",
  "state" : "PUBLISHED",
  "gestion" : {
    "dateCreation" : "2020-05-27T15:33:34.633+0000",
    "dateModification" : "2022-10-06T12:17:34.998+0000",
    "dateExportModification" : "2022-10-06T12:17:36.235+0000",
    "membreProprietaire" : {
      "type" : {
        "elementReferenceType" : "MembreSitraType",
        "id" : 233
      },
      "nom" : "Régie Tourisme de la CC Vallée Des Baux-Alpilles",
      "dateCreation" : "2020-09-21T13:49:42.365+0000",
      "dateModification" : "2022-10-24T08:49:50.520+0000",
      "id" : 2081
    },
    "signalerUnProblemeMails" : [ "fontvieille@alpillesenprovence.com", "mouries@alpillesenprovence.com", "web@alpillesenprovence.com" ]
  },
  "informations" : {
    "moyensCommunication" : [ {
      "identifiant" : 70514778,
      "type" : {
        "elementReferenceType" : "MoyenCommunicationType",
        "id" : 201
      },
      "coordonnees" : {
        "fr" : "04 90 54 67 49",
        "en" : "00 33 4 90 54 67 49",
        "de" : "00 33 4 90 54 67 49"
      }
    }, {
      "identifiant" : 70514780,
      "type" : {
        "elementReferenceType" : "MoyenCommunicationType",
        "id" : 204
      },
      "coordonnees" : {
        "fr" : "fontvieille@alpillesenprovence.com",
        "en" : "fontvieille@alpillesenprovence.com",
        "de" : "fontvieille@alpillesenprovence.com"
      }
    }, {
      "identifiant" : 70514781,
      "type" : {
        "elementReferenceType" : "MoyenCommunicationType",
        "id" : 205
      },
      "coordonnees" : {
        "fr" : "http://www.alpillesenprovence.com",
        "en" : "http://www.alpillesenprovence.com",
        "de" : "http://www.alpillesenprovence.com"
      }
    } ],
    "informationsLegales" : { },
    "structureGestion" : {
      "type" : "STRUCTURE",
      "id" : 5223773
    },
    "structureInformation" : {
      "type" : "STRUCTURE",
      "id" : 5223773
    }
  },
  "presentation" : {
    "descriptifCourt" : {
      "libelleFr" : "Suivez ce sentier familial et découvrez les lieux qui ont inspirés Alphonse Daudet. C'est une boucle en pleine nature, depuis le Bureau d'Information Touristique jusqu’au Château de Montauban, en se promenant au pied des quatre moulins à vent.",
      "libelleEn" : "Follow this family trail and discover the places that inspired Alphonse Daudet. It is a loop in the middle of nature, from the Tourist Information Office to the Château de Montauban, walking at the foot of the four windmills.",
      "libelleEs" : "Siga esta ruta familiar y descubra los lugares que inspiraron a Alphonse Daudet. Se trata de un bucle en plena naturaleza, desde la Oficina de Turismo hasta el Castillo de Montauban, caminando al pie de los cuatro molinos.",
      "libelleDe" : "Folgen Sie diesem Familienpfad und entdecken Sie die Orte, die Alphonse Daudet inspiriert haben. Es handelt sich um einen Rundweg mitten in der Natur, der vom Fremdenverkehrsamt bis zum Schloss von Montauban führt und am Fuße der vier Windmühlen verläuft."
    },
    "descriptifDetaille" : {
      "libelleFr" : "Le Sentier avec les quatre moulins de Fontvieille :\r\n\r\nLe moulin Sourdon, plus communément appelé \"le moulin tombé\", parce qu'il a été le premier à perdre son chapiteau et ses ailes, est le doyen des quatre. Édifié en 1791, il est en activité aux XVIIIe et XIXe siècles. S'élevant à l'écart des autres, seul sur une colline à l'ouest de l'allée des pins, le moulin Sourdon est a été restauré en 2015.\r\n\r\nLe moulin Ribet, Saint-Pierre, ou encore Moulin d'Alphonse Daudet, fut bâti en 1814 et a fonctionné jusqu'en 1915, année ou le blé fut réquisitionné pour la guerre. En 1935, c'est ce moulin, qui est le plus récent et le mieux conservé, que la Société des Amis d'Alphonse Daudet restaure. Il correspond le mieux à la description du moulin rêvé par l'auteur car il possède la salle du bas et sera consacré à l'auteur. \r\n\r\nLe moulin Ramet surplombe le village. Il fût érigé au début du XIXe siècle, et tournera jusque dans les années 1900. Actuellement, seul son fût trône sur la colline.\r\n\r\nLe moulin Tissot-Avon fut le lieu de recueil privilégié d'Alphonse Daudet car il est le plus proche du Château de Montauban (ou il séjourné chez ses cousins, la famille Ambroy). Le moulin cessa son activité en 1905 après près de 100 ans de fonctionnement, quand son dernier propriétaire le meunier Trophime Avon mourra. Il été entièrement restauré en 2016.",
      "libelleEn" : "The path with the four mills of Fontvieille:\r\n\r\nThe Sourdon mill, more commonly known as \"the fallen mill\", because it was the first to lose its capital and its wings, is the oldest of the four. Built in 1791, it was in operation in the 18th and 19th centuries. Standing apart from the others, alone on a hill to the west of the pine alley, the Sourdon mill was restored in 2015.\r\n\r\nThe Ribet, Saint-Pierre or Alphonse Daudet mill was built in 1814 and operated until 1915, when the wheat was requisitioned for the war. In 1935, it is this mill, which is the most recent and best preserved, that the Société des Amis d'Alphonse Daudet is restoring. It corresponds best to the description of the mill dreamed of by the author because it has the lower room and will be dedicated to the author. \r\n\r\nThe Ramet mill overlooks the village. It was built at the beginning of the 19th century, and ran until the 1900s. Nowadays, only its barrel stands on the hill.\r\n\r\nThe Tissot-Avon mill was Alphonse Daudet's favourite place of recollection because it is the closest to the Château de Montauban (where he stayed with his cousins, the Ambroy family). The mill ceased its activity in 1905 after nearly 100 years of operation, when its last owner, the miller Trophime Avon, died. It was fully restored in 2016.\r\n\r\nTranslated with www.DeepL.com/Translator (free version)",
      "libelleEs" : "El camino con los cuatro molinos de Fontvieille:\r\n\r\nEl molino de Sourdon, más conocido como \"el molino caído\", porque fue el primero en perder su capital y sus alas, es el más antiguo de los cuatro. Construido en 1791, estuvo en funcionamiento en los siglos XVIII y XIX. Apartado de los demás, solo en una colina al oeste del callejón de los pinos, el molino de Sourdon fue restaurado en 2015.\r\n\r\nEl molino Ribet, Saint-Pierre o Alphonse Daudet fue construido en 1814 y funcionó hasta 1915, cuando el trigo fue requisado para la guerra. En 1935, es este molino, el más reciente y mejor conservado, el que la Sociedad de Amigos de Alphonse Daudet está restaurando. Corresponde mejor a la descripción del molino soñado por el autor porque tiene la sala inferior y estará dedicada al autor. \r\n\r\nEl molino Ramet domina el pueblo. Se construyó a principios del siglo XIX y funcionó hasta la década de 1900. Hoy en día, sólo su barril se mantiene en la colina.\r\n\r\nEl molino de Tissot-Avon era el lugar preferido de Alphonse Daudet por ser el más cercano al castillo de Montauban (donde se alojaba con sus primos, los Ambroy). El molino cesó su actividad en 1905, tras casi 100 años de funcionamiento, cuando murió su último propietario, el molinero Trophime Avon. Se restauró por completo en 2016.",
      "libelleDe" : "Der Weg mit den vier Mühlen von Fontvieille:\r\n\r\nDie Mühle von Sourdon, die im Volksmund \"die gefallene Mühle\" genannt wird, weil sie als erste ihr Kapital und ihre Flügel verloren hat, ist die älteste der vier Mühlen. Es wurde 1791 erbaut und war im 18. und 19. Jahrhundert in Betrieb. Die Mühle von Sourdon, die einsam auf einem Hügel westlich der Kiefernallee steht, wurde 2015 restauriert.\r\n\r\nDie Mühle von Ribet, Saint-Pierre oder Alphonse Daudet wurde 1814 gebaut und war bis 1915 in Betrieb, als der Weizen für den Krieg beschlagnahmt wurde. Im Jahr 1935 restauriert die Société des Amis d'Alphonse Daudet diese Mühle, die die jüngste und am besten erhaltene ist. Sie entspricht am besten der Beschreibung der Mühle, von der der Autor geträumt hat, weil sie den unteren Raum hat und dem Autor gewidmet sein wird. \r\n\r\nDie Ramet-Mühle überblickt das Dorf. Es wurde zu Beginn des 19. Jahrhunderts gebaut und bis um 1900 betrieben. Heute steht nur noch das Fass auf dem Hügel.\r\n\r\nDie Mühle von Tissot-Avon war Alphonse Daudets bevorzugter Erinnerungsort, da sie dem Château de Montauban (wo er bei seinen Cousins, der Familie Ambroy, wohnte) am nächsten liegt. Die Mühle stellte ihren Betrieb 1905 nach fast 100 Jahren ein, als ihr letzter Besitzer, der Müller Trophime Avon, starb. Es wurde 2016 vollständig restauriert.\r\n\r\nÜbersetzt mit www.DeepL.com/Translator (kostenlose Version)"
    }
  },
  "localisation" : {
    "adresse" : {
      "adresse1" : "Avenue Des Moulins",
      "codePostal" : "13990",
      "bureauDistribution" : "FONTVIEILLE",
      "commune" : {
        "id" : 4449
      }
    },
    "geolocalisation" : {
      "complement" : {
        "libelleFr" : "En arrivant centre du village, prendre l'allée des pins : le site est à 500 mètres"
      },
      "valide" : true,
      "geoJson" : {
        "type" : "Point",
        "coordinates" : [ 4.709916, 43.724576 ]
      }
    },
    "perimetreGeographique" : [ {
      "id" : 4449
    } ]
  },
  "liens" : {
    "liensObjetsTouristiquesTypes" : [ {
      "type" : "SUR_PLACE",
      "libelleFr" : "Sur place",
      "libelleEn" : "On the premises",
      "libelleEs" : "In situ",
      "libelleIt" : "Sul posto",
      "libelleDe" : "Vor Ort",
      "libelleNl" : "Ter plaatse",
      "libelleRu" : "На месте",
      "libelleZh" : "堂食",
      "libellePtBR" : "No local",
      "libelleJa" : "現地で",
      "objetTouristique" : {
        "type" : "PATRIMOINE_CULTUREL",
        "id" : 5543245
      }
    }, {
      "type" : "SUR_PLACE",
      "libelleFr" : "Sur place",
      "libelleEn" : "On the premises",
      "libelleEs" : "In situ",
      "libelleIt" : "Sul posto",
      "libelleDe" : "Vor Ort",
      "libelleNl" : "Ter plaatse",
      "libelleRu" : "На месте",
      "libelleZh" : "堂食",
      "libellePtBR" : "No local",
      "libelleJa" : "現地で",
      "objetTouristique" : {
        "type" : "PATRIMOINE_CULTUREL",
        "id" : 5538367
      }
    }, {
      "type" : "SUR_PLACE",
      "libelleFr" : "Sur place",
      "libelleEn" : "On the premises",
      "libelleEs" : "In situ",
      "libelleIt" : "Sul posto",
      "libelleDe" : "Vor Ort",
      "libelleNl" : "Ter plaatse",
      "libelleRu" : "На месте",
      "libelleZh" : "堂食",
      "libellePtBR" : "No local",
      "libelleJa" : "現地で",
      "objetTouristique" : {
        "type" : "PATRIMOINE_CULTUREL",
        "id" : 5538388
      }
    } ]
  },
  "prestations" : {
    "equipements" : [ {
      "elementReferenceType" : "PrestationEquipement",
      "id" : 972
    }, {
      "elementReferenceType" : "PrestationEquipement",
      "id" : 1321
    }, {
      "elementReferenceType" : "PrestationEquipement",
      "id" : 1322
    } ],
    "animauxAcceptes" : "NON_DISPONIBLE",
    "animauxAcceptesSupplement" : "NON_DISPONIBLE",
    "complementAccueil" : {
      "libelleFr" : "Parking autocar\r\nParking public",
      "libelleEn" : "Accessible for disabled",
      "libelleIt" : "Accessibile ai disabili",
      "libelleDe" : "Zugänglich für Behinderte",
      "libelleNl" : "Toegankelijk voor mensen met een handicap"
    }
  },
  "ouverture" : {
    "periodeEnClair" : {
      "libelleFr" : "Toute l'année, tous les jours.\nLe Sentier des moulins est accessible toute l'année. Le Moulin de Daudet se visite uniquement en saison (avril à octobre).",
      "libelleEn" : "All year round, daily.\nThe Mill Trail is accessible all year round. The Moulin de Daudet can only be visited in season (April to October).",
      "libelleEs" : "Todo el año, todos los dias.\nEl Mill Trail es accesible durante todo el año. El Moulin de Daudet sólo puede visitarse en temporada (de abril a octubre).",
      "libelleIt" : "Tutto l'anno, ogni giorno.",
      "libelleDe" : "Ganzjährig, täglich.\nDer Sentier des moulins (Mühlenpfad) ist das ganze Jahr über zugänglich. Die Moulin de Daudet kann nur in der Saison (April bis Oktober) besichtigt werden.",
      "libelleNl" : "Het hele jaar, iedere dag.",
      "libelleRu" : "В течение всего года, ежедневно.",
      "libelleZh" : "全年, 日常.",
      "libellePtBR" : "Todo o ano, todos os dias.",
      "libelleJa" : "オールシーズン, 毎日."
    },
    "periodeEnClairGenerationMode" : "AUTOMATIQUE",
    "indicationsPeriode" : [ {
      "elementReferenceType" : "IndicationPeriode",
      "id" : 416
    }, {
      "elementReferenceType" : "IndicationPeriode",
      "id" : 418
    }, {
      "elementReferenceType" : "IndicationPeriode",
      "id" : 435
    }, {
      "elementReferenceType" : "IndicationPeriode",
      "id" : 436
    } ],
    "periodesOuvertures" : [ {
      "identifiant" : 20042551,
      "dateDebut" : "2020-01-01",
      "dateFin" : "2020-12-31",
      "complementHoraire" : {
        "libelleFr" : "Le Sentier des moulins est accessible toute l'année. Le Moulin de Daudet se visite uniquement en saison (avril à octobre)",
        "libelleEn" : "The Mill Trail is accessible all year round. The Moulin de Daudet can only be visited in season (April to October)",
        "libelleEs" : "El Mill Trail es accesible durante todo el año. El Moulin de Daudet sólo puede visitarse en temporada (de abril a octubre)",
        "libelleDe" : "Der Sentier des moulins (Mühlenpfad) ist das ganze Jahr über zugänglich. Die Moulin de Daudet kann nur in der Saison (April bis Oktober) besichtigt werden."
      },
      "type" : "OUVERTURE_TOUS_LES_JOURS",
      "tousLesAns" : true,
      "identifiantTechnique" : 24444946
    } ],
    "ouvertTouteLAnnee" : "OUVERT_TOUTE_L_ANNEE"
  },
  "descriptionTarif" : {
    "indicationTarif" : "ACCES_LIBRE",
    "gratuit" : true,
    "tarifsEnClair" : {
      "libelleFr" : "Accès libre.",
      "libelleEn" : "Free access.",
      "libelleEs" : "Acceso libre.",
      "libelleIt" : "Accesso libero.",
      "libelleDe" : "Freier Zugang.",
      "libelleNl" : "Gratis toegang.",
      "libelleRu" : "Вход свободный.",
      "libelleZh" : "自由访问.",
      "libellePtBR" : "Acesso livre.",
      "libelleJa" : "フリーアクセス."
    },
    "tarifsEnClairGenerationMode" : "AUTOMATIQUE",
    "complement" : { },
    "devise" : "EUR",
    "conditions" : { }
  },
  "reservation" : { },
  "criteresInternes" : [ {
    "id" : 16775
  }, {
    "id" : 16902
  }, {
    "id" : 18428
  }, {
    "id" : 23062
  } ],
  "contacts" : [ {
    "identifiant" : 17644539,
    "referent" : true,
    "nom" : "BUREAU D'INFORMATION TOURISTIQUE",
    "fonction" : {
      "elementReferenceType" : "ContactFonction",
      "id" : 459
    },
    "moyensCommunication" : [ {
      "identifiant" : 81745353,
      "type" : {
        "elementReferenceType" : "MoyenCommunicationType",
        "id" : 201
      },
      "coordonnees" : {
        "fr" : "04 90 54 67 49"
      }
    }, {
      "identifiant" : 81745354,
      "type" : {
        "elementReferenceType" : "MoyenCommunicationType",
        "id" : 204
      },
      "coordonnees" : {
        "fr" : "contact@fontvieille-provence.com"
      }
    } ]
  } ],
  "illustrations" : [ {
    "identifiant" : 9119448,
    "link" : false,
    "type" : "IMAGE",
    "nom" : {
      "libelleFr" : "Moulin Tissot Avon"
    },
    "legende" : {
      "libelleFr" : "Moulin Tissot Avon"
    },
    "copyright" : {
      "libelleFr" : "Bureau d'Information Touristique Fontvieille"
    },
    "traductionFichiers" : [ {
      "locale" : "fr",
      "url" : "https://static.apidae-tourisme.com/filestore/objets-touristiques/images/34/103/8873762.jpg",
      "urlListe" : "https://static.apidae-tourisme.com/filestore/objets-touristiques/images/34/103/8873762-liste.jpg",
      "urlFiche" : "https://static.apidae-tourisme.com/filestore/objets-touristiques/images/34/103/8873762-fiche.jpg",
      "urlDiaporama" : "https://static.apidae-tourisme.com/filestore/objets-touristiques/images/34/103/8873762-diaporama.jpg",
      "extension" : "jpg",
      "fileName" : "Moulin Tissot Avon",
      "taille" : 582968,
      "hauteur" : 1440,
      "largeur" : 2571,
      "lastModifiedDate" : "2020-11-23T16:01:51.000+0000"
    } ],
    "locked" : false
  }, {
    "identifiant" : 9119375,
    "link" : false,
    "type" : "IMAGE",
    "nom" : {
      "libelleFr" : "Moulin Sourdon"
    },
    "legende" : {
      "libelleFr" : "Moulin Sourdon"
    },
    "copyright" : {
      "libelleFr" : "Bureau d'Information Touristique Fontvieille"
    },
    "traductionFichiers" : [ {
      "locale" : "fr",
      "url" : "https://static.apidae-tourisme.com/filestore/objets-touristiques/images/221/102/8873693.jpg",
      "urlListe" : "https://static.apidae-tourisme.com/filestore/objets-touristiques/images/221/102/8873693-liste.jpg",
      "urlFiche" : "https://static.apidae-tourisme.com/filestore/objets-touristiques/images/221/102/8873693-fiche.jpg",
      "urlDiaporama" : "https://static.apidae-tourisme.com/filestore/objets-touristiques/images/221/102/8873693-diaporama.jpg",
      "extension" : "jpg",
      "fileName" : "Moulin Sourdon",
      "taille" : 229684,
      "hauteur" : 1440,
      "largeur" : 1920,
      "lastModifiedDate" : "2020-11-23T15:54:12.000+0000"
    } ],
    "locked" : false
  }, {
    "identifiant" : 9119374,
    "link" : false,
    "type" : "IMAGE",
    "nom" : {
      "libelleFr" : "Moulin Ramet"
    },
    "legende" : {
      "libelleFr" : "Moulin Ramet"
    },
    "copyright" : {
      "libelleFr" : "Bureau d'Information Touristique Fontvieille"
    },
    "traductionFichiers" : [ {
      "locale" : "fr",
      "url" : "https://static.apidae-tourisme.com/filestore/objets-touristiques/images/220/102/8873692.jpg",
      "urlListe" : "https://static.apidae-tourisme.com/filestore/objets-touristiques/images/220/102/8873692-liste.jpg",
      "urlFiche" : "https://static.apidae-tourisme.com/filestore/objets-touristiques/images/220/102/8873692-fiche.jpg",
      "urlDiaporama" : "https://static.apidae-tourisme.com/filestore/objets-touristiques/images/220/102/8873692-diaporama.jpg",
      "extension" : "jpg",
      "fileName" : "Moulin Ramet",
      "taille" : 843398,
      "hauteur" : 1440,
      "largeur" : 1920,
      "lastModifiedDate" : "2020-11-23T15:54:13.000+0000"
    } ],
    "locked" : false
  }, {
    "identifiant" : 9119489,
    "link" : false,
    "type" : "IMAGE",
    "nom" : {
      "libelleFr" : "Château de Montauban"
    },
    "legende" : {
      "libelleFr" : "Château de Montauban"
    },
    "copyright" : {
      "libelleFr" : "Bureau d'Information Touristique Fontvieille"
    },
    "traductionFichiers" : [ {
      "locale" : "fr",
      "url" : "https://static.apidae-tourisme.com/filestore/objets-touristiques/images/70/103/8873798.jpg",
      "urlListe" : "https://static.apidae-tourisme.com/filestore/objets-touristiques/images/70/103/8873798-liste.jpg",
      "urlFiche" : "https://static.apidae-tourisme.com/filestore/objets-touristiques/images/70/103/8873798-fiche.jpg",
      "urlDiaporama" : "https://static.apidae-tourisme.com/filestore/objets-touristiques/images/70/103/8873798-diaporama.jpg",
      "extension" : "jpg",
      "fileName" : "Chateau de Montauban 2",
      "taille" : 456563,
      "hauteur" : 1440,
      "largeur" : 1920,
      "lastModifiedDate" : "2020-11-23T16:01:50.000+0000"
    } ],
    "locked" : false
  }, {
    "identifiant" : 9119518,
    "link" : false,
    "type" : "IMAGE",
    "nom" : {
      "libelleFr" : "Sentier des moulins"
    },
    "legende" : {
      "libelleFr" : "Sentier des moulins"
    },
    "copyright" : {
      "libelleFr" : "Bureau d'Information Touristique Fontvieille"
    },
    "traductionFichiers" : [ {
      "locale" : "fr",
      "url" : "https://static.apidae-tourisme.com/filestore/objets-touristiques/images/99/103/8873827.jpg",
      "urlListe" : "https://static.apidae-tourisme.com/filestore/objets-touristiques/images/99/103/8873827-liste.jpg",
      "urlFiche" : "https://static.apidae-tourisme.com/filestore/objets-touristiques/images/99/103/8873827-fiche.jpg",
      "urlDiaporama" : "https://static.apidae-tourisme.com/filestore/objets-touristiques/images/99/103/8873827-diaporama.jpg",
      "extension" : "jpg",
      "fileName" : "Sentier des moulins 1",
      "taille" : 3625741,
      "hauteur" : 3264,
      "largeur" : 2448,
      "lastModifiedDate" : "2020-11-23T16:06:11.000+0000"
    } ],
    "locked" : false
  }, {
    "identifiant" : 9119519,
    "link" : false,
    "type" : "IMAGE",
    "nom" : {
      "libelleFr" : "Sentier des moulins"
    },
    "legende" : {
      "libelleFr" : "Sentier des moulins"
    },
    "copyright" : {
      "libelleFr" : "Bureau d'Information Touristique Fontvieille"
    },
    "traductionFichiers" : [ {
      "locale" : "fr",
      "url" : "https://static.apidae-tourisme.com/filestore/objets-touristiques/images/100/103/8873828.jpg",
      "urlListe" : "https://static.apidae-tourisme.com/filestore/objets-touristiques/images/100/103/8873828-liste.jpg",
      "urlFiche" : "https://static.apidae-tourisme.com/filestore/objets-touristiques/images/100/103/8873828-fiche.jpg",
      "urlDiaporama" : "https://static.apidae-tourisme.com/filestore/objets-touristiques/images/100/103/8873828-diaporama.jpg",
      "extension" : "jpg",
      "fileName" : "Sentier des moulins 2",
      "taille" : 793239,
      "hauteur" : 1440,
      "largeur" : 2571,
      "lastModifiedDate" : "2020-11-23T16:06:10.000+0000"
    } ],
    "locked" : false
  }, {
    "identifiant" : 9119520,
    "link" : false,
    "type" : "IMAGE",
    "nom" : {
      "libelleFr" : "Sentier des moulins"
    },
    "legende" : {
      "libelleFr" : "Sentier des moulins"
    },
    "copyright" : {
      "libelleFr" : "Bureau d'Information Touristique Fontvieille"
    },
    "traductionFichiers" : [ {
      "locale" : "fr",
      "url" : "https://static.apidae-tourisme.com/filestore/objets-touristiques/images/101/103/8873829.jpg",
      "urlListe" : "https://static.apidae-tourisme.com/filestore/objets-touristiques/images/101/103/8873829-liste.jpg",
      "urlFiche" : "https://static.apidae-tourisme.com/filestore/objets-touristiques/images/101/103/8873829-fiche.jpg",
      "urlDiaporama" : "https://static.apidae-tourisme.com/filestore/objets-touristiques/images/101/103/8873829-diaporama.jpg",
      "extension" : "jpg",
      "fileName" : "Sentier des moulins 3",
      "taille" : 752383,
      "hauteur" : 1440,
      "largeur" : 2571,
      "lastModifiedDate" : "2020-11-23T16:06:09.000+0000"
    } ],
    "locked" : false
  }, {
    "identifiant" : 9119372,
    "link" : false,
    "type" : "IMAGE",
    "nom" : {
      "libelleFr" : "Moulin de Daudet"
    },
    "legende" : {
      "libelleFr" : "Moulin de Daudet"
    },
    "copyright" : {
      "libelleFr" : "Bureau d'Information Touristique Fontvieille"
    },
    "traductionFichiers" : [ {
      "locale" : "fr",
      "url" : "https://static.apidae-tourisme.com/filestore/objets-touristiques/images/218/102/8873690.jpg",
      "urlListe" : "https://static.apidae-tourisme.com/filestore/objets-touristiques/images/218/102/8873690-liste.jpg",
      "urlFiche" : "https://static.apidae-tourisme.com/filestore/objets-touristiques/images/218/102/8873690-fiche.jpg",
      "urlDiaporama" : "https://static.apidae-tourisme.com/filestore/objets-touristiques/images/218/102/8873690-diaporama.jpg",
      "extension" : "jpg",
      "fileName" : "Moulin Daudet ",
      "taille" : 267465,
      "hauteur" : 1440,
      "largeur" : 2160,
      "lastModifiedDate" : "2020-11-23T15:54:14.000+0000"
    } ],
    "locked" : false
  } ],
  "visites" : {
    "visitable" : false
  },
  "territoires" : [ {
    "type" : "TERRITOIRE",
    "id" : 591381
  }, {
    "type" : "TERRITOIRE",
    "id" : 591419
  }, {
    "type" : "TERRITOIRE",
    "id" : 658199
  }, {
    "type" : "TERRITOIRE",
    "id" : 4819487
  }, {
    "type" : "TERRITOIRE",
    "id" : 4881511
  }, {
    "type" : "TERRITOIRE",
    "id" : 5127066
  }, {
    "type" : "TERRITOIRE",
    "id" : 5427354
  }, {
    "type" : "TERRITOIRE",
    "id" : 5447176
  }, {
    "type" : "TERRITOIRE",
    "id" : 5447185
  } ],
  "datesOuverture" : [ "2022-11-06", "2022-11-07", "2022-11-08", "2022-11-09", "2022-11-10", "2022-11-11", "2022-11-12", "2022-11-13", "2022-11-14", "2022-11-15", "2022-11-16", "2022-11-17", "2022-11-18", "2022-11-19", "2022-11-20", "2022-11-21", "2022-11-22", "2022-11-23", "2022-11-24", "2022-11-25", "2022-11-26", "2022-11-27", "2022-11-28", "2022-11-29", "2022-11-30", "2022-12-01", "2022-12-02", "2022-12-03", "2022-12-04", "2022-12-05", "2022-12-06", "2022-12-07", "2022-12-08", "2022-12-09", "2022-12-10", "2022-12-11", "2022-12-12", "2022-12-13", "2022-12-14", "2022-12-15", "2022-12-16", "2022-12-17", "2022-12-18", "2022-12-19", "2022-12-20", "2022-12-21", "2022-12-22", "2022-12-23", "2022-12-24", "2022-12-25", "2022-12-26", "2022-12-27", "2022-12-28", "2022-12-29", "2022-12-30", "2022-12-31", "2023-01-01", "2023-01-02", "2023-01-03", "2023-01-04", "2023-01-05", "2023-01-06", "2023-01-07", "2023-01-08", "2023-01-09", "2023-01-10", "2023-01-11", "2023-01-12", "2023-01-13", "2023-01-14", "2023-01-15", "2023-01-16", "2023-01-17", "2023-01-18", "2023-01-19", "2023-01-20", "2023-01-21", "2023-01-22", "2023-01-23", "2023-01-24", "2023-01-25", "2023-01-26", "2023-01-27", "2023-01-28", "2023-01-29", "2023-01-30", "2023-01-31", "2023-02-01", "2023-02-02", "2023-02-03", "2023-02-04", "2023-02-05", "2023-02-06", "2023-02-07", "2023-02-08", "2023-02-09", "2023-02-10", "2023-02-11", "2023-02-12", "2023-02-13", "2023-02-14", "2023-02-15", "2023-02-16", "2023-02-17", "2023-02-18", "2023-02-19", "2023-02-20", "2023-02-21", "2023-02-22", "2023-02-23", "2023-02-24", "2023-02-25", "2023-02-26", "2023-02-27", "2023-02-28", "2023-03-01", "2023-03-02", "2023-03-03", "2023-03-04", "2023-03-05", "2023-03-06", "2023-03-07", "2023-03-08", "2023-03-09", "2023-03-10", "2023-03-11", "2023-03-12", "2023-03-13", "2023-03-14", "2023-03-15", "2023-03-16", "2023-03-17", "2023-03-18", "2023-03-19", "2023-03-20", "2023-03-21", "2023-03-22", "2023-03-23", "2023-03-24", "2023-03-25", "2023-03-26", "2023-03-27", "2023-03-28", "2023-03-29", "2023-03-30", "2023-03-31", "2023-04-01", "2023-04-02", "2023-04-03", "2023-04-04", "2023-04-05", "2023-04-06", "2023-04-07", "2023-04-08", "2023-04-09", "2023-04-10", "2023-04-11", "2023-04-12", "2023-04-13", "2023-04-14", "2023-04-15", "2023-04-16", "2023-04-17", "2023-04-18", "2023-04-19", "2023-04-20", "2023-04-21", "2023-04-22", "2023-04-23", "2023-04-24", "2023-04-25", "2023-04-26", "2023-04-27", "2023-04-28", "2023-04-29", "2023-04-30", "2023-05-01", "2023-05-02", "2023-05-03", "2023-05-04", "2023-05-05", "2023-05-06", "2023-05-07", "2023-05-08", "2023-05-09", "2023-05-10", "2023-05-11", "2023-05-12", "2023-05-13", "2023-05-14", "2023-05-15", "2023-05-16", "2023-05-17", "2023-05-18", "2023-05-19", "2023-05-20", "2023-05-21", "2023-05-22", "2023-05-23", "2023-05-24", "2023-05-25", "2023-05-26", "2023-05-27", "2023-05-28", "2023-05-29", "2023-05-30", "2023-05-31", "2023-06-01", "2023-06-02", "2023-06-03", "2023-06-04", "2023-06-05", "2023-06-06", "2023-06-07", "2023-06-08", "2023-06-09", "2023-06-10", "2023-06-11", "2023-06-12", "2023-06-13", "2023-06-14", "2023-06-15", "2023-06-16", "2023-06-17", "2023-06-18", "2023-06-19", "2023-06-20", "2023-06-21", "2023-06-22", "2023-06-23", "2023-06-24", "2023-06-25", "2023-06-26", "2023-06-27", "2023-06-28", "2023-06-29", "2023-06-30", "2023-07-01", "2023-07-02", "2023-07-03", "2023-07-04", "2023-07-05", "2023-07-06", "2023-07-07", "2023-07-08", "2023-07-09", "2023-07-10", "2023-07-11", "2023-07-12", "2023-07-13", "2023-07-14", "2023-07-15", "2023-07-16", "2023-07-17", "2023-07-18", "2023-07-19", "2023-07-20", "2023-07-21", "2023-07-22", "2023-07-23", "2023-07-24", "2023-07-25", "2023-07-26", "2023-07-27", "2023-07-28", "2023-07-29", "2023-07-30", "2023-07-31", "2023-08-01", "2023-08-02", "2023-08-03", "2023-08-04", "2023-08-05", "2023-08-06", "2023-08-07", "2023-08-08", "2023-08-09", "2023-08-10", "2023-08-11", "2023-08-12", "2023-08-13", "2023-08-14", "2023-08-15", "2023-08-16", "2023-08-17", "2023-08-18", "2023-08-19", "2023-08-20", "2023-08-21", "2023-08-22", "2023-08-23", "2023-08-24", "2023-08-25", "2023-08-26", "2023-08-27", "2023-08-28", "2023-08-29", "2023-08-30", "2023-08-31", "2023-09-01", "2023-09-02", "2023-09-03", "2023-09-04", "2023-09-05", "2023-09-06", "2023-09-07", "2023-09-08", "2023-09-09", "2023-09-10", "2023-09-11", "2023-09-12", "2023-09-13", "2023-09-14", "2023-09-15", "2023-09-16", "2023-09-17", "2023-09-18", "2023-09-19", "2023-09-20", "2023-09-21", "2023-09-22", "2023-09-23", "2023-09-24", "2023-09-25", "2023-09-26", "2023-09-27", "2023-09-28", "2023-09-29", "2023-09-30", "2023-10-01", "2023-10-02", "2023-10-03", "2023-10-04", "2023-10-05", "2023-10-06", "2023-10-07", "2023-10-08", "2023-10-09", "2023-10-10", "2023-10-11", "2023-10-12", "2023-10-13", "2023-10-14", "2023-10-15", "2023-10-16", "2023-10-17", "2023-10-18", "2023-10-19", "2023-10-20", "2023-10-21", "2023-10-22", "2023-10-23", "2023-10-24", "2023-10-25", "2023-10-26", "2023-10-27", "2023-10-28", "2023-10-29", "2023-10-30", "2023-10-31", "2023-11-01", "2023-11-02", "2023-11-03", "2023-11-04", "2023-11-05", "2023-11-06", "2023-11-07", "2023-11-08", "2023-11-09", "2023-11-10", "2023-11-11", "2023-11-12", "2023-11-13", "2023-11-14", "2023-11-15", "2023-11-16", "2023-11-17", "2023-11-18", "2023-11-19", "2023-11-20", "2023-11-21", "2023-11-22", "2023-11-23", "2023-11-24", "2023-11-25", "2023-11-26", "2023-11-27", "2023-11-28", "2023-11-29", "2023-11-30", "2023-12-01", "2023-12-02", "2023-12-03", "2023-12-04", "2023-12-05", "2023-12-06", "2023-12-07", "2023-12-08", "2023-12-09", "2023-12-10", "2023-12-11", "2023-12-12", "2023-12-13", "2023-12-14", "2023-12-15", "2023-12-16", "2023-12-17", "2023-12-18", "2023-12-19", "2023-12-20", "2023-12-21", "2023-12-22", "2023-12-23", "2023-12-24", "2023-12-25", "2023-12-26", "2023-12-27", "2023-12-28", "2023-12-29", "2023-12-30", "2023-12-31", "2024-01-01", "2024-01-02", "2024-01-03", "2024-01-04", "2024-01-05", "2024-01-06", "2024-01-07", "2024-01-08", "2024-01-09", "2024-01-10", "2024-01-11", "2024-01-12", "2024-01-13", "2024-01-14", "2024-01-15", "2024-01-16", "2024-01-17", "2024-01-18", "2024-01-19", "2024-01-20", "2024-01-21", "2024-01-22", "2024-01-23", "2024-01-24", "2024-01-25", "2024-01-26", "2024-01-27", "2024-01-28", "2024-01-29", "2024-01-30", "2024-01-31", "2024-02-01", "2024-02-02", "2024-02-03", "2024-02-04", "2024-02-05", "2024-02-06", "2024-02-07", "2024-02-08", "2024-02-09", "2024-02-10", "2024-02-11", "2024-02-12", "2024-02-13", "2024-02-14", "2024-02-15", "2024-02-16", "2024-02-17", "2024-02-18", "2024-02-19", "2024-02-20", "2024-02-21", "2024-02-22", "2024-02-23", "2024-02-24", "2024-02-25", "2024-02-26", "2024-02-27", "2024-02-28", "2024-02-29", "2024-03-01", "2024-03-02", "2024-03-03", "2024-03-04", "2024-03-05", "2024-03-06", "2024-03-07", "2024-03-08", "2024-03-09", "2024-03-10", "2024-03-11", "2024-03-12", "2024-03-13", "2024-03-14", "2024-03-15", "2024-03-16", "2024-03-17", "2024-03-18", "2024-03-19", "2024-03-20", "2024-03-21", "2024-03-22", "2024-03-23", "2024-03-24", "2024-03-25", "2024-03-26", "2024-03-27", "2024-03-28", "2024-03-29", "2024-03-30", "2024-03-31", "2024-04-01", "2024-04-02", "2024-04-03", "2024-04-04", "2024-04-05", "2024-04-06", "2024-04-07", "2024-04-08", "2024-04-09", "2024-04-10", "2024-04-11", "2024-04-12", "2024-04-13", "2024-04-14", "2024-04-15", "2024-04-16", "2024-04-17", "2024-04-18", "2024-04-19", "2024-04-20", "2024-04-21", "2024-04-22", "2024-04-23", "2024-04-24", "2024-04-25", "2024-04-26", "2024-04-27", "2024-04-28", "2024-04-29", "2024-04-30", "2024-05-01", "2024-05-02", "2024-05-03", "2024-05-04", "2024-05-05", "2024-05-06", "2024-05-07", "2024-05-08", "2024-05-09", "2024-05-10", "2024-05-11", "2024-05-12", "2024-05-13", "2024-05-14", "2024-05-15", "2024-05-16", "2024-05-17", "2024-05-18", "2024-05-19", "2024-05-20", "2024-05-21", "2024-05-22", "2024-05-23", "2024-05-24", "2024-05-25", "2024-05-26", "2024-05-27", "2024-05-28", "2024-05-29", "2024-05-30", "2024-05-31", "2024-06-01", "2024-06-02", "2024-06-03", "2024-06-04", "2024-06-05", "2024-06-06", "2024-06-07", "2024-06-08", "2024-06-09", "2024-06-10", "2024-06-11", "2024-06-12", "2024-06-13", "2024-06-14", "2024-06-15", "2024-06-16", "2024-06-17", "2024-06-18", "2024-06-19", "2024-06-20", "2024-06-21", "2024-06-22", "2024-06-23", "2024-06-24", "2024-06-25", "2024-06-26", "2024-06-27", "2024-06-28", "2024-06-29", "2024-06-30", "2024-07-01", "2024-07-02", "2024-07-03", "2024-07-04", "2024-07-05", "2024-07-06", "2024-07-07", "2024-07-08", "2024-07-09", "2024-07-10", "2024-07-11", "2024-07-12", "2024-07-13", "2024-07-14", "2024-07-15", "2024-07-16", "2024-07-17", "2024-07-18", "2024-07-19", "2024-07-20", "2024-07-21", "2024-07-22", "2024-07-23", "2024-07-24", "2024-07-25", "2024-07-26", "2024-07-27", "2024-07-28", "2024-07-29", "2024-07-30", "2024-07-31", "2024-08-01", "2024-08-02", "2024-08-03", "2024-08-04", "2024-08-05", "2024-08-06", "2024-08-07", "2024-08-08", "2024-08-09", "2024-08-10", "2024-08-11", "2024-08-12", "2024-08-13", "2024-08-14", "2024-08-15", "2024-08-16", "2024-08-17", "2024-08-18", "2024-08-19", "2024-08-20", "2024-08-21", "2024-08-22", "2024-08-23", "2024-08-24", "2024-08-25", "2024-08-26", "2024-08-27", "2024-08-28", "2024-08-29", "2024-08-30", "2024-08-31", "2024-09-01", "2024-09-02", "2024-09-03", "2024-09-04", "2024-09-05", "2024-09-06", "2024-09-07", "2024-09-08", "2024-09-09", "2024-09-10", "2024-09-11", "2024-09-12", "2024-09-13", "2024-09-14", "2024-09-15", "2024-09-16", "2024-09-17", "2024-09-18", "2024-09-19", "2024-09-20", "2024-09-21", "2024-09-22", "2024-09-23", "2024-09-24", "2024-09-25", "2024-09-26", "2024-09-27", "2024-09-28", "2024-09-29", "2024-09-30", "2024-10-01", "2024-10-02", "2024-10-03", "2024-10-04", "2024-10-05", "2024-10-06", "2024-10-07", "2024-10-08", "2024-10-09", "2024-10-10", "2024-10-11", "2024-10-12", "2024-10-13", "2024-10-14", "2024-10-15", "2024-10-16", "2024-10-17", "2024-10-18", "2024-10-19", "2024-10-20", "2024-10-21", "2024-10-22", "2024-10-23", "2024-10-24", "2024-10-25", "2024-10-26", "2024-10-27", "2024-10-28", "2024-10-29", "2024-10-30", "2024-10-31", "2024-11-01", "2024-11-02", "2024-11-03", "2024-11-04", "2024-11-05" ],
  "informationsPatrimoineCulturel" : {
    "patrimoineCulturelType" : {
      "elementReferenceType" : "PatrimoineCulturelType",
      "id" : 3203
    },
    "themes" : [ {
      "elementReferenceType" : "PatrimoineCulturelTheme",
      "id" : 3486
    }, {
      "elementReferenceType" : "PatrimoineCulturelTheme",
      "id" : 3501
    } ],
    "categories" : [ {
      "elementReferenceType" : "PatrimoineCulturelCategorie",
      "id" : 3365
    } ]
  },
  "formatVersion" : "v002",
  "expiration" : { },
  "informationsPrestataireActivites" : {
    "prestataireActivites" : false
  },
  "enquete" : { },
  "donneesPrivees" : [ {
    "nomTechnique" : "1947_Id_patio",
    "libelleFr" : "Id_Patio",
    "ordre" : 1,
    "descriptif" : {
      "libelleFr" : "13T2000318"
    }
  }, {
    "nomTechnique" : "1947_Source_patio",
    "libelleFr" : "Source_Patio",
    "ordre" : 2,
    "descriptif" : {
      "libelleFr" : "OTI Saint Rémy de Provence"
    }
  }, {
    "nomTechnique" : "1947_Url_patio",
    "libelleFr" : "URL_Patio",
    "ordre" : 3,
    "descriptif" : {
      "libelleFr" : "http://www.saintremy-de-provence.com"
    }
  } ]
}