{
  "type" : "PATRIMOINE_CULTUREL",
  "id" : 5538066,
  "nom" : {
    "libelleFr" : "Musée rural d'histoire locale",
    "libelleEn" : "Musée de Jouques",
    "libelleEs" : "Musée de Jouques",
    "libelleIt" : "Musée de Jouques",
    "libelleDe" : "Musée de Jouques",
    "libelleNl" : "Musée de Jouques"
  },
  "identifier" : "SITRA2_PCU_5538066",
  "state" : "PUBLISHED",
  "gestion" : {
    "dateCreation" : "2020-05-26T17:08:40.951+0000",
    "dateModification" : "2022-05-30T12:28:43.999+0000",
    "dateExportModification" : "2022-10-18T12:20:23.518+0000",
    "membreProprietaire" : {
      "type" : {
        "elementReferenceType" : "MembreSitraType",
        "id" : 233
      },
      "nom" : "Commune de Jouques",
      "dateCreation" : "2022-05-13T10:12:40.019+0000",
      "dateModification" : "2022-10-24T08:49:31.697+0000",
      "id" : 2359,
      "siteWeb" : "https://www.jouques.fr/"
    },
    "signalerUnProblemeMails" : [ "communication@jouques.fr", "tourisme@jouques.fr" ]
  },
  "informations" : {
    "moyensCommunication" : [ {
      "identifiant" : 79627655,
      "type" : {
        "elementReferenceType" : "MoyenCommunicationType",
        "id" : 201
      },
      "coordonnees" : {
        "fr" : "04 42 63 76 12"
      }
    }, {
      "identifiant" : 79627656,
      "type" : {
        "elementReferenceType" : "MoyenCommunicationType",
        "id" : 204
      },
      "coordonnees" : {
        "fr" : "lesamisdejouques@orange.fr"
      }
    } ],
    "informationsLegales" : { },
    "structureGestion" : {
      "type" : "STRUCTURE",
      "id" : 5223281
    }
  },
  "presentation" : {
    "descriptifDetaille" : {
      "libelleFr" : "Le musée est situé dans l'ancienne chapelle Saint-Jean. Construite au XVIIème siècle, elle accueillait une confrérie de pénitents blancs. Le musée présente au rez-de-chaussée une collection d'objets et d'outillages de la vie agricole et artisanale traditionnelle et à l'étage une série de 24 ex-votos classés dont le plus ancien remonte à 1676, sur bois et toiles, provenant de la chapelle Notre-Dame de-Consolation et datant des XVIIe XVIIIe et XIXe siècles. Un espace à l'étage est dédié aux expositions temporaires relatives à la vie rurale et artisanale et à la présentation d'oeuvres artistiques.\nLe musée met en vente ses publications notamment son dernier ouvrage d'investigation et de recherche sur Jouques paru en 2006 : \"Jouques un village, son histoire\".\nSurface de l'exposition permanente : 105\nSurface de l'exposition temporaire : 20"
    },
    "descriptifsThematises" : [ {
      "dateDisponibilite" : null,
      "dateLimiteDePublication" : null,
      "theme" : {
        "elementReferenceType" : "DescriptifTheme",
        "id" : 6143
      },
      "description" : {
        "libelleFr" : "Ne pas prendre la rue Grande en voiture."
      }
    } ]
  },
  "localisation" : {
    "adresse" : {
      "adresse1" : "76 Rue Grande",
      "codePostal" : "13490",
      "bureauDistribution" : "JOUQUES",
      "commune" : {
        "id" : 4459
      }
    },
    "geolocalisation" : {
      "complement" : {
        "libelleFr" : "A L'ENTRÉE DU VILLAGE : tourner à droite en direction de l'église Saint Pierre. Se garer sur le parking ou plus bas à gauche sur le parking du cimetière. Au bout de la place, près de la fontaine, prendre la rue des baumes. La longer sur environ 300 mètres. Descendre les escalier à droite et prendre à gauche. Le musée est à 150 mètres environ. \nA L'ARRIVÉE DANS LE VILLAGE : se garer au parking des Anciens Combattants puis se diriger sur le trottoir d'en face vers la mairie et prendre l'escalier à sa gauche. Tourner à gauche, le musée est à 100 mètres environ.\nMairie : Arrêt de bus à 0.2km"
      },
      "valide" : true,
      "geoJson" : {
        "type" : "Point",
        "coordinates" : [ 5.639975, 43.637362 ]
      }
    },
    "perimetreGeographique" : [ {
      "id" : 4459
    } ],
    "environnements" : [ {
      "elementReferenceType" : "Environnement",
      "id" : 173
    }, {
      "elementReferenceType" : "Environnement",
      "id" : 183
    }, {
      "elementReferenceType" : "Environnement",
      "id" : 3974
    }, {
      "elementReferenceType" : "Environnement",
      "id" : 6042
    } ]
  },
  "liens" : { },
  "prestations" : {
    "equipements" : [ {
      "elementReferenceType" : "PrestationEquipement",
      "id" : 972
    }, {
      "elementReferenceType" : "PrestationEquipement",
      "id" : 1321
    }, {
      "elementReferenceType" : "PrestationEquipement",
      "id" : 1322
    } ],
    "services" : [ {
      "elementReferenceType" : "PrestationService",
      "id" : 687
    }, {
      "elementReferenceType" : "PrestationService",
      "id" : 1026
    }, {
      "elementReferenceType" : "PrestationService",
      "id" : 1130
    } ],
    "animauxAcceptes" : "ACCEPTES",
    "animauxAcceptesSupplement" : "NON_DISPONIBLE",
    "activites" : [ {
      "elementReferenceType" : "PrestationActivite",
      "id" : 652
    }, {
      "elementReferenceType" : "PrestationActivite",
      "id" : 6032
    } ],
    "languesParlees" : [ {
      "elementReferenceType" : "Langue",
      "id" : 1197
    } ],
    "complementAccueil" : {
      "libelleFr" : "Accessible pour handicapés\nParking public(Parkings de la place des Anciens Combattants, de l'église Saint Pierre ou du Cimetière)\nParking autocar(Parking de la place des Anciens Combattants)",
      "libelleEn" : "Accessible for disabled",
      "libelleIt" : "Accessibile ai disabili",
      "libelleDe" : "Zugänglich für Behinderte",
      "libelleNl" : "Toegankelijk voor mensen met een handicap"
    },
    "typesClientele" : [ {
      "elementReferenceType" : "TypeClientele",
      "id" : 593
    } ]
  },
  "ouverture" : {
    "periodeEnClair" : {
      "libelleFr" : "Du 01/01 au 30/06, tous les lundis, mercredis, jeudis, vendredis et samedis de 19h30 à 19h.\n\nDu 01/07 au 30/09, tous les lundis, mercredis, jeudis, vendredis et samedis de 19h30 à 19h.\n\nDu 01/10 au 31/12, tous les lundis, mercredis, jeudis, vendredis et samedis de 19h30 à 19h.",
      "libelleEn" : "From 01/01 to 30/06, every Monday, Wednesday, Thursday, Friday and Saturday between 7.30 pm and 7 pm.\n\nFrom 01/07 to 30/09, every Monday, Wednesday, Thursday, Friday and Saturday between 7.30 pm and 7 pm.\n\nFrom 01/10 to 31/12, every Monday, Wednesday, Thursday, Friday and Saturday between 7.30 pm and 7 pm.",
      "libelleEs" : "Del 01/01 al 30/06, todos los lunes, miércoles, jueves, viernes y sábados de 19:30 a 19.\n\nDel 01/07 al 30/09, todos los lunes, miércoles, jueves, viernes y sábados de 19:30 a 19.\n\nDel 01/10 al 31/12, todos los lunes, miércoles, jueves, viernes y sábados de 19:30 a 19.",
      "libelleIt" : "Dal 01/01 al 30/06, tutti i lunedì, mercoledì, giovedì, venerdì e sabati dalle 19:30 alle 19.\n\nDal 01/07 al 30/09, tutti i lunedì, mercoledì, giovedì, venerdì e sabati dalle 19:30 alle 19.\n\nDal 01/10 al 31/12, tutti i lunedì, mercoledì, giovedì, venerdì e sabati dalle 19:30 alle 19.",
      "libelleDe" : "Vom 01/01 bis 30/06, jeden Montag, Mittwoch, Donnerstag, Freitag und Samstag von 19.30 Uhr bis 19 Uhr.\n\nVom 01/07 bis 30/09, jeden Montag, Mittwoch, Donnerstag, Freitag und Samstag von 19.30 Uhr bis 19 Uhr.\n\nVom 01/10 bis 31/12, jeden Montag, Mittwoch, Donnerstag, Freitag und Samstag von 19.30 Uhr bis 19 Uhr.",
      "libelleNl" : "Van 01/01 tot en met 30/06, elke maandag, woensdag, donderdag, vrijdag en zaterdag van 19.30 tot en met 19.00 u.\n\nVan 01/07 tot en met 30/09, elke maandag, woensdag, donderdag, vrijdag en zaterdag van 19.30 tot en met 19.00 u.\n\nVan 01/10 tot en met 31/12, elke maandag, woensdag, donderdag, vrijdag en zaterdag van 19.30 tot en met 19.00 u.",
      "libelleRu" : "С 01/01 до 30/06, каждый понедельники, среды, четверги, пятницы и субботы с 19h30 до 19h.\n\nС 01/07 до 30/09, каждый понедельники, среды, четверги, пятницы и субботы с 19h30 до 19h.\n\nС 01/10 до 31/12, каждый понедельники, среды, четверги, пятницы и субботы с 19h30 до 19h.",
      "libelleZh" : "从 1月1日 到 6月30日, 每星期一, 星期三, 星期四, 星期五 和 星期六 小时小时分钟  和 小时小时 之间.\n\n从 7月1日 到 9月30日, 每星期一, 星期三, 星期四, 星期五 和 星期六 小时小时分钟  和 小时小时 之间.\n\n从 10月1日 到 12月31日, 每星期一, 星期三, 星期四, 星期五 和 星期六 小时小时分钟  和 小时小时 之间.",
      "libellePtBR" : "De 01/01 a 30/06, todas as segundas-feiras, quartas-feiras, quintas-feiras, sextas-feiras e sábados de 19h30 a  19h.\n\nDe 01/07 a 30/09, todas as segundas-feiras, quartas-feiras, quintas-feiras, sextas-feiras e sábados de 19h30 a  19h.\n\nDe 01/10 a 31/12, todas as segundas-feiras, quartas-feiras, quintas-feiras, sextas-feiras e sábados de 19h30 a  19h.",
      "libelleJa" : "01/01 から 30/06 まで, 毎月曜日, 水曜日, 木曜日, 金曜日 と 土曜日 7.30 午後 と 7 午後 の間.\n\n01/07 から 30/09 まで, 毎月曜日, 水曜日, 木曜日, 金曜日 と 土曜日 7.30 午後 と 7 午後 の間.\n\n01/10 から 31/12 まで, 毎月曜日, 水曜日, 木曜日, 金曜日 と 土曜日 7.30 午後 と 7 午後 の間."
    },
    "periodeEnClairGenerationMode" : "AUTOMATIQUE",
    "indicationsPeriode" : [ {
      "elementReferenceType" : "IndicationPeriode",
      "id" : 416
    }, {
      "elementReferenceType" : "IndicationPeriode",
      "id" : 418
    }, {
      "elementReferenceType" : "IndicationPeriode",
      "id" : 435
    }, {
      "elementReferenceType" : "IndicationPeriode",
      "id" : 436
    } ],
    "periodesOuvertures" : [ {
      "identifiant" : 20252123,
      "dateDebut" : "2021-01-01",
      "dateFin" : "2021-06-30",
      "horaireOuverture" : "19:30:00",
      "horaireFermeture" : "19:00:00",
      "type" : "OUVERTURE_SEMAINE",
      "tousLesAns" : true,
      "ouverturesJournalieres" : [ {
        "jour" : "LUNDI"
      }, {
        "jour" : "MERCREDI"
      }, {
        "jour" : "JEUDI"
      }, {
        "jour" : "VENDREDI"
      }, {
        "jour" : "SAMEDI"
      } ],
      "identifiantTechnique" : 20252123
    }, {
      "identifiant" : 20252124,
      "dateDebut" : "2021-07-01",
      "dateFin" : "2021-09-30",
      "horaireOuverture" : "19:30:00",
      "horaireFermeture" : "19:00:00",
      "type" : "OUVERTURE_SEMAINE",
      "tousLesAns" : true,
      "ouverturesJournalieres" : [ {
        "jour" : "LUNDI"
      }, {
        "jour" : "MERCREDI"
      }, {
        "jour" : "JEUDI"
      }, {
        "jour" : "VENDREDI"
      }, {
        "jour" : "SAMEDI"
      } ],
      "identifiantTechnique" : 20252124
    }, {
      "identifiant" : 20252125,
      "dateDebut" : "2021-10-01",
      "dateFin" : "2021-12-31",
      "horaireOuverture" : "19:30:00",
      "horaireFermeture" : "19:00:00",
      "type" : "OUVERTURE_SEMAINE",
      "tousLesAns" : true,
      "ouverturesJournalieres" : [ {
        "jour" : "LUNDI"
      }, {
        "jour" : "MERCREDI"
      }, {
        "jour" : "JEUDI"
      }, {
        "jour" : "VENDREDI"
      }, {
        "jour" : "SAMEDI"
      } ],
      "identifiantTechnique" : 20252125
    } ]
  },
  "descriptionTarif" : {
    "indicationTarif" : "GRATUIT",
    "gratuit" : true,
    "tarifsEnClair" : {
      "libelleFr" : "Gratuit.",
      "libelleEn" : "Free of charge.",
      "libelleEs" : "Gratis.",
      "libelleIt" : "Gratuito.",
      "libelleDe" : "Kostenlos.",
      "libelleNl" : "Gratis.",
      "libelleRu" : "Бесплатно.",
      "libelleZh" : "免费.",
      "libellePtBR" : "Gratuito.",
      "libelleJa" : "無料."
    },
    "tarifsEnClairGenerationMode" : "AUTOMATIQUE",
    "modesPaiement" : [ {
      "elementReferenceType" : "ModePaiement",
      "id" : 1271
    }, {
      "elementReferenceType" : "ModePaiement",
      "id" : 1277
    } ],
    "devise" : "EUR",
    "conditions" : { }
  },
  "reservation" : { },
  "criteresInternes" : [ {
    "id" : 16775
  } ],
  "contacts" : [ {
    "identifiant" : 17636430,
    "referent" : true,
    "civilite" : {
      "elementReferenceType" : "ContactCivilite",
      "id" : 442
    },
    "nom" : "RENAUX",
    "prenom" : "Monique",
    "fonction" : {
      "elementReferenceType" : "ContactFonction",
      "id" : 457
    },
    "moyensCommunication" : [ {
      "identifiant" : 85461862,
      "type" : {
        "elementReferenceType" : "MoyenCommunicationType",
        "id" : 201
      },
      "coordonnees" : {
        "fr" : "04 42 63 76 12"
      }
    } ]
  } ],
  "illustrations" : [ {
    "identifiant" : 9278040,
    "link" : false,
    "type" : "IMAGE",
    "nom" : {
      "libelleFr" : "13T2000688_1_WEB.jpg"
    },
    "traductionFichiers" : [ {
      "locale" : "fr",
      "url" : "https://static.apidae-tourisme.com/filestore/objets-touristiques/images/178/214/9033394.jpg",
      "urlListe" : "https://static.apidae-tourisme.com/filestore/objets-touristiques/images/178/214/9033394-liste.jpg",
      "urlFiche" : "https://static.apidae-tourisme.com/filestore/objets-touristiques/images/178/214/9033394-fiche.jpg",
      "urlDiaporama" : "https://static.apidae-tourisme.com/filestore/objets-touristiques/images/178/214/9033394-diaporama.jpg",
      "extension" : "jpg",
      "fileName" : "full",
      "taille" : 41706,
      "hauteur" : 300,
      "largeur" : 400,
      "lastModifiedDate" : "2020-12-31T05:10:22.000+0000"
    } ],
    "locked" : false
  } ],
  "tourismeAffaires" : {
    "tourismeAffairesEnabled" : true,
    "nombreSallesReunionEquipees" : 2,
    "capaciteMaxAccueil" : 40
  },
  "visites" : {
    "languesPanneauInformation" : [ {
      "elementReferenceType" : "Langue",
      "id" : 1197
    } ],
    "visitable" : true
  },
  "territoires" : [ {
    "type" : "TERRITOIRE",
    "id" : 591381
  }, {
    "type" : "TERRITOIRE",
    "id" : 591419
  }, {
    "type" : "TERRITOIRE",
    "id" : 5127066
  }, {
    "type" : "TERRITOIRE",
    "id" : 5427620
  }, {
    "type" : "TERRITOIRE",
    "id" : 5427637
  }, {
    "type" : "TERRITOIRE",
    "id" : 5460325
  }, {
    "type" : "TERRITOIRE",
    "id" : 5693855
  }, {
    "type" : "TERRITOIRE",
    "id" : 5775948
  }, {
    "type" : "TERRITOIRE",
    "id" : 5853930
  } ],
  "datesOuverture" : [ "2023-01-02", "2023-01-04", "2023-01-05", "2023-01-06", "2023-01-07", "2023-01-09", "2023-01-11", "2023-01-12", "2023-01-13", "2023-01-14", "2023-01-16", "2023-01-18", "2023-01-19", "2023-01-20", "2023-01-21", "2023-01-23", "2023-01-25", "2023-01-26", "2023-01-27", "2023-01-28", "2023-01-30", "2023-02-01", "2023-02-02", "2023-02-03", "2023-02-04", "2023-02-06", "2023-02-08", "2023-02-09", "2023-02-10", "2023-02-11", "2023-02-13", "2023-02-15", "2023-02-16", "2023-02-17", "2023-02-18", "2023-02-20", "2023-02-22", "2023-02-23", "2023-02-24", "2023-02-25", "2023-02-27", "2023-03-01", "2023-03-02", "2023-03-03", "2023-03-04", "2023-03-06", "2023-03-08", "2023-03-09", "2023-03-10", "2023-03-11", "2023-03-13", "2023-03-15", "2023-03-16", "2023-03-17", "2023-03-18", "2023-03-20", "2023-03-22", "2023-03-23", "2023-03-24", "2023-03-25", "2023-03-27", "2023-03-29", "2023-03-30", "2023-03-31", "2023-04-01", "2023-04-03", "2023-04-05", "2023-04-06", "2023-04-07", "2023-04-08", "2023-04-10", "2023-04-12", "2023-04-13", "2023-04-14", "2023-04-15", "2023-04-17", "2023-04-19", "2023-04-20", "2023-04-21", "2023-04-22", "2023-04-24", "2023-04-26", "2023-04-27", "2023-04-28", "2023-04-29", "2023-05-01", "2023-05-03", "2023-05-04", "2023-05-05", "2023-05-06", "2023-05-08", "2023-05-10", "2023-05-11", "2023-05-12", "2023-05-13", "2023-05-15", "2023-05-17", "2023-05-18", "2023-05-19", "2023-05-20", "2023-05-22", "2023-05-24", "2023-05-25", "2023-05-26", "2023-05-27", "2023-05-29", "2023-05-31", "2023-06-01", "2023-06-02", "2023-06-03", "2023-06-05", "2023-06-07", "2023-06-08", "2023-06-09", "2023-06-10", "2023-06-12", "2023-06-14", "2023-06-15", "2023-06-16", "2023-06-17", "2023-06-19", "2023-06-21", "2023-06-22", "2023-06-23", "2023-06-24", "2023-06-26", "2023-06-28", "2023-06-29", "2023-06-30", "2024-01-01", "2024-01-03", "2024-01-04", "2024-01-05", "2024-01-06", "2024-01-08", "2024-01-10", "2024-01-11", "2024-01-12", "2024-01-13", "2024-01-15", "2024-01-17", "2024-01-18", "2024-01-19", "2024-01-20", "2024-01-22", "2024-01-24", "2024-01-25", "2024-01-26", "2024-01-27", "2024-01-29", "2024-01-31", "2024-02-01", "2024-02-02", "2024-02-03", "2024-02-05", "2024-02-07", "2024-02-08", "2024-02-09", "2024-02-10", "2024-02-12", "2024-02-14", "2024-02-15", "2024-02-16", "2024-02-17", "2024-02-19", "2024-02-21", "2024-02-22", "2024-02-23", "2024-02-24", "2024-02-26", "2024-02-28", "2024-02-29", "2024-03-01", "2024-03-02", "2024-03-04", "2024-03-06", "2024-03-07", "2024-03-08", "2024-03-09", "2024-03-11", "2024-03-13", "2024-03-14", "2024-03-15", "2024-03-16", "2024-03-18", "2024-03-20", "2024-03-21", "2024-03-22", "2024-03-23", "2024-03-25", "2024-03-27", "2024-03-28", "2024-03-29", "2024-03-30", "2024-04-01", "2024-04-03", "2024-04-04", "2024-04-05", "2024-04-06", "2024-04-08", "2024-04-10", "2024-04-11", "2024-04-12", "2024-04-13", "2024-04-15", "2024-04-17", "2024-04-18", "2024-04-19", "2024-04-20", "2024-04-22", "2024-04-24", "2024-04-25", "2024-04-26", "2024-04-27", "2024-04-29", "2024-05-01", "2024-05-02", "2024-05-03", "2024-05-04", "2024-05-06", "2024-05-08", "2024-05-09", "2024-05-10", "2024-05-11", "2024-05-13", "2024-05-15", "2024-05-16", "2024-05-17", "2024-05-18", "2024-05-20", "2024-05-22", "2024-05-23", "2024-05-24", "2024-05-25", "2024-05-27", "2024-05-29", "2024-05-30", "2024-05-31", "2024-06-01", "2024-06-03", "2024-06-05", "2024-06-06", "2024-06-07", "2024-06-08", "2024-06-10", "2024-06-12", "2024-06-13", "2024-06-14", "2024-06-15", "2024-06-17", "2024-06-19", "2024-06-20", "2024-06-21", "2024-06-22", "2024-06-24", "2024-06-26", "2024-06-27", "2024-06-28", "2024-06-29", "2023-07-01", "2023-07-03", "2023-07-05", "2023-07-06", "2023-07-07", "2023-07-08", "2023-07-10", "2023-07-12", "2023-07-13", "2023-07-14", "2023-07-15", "2023-07-17", "2023-07-19", "2023-07-20", "2023-07-21", "2023-07-22", "2023-07-24", "2023-07-26", "2023-07-27", "2023-07-28", "2023-07-29", "2023-07-31", "2023-08-02", "2023-08-03", "2023-08-04", "2023-08-05", "2023-08-07", "2023-08-09", "2023-08-10", "2023-08-11", "2023-08-12", "2023-08-14", "2023-08-16", "2023-08-17", "2023-08-18", "2023-08-19", "2023-08-21", "2023-08-23", "2023-08-24", "2023-08-25", "2023-08-26", "2023-08-28", "2023-08-30", "2023-08-31", "2023-09-01", "2023-09-02", "2023-09-04", "2023-09-06", "2023-09-07", "2023-09-08", "2023-09-09", "2023-09-11", "2023-09-13", "2023-09-14", "2023-09-15", "2023-09-16", "2023-09-18", "2023-09-20", "2023-09-21", "2023-09-22", "2023-09-23", "2023-09-25", "2023-09-27", "2023-09-28", "2023-09-29", "2023-09-30", "2024-07-01", "2024-07-03", "2024-07-04", "2024-07-05", "2024-07-06", "2024-07-08", "2024-07-10", "2024-07-11", "2024-07-12", "2024-07-13", "2024-07-15", "2024-07-17", "2024-07-18", "2024-07-19", "2024-07-20", "2024-07-22", "2024-07-24", "2024-07-25", "2024-07-26", "2024-07-27", "2024-07-29", "2024-07-31", "2024-08-01", "2024-08-02", "2024-08-03", "2024-08-05", "2024-08-07", "2024-08-08", "2024-08-09", "2024-08-10", "2024-08-12", "2024-08-14", "2024-08-15", "2024-08-16", "2024-08-17", "2024-08-19", "2024-08-21", "2024-08-22", "2024-08-23", "2024-08-24", "2024-08-26", "2024-08-28", "2024-08-29", "2024-08-30", "2024-08-31", "2024-09-02", "2024-09-04", "2024-09-05", "2024-09-06", "2024-09-07", "2024-09-09", "2024-09-11", "2024-09-12", "2024-09-13", "2024-09-14", "2024-09-16", "2024-09-18", "2024-09-19", "2024-09-20", "2024-09-21", "2024-09-23", "2024-09-25", "2024-09-26", "2024-09-27", "2024-09-28", "2024-09-30", "2022-11-02", "2022-11-03", "2022-11-04", "2022-11-05", "2022-11-07", "2022-11-09", "2022-11-10", "2022-11-11", "2022-11-12", "2022-11-14", "2022-11-16", "2022-11-17", "2022-11-18", "2022-11-19", "2022-11-21", "2022-11-23", "2022-11-24", "2022-11-25", "2022-11-26", "2022-11-28", "2022-11-30", "2022-12-01", "2022-12-02", "2022-12-03", "2022-12-05", "2022-12-07", "2022-12-08", "2022-12-09", "2022-12-10", "2022-12-12", "2022-12-14", "2022-12-15", "2022-12-16", "2022-12-17", "2022-12-19", "2022-12-21", "2022-12-22", "2022-12-23", "2022-12-24", "2022-12-26", "2022-12-28", "2022-12-29", "2022-12-30", "2022-12-31", "2023-10-02", "2023-10-04", "2023-10-05", "2023-10-06", "2023-10-07", "2023-10-09", "2023-10-11", "2023-10-12", "2023-10-13", "2023-10-14", "2023-10-16", "2023-10-18", "2023-10-19", "2023-10-20", "2023-10-21", "2023-10-23", "2023-10-25", "2023-10-26", "2023-10-27", "2023-10-28", "2023-10-30", "2023-11-01", "2023-11-02", "2023-11-03", "2023-11-04", "2023-11-06", "2023-11-08", "2023-11-09", "2023-11-10", "2023-11-11", "2023-11-13", "2023-11-15", "2023-11-16", "2023-11-17", "2023-11-18", "2023-11-20", "2023-11-22", "2023-11-23", "2023-11-24", "2023-11-25", "2023-11-27", "2023-11-29", "2023-11-30", "2023-12-01", "2023-12-02", "2023-12-04", "2023-12-06", "2023-12-07", "2023-12-08", "2023-12-09", "2023-12-11", "2023-12-13", "2023-12-14", "2023-12-15", "2023-12-16", "2023-12-18", "2023-12-20", "2023-12-21", "2023-12-22", "2023-12-23", "2023-12-25", "2023-12-27", "2023-12-28", "2023-12-29", "2023-12-30", "2024-10-02", "2024-10-03", "2024-10-04", "2024-10-05", "2024-10-07", "2024-10-09", "2024-10-10", "2024-10-11", "2024-10-12", "2024-10-14", "2024-10-16", "2024-10-17", "2024-10-18", "2024-10-19", "2024-10-21", "2024-10-23", "2024-10-24", "2024-10-25", "2024-10-26", "2024-10-28", "2024-10-30", "2024-10-31" ],
  "informationsPatrimoineCulturel" : {
    "patrimoineCulturelType" : {
      "elementReferenceType" : "PatrimoineCulturelType",
      "id" : 3201
    },
    "themes" : [ {
      "elementReferenceType" : "PatrimoineCulturelTheme",
      "id" : 3393
    }, {
      "elementReferenceType" : "PatrimoineCulturelTheme",
      "id" : 3416
    }, {
      "elementReferenceType" : "PatrimoineCulturelTheme",
      "id" : 3419
    }, {
      "elementReferenceType" : "PatrimoineCulturelTheme",
      "id" : 3428
    }, {
      "elementReferenceType" : "PatrimoineCulturelTheme",
      "id" : 3432
    }, {
      "elementReferenceType" : "PatrimoineCulturelTheme",
      "id" : 3452
    }, {
      "elementReferenceType" : "PatrimoineCulturelTheme",
      "id" : 3456
    } ]
  },
  "formatVersion" : "v002",
  "expiration" : { },
  "informationsPrestataireActivites" : {
    "prestataireActivites" : true
  },
  "enquete" : { },
  "donneesPrivees" : [ {
    "nomTechnique" : "1947_Id_patio",
    "libelleFr" : "Id_Patio",
    "ordre" : 1,
    "descriptif" : {
      "libelleFr" : "13T2000688"
    }
  }, {
    "nomTechnique" : "1947_Source_patio",
    "libelleFr" : "Source_Patio",
    "ordre" : 2,
    "descriptif" : {
      "libelleFr" : "OT Jouques"
    }
  }, {
    "nomTechnique" : "1947_Url_patio",
    "libelleFr" : "URL_Patio",
    "ordre" : 3,
    "descriptif" : {
      "libelleFr" : "http://tourisme.jouques.fr"
    }
  } ]
}