{
  "type" : "PATRIMOINE_CULTUREL",
  "id" : 5538277,
  "nom" : {
    "libelleFr" : "Carrières de Bibémus",
    "libelleEn" : "The Bibemus Quarries",
    "libelleEs" : "Las Canteras de Bibémus",
    "libelleIt" : "Cave di Bibémus",
    "libelleDe" : "Carrières de Bibémus",
    "libelleNl" : "Carrières de Bibémus"
  },
  "identifier" : "SITRA2_PCU_5538277",
  "state" : "PUBLISHED",
  "gestion" : {
    "dateCreation" : "2020-05-26T17:22:47.674+0000",
    "dateModification" : "2022-04-06T07:47:09.329+0000",
    "dateExportModification" : "2022-11-08T18:29:21.072+0000",
    "membreProprietaire" : {
      "type" : {
        "elementReferenceType" : "MembreSitraType",
        "id" : 233
      },
      "nom" : "Office de Tourisme d'Aix en Provence",
      "dateCreation" : "2020-02-14T10:34:37.912+0000",
      "dateModification" : "2022-10-24T08:49:34.452+0000",
      "id" : 1988,
      "siteWeb" : "http://www.aixenprovencetourism.com"
    },
    "signalerUnProblemeMails" : [ "jchevalier@aixenprovencetourism.com", "sdardenne@aixenprovencetourism.com", "vmontpellaz@aixenprovencetourism.com" ]
  },
  "informations" : {
    "moyensCommunication" : [ {
      "identifiant" : 70537348,
      "type" : {
        "elementReferenceType" : "MoyenCommunicationType",
        "id" : 201
      },
      "coordonnees" : {
        "fr" : "04 42 16 11 61"
      }
    }, {
      "identifiant" : 87714961,
      "type" : {
        "elementReferenceType" : "MoyenCommunicationType",
        "id" : 204
      },
      "coordonnees" : {
        "fr" : "accueil@aixenprovencetourism.com"
      }
    }, {
      "identifiant" : 79628396,
      "type" : {
        "elementReferenceType" : "MoyenCommunicationType",
        "id" : 205
      },
      "coordonnees" : {
        "fr" : "https://www.cezanne-en-provence.com/les-sites-de-cezanne/carrieres-de-bibemus/"
      }
    } ],
    "informationsLegales" : { },
    "structureGestion" : {
      "type" : "STRUCTURE",
      "id" : 5228508
    }
  },
  "presentation" : {
    "descriptifCourt" : {
      "libelleFr" : "Les carrières de Bibémus sont situées sur la route de Vauvenargues, sur un plateau rocheux à la pierre blonde. Cette molasse naturellement ocre a servi à bâtir de nombreux monuments de la ville d'Aix en Provence.",
      "libelleEn" : "The ochre molasse quarries of Bibemus used to supply the pale stone that is so characteristic of numerous monuments in the city of Aix en Provence.",
      "libelleEs" : "Las canteras de Bibémus se encuentran en la carretera de Vauvenargues, en una meseta rocosa de piedra rubia. Esta melaza naturalmente ocre se utilizó para construir muchos monumentos en la ciudad de Aix en Provence.",
      "libelleDe" : "Die Steinbrüche von Bibémus befinden sich an der Straße nach Vauvenargues auf einem Felsplateau mit blondem Stein. Diese von Natur aus ockerfarbene Molasse wurde zum Bau zahlreicher Bauwerke in der Stadt Aix en Provence verwendet."
    },
    "descriptifDetaille" : {
      "libelleFr" : "A l'époque de Cezanne, les carrières étaient pratiquement à l'abandon. Le peintre y louait un petit cabanon où il pouvait mettre ses toiles à l'abri et même y coucher au besoin. Il y peindra 11 huiles et 16 aquarelles au milieu de ce paysage où minéral et végétal se complètent.\r\n\r\nOutre le point de vue sur la Sainte-Victoire et la nature présente dans les toiles du peintre, le site comprend le motif si singulier des roches oranges, aux formes géométriques, dont Cezanne a tiré des oeuvres saisissantes qui annoncent le cubisme et dont la renommée est mondiale.\r\n\r\nAu fil d'un parcours sur le plateau rocheux, vous allez entrer avec émotion au coeur d'un site exceptionnel en pleine nature. Cette promenade ponctuée de reproductions gravées dans le gré émaillé, permet de comparer le motif original du peintre, particulièrement la Sainte Victoire, aux richesses de ce site préservé. \r\n\r\nToutes les visites sont guidées (réservation à l'Office de Tourisme et sur reservation.aixenprovencetourism.com). Les visites libres ne sont pas autorisées. Durée de la visite : environ 1 heure. \r\n\r\nSite de pleine nature, parcours pédestre escarpé nécessitant une bonne mobilité. Chaussures de marche recommandées.\r\n\r\nLes carrières de Bibémus font partie des 3 sites de Cezanne.",
      "libelleEn" : "Situated between the route du Tholonet and the route de Vauvenargues, Bibémus refers to a rocky plateau, part of which was used as a stone quarry for a long period.\r\n\r\nUse of the quarries goes back to ancient times and the stones were used to build Aix in the 17th and 18th centuries. In Cezanne's era, the quarries were practically abandoned. The painter rented a small hut there where he could keep his canvases and even sleep if he needed to. There he painted 11 oils and 16 watercolours in this landscape where mineral and vegetable complement each other.\r\n\r\nAs well as the viewpoint of Mont Sainte-Victoire and the nature portrayed in the painter's works, the site contains the very unusual motif of the orange rocks in geometrical shapes, from which Cezanne drew striking works that heralded Cubism and are renowned the world over.\r\n\r\nGuided tour compulsory (reservation at the Tourist Office and on reservation.aixenprovencetourism.com). Unaccompanied tour not allowed.\r\nDuration: 1 hour.\r\n\r\nThe site is located in the middle of nature, steep path requiring a good level of mobility. Walking shoes recommanded. The Tour takes around 1 hour.",
      "libelleEs" : "Las canteras de asperón ocre de Bibémus proveían antaño la piedra dorada y característica de numerosos monumentos de la ciudad de Aix en Provence. Situado entre la carretera a Tholonet y la carretera a Vauvenargues, Bibémus es una planicie rocosa una parte de la cual fue utilizada durante mucho tiempo como cantera de piedra. \r\n\r\nSu explotación se remonta a la más lejana antigüedad y sirvió para la construcción de Aix en el siglo XVII y XVIII. En la época de Cézanne, la canteras estaban prácticamente abandonadas. El pintor alquiló ahí una pequeña cabaña donde podía guardar sus telas e incluso dormir si lo necesitaba. \r\n\r\nPintó 11 óleos y 16 acuarelas en medio de ese paisaje donde se conjugan lo mineral y lo vegetal. Además de la vista de la montaña Santa Victoria y la naturaleza presente en las telas del pintor, en el sitio se aprecia también el motivo tan singular de las peñas naranja con formas geométricas, a partir de las cuales Cézanne creó obras sorprendentes que preanuncian el cubismo y son de renombre mundial. \r\n\r\nLas canteras pueden visitarse durante el año en horarios muy precisos, El acceso a las Cantera de Bibémus, de tanto valor afectivo para Paul Cézanne, se realiza por la carretera D10, partiendo de Aix en Provence en dirección a Vauvenargues.",
      "libelleIt" : "\"Le cave di molassa color ocra di Bibémus hanno fornito a lungo la pietra bionda, caratteristica di numerosi monumenti della città di Aix en Provence. Situato lungo la strada tra il Tholonet e Vauvenargues, Bibémus si trova su un altopiano roccioso e fu parzialmente adibito a cava di pietra. Lo sfruttamento di questo sito risale alla più alta antichità e servì alla costruzione di Aix nel XVII e XVIII secolo. All'epoca di Cézanne, le cave erano praticamente all'abbandono. Il pittore vi affittò un piccolo capanno, dove poteva riporre le sue tele e dormirvi, se necessario. Vi dipinse 11 oli e 16 acquarelli, immerso in un paesaggio dove il mondo minerale e il mondo vegetale si completano a vicenda. Oltre al panorama che si gode sulla Sainte-Victoire ed alla natura ritratta nelle tele del Maestro, il sito illustra il singolare motivo \r\ndelle rocce arancioni, dalle forme geometriche, da cui Cézanne trasse opere sorprendenti, che preannunciano il cubismo e la cui fama è mondialmente riconosciuta. Le cave sono oggi aperte tutto l'anno, in fasce orarie molto precise e solo previa prenotazione presso i consulenti dell'Ente del Turismo di Aix. Le Cave di Bibémus, così care a Paul Cézanne, sono accessibili percorrendo la D10, in partenza da Aix en Provence verso Vauvenargues.\"",
      "libelleDe" : "Der Sandsteinbruch Bibémus lieferte einstmals den goldgelben Stein, der so charakteristisch für zahlreiche Monumente der Stadt Aix en Provence ist. Er liegt zwischen der Strasse nach Tholonet und der Strasse nach Vauvenargue. \r\n\r\nDer Name Bibémus bezeichnet ein Felsplateau, von dem ein Teil lange Zeit als Steinbruch diente. Die Ausbeutung dieses Steinbruchs geht weit in die Antike zurück und spielte später eine grosse Rolle bei der Errichtung der Aixer Bauten des 17. und 18. Jh.  Zur Zeit Cézannes war der Steinbruch so gut wie ausser Betrieb. Der Maler mietete hier eine Hütte an, in der er seine Leinwände unterstellen und zur Not auch schlafen konnte. Inmitten dieser Landschaft, in der Mineral- und Pflanzenreich sich ergänzen malte er 11 Ölbilder und 16 Aquarelle. \r\n\r\n Neben dem Blick auf die Sainte Victoire und der Natur, die man auf den Bildern des Malers sehen kann, findet man hier das so eigentümlich Motiv der geometrisch geformten  orangefarbenen Felsen, mit denen Cézanne faszinierende Werke schuf, die bereits den Kubismus ankündigen und die heute in der ganzen Welt bekannt sind. \r\n\r\nDer Steinbruch ist künftig ganzjährig geöffnet, aber nur zu bestimmten Zeiten und nach Voranmeldung bei den Urlaubsberatern des Fremdenverkehrsamts. Der Zugang zum Bibémus-Steinbruch, den Paul Cézanne so sehr liebte, erfolgt über die D10 von Aix en Provence aus in Richtung Vauvenargue."
    },
    "typologiesPromoSitra" : [ {
      "elementReferenceType" : "TypologiePromoSitra",
      "id" : 1604
    } ]
  },
  "localisation" : {
    "adresse" : {
      "adresse1" : "3090 Chemin De Bibémus",
      "codePostal" : "13100",
      "bureauDistribution" : "AIX EN PROVENCE",
      "commune" : {
        "id" : 4412
      }
    },
    "geolocalisation" : {
      "complement" : {
        "libelleFr" : "En voiture : Stationnement au parking Les Trois Bons Dieux (gratuit). GPS +43° 32' 6.96″ – +5° 28'32.29″\r\nPoint de départ de la navette spéciale pour la visite des carrières de Bibémus.",
        "libelleEn" : "By car: “3 Bons Dieux” car park (free). Departure for the shuttle bus for visiting carrières de Bibemus (GPS 43° 32' 6.96 N – 5° 28'32.29 E)."
      },
      "valide" : true,
      "geoJson" : {
        "type" : "Point",
        "coordinates" : [ 5.500803, 43.531208 ]
      }
    },
    "perimetreGeographique" : [ {
      "id" : 4412
    } ],
    "environnements" : [ {
      "elementReferenceType" : "Environnement",
      "id" : 183
    }, {
      "elementReferenceType" : "Environnement",
      "id" : 3974
    } ]
  },
  "liens" : {
    "liensObjetsTouristiquesTypes" : [ {
      "type" : "SUR_PLACE",
      "libelleFr" : "Sur place",
      "libelleEn" : "On the premises",
      "libelleEs" : "In situ",
      "libelleIt" : "Sul posto",
      "libelleDe" : "Vor Ort",
      "libelleNl" : "Ter plaatse",
      "libelleRu" : "На месте",
      "libelleZh" : "堂食",
      "libellePtBR" : "No local",
      "libelleJa" : "現地で",
      "objetTouristique" : {
        "type" : "PATRIMOINE_CULTUREL",
        "id" : 5538426
      }
    }, {
      "type" : "SUR_PLACE",
      "libelleFr" : "Sur place",
      "libelleEn" : "On the premises",
      "libelleEs" : "In situ",
      "libelleIt" : "Sul posto",
      "libelleDe" : "Vor Ort",
      "libelleNl" : "Ter plaatse",
      "libelleRu" : "На месте",
      "libelleZh" : "堂食",
      "libellePtBR" : "No local",
      "libelleJa" : "現地で",
      "objetTouristique" : {
        "type" : "COMMERCE_ET_SERVICE",
        "id" : 5572155
      }
    }, {
      "type" : "COUPS_DE_COEUR_INCONTOURNABLES",
      "libelleFr" : "Coups de cœur / incontournables",
      "libelleEn" : "Firm favourites / must-sees",
      "libelleEs" : "Preferidos / imprescindibles",
      "libelleIt" : "Luogo d'eccezione/luogo da non perdere",
      "libelleDe" : "Highlights / Must-sees",
      "libelleNl" : "Favorieten / hoogtepunten",
      "libelleRu" : "Самые популярные места",
      "libelleZh" : "倾心推荐/不容错过的景点",
      "libellePtBR" : "Favoritos / indispensáveis",
      "libelleJa" : "おすすめ／お決まり",
      "objetTouristique" : {
        "type" : "PATRIMOINE_CULTUREL",
        "id" : 5538099
      }
    }, {
      "type" : "COUPS_DE_COEUR_INCONTOURNABLES",
      "libelleFr" : "Coups de cœur / incontournables",
      "libelleEn" : "Firm favourites / must-sees",
      "libelleEs" : "Preferidos / imprescindibles",
      "libelleIt" : "Luogo d'eccezione/luogo da non perdere",
      "libelleDe" : "Highlights / Must-sees",
      "libelleNl" : "Favorieten / hoogtepunten",
      "libelleRu" : "Самые популярные места",
      "libelleZh" : "倾心推荐/不容错过的景点",
      "libellePtBR" : "Favoritos / indispensáveis",
      "libelleJa" : "おすすめ／お決まり",
      "objetTouristique" : {
        "type" : "PATRIMOINE_CULTUREL",
        "id" : 5538713
      }
    } ]
  },
  "prestations" : {
    "animauxAcceptes" : "NON_DISPONIBLE",
    "animauxAcceptesSupplement" : "NON_DISPONIBLE"
  },
  "ouverture" : {
    "periodeEnClair" : {
      "libelleFr" : "Accessible uniquement lors des visites guidées, pas de visite libre.\r\n\r\n⚠ ⚠ Annulation ou modification de parcours possible en cas d'intempéries.\r\n\r\nDe juin à septembre : le site peut être fermé par arrêté préfectoral en fonction des conditions météo du jour. Se renseigner la veille au soir sur www.myprovence.fr, zone \" Sainte-Victoire et Concors \", ou par téléphone au +33 (0)8 11 20 13 13 (0,06EUR/mn).",
      "libelleEn" : "Guided tours only, no independent visits.\r\n\r\n⚠ ⚠ Cancellation or modification of the visit possible in case of bad weather.\r\n\r\nFrom June to September: the site may be closed by prefectural order depending on weather conditions. Check the evening before your visit at cg13.eway.fr , Concors Sainte Victoire zone , or by phone at +33 (0)8 11 20 13 13 (EUR0,06/mins).",
      "libelleEs" : "Sólo durante las visitas guiadas, no hay jornada de puertas abiertas.\r\n\r\n⚠ ⚠ Posible cancelación o modificación del recorrido en caso de mal tiempo.\r\n\r\nDe junio a septiembre: el recinto puede estar cerrado por decreto de la prefectura en función de las condiciones meteorológicas del día. Para más información, visite www.myprovence.fr, zona \"Sainte-Victoire y Concors\", o llame al +33 (0)8 11 20 13 13 (0,06EUR/mn).",
      "libelleDe" : "Nur während der Führungen, keine freien Besichtigungen.\r\n\r\n⚠ ⚠ Absage oder Änderung des Rundgangs bei schlechtem Wetter möglich.\r\n\r\nVon Juni bis September: Die Stätte kann per Präfekturerlass je nach den tagesaktuellen Wetterbedingungen geschlossen werden. Informieren Sie sich am Vorabend unter www.myprovence.fr, Zone \"Sainte-Victoire et Concors\", oder telefonisch unter +33 (0)8 11 20 13 13 (0,06EUR/Min.)."
    },
    "periodeEnClairGenerationMode" : "MANUEL",
    "indicationsPeriode" : [ {
      "elementReferenceType" : "IndicationPeriode",
      "id" : 416
    }, {
      "elementReferenceType" : "IndicationPeriode",
      "id" : 418
    }, {
      "elementReferenceType" : "IndicationPeriode",
      "id" : 435
    }, {
      "elementReferenceType" : "IndicationPeriode",
      "id" : 436
    } ],
    "periodesOuvertures" : [ {
      "identifiant" : 19372302,
      "dateDebut" : "2021-01-01",
      "dateFin" : "2021-12-31",
      "complementHoraire" : {
        "libelleFr" : "Uniquement lors des visites guidées, pas de visite libre.\r\n\r\n⚠ ⚠ Annulation ou modification de parcours possible en cas d'intempéries.\r\n\r\nDe juin à septembre : le site peut être fermé par arrêté préfectoral en fonction des conditions météo du jour. Se renseigner la veille au soir sur www.myprovence.fr, zone \" Sainte-Victoire et Concors \", ou par téléphone au +33 (0)8 11 20 13 13 (0,06EUR/mn).",
        "libelleEn" : "Guided tours only, no independent visits.\r\n\r\n⚠ ⚠ Cancellation or modification of the visit possible in case of bad weather.\r\n\r\nFrom June to September: the site may be closed by prefectural order depending on weather conditions. Check the evening before your visit at cg13.eway.fr , Concors Sainte Victoire zone , or by phone at +33 (0)8 11 20 13 13 (EUR0,06/mins).",
        "libelleEs" : "Sólo durante las visitas guiadas, no hay jornada de puertas abiertas.\r\n\r\n⚠ ⚠ Posible cancelación o modificación del recorrido en caso de mal tiempo.\r\n\r\nDe junio a septiembre: el recinto puede estar cerrado por decreto de la prefectura en función de las condiciones meteorológicas del día. Para más información, visite www.myprovence.fr, zona \"Sainte-Victoire y Concors\", o llame al +33 (0)8 11 20 13 13 (0,06EUR/mn).",
        "libelleDe" : "Nur während der Führungen, keine freien Besichtigungen.\r\n\r\n⚠ ⚠ Absage oder Änderung des Rundgangs bei schlechtem Wetter möglich.\r\n\r\nVon Juni bis September: Die Stätte kann per Präfekturerlass je nach den tagesaktuellen Wetterbedingungen geschlossen werden. Informieren Sie sich am Vorabend unter www.myprovence.fr, Zone \"Sainte-Victoire et Concors\", oder telefonisch unter +33 (0)8 11 20 13 13 (0,06EUR/Min.)."
      },
      "type" : "OUVERTURE_TOUS_LES_JOURS",
      "tousLesAns" : true,
      "identifiantTechnique" : 23059871
    } ]
  },
  "descriptionTarif" : {
    "indicationTarif" : "PAYANT",
    "gratuit" : false,
    "tarifsEnClair" : { },
    "tarifsEnClairGenerationMode" : "AUTOMATIQUE",
    "modesPaiement" : [ {
      "elementReferenceType" : "ModePaiement",
      "id" : 1268
    }, {
      "elementReferenceType" : "ModePaiement",
      "id" : 1277
    } ],
    "devise" : "EUR",
    "conditions" : { }
  },
  "reservation" : {
    "organismes" : [ {
      "identifiant" : 5079423,
      "structureReference" : {
        "type" : "STRUCTURE",
        "id" : 5224990
      },
      "nom" : "Carrières de Bibémus",
      "type" : {
        "elementReferenceType" : "ReservationType",
        "id" : 475
      },
      "moyensCommunication" : [ {
        "identifiant" : 80344357,
        "type" : {
          "elementReferenceType" : "MoyenCommunicationType",
          "id" : 201
        },
        "coordonnees" : {
          "fr" : "04 42 16 11 61"
        }
      }, {
        "identifiant" : 80344358,
        "type" : {
          "elementReferenceType" : "MoyenCommunicationType",
          "id" : 204
        },
        "coordonnees" : {
          "fr" : "resaix@aixenprovecetourism.com"
        }
      }, {
        "identifiant" : 80344359,
        "type" : {
          "elementReferenceType" : "MoyenCommunicationType",
          "id" : 205
        },
        "coordonnees" : {
          "fr" : "https://www.cezanne-en-provence.com/preparer-sa-visite/individuel/visiter-carrieres-bibemus/"
        }
      } ],
      "locked" : false
    } ]
  },
  "criteresInternes" : [ {
    "id" : 16775
  }, {
    "id" : 16903
  }, {
    "id" : 18002
  }, {
    "id" : 23526
  } ],
  "illustrations" : [ {
    "identifiant" : 8487405,
    "link" : false,
    "type" : "IMAGE",
    "nom" : {
      "libelleFr" : "13T2000027_1_HD.jpg"
    },
    "copyright" : {
      "libelleFr" : "Sophie Spiteri"
    },
    "traductionFichiers" : [ {
      "locale" : "fr",
      "url" : "https://static.apidae-tourisme.com/filestore/objets-touristiques/images/193/251/8256449.jpg",
      "urlListe" : "https://static.apidae-tourisme.com/filestore/objets-touristiques/images/193/251/8256449-liste.jpg",
      "urlFiche" : "https://static.apidae-tourisme.com/filestore/objets-touristiques/images/193/251/8256449-fiche.jpg",
      "urlDiaporama" : "https://static.apidae-tourisme.com/filestore/objets-touristiques/images/193/251/8256449-diaporama.jpg",
      "extension" : "jpg",
      "fileName" : "full",
      "taille" : 1553016,
      "hauteur" : 1440,
      "largeur" : 1920,
      "lastModifiedDate" : "2020-07-23T16:48:44.000+0000"
    } ],
    "locked" : false
  }, {
    "identifiant" : 8487406,
    "link" : false,
    "type" : "IMAGE",
    "nom" : {
      "libelleFr" : "13T2000027_2_HD.jpg"
    },
    "copyright" : {
      "libelleFr" : "Sophie Spiteri"
    },
    "traductionFichiers" : [ {
      "locale" : "fr",
      "url" : "https://static.apidae-tourisme.com/filestore/objets-touristiques/images/194/251/8256450.jpg",
      "urlListe" : "https://static.apidae-tourisme.com/filestore/objets-touristiques/images/194/251/8256450-liste.jpg",
      "urlFiche" : "https://static.apidae-tourisme.com/filestore/objets-touristiques/images/194/251/8256450-fiche.jpg",
      "urlDiaporama" : "https://static.apidae-tourisme.com/filestore/objets-touristiques/images/194/251/8256450-diaporama.jpg",
      "extension" : "jpg",
      "fileName" : "full",
      "taille" : 1320649,
      "hauteur" : 1440,
      "largeur" : 1920,
      "lastModifiedDate" : "2020-07-23T16:48:43.000+0000"
    } ],
    "locked" : false
  }, {
    "identifiant" : 8487407,
    "link" : false,
    "type" : "IMAGE",
    "nom" : {
      "libelleFr" : "13T2000027_3_HD.jpg"
    },
    "copyright" : {
      "libelleFr" : "Sophie Spiteri"
    },
    "traductionFichiers" : [ {
      "locale" : "fr",
      "url" : "https://static.apidae-tourisme.com/filestore/objets-touristiques/images/195/251/8256451.jpg",
      "urlListe" : "https://static.apidae-tourisme.com/filestore/objets-touristiques/images/195/251/8256451-liste.jpg",
      "urlFiche" : "https://static.apidae-tourisme.com/filestore/objets-touristiques/images/195/251/8256451-fiche.jpg",
      "urlDiaporama" : "https://static.apidae-tourisme.com/filestore/objets-touristiques/images/195/251/8256451-diaporama.jpg",
      "extension" : "jpg",
      "fileName" : "full",
      "taille" : 1456605,
      "hauteur" : 1440,
      "largeur" : 1920,
      "lastModifiedDate" : "2020-07-23T16:48:46.000+0000"
    } ],
    "locked" : false
  }, {
    "identifiant" : 8487408,
    "link" : false,
    "type" : "IMAGE",
    "nom" : {
      "libelleFr" : "13T2000027_4_HD.jpg"
    },
    "copyright" : {
      "libelleFr" : "Sophie Spiteri"
    },
    "traductionFichiers" : [ {
      "locale" : "fr",
      "url" : "https://static.apidae-tourisme.com/filestore/objets-touristiques/images/196/251/8256452.jpg",
      "urlListe" : "https://static.apidae-tourisme.com/filestore/objets-touristiques/images/196/251/8256452-liste.jpg",
      "urlFiche" : "https://static.apidae-tourisme.com/filestore/objets-touristiques/images/196/251/8256452-fiche.jpg",
      "urlDiaporama" : "https://static.apidae-tourisme.com/filestore/objets-touristiques/images/196/251/8256452-diaporama.jpg",
      "extension" : "jpg",
      "fileName" : "full",
      "taille" : 1355371,
      "hauteur" : 1440,
      "largeur" : 1920,
      "lastModifiedDate" : "2020-07-23T16:48:45.000+0000"
    } ],
    "locked" : false
  }, {
    "identifiant" : 8487409,
    "link" : false,
    "type" : "IMAGE",
    "nom" : {
      "libelleFr" : "13T2000027_5_HD.jpg"
    },
    "copyright" : {
      "libelleFr" : "Sophie Spiteri"
    },
    "traductionFichiers" : [ {
      "locale" : "fr",
      "url" : "https://static.apidae-tourisme.com/filestore/objets-touristiques/images/197/251/8256453.jpg",
      "urlListe" : "https://static.apidae-tourisme.com/filestore/objets-touristiques/images/197/251/8256453-liste.jpg",
      "urlFiche" : "https://static.apidae-tourisme.com/filestore/objets-touristiques/images/197/251/8256453-fiche.jpg",
      "urlDiaporama" : "https://static.apidae-tourisme.com/filestore/objets-touristiques/images/197/251/8256453-diaporama.jpg",
      "extension" : "jpg",
      "fileName" : "full",
      "taille" : 1167045,
      "hauteur" : 1440,
      "largeur" : 1920,
      "lastModifiedDate" : "2020-07-23T16:48:48.000+0000"
    } ],
    "locked" : false
  }, {
    "identifiant" : 8487410,
    "link" : false,
    "type" : "IMAGE",
    "nom" : {
      "libelleFr" : "13T2000027_6_HD.jpg"
    },
    "copyright" : {
      "libelleFr" : "Sophie Spiteri"
    },
    "traductionFichiers" : [ {
      "locale" : "fr",
      "url" : "https://static.apidae-tourisme.com/filestore/objets-touristiques/images/198/251/8256454.jpg",
      "urlListe" : "https://static.apidae-tourisme.com/filestore/objets-touristiques/images/198/251/8256454-liste.jpg",
      "urlFiche" : "https://static.apidae-tourisme.com/filestore/objets-touristiques/images/198/251/8256454-fiche.jpg",
      "urlDiaporama" : "https://static.apidae-tourisme.com/filestore/objets-touristiques/images/198/251/8256454-diaporama.jpg",
      "extension" : "jpg",
      "fileName" : "full",
      "taille" : 1685211,
      "hauteur" : 1440,
      "largeur" : 1920,
      "lastModifiedDate" : "2020-07-23T16:48:47.000+0000"
    } ],
    "locked" : false
  }, {
    "identifiant" : 8487411,
    "link" : false,
    "type" : "IMAGE",
    "nom" : {
      "libelleFr" : "13T2000027_7_HD.jpg"
    },
    "copyright" : {
      "libelleFr" : "Sophie Spiteri"
    },
    "traductionFichiers" : [ {
      "locale" : "fr",
      "url" : "https://static.apidae-tourisme.com/filestore/objets-touristiques/images/199/251/8256455.jpg",
      "urlListe" : "https://static.apidae-tourisme.com/filestore/objets-touristiques/images/199/251/8256455-liste.jpg",
      "urlFiche" : "https://static.apidae-tourisme.com/filestore/objets-touristiques/images/199/251/8256455-fiche.jpg",
      "urlDiaporama" : "https://static.apidae-tourisme.com/filestore/objets-touristiques/images/199/251/8256455-diaporama.jpg",
      "extension" : "jpg",
      "fileName" : "full",
      "taille" : 1465596,
      "hauteur" : 1440,
      "largeur" : 1920,
      "lastModifiedDate" : "2020-07-23T16:48:50.000+0000"
    } ],
    "locked" : false
  }, {
    "identifiant" : 8487412,
    "link" : false,
    "type" : "IMAGE",
    "nom" : {
      "libelleFr" : "13T2000027_8_HD.jpg"
    },
    "copyright" : {
      "libelleFr" : "Sophie Spiteri"
    },
    "traductionFichiers" : [ {
      "locale" : "fr",
      "url" : "https://static.apidae-tourisme.com/filestore/objets-touristiques/images/200/251/8256456.jpg",
      "urlListe" : "https://static.apidae-tourisme.com/filestore/objets-touristiques/images/200/251/8256456-liste.jpg",
      "urlFiche" : "https://static.apidae-tourisme.com/filestore/objets-touristiques/images/200/251/8256456-fiche.jpg",
      "urlDiaporama" : "https://static.apidae-tourisme.com/filestore/objets-touristiques/images/200/251/8256456-diaporama.jpg",
      "extension" : "jpg",
      "fileName" : "full",
      "taille" : 1104200,
      "hauteur" : 1440,
      "largeur" : 1920,
      "lastModifiedDate" : "2020-07-23T16:48:49.000+0000"
    } ],
    "locked" : false
  } ],
  "tourismeAffaires" : {
    "tourismeAffairesEnabled" : true,
    "capaciteMaxAccueil" : 20
  },
  "visites" : {
    "visitable" : true,
    "prestationsVisitesIndividuelles" : [ {
      "elementReferenceType" : "PrestationVisiteIndividuelle",
      "id" : 484
    } ],
    "prestationsVisitesGroupees" : [ {
      "elementReferenceType" : "PrestationVisiteGroupee",
      "id" : 492
    } ]
  },
  "territoires" : [ {
    "type" : "TERRITOIRE",
    "id" : 591381
  }, {
    "type" : "TERRITOIRE",
    "id" : 591419
  }, {
    "type" : "TERRITOIRE",
    "id" : 5127066
  }, {
    "type" : "TERRITOIRE",
    "id" : 5427620
  }, {
    "type" : "TERRITOIRE",
    "id" : 5427637
  }, {
    "type" : "TERRITOIRE",
    "id" : 5460325
  }, {
    "type" : "TERRITOIRE",
    "id" : 5693839
  }, {
    "type" : "TERRITOIRE",
    "id" : 5775948
  }, {
    "type" : "TERRITOIRE",
    "id" : 5853930
  } ],
  "datesOuverture" : [ "2022-11-09", "2022-11-10", "2022-11-11", "2022-11-12", "2022-11-13", "2022-11-14", "2022-11-15", "2022-11-16", "2022-11-17", "2022-11-18", "2022-11-19", "2022-11-20", "2022-11-21", "2022-11-22", "2022-11-23", "2022-11-24", "2022-11-25", "2022-11-26", "2022-11-27", "2022-11-28", "2022-11-29", "2022-11-30", "2022-12-01", "2022-12-02", "2022-12-03", "2022-12-04", "2022-12-05", "2022-12-06", "2022-12-07", "2022-12-08", "2022-12-09", "2022-12-10", "2022-12-11", "2022-12-12", "2022-12-13", "2022-12-14", "2022-12-15", "2022-12-16", "2022-12-17", "2022-12-18", "2022-12-19", "2022-12-20", "2022-12-21", "2022-12-22", "2022-12-23", "2022-12-24", "2022-12-25", "2022-12-26", "2022-12-27", "2022-12-28", "2022-12-29", "2022-12-30", "2022-12-31", "2023-01-01", "2023-01-02", "2023-01-03", "2023-01-04", "2023-01-05", "2023-01-06", "2023-01-07", "2023-01-08", "2023-01-09", "2023-01-10", "2023-01-11", "2023-01-12", "2023-01-13", "2023-01-14", "2023-01-15", "2023-01-16", "2023-01-17", "2023-01-18", "2023-01-19", "2023-01-20", "2023-01-21", "2023-01-22", "2023-01-23", "2023-01-24", "2023-01-25", "2023-01-26", "2023-01-27", "2023-01-28", "2023-01-29", "2023-01-30", "2023-01-31", "2023-02-01", "2023-02-02", "2023-02-03", "2023-02-04", "2023-02-05", "2023-02-06", "2023-02-07", "2023-02-08", "2023-02-09", "2023-02-10", "2023-02-11", "2023-02-12", "2023-02-13", "2023-02-14", "2023-02-15", "2023-02-16", "2023-02-17", "2023-02-18", "2023-02-19", "2023-02-20", "2023-02-21", "2023-02-22", "2023-02-23", "2023-02-24", "2023-02-25", "2023-02-26", "2023-02-27", "2023-02-28", "2023-03-01", "2023-03-02", "2023-03-03", "2023-03-04", "2023-03-05", "2023-03-06", "2023-03-07", "2023-03-08", "2023-03-09", "2023-03-10", "2023-03-11", "2023-03-12", "2023-03-13", "2023-03-14", "2023-03-15", "2023-03-16", "2023-03-17", "2023-03-18", "2023-03-19", "2023-03-20", "2023-03-21", "2023-03-22", "2023-03-23", "2023-03-24", "2023-03-25", "2023-03-26", "2023-03-27", "2023-03-28", "2023-03-29", "2023-03-30", "2023-03-31", "2023-04-01", "2023-04-02", "2023-04-03", "2023-04-04", "2023-04-05", "2023-04-06", "2023-04-07", "2023-04-08", "2023-04-09", "2023-04-10", "2023-04-11", "2023-04-12", "2023-04-13", "2023-04-14", "2023-04-15", "2023-04-16", "2023-04-17", "2023-04-18", "2023-04-19", "2023-04-20", "2023-04-21", "2023-04-22", "2023-04-23", "2023-04-24", "2023-04-25", "2023-04-26", "2023-04-27", "2023-04-28", "2023-04-29", "2023-04-30", "2023-05-01", "2023-05-02", "2023-05-03", "2023-05-04", "2023-05-05", "2023-05-06", "2023-05-07", "2023-05-08", "2023-05-09", "2023-05-10", "2023-05-11", "2023-05-12", "2023-05-13", "2023-05-14", "2023-05-15", "2023-05-16", "2023-05-17", "2023-05-18", "2023-05-19", "2023-05-20", "2023-05-21", "2023-05-22", "2023-05-23", "2023-05-24", "2023-05-25", "2023-05-26", "2023-05-27", "2023-05-28", "2023-05-29", "2023-05-30", "2023-05-31", "2023-06-01", "2023-06-02", "2023-06-03", "2023-06-04", "2023-06-05", "2023-06-06", "2023-06-07", "2023-06-08", "2023-06-09", "2023-06-10", "2023-06-11", "2023-06-12", "2023-06-13", "2023-06-14", "2023-06-15", "2023-06-16", "2023-06-17", "2023-06-18", "2023-06-19", "2023-06-20", "2023-06-21", "2023-06-22", "2023-06-23", "2023-06-24", "2023-06-25", "2023-06-26", "2023-06-27", "2023-06-28", "2023-06-29", "2023-06-30", "2023-07-01", "2023-07-02", "2023-07-03", "2023-07-04", "2023-07-05", "2023-07-06", "2023-07-07", "2023-07-08", "2023-07-09", "2023-07-10", "2023-07-11", "2023-07-12", "2023-07-13", "2023-07-14", "2023-07-15", "2023-07-16", "2023-07-17", "2023-07-18", "2023-07-19", "2023-07-20", "2023-07-21", "2023-07-22", "2023-07-23", "2023-07-24", "2023-07-25", "2023-07-26", "2023-07-27", "2023-07-28", "2023-07-29", "2023-07-30", "2023-07-31", "2023-08-01", "2023-08-02", "2023-08-03", "2023-08-04", "2023-08-05", "2023-08-06", "2023-08-07", "2023-08-08", "2023-08-09", "2023-08-10", "2023-08-11", "2023-08-12", "2023-08-13", "2023-08-14", "2023-08-15", "2023-08-16", "2023-08-17", "2023-08-18", "2023-08-19", "2023-08-20", "2023-08-21", "2023-08-22", "2023-08-23", "2023-08-24", "2023-08-25", "2023-08-26", "2023-08-27", "2023-08-28", "2023-08-29", "2023-08-30", "2023-08-31", "2023-09-01", "2023-09-02", "2023-09-03", "2023-09-04", "2023-09-05", "2023-09-06", "2023-09-07", "2023-09-08", "2023-09-09", "2023-09-10", "2023-09-11", "2023-09-12", "2023-09-13", "2023-09-14", "2023-09-15", "2023-09-16", "2023-09-17", "2023-09-18", "2023-09-19", "2023-09-20", "2023-09-21", "2023-09-22", "2023-09-23", "2023-09-24", "2023-09-25", "2023-09-26", "2023-09-27", "2023-09-28", "2023-09-29", "2023-09-30", "2023-10-01", "2023-10-02", "2023-10-03", "2023-10-04", "2023-10-05", "2023-10-06", "2023-10-07", "2023-10-08", "2023-10-09", "2023-10-10", "2023-10-11", "2023-10-12", "2023-10-13", "2023-10-14", "2023-10-15", "2023-10-16", "2023-10-17", "2023-10-18", "2023-10-19", "2023-10-20", "2023-10-21", "2023-10-22", "2023-10-23", "2023-10-24", "2023-10-25", "2023-10-26", "2023-10-27", "2023-10-28", "2023-10-29", "2023-10-30", "2023-10-31", "2023-11-01", "2023-11-02", "2023-11-03", "2023-11-04", "2023-11-05", "2023-11-06", "2023-11-07", "2023-11-08", "2023-11-09", "2023-11-10", "2023-11-11", "2023-11-12", "2023-11-13", "2023-11-14", "2023-11-15", "2023-11-16", "2023-11-17", "2023-11-18", "2023-11-19", "2023-11-20", "2023-11-21", "2023-11-22", "2023-11-23", "2023-11-24", "2023-11-25", "2023-11-26", "2023-11-27", "2023-11-28", "2023-11-29", "2023-11-30", "2023-12-01", "2023-12-02", "2023-12-03", "2023-12-04", "2023-12-05", "2023-12-06", "2023-12-07", "2023-12-08", "2023-12-09", "2023-12-10", "2023-12-11", "2023-12-12", "2023-12-13", "2023-12-14", "2023-12-15", "2023-12-16", "2023-12-17", "2023-12-18", "2023-12-19", "2023-12-20", "2023-12-21", "2023-12-22", "2023-12-23", "2023-12-24", "2023-12-25", "2023-12-26", "2023-12-27", "2023-12-28", "2023-12-29", "2023-12-30", "2023-12-31", "2024-01-01", "2024-01-02", "2024-01-03", "2024-01-04", "2024-01-05", "2024-01-06", "2024-01-07", "2024-01-08", "2024-01-09", "2024-01-10", "2024-01-11", "2024-01-12", "2024-01-13", "2024-01-14", "2024-01-15", "2024-01-16", "2024-01-17", "2024-01-18", "2024-01-19", "2024-01-20", "2024-01-21", "2024-01-22", "2024-01-23", "2024-01-24", "2024-01-25", "2024-01-26", "2024-01-27", "2024-01-28", "2024-01-29", "2024-01-30", "2024-01-31", "2024-02-01", "2024-02-02", "2024-02-03", "2024-02-04", "2024-02-05", "2024-02-06", "2024-02-07", "2024-02-08", "2024-02-09", "2024-02-10", "2024-02-11", "2024-02-12", "2024-02-13", "2024-02-14", "2024-02-15", "2024-02-16", "2024-02-17", "2024-02-18", "2024-02-19", "2024-02-20", "2024-02-21", "2024-02-22", "2024-02-23", "2024-02-24", "2024-02-25", "2024-02-26", "2024-02-27", "2024-02-28", "2024-02-29", "2024-03-01", "2024-03-02", "2024-03-03", "2024-03-04", "2024-03-05", "2024-03-06", "2024-03-07", "2024-03-08", "2024-03-09", "2024-03-10", "2024-03-11", "2024-03-12", "2024-03-13", "2024-03-14", "2024-03-15", "2024-03-16", "2024-03-17", "2024-03-18", "2024-03-19", "2024-03-20", "2024-03-21", "2024-03-22", "2024-03-23", "2024-03-24", "2024-03-25", "2024-03-26", "2024-03-27", "2024-03-28", "2024-03-29", "2024-03-30", "2024-03-31", "2024-04-01", "2024-04-02", "2024-04-03", "2024-04-04", "2024-04-05", "2024-04-06", "2024-04-07", "2024-04-08", "2024-04-09", "2024-04-10", "2024-04-11", "2024-04-12", "2024-04-13", "2024-04-14", "2024-04-15", "2024-04-16", "2024-04-17", "2024-04-18", "2024-04-19", "2024-04-20", "2024-04-21", "2024-04-22", "2024-04-23", "2024-04-24", "2024-04-25", "2024-04-26", "2024-04-27", "2024-04-28", "2024-04-29", "2024-04-30", "2024-05-01", "2024-05-02", "2024-05-03", "2024-05-04", "2024-05-05", "2024-05-06", "2024-05-07", "2024-05-08", "2024-05-09", "2024-05-10", "2024-05-11", "2024-05-12", "2024-05-13", "2024-05-14", "2024-05-15", "2024-05-16", "2024-05-17", "2024-05-18", "2024-05-19", "2024-05-20", "2024-05-21", "2024-05-22", "2024-05-23", "2024-05-24", "2024-05-25", "2024-05-26", "2024-05-27", "2024-05-28", "2024-05-29", "2024-05-30", "2024-05-31", "2024-06-01", "2024-06-02", "2024-06-03", "2024-06-04", "2024-06-05", "2024-06-06", "2024-06-07", "2024-06-08", "2024-06-09", "2024-06-10", "2024-06-11", "2024-06-12", "2024-06-13", "2024-06-14", "2024-06-15", "2024-06-16", "2024-06-17", "2024-06-18", "2024-06-19", "2024-06-20", "2024-06-21", "2024-06-22", "2024-06-23", "2024-06-24", "2024-06-25", "2024-06-26", "2024-06-27", "2024-06-28", "2024-06-29", "2024-06-30", "2024-07-01", "2024-07-02", "2024-07-03", "2024-07-04", "2024-07-05", "2024-07-06", "2024-07-07", "2024-07-08", "2024-07-09", "2024-07-10", "2024-07-11", "2024-07-12", "2024-07-13", "2024-07-14", "2024-07-15", "2024-07-16", "2024-07-17", "2024-07-18", "2024-07-19", "2024-07-20", "2024-07-21", "2024-07-22", "2024-07-23", "2024-07-24", "2024-07-25", "2024-07-26", "2024-07-27", "2024-07-28", "2024-07-29", "2024-07-30", "2024-07-31", "2024-08-01", "2024-08-02", "2024-08-03", "2024-08-04", "2024-08-05", "2024-08-06", "2024-08-07", "2024-08-08", "2024-08-09", "2024-08-10", "2024-08-11", "2024-08-12", "2024-08-13", "2024-08-14", "2024-08-15", "2024-08-16", "2024-08-17", "2024-08-18", "2024-08-19", "2024-08-20", "2024-08-21", "2024-08-22", "2024-08-23", "2024-08-24", "2024-08-25", "2024-08-26", "2024-08-27", "2024-08-28", "2024-08-29", "2024-08-30", "2024-08-31", "2024-09-01", "2024-09-02", "2024-09-03", "2024-09-04", "2024-09-05", "2024-09-06", "2024-09-07", "2024-09-08", "2024-09-09", "2024-09-10", "2024-09-11", "2024-09-12", "2024-09-13", "2024-09-14", "2024-09-15", "2024-09-16", "2024-09-17", "2024-09-18", "2024-09-19", "2024-09-20", "2024-09-21", "2024-09-22", "2024-09-23", "2024-09-24", "2024-09-25", "2024-09-26", "2024-09-27", "2024-09-28", "2024-09-29", "2024-09-30", "2024-10-01", "2024-10-02", "2024-10-03", "2024-10-04", "2024-10-05", "2024-10-06", "2024-10-07", "2024-10-08", "2024-10-09", "2024-10-10", "2024-10-11", "2024-10-12", "2024-10-13", "2024-10-14", "2024-10-15", "2024-10-16", "2024-10-17", "2024-10-18", "2024-10-19", "2024-10-20", "2024-10-21", "2024-10-22", "2024-10-23", "2024-10-24", "2024-10-25", "2024-10-26", "2024-10-27", "2024-10-28", "2024-10-29", "2024-10-30", "2024-10-31", "2024-11-01", "2024-11-02", "2024-11-03", "2024-11-04", "2024-11-05", "2024-11-06", "2024-11-07", "2024-11-08" ],
  "informationsPatrimoineCulturel" : {
    "patrimoineCulturelType" : {
      "elementReferenceType" : "PatrimoineCulturelType",
      "id" : 3203
    }
  },
  "formatVersion" : "v002",
  "expiration" : { },
  "informationsPrestataireActivites" : {
    "prestataireActivites" : false
  },
  "enquete" : { },
  "donneesPrivees" : [ {
    "nomTechnique" : "1947_Id_patio",
    "libelleFr" : "Id_Patio",
    "ordre" : 1,
    "descriptif" : {
      "libelleFr" : "13T2000027"
    }
  }, {
    "nomTechnique" : "1947_Source_patio",
    "libelleFr" : "Source_Patio",
    "ordre" : 2,
    "descriptif" : {
      "libelleFr" : "OT Aix en Provence"
    }
  }, {
    "nomTechnique" : "1947_Url_patio",
    "libelleFr" : "URL_Patio",
    "ordre" : 3,
    "descriptif" : {
      "libelleFr" : "http://www.aixenprovencetourism.com"
    }
  } ],
  "metadonnees" : [ {
    "noeudId" : "fairguest",
    "contenus" : [ {
      "cible" : "general",
      "metadonnee" : {
        "note" : 9.1,
        "label" : "Excellent",
        "couleur" : "#277712",
        "nombreAvis" : 49,
        "dateMaj" : 1667920061801
      }
    } ]
  } ]
}