{
  "type" : "PATRIMOINE_CULTUREL",
  "id" : 5539178,
  "nom" : {
    "libelleFr" : "Les Marais du Vigueirat",
    "libelleEn" : "The marshes of the Vigueirat",
    "libelleEs" : "Las marismas de la Vigueirat",
    "libelleIt" : "Le paludi della Vigueirat",
    "libelleDe" : "Die S��mpfe von den Vigueirat",
    "libelleNl" : "De moerassen van de Vigueirat"
  },
  "identifier" : "SITRA2_PCU_5539178",
  "state" : "PUBLISHED",
  "gestion" : {
    "dateCreation" : "2020-05-27T12:41:46.099+0000",
    "dateModification" : "2022-10-24T08:33:18.330+0000",
    "dateExportModification" : "2022-11-08T15:28:14.905+0000",
    "membreProprietaire" : {
      "type" : {
        "elementReferenceType" : "MembreSitraType",
        "id" : 233
      },
      "nom" : "Office de Tourisme d'Arles",
      "dateCreation" : "2020-10-20T08:31:09.923+0000",
      "dateModification" : "2022-10-24T08:49:35.216+0000",
      "id" : 2112,
      "siteWeb" : "http://www.arlestourisme.com"
    },
    "signalerUnProblemeMails" : [ "a.quarta@arlestourisme.com", "f.soliveres@arlestourisme.com", "m.louvet@arlestourisme.com" ]
  },
  "informations" : {
    "moyensCommunication" : [ {
      "identifiant" : 79660728,
      "type" : {
        "elementReferenceType" : "MoyenCommunicationType",
        "id" : 201
      },
      "coordonnees" : {
        "fr" : "04 90 98 70 91"
      }
    }, {
      "identifiant" : 79660729,
      "type" : {
        "elementReferenceType" : "MoyenCommunicationType",
        "id" : 202
      },
      "coordonnees" : {
        "fr" : "04 90 98 72 54"
      }
    }, {
      "identifiant" : 79660730,
      "type" : {
        "elementReferenceType" : "MoyenCommunicationType",
        "id" : 204
      },
      "coordonnees" : {
        "fr" : "visites.mdv@espaces-naturels.fr"
      }
    }, {
      "identifiant" : 79660731,
      "type" : {
        "elementReferenceType" : "MoyenCommunicationType",
        "id" : 205
      },
      "coordonnees" : {
        "fr" : "http://www.marais-vigueirat.reserves-naturelles.org"
      }
    } ],
    "informationsLegales" : { },
    "structureGestion" : {
      "type" : "STRUCTURE",
      "id" : 5222946
    }
  },
  "presentation" : {
    "descriptifCourt" : {
      "libelleFr" : "Situés à la jonction de la Camargue et la Crau, les Marais du Vigueirat connaissent une biodiversité remarquable. Dans ce vaste espace sauvage vivent 286 espèces d'oiseaux, 641 espèces de plantes et des taureaux et chevaux, si spécifiques à la Camargue.",
      "libelleEn" : "Situated at the junction of the Camargue and the Crau, the Marais du Vigueirat are home to a remarkable biodiversity. In this vast wild space live 286 species of birds, 641 species of plants and bulls and horses, so specific to the Camargue.",
      "libelleEs" : "Situados en la confluencia de la Camarga y la Crau, los Marais du Vigueirat albergan una notable biodiversidad. En este vasto espacio salvaje viven 286 especies de aves, 641 especies de plantas y toros y caballos, tan específicos de la Camarga."
    },
    "descriptifDetaille" : {
      "libelleFr" : "Un guide naturaliste accompagne les visiteurs sur un circuit équipé de quatre observatoires et deux tours, qui permettent d'observer la faune sans la déranger. Une découverte en calèche au rythme des chevaux de trait est également proposée aux visiteurs. Enfin, une découverte libre est possible sur des sentiers équipés d'observatoires de faune, et des livrets d'interprétation proposés aux visiteurs permettent de donner un complément d'informations sur les milieux naturels. Parmi eux, le sentier des Cabanes, construit sur pilotis, est parfaitement adapté aux familles et aux personnes à mobilité réduite, ses 8 cabanes interactives réparties sur le trajet menant les visiteurs à l'affût du marais.\r\nLargement avancé dans sa responsabilité par rapport à la planète, le site met en avant ses efforts au regard de l'eau, de l'air et de l'énergie dans un message de protection de l'homme et de la nature.\r\nSite partenaire du WWF France, les Marais du Vigueirat sont une référence en matière de tourisme durable et d'éco-responsabilité.\r\n\r\nConditions d'accessibilité :\r\n\r\nLes Marais du Vigueirat sont en cours de labellisation \"Tourisme et Handicap\". Ils disposent de sentiers accessibles en fauteuil roulant ainsi que des documents sonores et en audio-description.",
      "libelleEn" : "A naturalist guide accompanies visitors on a circuit equipped with four observatories and two towers, which allow them to observe the fauna without disturbing it. Visitors can also discover the area in a horse-drawn carriage at the pace of draught horses. Finally, free discovery is possible on paths equipped with wildlife observatories, and interpretation booklets offered to visitors provide additional information on the natural environments. Among them, the Cabanes trail, built on stilts, is perfectly adapted to families and people with reduced mobility, its 8 interactive cabanes spread along the route leading visitors to the marsh.\r\nThe site is well advanced in its responsibility towards the planet, and highlights its efforts with regard to water, air and energy in a message of protection for man and nature.\r\nPartner site of WWF France, the Marais du Vigueirat is a reference in terms of sustainable tourism and eco-responsibility.",
      "libelleEs" : "Situadas en el cruce de 2 ecosistemas excepcionales que son la Camarga y la Crau, las Marismas de Vigueirat cuentan con una biodiversidad destacable.\r\nEn este amplo espacio salvaje (uno de los territorios más extensos adquiridos por el Conservatorio del litoral en la región Provenza-Alpes-Costa Azul), viven 286 especies de aves, cerca de 20.000 patos, 641 especies de plantas... y manadas de toros y de caballos, tan específicos de Camarga.\r\nUn guía naturalista acompaña a los visitantes por un circuito equipado con cuatro observatorios de dos torres, que permiten observar la fauna sin molestar. También se propone a los visitantes un descubrimiento en calesa al ritmo de caballos de tiro. Finalmente, se puede realizar un descubrimiento libre por senderos equipados con observatorios de fauna, y se proponen cuadernos de interpretación a los visitantes que permiten dar un complemento informativo sobre los medios naturales. Entre ellos, el sendero de las Cabanes, construido sobre pilotes, está perfectamente adaptado para las familias y las personas con movilidad reducida, sus 8 cabañas interactivas repartidas sobre el trayecto llevan a los visitantes al puesto del pantano.\r\nAmpliamente avanzado en su responsabilidad con respecto al planeta, el emplazamiento expone sus esfuerzos con respecto al agua, el aire y la energía en un mensaje de protección del ser humano y de la naturaleza.\r\nEmplazamiento socio de WWF Francia, las Marismas de Vigueirat son una referencia en materia de turismo sostenible y de ecorresponsabilidad.",
      "libelleIt" : "Situata al crocevia dei due ecosistemi eccezionali rappresentati dalla Camarga e dalla Crau, la Palude del Vigueirat conosce una notevole biodiversità.\r\nIn questo vasto spazio selvatico - uno dei maggiori territori acquisiti dal Conservatorio del Litorale nella regione Provenza-Alpi-Costa Azzurra - vivono 286 specie di uccelli, circa 20.000 anatre, 641 specie di piante… e mandrie di tori e cavalli, così specifici alla Camarga.\r\nUna guida naturalistica accompagna i visitatori lungo un circuito dotato di quattro osservatori e due torri, che permettono di osservare la fauna senza disturbarla. È inoltre proposta ai visitatori una scoperta in calesse, al ritmo dei cavalli da tiro. Infine, è possibile la scoperta libera lungo i sentieri dotati di osservatori della fauna, grazie anche ai libretti d'interpretazione proposti ai visitatori che forniscono informazioni complementari sugli ambienti naturali. Tra loro, il sentiero delle Cabanes, costruito su palafitte, è perfettamente adatto alle famiglie e alle persone a mobilità ridotta: i suoi 8 capanni interattivi, ripartiti lungo il percorso, conducono i visitatori alla scoperta dell'acquitrino.\r\nMolto avanzato nel campo della responsabilità rispetto al pianeta, il sito evidenzia i propri sforzi nei confronti dell'acqua, dell'aria e dell'energia, attraverso un messaggio di salvaguardia dell'uomo e della natura.\r\nSito partner del WWF France, la Palude del Vigueirat è una referenza nel campo del turismo sostenibile e dell'ecoresponsabilità.",
      "libelleDe" : "Die Lage dieser Sumpflandschaft zwischen zwei Gebieten mit außergewöhnlichen Ökosystemen, der Camargue und der Crau, bescheren den Marais du Vigueirat einen bemerkenswerten Artenreichtum.\r\nIn dieser großen naturbelassenen Zone – eine der größten, die das Conservatoire du Littoral (Amt für Küstenschutz) in der Region Provence-Alpes-Côte d'Azur bisher erwarb – leben 286 Vogelarten, nahezu 20 000 Enten, 641 Pflanzenarten … und die typischen Stier- und Pferdeherden der Camargue.\r\nEin Naturführer begleitet die Besucher auf einem dafür vorgesehenen Pfad mit vier Beobachtungswarten und zwei Hochständen, von denen aus die Tiere beobachtet werden können, ohne sie zu stören. Den Besuchern wird ebenfalls eine Entdeckungsreise mit einem Kaltblut-Gespann angeboten. Es ist ebenfalls möglich, die Erkundung ohne Begleitung durchzuführen: Die Pfade sind mit Beobachtungswarten ausgestattet und kleine Hefte mit Erklärungen geben dem Besucher Informationen über das natürliche Milieu. Einer der Entdeckungspfade ist auf einem Steg angelegt: Der „Sentier des Cabanes“ (Hütten-Weg), der sich perfekt für Familienausflüge und für Personen mit eingeschränkter Mobilität eignet. In 8 auf die gesamte Länge des Pfades verteilten interaktiven Hütten kann sich der Besucher auf die Lauer legen … \r\nMit fortgeschrittenem Verantwortungsbewusstsein für den Schutz unseres Planeten stellt der Park seine Bemühungen zur Verringerung des Wasser-,Luft- und Energiebedarfs mit einer Botschaft für den Schutz von Mensch und Natur in den Vordergrund.\r\nDie Marais de Vigueirat sind Partner des WWF Frankreichs und ein Vorbild für nachhaltigen Tourismus und ökologische Verantwortung.",
      "libelleNl" : "Het moerasgebied van de Vigueirat ligt op de grens van twee bijzondere ecosystemen, de Camargue en de Crau, en herbergt een opmerkelijke biodiversiteit.\r\nIn dit uitgestrekte natuurgebied, een van de grootste gebieden die het Conservatoire du Littoral in de regio Provence Alpes Côte-d'Azur heeft verworven, leven 286 vogelsoorten, meer dan 20 000 eenden en 641 plantensoorten. Er zijn ook stieren- en paardenfokkerijen die kenmerkend zijn voor de Camargue.\r\nEen natuurgids begeleidt de bezoekers langs het circuit met vier observatieposten en twee torens, waaruit de fauna kan worden bekeken zonder deze te verstoren. Een rondrit in een rijtuig is eveneens mogelijk. U kunt ook in uw eigen tempo de paden met observatieposten bewandelen en er zijn informatieboekjes die meer inlichtingen geven over de natuurlijke milieus. Het palenpad van de Cabanes is bij uitstek geschikt voor gezinnen en gehandicapten. De acht interactieve hutten langs het pad informeren de bezoekers over het moerasgebied.\r\nHet natuurreservaat besteedt veel aandacht aan de kwaliteit van het water, de lucht en de energievoorziening en streeft naar de bescherming van de mens en het milieu.\r\nHet natuurreservaat van de Vigueirat heeft een partnership met het Franse WWF en is een referentie voor duurzaam toerisme en milieubehoud."
    },
    "typologiesPromoSitra" : [ {
      "elementReferenceType" : "TypologiePromoSitra",
      "id" : 1674
    }, {
      "elementReferenceType" : "TypologiePromoSitra",
      "id" : 3844
    } ]
  },
  "localisation" : {
    "adresse" : {
      "adresse1" : "Cabanes de l'Etourneau",
      "codePostal" : "13104",
      "bureauDistribution" : "MAS THIBERT",
      "commune" : {
        "id" : 4415
      }
    },
    "geolocalisation" : {
      "complement" : {
        "libelleFr" : "Réouverture progressive des Marais du Vigueirat.\r\nA partir du jeudi 21 mai, les Marais du Vigueirat réouvrent au public de façon progressive. \r\n\r\nAccès aux sentiers de l'Etourneau \r\nLe sentier de la Palunette sera accessible dans sa totalité, soit 2,4 km à parcourir à pied avec un accès possible aux 2 observatoires, dans le respect des mesures de distanciation sociale. La plate-forme d'observation panoramique qui nécessite des travaux de rénovation, reste fermée jusqu'à nouvel ordre. \r\nInfos pratiques : accès gratuit jusqu'à nouvel ordre, tous les jours du lever au coucher du soleil.\r\nLe sentier des Cabanes et le jardin ethno-botanique ont besoin d'être débroussaillés, ils pourront à nouveau s'ouvrir au public dès que les travaux d'entretien auront été réalisés. \r\n\r\nInfrastructures d'accueil\r\nLa boutique, la buvette et l'aire de pique-nique dédiée aux groupes ne sont pas accessibles pour l'instant. L'aire de pique-nique centrale située en face de l'accueil sera ouverte dans des conditions permettant le respect des mesures de distanciation sociale, aussi le nombre de places sera limité. Pensez à vous munir de vos nappes et de vos gourdes d'eau en quantité suffisante, la boutique étant fermée, il n'y aura pas d'accès à l'eau potable. \r\nOuverture de sanitaires extérieurs (WC totalement neufs, accessibles aux PMR, en attente de labellisation T&H). Mise à disposition de gel hydro alcoolique et de lingettes désinfectantes pour que les visiteurs puissent faire une désinfection avant chaque passage dans la mesure où le personnel d'accueil et d'entretien des bâtiments ne sera pas présent sur place pour le moment.\r\nLes visites guidées \r\nEn raison des mesures sanitaires actuelles liées au COVID-19, les visites guidées à pied, en calèche, à cheval et en kayak restent fermées au public jusqu'à nouvel ordre."
      },
      "valide" : true,
      "geoJson" : {
        "type" : "Point",
        "coordinates" : [ 4.784739, 43.513358 ]
      }
    },
    "perimetreGeographique" : [ {
      "id" : 4415
    } ]
  },
  "liens" : {
    "liensObjetsTouristiquesTypes" : [ {
      "type" : "DEFAUT",
      "libelleFr" : "En lien avec",
      "libelleEn" : "Related to",
      "libelleEs" : "En relación con",
      "libelleIt" : "In collegamento con",
      "libelleDe" : "In Verbindung mit",
      "libelleNl" : "In verband met",
      "libelleRu" : "Применительно к",
      "libelleZh" : "与携手",
      "libellePtBR" : "Em relação com",
      "libelleJa" : "と関連して",
      "objetTouristique" : {
        "type" : "FETE_ET_MANIFESTATION",
        "id" : 6305317
      }
    } ]
  },
  "prestations" : {
    "equipements" : [ {
      "elementReferenceType" : "PrestationEquipement",
      "id" : 972
    }, {
      "elementReferenceType" : "PrestationEquipement",
      "id" : 1323
    }, {
      "elementReferenceType" : "PrestationEquipement",
      "id" : 1322
    } ],
    "animauxAcceptes" : "NON_DISPONIBLE",
    "animauxAcceptesSupplement" : "NON_DISPONIBLE",
    "complementAccueil" : {
      "libelleFr" : "Accessible pour handicapés\r\nParking privé\r\nParking autocar",
      "libelleEn" : "Accessible for disabled",
      "libelleIt" : "Accessibile ai disabili",
      "libelleDe" : "Zugänglich für Behinderte",
      "libelleNl" : "Toegankelijk voor mensen met een handicap"
    },
    "typesClientele" : [ {
      "elementReferenceType" : "TypeClientele",
      "id" : 512
    }, {
      "elementReferenceType" : "TypeClientele",
      "id" : 593
    } ]
  },
  "ouverture" : {
    "periodeEnClair" : { },
    "periodeEnClairGenerationMode" : "AUTOMATIQUE"
  },
  "descriptionTarif" : {
    "indicationTarif" : "PAYANT",
    "gratuit" : false,
    "tarifsEnClair" : {
      "libelleFr" : "Entrée : de 2€ à 81€"
    },
    "tarifsEnClairGenerationMode" : "MANUEL",
    "complement" : {
      "libelleFr" : "Entrée : de 2€ à 81€"
    },
    "modesPaiement" : [ {
      "elementReferenceType" : "ModePaiement",
      "id" : 1271
    }, {
      "elementReferenceType" : "ModePaiement",
      "id" : 1268
    }, {
      "elementReferenceType" : "ModePaiement",
      "id" : 1277
    } ],
    "devise" : "EUR",
    "conditions" : { }
  },
  "reservation" : { },
  "criteresInternes" : [ {
    "id" : 16646
  }, {
    "id" : 16704
  }, {
    "id" : 16775
  }, {
    "id" : 16902
  }, {
    "id" : 23500
  }, {
    "id" : 23526
  } ],
  "contacts" : [ {
    "identifiant" : 17641986,
    "referent" : true,
    "civilite" : {
      "elementReferenceType" : "ContactCivilite",
      "id" : 443
    },
    "nom" : "LUCCHESI",
    "prenom" : "J.Laurent",
    "fonction" : {
      "elementReferenceType" : "ContactFonction",
      "id" : 458
    }
  }, {
    "identifiant" : 17641987,
    "referent" : false,
    "civilite" : {
      "elementReferenceType" : "ContactCivilite",
      "id" : 442
    },
    "nom" : "MEFFRE-GAZZERA",
    "prenom" : "Caroline",
    "fonction" : {
      "elementReferenceType" : "ContactFonction",
      "id" : 459
    }
  } ],
  "illustrations" : [ {
    "identifiant" : 9247687,
    "link" : false,
    "type" : "IMAGE",
    "nom" : {
      "libelleFr" : "Marais du Vigueirat"
    },
    "legende" : {
      "libelleFr" : "Marais du vigueirat"
    },
    "copyright" : {
      "libelleFr" : "Marais du Vigueirat"
    },
    "traductionFichiers" : [ {
      "locale" : "fr",
      "url" : "https://static.apidae-tourisme.com/filestore/objets-touristiques/images/42/98/9003562.jpg",
      "urlListe" : "https://static.apidae-tourisme.com/filestore/objets-touristiques/images/42/98/9003562-liste.jpg",
      "urlFiche" : "https://static.apidae-tourisme.com/filestore/objets-touristiques/images/42/98/9003562-fiche.jpg",
      "urlDiaporama" : "https://static.apidae-tourisme.com/filestore/objets-touristiques/images/42/98/9003562-diaporama.jpg",
      "extension" : "jpg",
      "fileName" : "Balade_Marais_du_vigueirat (14)",
      "taille" : 3958920,
      "hauteur" : 2304,
      "largeur" : 3456,
      "lastModifiedDate" : "2020-12-18T09:22:37.000+0000"
    } ],
    "locked" : false
  } ],
  "multimedias" : [ {
    "identifiant" : 12804673,
    "link" : false,
    "type" : "DOCUMENT",
    "nom" : {
      "libelleFr" : "Les Marais du Vigueirat"
    },
    "traductionFichiers" : [ {
      "locale" : "fr",
      "url" : "https://static.apidae-tourisme.com/filestore/objets-touristiques/documents/192/75/12995520/Marais-du-Vigueirat_Arles-2022.pdf",
      "extension" : "pdf",
      "fileName" : "Marais-du-Vigueirat_Arles-2022",
      "taille" : 1255201,
      "lastModifiedDate" : "2022-04-07T10:03:28.967+0000"
    } ],
    "locked" : false
  } ],
  "visites" : {
    "visitable" : false
  },
  "territoires" : [ {
    "type" : "TERRITOIRE",
    "id" : 324346
  }, {
    "type" : "TERRITOIRE",
    "id" : 324348
  }, {
    "type" : "TERRITOIRE",
    "id" : 591381
  }, {
    "type" : "TERRITOIRE",
    "id" : 591419
  }, {
    "type" : "TERRITOIRE",
    "id" : 658199
  }, {
    "type" : "TERRITOIRE",
    "id" : 4877700
  }, {
    "type" : "TERRITOIRE",
    "id" : 5127066
  }, {
    "type" : "TERRITOIRE",
    "id" : 5427584
  }, {
    "type" : "TERRITOIRE",
    "id" : 5447176
  }, {
    "type" : "TERRITOIRE",
    "id" : 5853849
  }, {
    "type" : "TERRITOIRE",
    "id" : 5853921
  } ],
  "informationsPatrimoineCulturel" : {
    "patrimoineCulturelType" : {
      "elementReferenceType" : "PatrimoineCulturelType",
      "id" : 3200
    },
    "themes" : [ {
      "elementReferenceType" : "PatrimoineCulturelTheme",
      "id" : 3554
    } ]
  },
  "formatVersion" : "v002",
  "expiration" : { },
  "informationsPrestataireActivites" : {
    "prestataireActivites" : true,
    "activitesSportives" : [ {
      "elementReferenceType" : "ActiviteSportivePrestation",
      "id" : 1865
    }, {
      "elementReferenceType" : "ActiviteSportivePrestation",
      "id" : 1872
    }, {
      "elementReferenceType" : "ActiviteSportivePrestation",
      "id" : 2006
    }, {
      "elementReferenceType" : "ActiviteSportivePrestation",
      "id" : 2013
    }, {
      "elementReferenceType" : "ActiviteSportivePrestation",
      "id" : 2028
    } ],
    "activitesCulturelles" : [ {
      "elementReferenceType" : "ActiviteCulturellePrestation",
      "id" : 1821
    } ]
  },
  "enquete" : { },
  "donneesPrivees" : [ {
    "nomTechnique" : "1947_Id_patio",
    "libelleFr" : "Id_Patio",
    "ordre" : 1,
    "descriptif" : {
      "libelleFr" : "13T2E00031"
    }
  }, {
    "nomTechnique" : "1947_Source_patio",
    "libelleFr" : "Source_Patio",
    "ordre" : 2,
    "descriptif" : {
      "libelleFr" : "OT Arles"
    }
  }, {
    "nomTechnique" : "1947_Url_patio",
    "libelleFr" : "URL_Patio",
    "ordre" : 3,
    "descriptif" : {
      "libelleFr" : "http://www.arlestourisme.com"
    }
  } ],
  "metadonnees" : [ {
    "noeudId" : "fairguest",
    "contenus" : [ {
      "cible" : "general",
      "metadonnee" : {
        "note" : 8.7,
        "label" : "Très bon",
        "couleur" : "#71a63e",
        "nombreAvis" : 447,
        "dateMaj" : 1667919048036
      }
    } ]
  } ]
}