{
  "type" : "PATRIMOINE_CULTUREL",
  "id" : 5539423,
  "nom" : {
    "libelleFr" : "Parc Borély",
    "libelleEn" : "Parc  Borély",
    "libelleEs" : "Parc  Borély",
    "libelleIt" : "Parc  Borély",
    "libelleDe" : "Parc  Borély",
    "libelleNl" : "Parc  Borély"
  },
  "identifier" : "SITRA2_PCU_5539423",
  "state" : "PUBLISHED",
  "gestion" : {
    "dateCreation" : "2020-05-27T15:06:13.625+0000",
    "dateModification" : "2022-07-06T09:48:24.969+0000",
    "dateExportModification" : "2022-07-06T09:48:25.167+0000",
    "membreProprietaire" : {
      "type" : {
        "elementReferenceType" : "MembreSitraType",
        "id" : 233
      },
      "nom" : "Ville de Marseille",
      "dateCreation" : "2017-01-24T06:54:50.567+0000",
      "dateModification" : "2022-10-24T08:49:51.518+0000",
      "id" : 1470,
      "siteWeb" : "http://www.marseille.fr/"
    },
    "signalerUnProblemeMails" : [ "narezki@marseille.fr", "sortir@marseille.fr" ]
  },
  "informations" : {
    "moyensCommunication" : [ {
      "identifiant" : 79674372,
      "type" : {
        "elementReferenceType" : "MoyenCommunicationType",
        "id" : 201
      },
      "coordonnees" : {
        "fr" : "3013"
      }
    }, {
      "identifiant" : 79674375,
      "type" : {
        "elementReferenceType" : "MoyenCommunicationType",
        "id" : 205
      },
      "coordonnees" : {
        "fr" : "https://www.marseille.fr/environnement/parcs-et-jardins/parc-borely"
      }
    } ],
    "informationsLegales" : { },
    "structureGestion" : {
      "type" : "STRUCTURE",
      "id" : 5350442
    }
  },
  "presentation" : {
    "descriptifCourt" : {
      "libelleFr" : "Le parc Borély qui s'étend sur 18 hectares (dont 1,2 hectares pour le jardin botanique) est le plus fréquenté des espaces verts marseillais.",
      "libelleEn" : "The Borély park, which covers 18 hectares (including 1.2 hectares for the botanical garden), is the most popular green space in Marseille.",
      "libelleEs" : "El parque de Borély, de 18 hectáreas (incluyendo 1,2 hectáreas para el jardín botánico), es el espacio verde más popular de Marsella.",
      "libelleDe" : "Der 18 Hektar große Parc Borély (davon 1,2 Hektar für den botanischen Garten) ist die meistbesuchte Grünanlage in Marseille."
    },
    "descriptifDetaille" : {
      "libelleFr" : "Dans certains squares, les aires de jeux restent utilisables mais sont placées sous la responsabilité des parents qui doivent s'assurer du respect des consignes sanitaires et, notamment, la distanciation physique.\r\n\r\n\r\nCe jardin de 17 hectares abrite une bastide du XVIIIe siècle, mise en valeur par un jardin \"à la française\" et un parc paysager du XIXe siècle. Le jardin garde l'empreinte de l'ingénieur et architecte Embry (1775). De ce projet demeurent les lignes symétriques du jardin actuel avec deux axes principaux (N-S/E-O), les bassins rectangulaires et les parterres géométriques. Entre 1860 et 1880, la Ville de Marseille fit appel à Alphand (ingénieur des plantations de la Ville de Paris) pour créer un parc public dans la propriété. Celui-ci confia l'exécution du projet à son collaborateur Barillet-Deschamps. La juxtaposition du parc et du jardin \"à la française\" confère à Borély un charme supplémentaire. Ses allées sont très prisées des joggers et des promeneurs qui apprécient également de flâner entre les massifs de la roseraie ou de découvrir les espèces rares du jardin botanique. Le plan d'eau, son embarcadère, sa buvette et son restaurant (en attente d'une nouvelle gérance) complètent les multiples attractions du site. Borély est aussi un paradis des enfants doté de deux aires de jeux...En 1995, la cascade en rocaille du XIXe siècle a été choisie pour servir d'écrin à l'oeuvre originale de Jean-Michel Folon \"l'Homme aux oiseaux\". La même année, un parcours pédagogique de découverte des diverses richesses du parc a été mis en place. La signalétique des végétaux présente les arbres les plus remarquables du parc. L'identification des oiseaux du lac est abordée d'une manière similaire.",
      "libelleEn" : "In some squares, the playgrounds can still be used but are under the responsibility of the parents who must ensure that the sanitary rules are respected and, in particular, that the children are physically distanced.\r\n\r\n\r\nThis 17-hectare garden is home to an 18th-century country house, enhanced by a French garden and a 19th-century landscaped park. The garden retains the imprint of the engineer and architect Embry (1775). From this project remain the symmetrical lines of the present garden with two main axes (N-S/E-W), the rectangular basins and the geometrical parterres. Between 1860 and 1880, the City of Marseille called upon Alphand (planting engineer for the City of Paris) to create a public park on the property. He entrusted the execution of the project to his collaborator Barillet-Deschamps. The juxtaposition of the park and the French garden gives Borély an additional charm. Its paths are very popular with joggers and walkers who also enjoy strolling through the rose garden or discovering the rare species of the botanical garden. The lake, its pier, its refreshment bar and its restaurant (awaiting a new manager) complete the multiple attractions of the site. Borély is also a children's paradise with two playgrounds... In 1995, the 19th century rock waterfall was chosen to serve as a setting for Jean-Michel Folon's original work \"L'Homme aux oiseaux\". In the same year, an educational trail was set up to discover the various treasures of the park. The signposting of the plants presents the most remarkable trees of the park. The identification of the birds of the lake is approached in a similar way.",
      "libelleEs" : "En algunas plazas, los patios de recreo pueden seguir utilizándose, pero están bajo la responsabilidad de los padres, que deben velar por el respeto de las normas sanitarias y, en particular, por mantener a los niños a distancia.\r\n\r\n\r\nEste jardín de 17 hectáreas alberga una bastida del siglo XVIII, realzada por un jardín francés y un parque paisajístico del siglo XIX. El jardín lleva la huella del ingeniero y arquitecto Embry (1775). De este proyecto quedan las líneas simétricas del jardín actual con dos ejes principales (N-S/E-O), los estanques rectangulares y los parterres geométricos. Entre 1860 y 1880, la ciudad de Marsella recurrió a Alphand (ingeniero de plantaciones de la ciudad de París) para crear un parque público en la propiedad. Confió la ejecución del proyecto a su colaborador Barillet-Deschamps. La yuxtaposición del parque y el jardín francés da a Borély un encanto adicional. Sus senderos son muy populares entre los corredores y caminantes, que también disfrutan paseando por la rosaleda o descubriendo las especies raras del jardín botánico. El lago, su muelle, su bar de refrescos y su restaurante (a la espera de un nuevo responsable) completan los numerosos atractivos del lugar. Borély es también un paraíso para los niños con dos parques infantiles... En 1995, la cascada de roca del siglo XIX fue elegida como escenario de la obra original de Jean-Michel Folon \"El hombre pájaro\". Ese mismo año se creó un sendero educativo para descubrir los distintos tesoros del parque. La señalización vegetal presenta los árboles más destacados del parque. La identificación de las aves del lago se aborda de forma similar.",
      "libelleDe" : "In einigen Plätzen können die Spielplätze weiterhin genutzt werden, aber die Eltern sind dafür verantwortlich, dass die Gesundheitsvorschriften eingehalten werden, insbesondere die körperliche Distanzierung.\r\n\r\n\r\nDer 17 Hektar große Garten beherbergt eine Bastide aus dem 18. Jahrhundert, die durch einen \"französischen\" Garten und einen Landschaftspark aus dem 19. Der Garten bewahrt die Spuren des Ingenieurs und Architekten Embry (1775). Von diesem Entwurf blieben die symmetrischen Linien des heutigen Gartens mit zwei Hauptachsen (N-S/E-W), die rechteckigen Wasserbecken und die geometrischen Beete erhalten. Zwischen 1860 und 1880 beauftragte die Stadt Marseille Alphand (Plantageningenieur der Stadt Paris) damit, auf dem Grundstück einen öffentlichen Park anzulegen. Dieser beauftragte seinen Mitarbeiter Barillet-Deschamps mit der Ausführung des Projekts. Das Nebeneinander von Park und \"französischem\" Garten verleiht Borély einen zusätzlichen Charme. Seine Alleen sind bei Joggern und Spaziergängern sehr beliebt, die auch gerne zwischen den Beeten des Rosengartens flanieren oder die seltenen Arten des botanischen Gartens entdecken. Der Wasserspiegel, seine Anlegestelle, sein Imbiss und sein Restaurant (das auf eine neue Leitung wartet) vervollständigen die zahlreichen Attraktionen des Geländes. Borély ist auch ein Kinderparadies mit zwei Spielplätzen... 1995 wurde der Wasserfall aus Steingärten aus dem 19. Jahrhundert als Kulisse für das Originalwerk von Jean-Michel Folon \"L'Homme aux oiseaux\" (Der Mann mit den Vögeln) ausgewählt. Im selben Jahr wurde ein pädagogischer Rundgang zur Entdeckung der verschiedenen Reichtümer des Parks eingerichtet. Die Beschilderung der Pflanzen stellt die bemerkenswertesten Bäume des Parks vor. Die Identifizierung der Vögel am See wird auf ähnliche Weise angegangen."
    },
    "descriptifsThematises" : [ {
      "dateDisponibilite" : null,
      "dateLimiteDePublication" : null,
      "theme" : {
        "elementReferenceType" : "DescriptifTheme",
        "id" : 5417
      },
      "description" : {
        "libelleFr" : "Pour la visite du Parc Borély il faut prendre le temps ! Ce vaste espace vert de Marseille qui jouxte l'hippodrome à proximité des plages abrite une très belle bastide XVIIIe magnifiquement restaurée (Musée des Arts décoratifs, de la faïence et de la mode), un jardin à la française, un parc paysager du XIXe siècle et le jardin botanique Edouard-Marie Heckel. \r\nAussi ce parc plein de ressources est-il apprécié de tous. On y vient pour flâner vers la roseraie, observer espèces rares et arbres remarquables, découvrir les sculptures ou monuments au détour des sentiers. On y vient pour profiter du plan d'eau, de la buvette ou du restaurant, en marchant, en courant, en rêvant, avec ou sans les enfants... C'est un espace de découverte, de nature, de rencontres, un lieu de vie."
      }
    } ]
  },
  "localisation" : {
    "adresse" : {
      "adresse1" : "Avenue du Prado",
      "adresse2" : "Avenue du Parc Borély",
      "codePostal" : "13008",
      "bureauDistribution" : "MARSEILLE",
      "commune" : {
        "id" : 4538
      }
    },
    "geolocalisation" : {
      "complement" : {
        "libelleFr" : "Bus 19,83."
      },
      "valide" : true,
      "geoJson" : {
        "type" : "Point",
        "coordinates" : [ 5.379525, 43.261387 ]
      }
    },
    "perimetreGeographique" : [ {
      "id" : 4538
    } ],
    "environnements" : [ {
      "elementReferenceType" : "Environnement",
      "id" : 183
    }, {
      "elementReferenceType" : "Environnement",
      "id" : 3974
    } ]
  },
  "liens" : {
    "liensObjetsTouristiquesTypes" : [ {
      "type" : "SUR_PLACE",
      "libelleFr" : "Sur place",
      "libelleEn" : "On the premises",
      "libelleEs" : "In situ",
      "libelleIt" : "Sul posto",
      "libelleDe" : "Vor Ort",
      "libelleNl" : "Ter plaatse",
      "libelleRu" : "На месте",
      "libelleZh" : "堂食",
      "libellePtBR" : "No local",
      "libelleJa" : "現地で",
      "objetTouristique" : {
        "type" : "PATRIMOINE_CULTUREL",
        "id" : 5538021
      }
    }, {
      "type" : "SUR_PLACE",
      "libelleFr" : "Sur place",
      "libelleEn" : "On the premises",
      "libelleEs" : "In situ",
      "libelleIt" : "Sul posto",
      "libelleDe" : "Vor Ort",
      "libelleNl" : "Ter plaatse",
      "libelleRu" : "На месте",
      "libelleZh" : "堂食",
      "libellePtBR" : "No local",
      "libelleJa" : "現地で",
      "objetTouristique" : {
        "type" : "PATRIMOINE_CULTUREL",
        "id" : 5539334
      }
    } ]
  },
  "prestations" : {
    "equipements" : [ {
      "elementReferenceType" : "PrestationEquipement",
      "id" : 612
    }, {
      "elementReferenceType" : "PrestationEquipement",
      "id" : 1321
    } ],
    "animauxAcceptes" : "NON_DISPONIBLE",
    "animauxAcceptesSupplement" : "NON_DISPONIBLE",
    "complementAccueil" : {
      "libelleFr" : "Accessible pour handicapés\r\nParking public",
      "libelleEn" : "Accessible for disabled",
      "libelleIt" : "Accessibile ai disabili",
      "libelleDe" : "Zugänglich für Behinderte",
      "libelleNl" : "Toegankelijk voor mensen met een handicap"
    }
  },
  "ouverture" : {
    "periodeEnClair" : {
      "libelleFr" : "Du 01/01 au 31/12/2022, tous les jours.\nLe parc est ouvert jusqu'à 21h30 du 8 juillet au 28 août dans le cadre de l'été marseillais.\r\n\r\nHoraires d'ouverture jusqu'à nouvel ordre : de 6h à 21h\r\n(l'évacuation du public débute 1/4h avant la fermeture légale).",
      "libelleEn" : "From 01/01 to 31/12/2022, daily.",
      "libelleEs" : "Del 01/01 al 31/12/2022, todos los dias.",
      "libelleIt" : "Dal 01/01 al 31/12/2022, ogni giorno.",
      "libelleDe" : "Vom 01/01 bis 31/12/2022, täglich.",
      "libelleNl" : "Van 01/01 tot en met 31/12/2022, iedere dag.",
      "libelleRu" : "С 01/01 до 31/12/2022, ежедневно.",
      "libelleZh" : "从 1月1日 到 2022年12月31日, 日常.",
      "libellePtBR" : "De 01/01 a 31/12/2022, todos os dias.",
      "libelleJa" : "01/01 から 31/12/2022 まで, 毎日."
    },
    "periodeEnClairGenerationMode" : "AUTOMATIQUE",
    "indicationsPeriode" : [ {
      "elementReferenceType" : "IndicationPeriode",
      "id" : 416
    }, {
      "elementReferenceType" : "IndicationPeriode",
      "id" : 418
    }, {
      "elementReferenceType" : "IndicationPeriode",
      "id" : 435
    }, {
      "elementReferenceType" : "IndicationPeriode",
      "id" : 436
    } ],
    "periodesOuvertures" : [ {
      "identifiant" : 22414572,
      "dateDebut" : "2022-01-01",
      "dateFin" : "2022-12-31",
      "complementHoraire" : {
        "libelleFr" : "Le parc est ouvert jusqu'à 21h30 du 8 juillet au 28 août dans le cadre de l'été marseillais.\r\n\r\nHoraires d'ouverture jusqu'à nouvel ordre : de 6h à 21h\r\n(l'évacuation du public débute 1/4h avant la fermeture légale)"
      },
      "type" : "OUVERTURE_TOUS_LES_JOURS",
      "tousLesAns" : false,
      "identifiantTechnique" : 23811799
    } ]
  },
  "descriptionTarif" : {
    "indicationTarif" : "GRATUIT",
    "gratuit" : true,
    "tarifsEnClair" : {
      "libelleFr" : "Gratuit.",
      "libelleEn" : "Free of charge.",
      "libelleEs" : "Gratis.",
      "libelleIt" : "Gratuito.",
      "libelleDe" : "Kostenlos.",
      "libelleNl" : "Gratis.",
      "libelleRu" : "Бесплатно.",
      "libelleZh" : "免费.",
      "libellePtBR" : "Gratuito.",
      "libelleJa" : "無料."
    },
    "tarifsEnClairGenerationMode" : "AUTOMATIQUE",
    "devise" : "EUR",
    "conditions" : { }
  },
  "reservation" : { },
  "criteresInternes" : [ {
    "id" : 16637
  }, {
    "id" : 16704
  }, {
    "id" : 16775
  }, {
    "id" : 18002
  } ],
  "contacts" : [ {
    "identifiant" : 17644141,
    "referent" : true,
    "civilite" : {
      "elementReferenceType" : "ContactCivilite",
      "id" : 443
    },
    "nom" : "Police des Parcs",
    "fonction" : {
      "elementReferenceType" : "ContactFonction",
      "id" : 457
    },
    "moyensCommunication" : [ {
      "identifiant" : 82357709,
      "type" : {
        "elementReferenceType" : "MoyenCommunicationType",
        "id" : 201
      },
      "coordonnees" : {
        "fr" : "04 91 55 25 27"
      }
    } ]
  } ],
  "illustrations" : [ {
    "identifiant" : 9714260,
    "link" : false,
    "type" : "IMAGE",
    "nom" : {
      "libelleFr" : "Parc Borély"
    },
    "copyright" : {
      "libelleFr" : "Parc Borély - Ville de Marseille"
    },
    "traductionFichiers" : [ {
      "locale" : "fr",
      "url" : "https://static.apidae-tourisme.com/filestore/objets-touristiques/images/76/132/9471052.jpg",
      "urlListe" : "https://static.apidae-tourisme.com/filestore/objets-touristiques/images/76/132/9471052-liste.jpg",
      "urlFiche" : "https://static.apidae-tourisme.com/filestore/objets-touristiques/images/76/132/9471052-fiche.jpg",
      "urlDiaporama" : "https://static.apidae-tourisme.com/filestore/objets-touristiques/images/76/132/9471052-diaporama.jpg",
      "extension" : "jpg",
      "fileName" : "parc borely",
      "taille" : 354777,
      "hauteur" : 1200,
      "largeur" : 900,
      "lastModifiedDate" : "2021-03-25T10:07:54.000+0000"
    } ],
    "locked" : false
  } ],
  "visites" : {
    "visitable" : false
  },
  "territoires" : [ {
    "type" : "TERRITOIRE",
    "id" : 591381
  }, {
    "type" : "TERRITOIRE",
    "id" : 591419
  }, {
    "type" : "TERRITOIRE",
    "id" : 5127066
  }, {
    "type" : "TERRITOIRE",
    "id" : 5427637
  }, {
    "type" : "TERRITOIRE",
    "id" : 5460436
  }, {
    "type" : "TERRITOIRE",
    "id" : 5693878
  }, {
    "type" : "TERRITOIRE",
    "id" : 5693903
  }, {
    "type" : "TERRITOIRE",
    "id" : 6008197
  } ],
  "datesOuverture" : [ "2022-11-07", "2022-11-08", "2022-11-09", "2022-11-10", "2022-11-11", "2022-11-12", "2022-11-13", "2022-11-14", "2022-11-15", "2022-11-16", "2022-11-17", "2022-11-18", "2022-11-19", "2022-11-20", "2022-11-21", "2022-11-22", "2022-11-23", "2022-11-24", "2022-11-25", "2022-11-26", "2022-11-27", "2022-11-28", "2022-11-29", "2022-11-30", "2022-12-01", "2022-12-02", "2022-12-03", "2022-12-04", "2022-12-05", "2022-12-06", "2022-12-07", "2022-12-08", "2022-12-09", "2022-12-10", "2022-12-11", "2022-12-12", "2022-12-13", "2022-12-14", "2022-12-15", "2022-12-16", "2022-12-17", "2022-12-18", "2022-12-19", "2022-12-20", "2022-12-21", "2022-12-22", "2022-12-23", "2022-12-24", "2022-12-25", "2022-12-26", "2022-12-27", "2022-12-28", "2022-12-29", "2022-12-30", "2022-12-31" ],
  "informationsPatrimoineCulturel" : {
    "patrimoineCulturelType" : {
      "elementReferenceType" : "PatrimoineCulturelType",
      "id" : 3202
    },
    "themes" : [ {
      "elementReferenceType" : "PatrimoineCulturelTheme",
      "id" : 3458
    } ],
    "categories" : [ {
      "elementReferenceType" : "PatrimoineCulturelCategorie",
      "id" : 4872
    } ]
  },
  "formatVersion" : "v002",
  "expiration" : {
    "dateExpiration" : "2022-12-31T00:00:00.000+0000"
  },
  "informationsPrestataireActivites" : {
    "prestataireActivites" : false
  },
  "enquete" : { },
  "donneesPrivees" : [ {
    "nomTechnique" : "1947_Id_patio",
    "libelleFr" : "Id_Patio",
    "ordre" : 1,
    "descriptif" : {
      "libelleFr" : "13T2001110"
    }
  }, {
    "nomTechnique" : "1947_Source_patio",
    "libelleFr" : "Source_Patio",
    "ordre" : 2,
    "descriptif" : {
      "libelleFr" : "Ville de Marseille"
    }
  }, {
    "nomTechnique" : "1947_Url_patio",
    "libelleFr" : "URL_Patio",
    "ordre" : 3,
    "descriptif" : {
      "libelleFr" : "http://www.marseille.fr"
    }
  } ]
}