{
  "type" : "FETE_ET_MANIFESTATION",
  "id" : 5802922,
  "nom" : {
    "libelleFr" : "Balade en side-car dans la campagne aixoise (45min) - BE3",
    "libelleEn" : "Vintage sidecar ride in the Aix-en-Provence countryside (45 min) - BE3"
  },
  "identifier" : "SITRA2_EVE_5802922",
  "state" : "PUBLISHED",
  "gestion" : {
    "dateCreation" : "2021-05-12T08:56:58.828+0000",
    "dateModification" : "2022-03-24T07:24:27.128+0000",
    "dateExportModification" : "2022-10-21T11:59:48.799+0000",
    "membreProprietaire" : {
      "type" : {
        "elementReferenceType" : "MembreSitraType",
        "id" : 233
      },
      "nom" : "Office de Tourisme d'Aix en Provence",
      "dateCreation" : "2020-02-14T10:34:37.912+0000",
      "dateModification" : "2022-10-24T08:49:34.452+0000",
      "id" : 1988,
      "siteWeb" : "http://www.aixenprovencetourism.com"
    },
    "signalerUnProblemeMails" : [ "jchevalier@aixenprovencetourism.com", "sdardenne@aixenprovencetourism.com", "vmontpellaz@aixenprovencetourism.com" ]
  },
  "informations" : {
    "moyensCommunication" : [ {
      "identifiant" : 88606756,
      "type" : {
        "elementReferenceType" : "MoyenCommunicationType",
        "id" : 205
      },
      "coordonnees" : {
        "fr" : "https://reservation.aixenprovencetourism.com/",
        "en" : "https://booking.aixenprovencetourism.com"
      }
    } ],
    "structureGestion" : {
      "type" : "STRUCTURE",
      "id" : 5550805
    },
    "structureInformation" : {
      "type" : "STRUCTURE",
      "id" : 5228508
    }
  },
  "presentation" : {
    "descriptifCourt" : {
      "libelleFr" : "Découvrez pendant 45mn l'expérience side-car dans la campagne aixoise avec des motards professionnels !",
      "libelleEn" : "A 45 minutes sidecar experience in the Aix-en-Provence countryside with professional bikers!"
    },
    "descriptifDetaille" : {
      "libelleFr" : "Une expérience à partager entre amis ou en couple. Laissez vous guider avec les chauffeurs \"sud siders\". A bord de side-cars vintage découvrons la montagne Sainte-Victoire autrement et arrêtons-nous sur la route pour profiter du paysage et de la nature.\r\n\r\nAttention possibilité d'annulation et de report en cas de vent supérieur à 60km/h et de pluie.\r\n\r\n➜ Equipement fourni\r\n➜ Départ de l'Office de Tourisme\r\n➜ Durée : 45 minutes environ\r\n➜ A partir de 4 ans\r\n​➜ Les animaux sont interdits\r\n\r\nRéservations auprès des conseillers en séjour de l'Office de Tourisme d'Aix-en-Provence ou sur le site de l'Office de Tourisme d'Aix-en-Provence.",
      "libelleEn" : "A vintage sidecar ride with your guide, an original way to fully enjoy the Aix countryside. A unic experience to share inside a moto sidecar! Going with south bikers.\r\n\r\nPlease notice cancellation/report possible in case of rain or heavy wind.\r\n\r\n➜ Equipment provided\r\n➜ Departure from the Tourist Office\r\n➜ Duration: about 45 min\r\n➜ Child from 4 years old\r\n➜ Pets are forbidden\r\n\r\nBooking at the information desk or on the website of the Tourist Office."
    },
    "typologiesPromoSitra" : [ {
      "elementReferenceType" : "TypologiePromoSitra",
      "id" : 1676
    }, {
      "elementReferenceType" : "TypologiePromoSitra",
      "id" : 1678
    } ]
  },
  "localisation" : {
    "adresse" : {
      "nomDuLieu" : "Au départ de l'Office de Tourisme",
      "adresse1" : "300 avenue Giuseppe Verdi",
      "adresse2" : "BP 40106",
      "codePostal" : "13090",
      "bureauDistribution" : "Aix-en-Provence",
      "cedex" : "1",
      "commune" : {
        "id" : 4412
      }
    },
    "geolocalisation" : {
      "valide" : true,
      "geoJson" : {
        "type" : "Point",
        "coordinates" : [ 5.444349, 43.526025 ]
      }
    },
    "perimetreGeographique" : [ {
      "id" : 4412
    } ],
    "lieu" : {
      "id" : 16674
    }
  },
  "liens" : {
    "liensObjetsTouristiquesTypes" : [ {
      "type" : "VISITE_ORGANISATEUR",
      "libelleFr" : "Est une visite guidée de ...",
      "libelleEn" : "Is a guided tour proposed by...",
      "libelleEs" : "Es una visita guiada de...",
      "libelleIt" : "È una visita guidata di...",
      "libelleDe" : "Ist eine Führung von ...",
      "libelleNl" : "Is een rondleiding door ...",
      "libelleRu" : "Является экскурсией",
      "libelleZh" : "是的导览参观",
      "libellePtBR" : "É uma visita guiada de...",
      "libelleJa" : "はガイド付きツアー",
      "objetTouristique" : {
        "type" : "COMMERCE_ET_SERVICE",
        "id" : 5547667
      }
    } ]
  },
  "prestations" : {
    "animauxAcceptes" : "NON_ACCEPTES",
    "animauxAcceptesSupplement" : "NON_DISPONIBLE",
    "languesParlees" : [ {
      "elementReferenceType" : "Langue",
      "id" : 1192
    }, {
      "elementReferenceType" : "Langue",
      "id" : 1197
    } ],
    "ageMin" : 48,
    "uniteAgeMin" : "ANNEE"
  },
  "ouverture" : {
    "periodeEnClair" : {
      "libelleFr" : "Du 07/02 au 30/12/2022, tous les lundis, mercredis et vendredis.\nA 14h, 15h30 et 17h.",
      "libelleEn" : "From 07/02 to 30/12/2022, every Monday, Wednesday and Friday.\nAt 2pm, 3.30pm and 5pm.",
      "libelleEs" : "Del 07/02 al 30/12/2022, todos los lunes, miércoles y viernes.",
      "libelleIt" : "Dal 07/02 al 30/12/2022, tutti i lunedì, mercoledì e venerdì.",
      "libelleDe" : "Vom 07/02 bis 30/12/2022, jeden Montag, Mittwoch und Freitag.",
      "libelleNl" : "Van 07/02 tot en met 30/12/2022, elke maandag, woensdag en vrijdag.",
      "libelleRu" : "С 07/02 до 30/12/2022, каждый понедельники, среды и пятницы.",
      "libelleZh" : "从 2月7日 到 2022年12月30日, 每星期一, 星期三 和 星期五.",
      "libellePtBR" : "De 07/02 a 30/12/2022, todas as segundas-feiras, quartas-feiras e sextas-feiras.",
      "libelleJa" : "07/02 から 30/12/2022 まで, 毎月曜日, 水曜日 と 金曜日."
    },
    "periodeEnClairGenerationMode" : "AUTOMATIQUE",
    "indicationsPeriode" : [ {
      "elementReferenceType" : "IndicationPeriode",
      "id" : 416
    }, {
      "elementReferenceType" : "IndicationPeriode",
      "id" : 418
    }, {
      "elementReferenceType" : "IndicationPeriode",
      "id" : 435
    }, {
      "elementReferenceType" : "IndicationPeriode",
      "id" : 436
    } ],
    "periodesOuvertures" : [ {
      "identifiant" : 20964712,
      "dateDebut" : "2022-02-07",
      "dateFin" : "2022-12-30",
      "complementHoraire" : {
        "libelleFr" : "A 14h, 15h30 et 17h",
        "libelleEn" : "At 2pm, 3.30pm and 5pm"
      },
      "type" : "OUVERTURE_SEMAINE",
      "tousLesAns" : false,
      "ouverturesJournalieres" : [ {
        "jour" : "LUNDI"
      }, {
        "jour" : "MERCREDI"
      }, {
        "jour" : "VENDREDI"
      } ],
      "identifiantTechnique" : 22724384
    } ]
  },
  "descriptionTarif" : {
    "indicationTarif" : "PAYANT",
    "gratuit" : false,
    "tarifsEnClair" : {
      "libelleFr" : "Tarif unique : 79 € (pour 1 ou 2 personnes).\n",
      "libelleEn" : "One price: 79 € (for 1 or 2 people).\n",
      "libelleEs" : "Tarifa única: 79 €.\n",
      "libelleIt" : "Tariffa unica: 79 €.\n",
      "libelleDe" : "Einheitspreis: 79 €.\n",
      "libelleNl" : "Vast tarief: € 79.\n",
      "libelleRu" : "Единый тариф : 79 €.\n",
      "libelleZh" : "定价 : 79 €.\n",
      "libellePtBR" : "Tarifa única: 79 €.\n",
      "libelleJa" : "シングルレート: 79 €.\n"
    },
    "tarifsEnClairGenerationMode" : "AUTOMATIQUE",
    "complement" : { },
    "periodes" : [ {
      "identifiant" : 12073407,
      "dateDebut" : "2022-02-07",
      "dateFin" : "2022-12-30",
      "tarifs" : [ {
        "devise" : "EUR",
        "minimum" : 79.00,
        "maximum" : 79.00,
        "precisionTarif" : {
          "libelleFr" : "pour 1 ou 2 personnes",
          "libelleEn" : "for 1 or 2 people"
        },
        "type" : {
          "elementReferenceType" : "TarifType",
          "id" : 4123
        }
      } ]
    } ],
    "modesPaiement" : [ {
      "elementReferenceType" : "ModePaiement",
      "id" : 1268
    }, {
      "elementReferenceType" : "ModePaiement",
      "id" : 1277
    }, {
      "elementReferenceType" : "ModePaiement",
      "id" : 5558
    } ],
    "devise" : "EUR",
    "conditions" : { }
  },
  "reservation" : {
    "organismes" : [ {
      "identifiant" : 5782101,
      "structureReference" : {
        "type" : "STRUCTURE",
        "id" : 5349089
      },
      "nom" : "Office de Tourisme d'Aix-en-Provence - à supp",
      "type" : {
        "elementReferenceType" : "ReservationType",
        "id" : 475
      },
      "moyensCommunication" : [ {
        "identifiant" : 88732187,
        "type" : {
          "elementReferenceType" : "MoyenCommunicationType",
          "id" : 205
        },
        "coordonnees" : {
          "fr" : "https://reservation.aixenprovencetourism.com/balade-en-side-car-dans-la-campagne-aixoise-be3.html",
          "en" : "https://booking.aixenprovencetourism.com/vintage-sidecar-ride-discovering-tour-around-aix-en-provence-be3.html"
        }
      } ],
      "locked" : false
    } ]
  },
  "illustrations" : [ {
    "identifiant" : 12373871,
    "link" : false,
    "type" : "IMAGE",
    "copyright" : {
      "libelleFr" : "La Belle Échappée"
    },
    "traductionFichiers" : [ {
      "locale" : "fr",
      "url" : "https://static.apidae-tourisme.com/filestore/objets-touristiques/images/59/45/12528955.png",
      "urlListe" : "https://static.apidae-tourisme.com/filestore/objets-touristiques/images/59/45/12528955-liste.png",
      "urlFiche" : "https://static.apidae-tourisme.com/filestore/objets-touristiques/images/59/45/12528955-fiche.png",
      "urlDiaporama" : "https://static.apidae-tourisme.com/filestore/objets-touristiques/images/59/45/12528955-diaporama.png",
      "extension" : "png",
      "fileName" : "Side-car Tour AIX découverte 45minutes",
      "taille" : 786413,
      "hauteur" : 753,
      "largeur" : 520,
      "lastModifiedDate" : "2022-02-07T10:19:37.918+0000"
    } ],
    "locked" : false
  }, {
    "identifiant" : 12373870,
    "link" : false,
    "type" : "IMAGE",
    "copyright" : {
      "libelleFr" : "La Belle Échappée"
    },
    "traductionFichiers" : [ {
      "locale" : "fr",
      "url" : "https://static.apidae-tourisme.com/filestore/objets-touristiques/images/58/45/12528954.jpg",
      "urlListe" : "https://static.apidae-tourisme.com/filestore/objets-touristiques/images/58/45/12528954-liste.jpg",
      "urlFiche" : "https://static.apidae-tourisme.com/filestore/objets-touristiques/images/58/45/12528954-fiche.jpg",
      "urlDiaporama" : "https://static.apidae-tourisme.com/filestore/objets-touristiques/images/58/45/12528954-diaporama.jpg",
      "extension" : "jpg",
      "fileName" : "IMG_2084-Modifier",
      "taille" : 3373084,
      "hauteur" : 3189,
      "largeur" : 5017,
      "lastModifiedDate" : "2022-02-07T10:19:40.904+0000"
    } ],
    "locked" : false
  }, {
    "identifiant" : 9989493,
    "link" : false,
    "type" : "IMAGE",
    "copyright" : {
      "libelleFr" : "La Belle Echappée"
    },
    "traductionFichiers" : [ {
      "locale" : "fr",
      "url" : "https://static.apidae-tourisme.com/filestore/objets-touristiques/images/33/208/9752609.jpg",
      "urlListe" : "https://static.apidae-tourisme.com/filestore/objets-touristiques/images/33/208/9752609-liste.jpg",
      "urlFiche" : "https://static.apidae-tourisme.com/filestore/objets-touristiques/images/33/208/9752609-fiche.jpg",
      "urlDiaporama" : "https://static.apidae-tourisme.com/filestore/objets-touristiques/images/33/208/9752609-diaporama.jpg",
      "extension" : "jpg",
      "fileName" : "side 2",
      "taille" : 283789,
      "hauteur" : 838,
      "largeur" : 1200,
      "lastModifiedDate" : "2021-05-12T09:05:15.000+0000"
    } ],
    "locked" : false
  }, {
    "identifiant" : 9989494,
    "link" : false,
    "type" : "IMAGE",
    "copyright" : {
      "libelleFr" : "La Belle Echappée"
    },
    "traductionFichiers" : [ {
      "locale" : "fr",
      "url" : "https://static.apidae-tourisme.com/filestore/objets-touristiques/images/34/208/9752610.jpg",
      "urlListe" : "https://static.apidae-tourisme.com/filestore/objets-touristiques/images/34/208/9752610-liste.jpg",
      "urlFiche" : "https://static.apidae-tourisme.com/filestore/objets-touristiques/images/34/208/9752610-fiche.jpg",
      "urlDiaporama" : "https://static.apidae-tourisme.com/filestore/objets-touristiques/images/34/208/9752610-diaporama.jpg",
      "extension" : "jpg",
      "fileName" : "side 3",
      "taille" : 170014,
      "hauteur" : 623,
      "largeur" : 1200,
      "lastModifiedDate" : "2021-05-12T09:05:15.000+0000"
    } ],
    "locked" : false
  }, {
    "identifiant" : 12373868,
    "link" : false,
    "type" : "IMAGE",
    "copyright" : {
      "libelleFr" : "La Belle Échappée"
    },
    "traductionFichiers" : [ {
      "locale" : "fr",
      "url" : "https://static.apidae-tourisme.com/filestore/objets-touristiques/images/56/45/12528952.jpg",
      "urlListe" : "https://static.apidae-tourisme.com/filestore/objets-touristiques/images/56/45/12528952-liste.jpg",
      "urlFiche" : "https://static.apidae-tourisme.com/filestore/objets-touristiques/images/56/45/12528952-fiche.jpg",
      "urlDiaporama" : "https://static.apidae-tourisme.com/filestore/objets-touristiques/images/56/45/12528952-diaporama.jpg",
      "extension" : "jpg",
      "fileName" : "_DSC6329",
      "taille" : 1008439,
      "hauteur" : 1181,
      "largeur" : 1771,
      "lastModifiedDate" : "2022-02-07T10:19:38.895+0000"
    } ],
    "locked" : false
  }, {
    "identifiant" : 12373869,
    "link" : false,
    "type" : "IMAGE",
    "copyright" : {
      "libelleFr" : "La Belle Échappée"
    },
    "traductionFichiers" : [ {
      "locale" : "fr",
      "url" : "https://static.apidae-tourisme.com/filestore/objets-touristiques/images/57/45/12528953.jpg",
      "urlListe" : "https://static.apidae-tourisme.com/filestore/objets-touristiques/images/57/45/12528953-liste.jpg",
      "urlFiche" : "https://static.apidae-tourisme.com/filestore/objets-touristiques/images/57/45/12528953-fiche.jpg",
      "urlDiaporama" : "https://static.apidae-tourisme.com/filestore/objets-touristiques/images/57/45/12528953-diaporama.jpg",
      "extension" : "jpg",
      "fileName" : "_DSC6480",
      "taille" : 968599,
      "hauteur" : 1181,
      "largeur" : 1770,
      "lastModifiedDate" : "2022-02-07T10:19:39.973+0000"
    } ],
    "locked" : false
  } ],
  "territoires" : [ {
    "type" : "TERRITOIRE",
    "id" : 591381
  }, {
    "type" : "TERRITOIRE",
    "id" : 591419
  }, {
    "type" : "TERRITOIRE",
    "id" : 5127066
  }, {
    "type" : "TERRITOIRE",
    "id" : 5427620
  }, {
    "type" : "TERRITOIRE",
    "id" : 5427637
  }, {
    "type" : "TERRITOIRE",
    "id" : 5460325
  }, {
    "type" : "TERRITOIRE",
    "id" : 5693839
  }, {
    "type" : "TERRITOIRE",
    "id" : 5775948
  }, {
    "type" : "TERRITOIRE",
    "id" : 5853930
  } ],
  "datesOuverture" : [ "2022-10-21", "2022-10-24", "2022-10-26", "2022-10-28", "2022-10-31", "2022-11-02", "2022-11-04", "2022-11-07", "2022-11-09", "2022-11-11", "2022-11-14", "2022-11-16", "2022-11-18", "2022-11-21", "2022-11-23", "2022-11-25", "2022-11-28", "2022-11-30", "2022-12-02", "2022-12-05", "2022-12-07", "2022-12-09", "2022-12-12", "2022-12-14", "2022-12-16", "2022-12-19", "2022-12-21", "2022-12-23", "2022-12-26", "2022-12-28", "2022-12-30" ],
  "informationsFeteEtManifestation" : {
    "typesManifestation" : [ {
      "elementReferenceType" : "FeteEtManifestationType",
      "id" : 1974
    } ],
    "categories" : [ {
      "elementReferenceType" : "FeteEtManifestationCategorie",
      "id" : 2101
    }, {
      "elementReferenceType" : "FeteEtManifestationCategorie",
      "id" : 2117
    } ],
    "themes" : [ {
      "elementReferenceType" : "FeteEtManifestationTheme",
      "id" : 2129
    } ],
    "portee" : {
      "elementReferenceType" : "FeteEtManifestationPortee",
      "id" : 2351
    },
    "nomLieu" : "Au départ de l'Office de Tourisme"
  },
  "formatVersion" : "v002",
  "expiration" : {
    "dateExpiration" : "2022-12-30T00:00:00.000+0000",
    "expirationAction" : "MASQUER_AUTOMATIQUEMENT"
  },
  "enquete" : { }
}