{
  "type" : "PATRIMOINE_CULTUREL",
  "id" : 5539256,
  "nom" : {
    "libelleFr" : "Musée Réattu",
    "libelleEn" : "Réattu Museum",
    "libelleEs" : "Museo Réattu",
    "libelleIt" : "Museo Réattu",
    "libelleDe" : "Musee Reattu",
    "libelleNl" : "Musee Reattu"
  },
  "identifier" : "SITRA2_PCU_5539256",
  "state" : "PUBLISHED",
  "gestion" : {
    "dateCreation" : "2020-05-27T13:32:53.211+0000",
    "dateModification" : "2022-09-15T09:23:59.028+0000",
    "dateExportModification" : "2022-11-07T15:26:43.477+0000",
    "membreProprietaire" : {
      "type" : {
        "elementReferenceType" : "MembreSitraType",
        "id" : 233
      },
      "nom" : "Office de Tourisme d'Arles",
      "dateCreation" : "2020-10-20T08:31:09.923+0000",
      "dateModification" : "2022-10-24T08:49:35.216+0000",
      "id" : 2112,
      "siteWeb" : "http://www.arlestourisme.com"
    },
    "signalerUnProblemeMails" : [ "a.quarta@arlestourisme.com", "f.soliveres@arlestourisme.com", "m.louvet@arlestourisme.com" ]
  },
  "informations" : {
    "moyensCommunication" : [ {
      "identifiant" : 79665256,
      "type" : {
        "elementReferenceType" : "MoyenCommunicationType",
        "id" : 201
      },
      "coordonnees" : {
        "fr" : "04 90 49 37 58"
      }
    }, {
      "identifiant" : 79665259,
      "type" : {
        "elementReferenceType" : "MoyenCommunicationType",
        "id" : 204
      },
      "coordonnees" : {
        "fr" : "musee.reattu@ville-arles.fr"
      }
    }, {
      "identifiant" : 79665260,
      "type" : {
        "elementReferenceType" : "MoyenCommunicationType",
        "id" : 205
      },
      "coordonnees" : {
        "fr" : "http://www.museereattu.arles.fr"
      }
    } ],
    "informationsLegales" : { },
    "structureGestion" : {
      "type" : "STRUCTURE",
      "id" : 775880
    },
    "structureInformation" : {
      "type" : "STRUCTURE",
      "id" : 5223991
    }
  },
  "presentation" : {
    "descriptifCourt" : {
      "libelleFr" : "Construit fin XVème le Grand-Prieuré de l'Ordre de Malte doit sa destinée à Jacques Réattu (1760-1833), peintre arlésien et Grand Prix de Rome. Devenu musée en 1868, l'édifice conserve toute son oeuvre et sa collection personnelle,",
      "libelleEn" : "Built at the end of the 15th century, the Grand Priory of the Order of Malta owes its destiny to Jacques Réattu (1760-1833), an Arles painter and winner of the Grand Prix de Rome. The building became a museum in 1868 and houses his work and personal collection,",
      "libelleEs" : "Construido a finales del siglo XV, el Gran Priorato de la Orden de Malta debe su destino a Jacques Réattu (1760-1833), pintor de Arles y ganador del Gran Premio de Roma. El edificio se convirtió en museo en 1868 y alberga su obra y su colección personal,",
      "libelleIt" : "Costruito alla fine del XV secolo, il Gran Priorato dell'Ordine di Malta deve il suo destino a Jacques Réattu (1760-1833), pittore di Arles e vincitore del Grand Prix de Rome. L'edificio divenne un museo nel 1868 e ospita le sue opere e la sua collezione personale,",
      "libelleDe" : "Das Ende des 15. Jahrhunderts erbaute Großpriorat des Malteserordens verdankt sein Schicksal Jacques Réattu (1760-1833), einem Maler aus Arles und Träger des Großen Preises von Rom. Das Gebäude wurde 1868 zum Museum und beherbergt sein gesamtes Werk und seine persönliche Sammlung,"
    },
    "descriptifDetaille" : {
      "libelleFr" : "*Le musée Réattu est accessible sans réservation mais conformément aux dispositions légales en vigueur depuis le mercredi 21 juillet, un pass sanitaire est à présenter obligatoirement à l’entrée du musée Réattu.\r\n\r\n.Ouvert à la photographie dès les années 60 (4000 œuvres aujourd'hui), enrichi par des dons d'exception (Picasso, avec 57 dessins et deux peintures, Alechinsky...), très sensible à la sculpture (Germaine Richier, Toni Grand...), le musée a créé en 2008 une chambre d'écoute dédiée à l'art sonore. Véritable lieu de confluences, pratiquant la commande aux artistes et le mélange des disciplines, le musée propose expositions thématiques et accrochages renouvelés pour découvrir l'art autrement.\r\nSurface de l'exposition permanente : 2500\r\nSurface de l'exposition temporaire : 200\r\n\r\nConditions d'accessibilité : \r\n\r\nLe Musée Reattu dispose de ablettes et œuvres tactiles, ainsi que de de videos et visites guidées en LSF,",
      "libelleEn" : "*The Réattu Museum is accessible without reservation, but in accordance with the legal provisions in force since Wednesday 21 July, a health pass must be presented at the entrance to the Réattu Museum.\r\n\r\nOpen to photography since the 1960s (4000 works today), enriched by exceptional donations (Picasso, with 57 drawings and two paintings, Alechinsky...), very sensitive to sculpture (Germaine Richier, Toni Grand...), the museum created in 2008 a listening room dedicated to sound art. The museum is a real meeting place, commissioning artists and mixing disciplines, and offers thematic exhibitions and new displays to discover art in a different way.\r\nSurface area of the permanent exhibition: 2500\r\nSurface area of the temporary exhibition: 200",
      "libelleEs" : "*El Museo Réattu es accesible sin reserva, pero de acuerdo con las disposiciones legales vigentes desde el miércoles 21 de julio, es necesario presentar una tarjeta sanitaria a la entrada del Museo Réattu.\r\n\r\nAbierto a la fotografía desde los años 60 (4000 obras en la actualidad), enriquecido por donaciones excepcionales (Picasso, con 57 dibujos y dos pinturas, Alechinsky...), muy sensible a la escultura (Germaine Richier, Toni Grand...), el museo creó en 2008 una sala de escucha dedicada al arte sonoro. El museo es un verdadero lugar de encuentro, que encarga a artistas y mezcla disciplinas, y ofrece exposiciones temáticas y nuevas muestras para descubrir el arte de una manera diferente.\r\nSuperficie de la exposición permanente: 2500\r\nSuperficie de la exposición temporal: 200",
      "libelleIt" : "*Il Museo Réattu è accessibile senza prenotazione, ma in conformità con le disposizioni legali in vigore da mercoledì 21 luglio, un pass sanitario deve essere presentato all'ingresso del Museo Réattu.\r\n\r\nAperto alla fotografia dagli anni 60 (4000 opere oggi), arricchito da donazioni eccezionali (Picasso, con 57 disegni e due dipinti, Alechinsky...), molto sensibile alla scultura (Germaine Richier, Toni Grand...), il museo ha creato nel 2008 una sala di ascolto dedicata all'arte sonora. Il museo è un vero e proprio luogo d'incontro, che commissiona artisti e mescola discipline, e offre mostre tematiche e nuovi allestimenti per scoprire l'arte in modo diverso.\r\nSuperficie della mostra permanente: 2500\r\nSuperficie della mostra temporanea: 200",
      "libelleDe" : "*Das Musée Réattu ist ohne Reservierung zugänglich, aber gemäß den seit Mittwoch, dem 21. Juli, geltenden gesetzlichen Bestimmungen muss am Eingang des Musée Réattu unbedingt ein Gesundheitspass vorgezeigt werden.\r\n\r\nSeit den 1960er Jahren ist das Museum für Fotografie geöffnet (heute 4000 Werke), wird durch außergewöhnliche Schenkungen bereichert (Picasso mit 57 Zeichnungen und zwei Gemälden, Alechinsky...), ist sehr empfänglich für Skulpturen (Germaine Richier, Toni Grand...) und hat 2008 eine Hörkammer eingerichtet, die der Klangkunst gewidmet ist. Das Museum ist ein echter Ort des Zusammenflusses, der Künstler beauftragt und Disziplinen mischt. Es bietet thematische Ausstellungen und wechselnde Hängungen, um die Kunst auf andere Weise zu entdecken.\r\nFläche der Dauerausstellung: 2500\r\nFläche der temporären Ausstellung: 200",
      "libelleNl" : "Vroeger priorij van de orde van Malta.\r\nDe grote priorij bestond oorspronkelijk uit twee aangrenzende commanderijen, die elk rond een binnenhof gebouwd waren. Van de in de vijftiende eeuw gebouwde commanderij van Saliers noemen we vooral de zuidelijke wand van het binnenhof, een schitterende, gewelfde zaal op de begane grond en het grote vertrek op de eerste etage met uitzicht op de rivier, dat dienstdeed als atelier voor Jacques Réattu. De commanderij van Saint-Thomas is de grote priorij geworden en ligt eveneens rond een binnenhof, dat in 1640 verkleind is door de bouw van een majestueuze eretrap die de oude wenteltrap verving. Op elke etage zijn loges met balustrades die uitkijken op het hof en de vertrekken met elkaar verbinden.\r\nDe kapel werd vanaf 1503 gebouwd in laat-gotische stijl en beschikt over een plat chevet met daarboven drie traveeën in de vorm van een kruisboog en met wapens versierde pendentieven. In de zaal boven de kapel werden de archieven bewaard. Het hoofdgebouw aan de noordzijde komt nog mooier uit door de aanwezigheid van de rivier en laat de architectuurgeschiedenis van het gebouw zien. Er zijn elementen bewaard gebleven van de ramen met middenstijlen en dwarslatten, die in de achttiende eeuw vervangen werden door grote ramen. Aan de bovenkant is de gevel voorzien van middeleeuwse kantelen en machicoulis, versierd met schitterende waterspuwers. De toegangspoort aan de rue du Grand-Prieuré heeft aan de bovenkant een fronton met afgestompte hoek en dateert uit de zeventiende eeuw.\r\nGESCHIEDENIS\r\nDe ridders van de orde van Malta (of hospitaalridders van Sint-Jan van Jeruzalem) vormden in de elfde eeuw, ten tijde van de kruistochten, een gemeenschap van monniken-soldaten. De orde splitste zich op in commanderijen die per grondgebied onder gezag van een grootprior stonden. De voormalige commanderij van Sint-Thomas werd opgericht in 1358, na de vernietiging van de commanderij die in de twaalfde eeuw was opgericht in Trinquetaille. In 1562, na de plundering van de grootpriorij van Saint-Gilles tijdens de godsdienstoorlogen, werd dit de grootpriorij.\r\nIn de zeventiende eeuw werd de grootpriorij weer opgebouwd door een van de beroemdste priors, Honoré Quiqueran de Beaujeu. Per decreet werd in 1615 bepaald dat de grootpriors er voortaan zouden verblijven. Zo werd de commanderij de grootpriorij van de achtenveertig commanderijen waar de taal van de Provence gesproken werd. De twee gebouwen werden in 1792 geconfisqueerd en tussen 1796 en 1827 in verschillende delen als staatseigendom verkocht aan de verzamelaar en kunstschilder Jacques Réattu. Zijn dochter, die het erfde maar zelf geen nakomelingen had, verkocht de gebouwen en collecties tegen lijfrente aan de stad, die er in 1868 een openbaar museum van de schone kunsten van maakte."
    }
  },
  "localisation" : {
    "adresse" : {
      "adresse1" : "10 Rue Du Grand Prieuré",
      "codePostal" : "13200",
      "bureauDistribution" : "ARLES",
      "commune" : {
        "id" : 4415
      }
    },
    "geolocalisation" : {
      "complement" : {
        "libelleFr" : "MISE EN PLACE DE MESURES SANITAIRES :\r\n\r\nDistance de 1m50 entre les personnes \r\nPort du masque pour nos salariés \r\nPort du masque pour nos clients \r\nVitre de protection \r\nMise à disposition de gel hydroalcoolique\r\nNettoyage renforcé\r\nEffectif limité"
      },
      "valide" : true,
      "geoJson" : {
        "type" : "Point",
        "coordinates" : [ 4.627937, 43.679141 ]
      }
    },
    "perimetreGeographique" : [ {
      "id" : 4415
    } ],
    "environnements" : [ {
      "elementReferenceType" : "Environnement",
      "id" : 173
    } ]
  },
  "liens" : {
    "liensObjetsTouristiquesTypes" : [ {
      "type" : "EST_ACCESSIBLE_PAR",
      "libelleFr" : "Est accessible/desservi(e) par...",
      "libelleEn" : "Can be reached by...",
      "libelleEs" : "Se accede/está comunicado(a) por...",
      "libelleIt" : "È accessibile/raggiunto tramite...",
      "libelleDe" : "Ist zugänglich über/wird angefahren von ...",
      "libelleNl" : "Is toegankelijk/wordt aangedaan door ...",
      "libelleRu" : "Можно попасть / доехать на...",
      "libelleZh" : "可通过前往/连通",
      "libellePtBR" : "Está acessível /servido(a) por ...",
      "libelleJa" : "はアクセス可能／可能な交通手段は",
      "objetTouristique" : {
        "type" : "SEJOUR_PACKAGE",
        "id" : 6061461
      }
    }, {
      "type" : "EST_ACCESSIBLE_PAR",
      "libelleFr" : "Est accessible/desservi(e) par...",
      "libelleEn" : "Can be reached by...",
      "libelleEs" : "Se accede/está comunicado(a) por...",
      "libelleIt" : "È accessibile/raggiunto tramite...",
      "libelleDe" : "Ist zugänglich über/wird angefahren von ...",
      "libelleNl" : "Is toegankelijk/wordt aangedaan door ...",
      "libelleRu" : "Можно попасть / доехать на...",
      "libelleZh" : "可通过前往/连通",
      "libellePtBR" : "Está acessível /servido(a) por ...",
      "libelleJa" : "はアクセス可能／可能な交通手段は",
      "objetTouristique" : {
        "type" : "SEJOUR_PACKAGE",
        "id" : 6061544
      }
    }, {
      "type" : "DEFAUT",
      "libelleFr" : "En lien avec",
      "libelleEn" : "Related to",
      "libelleEs" : "En relación con",
      "libelleIt" : "In collegamento con",
      "libelleDe" : "In Verbindung mit",
      "libelleNl" : "In verband met",
      "libelleRu" : "Применительно к",
      "libelleZh" : "与携手",
      "libellePtBR" : "Em relação com",
      "libelleJa" : "と関連して",
      "objetTouristique" : {
        "type" : "FETE_ET_MANIFESTATION",
        "id" : 6318438
      }
    }, {
      "type" : "DEFAUT",
      "libelleFr" : "En lien avec",
      "libelleEn" : "Related to",
      "libelleEs" : "En relación con",
      "libelleIt" : "In collegamento con",
      "libelleDe" : "In Verbindung mit",
      "libelleNl" : "In verband met",
      "libelleRu" : "Применительно к",
      "libelleZh" : "与携手",
      "libellePtBR" : "Em relação com",
      "libelleJa" : "と関連して",
      "objetTouristique" : {
        "type" : "FETE_ET_MANIFESTATION",
        "id" : 6318730
      }
    }, {
      "type" : "DEFAUT",
      "libelleFr" : "En lien avec",
      "libelleEn" : "Related to",
      "libelleEs" : "En relación con",
      "libelleIt" : "In collegamento con",
      "libelleDe" : "In Verbindung mit",
      "libelleNl" : "In verband met",
      "libelleRu" : "Применительно к",
      "libelleZh" : "与携手",
      "libellePtBR" : "Em relação com",
      "libelleJa" : "と関連して",
      "objetTouristique" : {
        "type" : "FETE_ET_MANIFESTATION",
        "id" : 6318852
      }
    }, {
      "type" : "DEFAUT",
      "libelleFr" : "En lien avec",
      "libelleEn" : "Related to",
      "libelleEs" : "En relación con",
      "libelleIt" : "In collegamento con",
      "libelleDe" : "In Verbindung mit",
      "libelleNl" : "In verband met",
      "libelleRu" : "Применительно к",
      "libelleZh" : "与携手",
      "libellePtBR" : "Em relação com",
      "libelleJa" : "と関連して",
      "objetTouristique" : {
        "type" : "FETE_ET_MANIFESTATION",
        "id" : 6318903
      }
    } ]
  },
  "prestations" : {
    "equipements" : [ {
      "elementReferenceType" : "PrestationEquipement",
      "id" : 1321
    }, {
      "elementReferenceType" : "PrestationEquipement",
      "id" : 826
    } ],
    "animauxAcceptes" : "NON_DISPONIBLE",
    "animauxAcceptesSupplement" : "NON_DISPONIBLE",
    "languesParlees" : [ {
      "elementReferenceType" : "Langue",
      "id" : 1192
    } ],
    "complementAccueil" : {
      "libelleFr" : "Parking public(Place Lamartine)",
      "libelleEn" : "Accessible for disabled",
      "libelleIt" : "Accessibile ai disabili",
      "libelleDe" : "Zugänglich für Behinderte",
      "libelleNl" : "Toegankelijk voor mensen met een handicap"
    },
    "typesClientele" : [ {
      "elementReferenceType" : "TypeClientele",
      "id" : 593
    } ]
  },
  "ouverture" : {
    "periodeEnClair" : {
      "libelleFr" : "Du 19/05 au 31/10 de 10h à 18h.\nFermé le lundi.\nDernière entrée 1h avant la fermeture.\n\nDu 02/11 au 31/12 de 10h à 17h.\nFermé le lundi.\nDernière entrée 1h avant la fermeture.",
      "libelleEn" : "From 19/05 to 31/10 between 10 am and 6 pm.\nClosed on Monday.\nLast entry 1 hour before closing time.\n\nFrom 02/11 to 31/12 between 10 am and 5 pm.\nClosed on Monday.\nLast entry 1 hour before closing time.",
      "libelleEs" : "Del 19/05 al 31/10 de 10 a 18.\nCerrado los lunes.\nÚltima entrada 1 hora antes del cierre.\n\nDel 02/11 al 31/12 de 10 a 17.\nCerrado los lunes.\nÚltima entrada 1 hora antes del cierre.",
      "libelleIt" : "Dal 19/05 al 31/10 dalle 10 alle 18.\nChiuso il lunedì.\n\nDal 02/11 al 31/12 dalle 10 alle 17.\nChiuso il lunedì.",
      "libelleDe" : "Vom 19/05 bis 31/10 von 10 Uhr bis 18 Uhr.\nMontag geschlossen.\nÚltima entrada 1 hora antes del cierre.\n\nVom 02/11 bis 31/12 von 10 Uhr bis 17 Uhr.\nMontag geschlossen.\nLetzter Einlass 1 Stunde vor Schließung.",
      "libelleNl" : "Van 19/05 tot en met 31/10 van 10.00 tot en met 18.00 u.\nMaandag gesloten.\n\nVan 02/11 tot en met 31/12 van 10.00 tot en met 17.00 u.\nMaandag gesloten.",
      "libelleRu" : "С 19/05 до 31/10 с 10h до 18h.\nНе работает понедельник.\n\nС 02/11 до 31/12 с 10h до 17h.\nНе работает понедельник.",
      "libelleZh" : "从 5月19日 到 10月31日 小时小时 和 小时小时 之间.\n星期一 关闭.\n\n从 11月2日 到 12月31日 小时小时 和 小时小时 之间.\n星期一 关闭.",
      "libellePtBR" : "De 19/05 a 31/10 de 10h a  18h.\nFechado em segunda-feira.\n\nDe 02/11 a 31/12 de 10h a  17h.\nFechado em segunda-feira.",
      "libelleJa" : "19/05 から 31/10 まで 10 午前 と 6 午後 の間.\n月曜日 は休み.\n\n02/11 から 31/12 まで 10 午前 と 5 午後 の間.\n月曜日 は休み."
    },
    "periodeEnClairGenerationMode" : "AUTOMATIQUE",
    "indicationsPeriode" : [ {
      "elementReferenceType" : "IndicationPeriode",
      "id" : 436
    }, {
      "elementReferenceType" : "IndicationPeriode",
      "id" : 418
    }, {
      "elementReferenceType" : "IndicationPeriode",
      "id" : 416
    }, {
      "elementReferenceType" : "IndicationPeriode",
      "id" : 435
    } ],
    "periodesOuvertures" : [ {
      "identifiant" : 19916848,
      "dateDebut" : "2021-05-19",
      "dateFin" : "2021-10-31",
      "complementHoraire" : {
        "libelleFr" : "Dernière entrée 1h avant la fermeture",
        "libelleEn" : "Last entry 1 hour before closing time",
        "libelleEs" : "Última entrada 1 hora antes del cierre",
        "libelleDe" : "Última entrada 1 hora antes del cierre"
      },
      "horaireOuverture" : "10:00:00",
      "horaireFermeture" : "18:00:00",
      "type" : "OUVERTURE_SAUF",
      "tousLesAns" : true,
      "ouverturesJournalieres" : [ {
        "jour" : "LUNDI"
      } ],
      "identifiantTechnique" : 24296893
    }, {
      "identifiant" : 19916849,
      "dateDebut" : "2021-11-02",
      "dateFin" : "2021-12-31",
      "complementHoraire" : {
        "libelleFr" : "Dernière entrée 1h avant la fermeture",
        "libelleEn" : "Last entry 1 hour before closing time",
        "libelleEs" : "Última entrada 1 hora antes del cierre",
        "libelleDe" : "Letzter Einlass 1 Stunde vor Schließung"
      },
      "horaireOuverture" : "10:00:00",
      "horaireFermeture" : "17:00:00",
      "type" : "OUVERTURE_SAUF",
      "tousLesAns" : true,
      "ouverturesJournalieres" : [ {
        "jour" : "LUNDI"
      } ],
      "identifiantTechnique" : 24296894
    } ]
  },
  "descriptionTarif" : {
    "indicationTarif" : "PAYANT",
    "gratuit" : false,
    "tarifsEnClair" : {
      "libelleFr" : "Entrée : de 4€ à 6€.",
      "libelleEn" : "Admission: from 4€ to 6€.",
      "libelleEs" : "Entrada: de 4 a 6 euros.",
      "libelleDe" : "Eintritt: von 4€ bis 6€."
    },
    "tarifsEnClairGenerationMode" : "AUTOMATIQUE",
    "complement" : {
      "libelleFr" : "Entrée : de 4€ à 6€",
      "libelleEn" : "Admission: from 4€ to 6€.",
      "libelleEs" : "Entrada: de 4 a 6 euros",
      "libelleDe" : "Eintritt: von 4€ bis 6€"
    },
    "devise" : "EUR",
    "conditions" : { }
  },
  "reservation" : {
    "organismes" : [ {
      "identifiant" : 5650509,
      "nom" : "Office de Tourisme d'Arles",
      "type" : {
        "elementReferenceType" : "ReservationType",
        "id" : 475
      },
      "moyensCommunication" : [ {
        "identifiant" : 87105328,
        "type" : {
          "elementReferenceType" : "MoyenCommunicationType",
          "id" : 205
        },
        "coordonnees" : {
          "fr" : "https://arlestourisme.tickeasy.com/fr-FR/produits"
        }
      } ],
      "locked" : false
    } ]
  },
  "criteresInternes" : [ {
    "id" : 10234
  }, {
    "id" : 12888
  }, {
    "id" : 12889
  }, {
    "id" : 12890
  }, {
    "id" : 12891
  }, {
    "id" : 13198
  }, {
    "id" : 13246
  }, {
    "id" : 13248
  }, {
    "id" : 16646
  }, {
    "id" : 16775
  }, {
    "id" : 16902
  }, {
    "id" : 18002
  }, {
    "id" : 23500
  }, {
    "id" : 23526
  } ],
  "illustrations" : [ {
    "identifiant" : 9248250,
    "link" : false,
    "type" : "IMAGE",
    "nom" : {
      "libelleFr" : "Musée Réattu"
    },
    "legende" : {
      "libelleFr" : "Musée Réattu"
    },
    "copyright" : {
      "libelleFr" : "Musée Réattu"
    },
    "traductionFichiers" : [ {
      "locale" : "fr",
      "url" : "https://static.apidae-tourisme.com/filestore/objets-touristiques/images/253/98/9003773.jpg",
      "urlListe" : "https://static.apidae-tourisme.com/filestore/objets-touristiques/images/253/98/9003773-liste.jpg",
      "urlFiche" : "https://static.apidae-tourisme.com/filestore/objets-touristiques/images/253/98/9003773-fiche.jpg",
      "urlDiaporama" : "https://static.apidae-tourisme.com/filestore/objets-touristiques/images/253/98/9003773-diaporama.jpg",
      "extension" : "jpg",
      "fileName" : "Le_Prieuré_de_Malte_Musée_Réattu_72dpi",
      "taille" : 1339071,
      "hauteur" : 912,
      "largeur" : 1368,
      "lastModifiedDate" : "2020-12-18T09:44:26.000+0000"
    } ],
    "locked" : false
  }, {
    "identifiant" : 8992577,
    "link" : false,
    "type" : "IMAGE",
    "nom" : {
      "libelleFr" : "13T2000662_3_HD.jpg"
    },
    "traductionFichiers" : [ {
      "locale" : "fr",
      "url" : "https://static.apidae-tourisme.com/filestore/objets-touristiques/images/40/168/8759336.jpg",
      "urlListe" : "https://static.apidae-tourisme.com/filestore/objets-touristiques/images/40/168/8759336-liste.jpg",
      "urlFiche" : "https://static.apidae-tourisme.com/filestore/objets-touristiques/images/40/168/8759336-fiche.jpg",
      "urlDiaporama" : "https://static.apidae-tourisme.com/filestore/objets-touristiques/images/40/168/8759336-diaporama.jpg",
      "extension" : "jpg",
      "fileName" : "full",
      "taille" : 59390,
      "hauteur" : 800,
      "largeur" : 600,
      "lastModifiedDate" : "2020-11-01T05:06:20.000+0000"
    } ],
    "locked" : false
  } ],
  "multimedias" : [ {
    "identifiant" : 11525184,
    "link" : true,
    "type" : "CHAINE_YOUTUBE",
    "nom" : {
      "libelleFr" : "Le Musée Réattu en vidéo",
      "libelleEn" : "The Réattu Museum in video"
    },
    "copyright" : {
      "libelleFr" : "Office de tourisme Arles Camargue"
    },
    "traductionFichiers" : [ {
      "locale" : "fr",
      "url" : "https://www.youtube.com/watch?v=lSzL6bck9Vs"
    } ],
    "locked" : false
  } ],
  "tourismeAffaires" : {
    "tourismeAffairesEnabled" : true,
    "nombreSallesReunionEquipees" : 24
  },
  "visites" : {
    "languesPanneauInformation" : [ {
      "elementReferenceType" : "Langue",
      "id" : 1189
    }, {
      "elementReferenceType" : "Langue",
      "id" : 1192
    }, {
      "elementReferenceType" : "Langue",
      "id" : 1194
    }, {
      "elementReferenceType" : "Langue",
      "id" : 1197
    }, {
      "elementReferenceType" : "Langue",
      "id" : 1200
    } ],
    "visitable" : true
  },
  "territoires" : [ {
    "type" : "TERRITOIRE",
    "id" : 324346
  }, {
    "type" : "TERRITOIRE",
    "id" : 324348
  }, {
    "type" : "TERRITOIRE",
    "id" : 591381
  }, {
    "type" : "TERRITOIRE",
    "id" : 591419
  }, {
    "type" : "TERRITOIRE",
    "id" : 658199
  }, {
    "type" : "TERRITOIRE",
    "id" : 4877700
  }, {
    "type" : "TERRITOIRE",
    "id" : 5127066
  }, {
    "type" : "TERRITOIRE",
    "id" : 5427584
  }, {
    "type" : "TERRITOIRE",
    "id" : 5447176
  }, {
    "type" : "TERRITOIRE",
    "id" : 5853849
  }, {
    "type" : "TERRITOIRE",
    "id" : 5853921
  } ],
  "datesOuverture" : [ "2023-05-19", "2023-05-20", "2023-05-21", "2023-05-23", "2023-05-24", "2023-05-25", "2023-05-26", "2023-05-27", "2023-05-28", "2023-05-30", "2023-05-31", "2023-06-01", "2023-06-02", "2023-06-03", "2023-06-04", "2023-06-06", "2023-06-07", "2023-06-08", "2023-06-09", "2023-06-10", "2023-06-11", "2023-06-13", "2023-06-14", "2023-06-15", "2023-06-16", "2023-06-17", "2023-06-18", "2023-06-20", "2023-06-21", "2023-06-22", "2023-06-23", "2023-06-24", "2023-06-25", "2023-06-27", "2023-06-28", "2023-06-29", "2023-06-30", "2023-07-01", "2023-07-02", "2023-07-04", "2023-07-05", "2023-07-06", "2023-07-07", "2023-07-08", "2023-07-09", "2023-07-11", "2023-07-12", "2023-07-13", "2023-07-14", "2023-07-15", "2023-07-16", "2023-07-18", "2023-07-19", "2023-07-20", "2023-07-21", "2023-07-22", "2023-07-23", "2023-07-25", "2023-07-26", "2023-07-27", "2023-07-28", "2023-07-29", "2023-07-30", "2023-08-01", "2023-08-02", "2023-08-03", "2023-08-04", "2023-08-05", "2023-08-06", "2023-08-08", "2023-08-09", "2023-08-10", "2023-08-11", "2023-08-12", "2023-08-13", "2023-08-15", "2023-08-16", "2023-08-17", "2023-08-18", "2023-08-19", "2023-08-20", "2023-08-22", "2023-08-23", "2023-08-24", "2023-08-25", "2023-08-26", "2023-08-27", "2023-08-29", "2023-08-30", "2023-08-31", "2023-09-01", "2023-09-02", "2023-09-03", "2023-09-05", "2023-09-06", "2023-09-07", "2023-09-08", "2023-09-09", "2023-09-10", "2023-09-12", "2023-09-13", "2023-09-14", "2023-09-15", "2023-09-16", "2023-09-17", "2023-09-19", "2023-09-20", "2023-09-21", "2023-09-22", "2023-09-23", "2023-09-24", "2023-09-26", "2023-09-27", "2023-09-28", "2023-09-29", "2023-09-30", "2023-10-01", "2023-10-03", "2023-10-04", "2023-10-05", "2023-10-06", "2023-10-07", "2023-10-08", "2023-10-10", "2023-10-11", "2023-10-12", "2023-10-13", "2023-10-14", "2023-10-15", "2023-10-17", "2023-10-18", "2023-10-19", "2023-10-20", "2023-10-21", "2023-10-22", "2023-10-24", "2023-10-25", "2023-10-26", "2023-10-27", "2023-10-28", "2023-10-29", "2023-10-31", "2024-05-19", "2024-05-21", "2024-05-22", "2024-05-23", "2024-05-24", "2024-05-25", "2024-05-26", "2024-05-28", "2024-05-29", "2024-05-30", "2024-05-31", "2024-06-01", "2024-06-02", "2024-06-04", "2024-06-05", "2024-06-06", "2024-06-07", "2024-06-08", "2024-06-09", "2024-06-11", "2024-06-12", "2024-06-13", "2024-06-14", "2024-06-15", "2024-06-16", "2024-06-18", "2024-06-19", "2024-06-20", "2024-06-21", "2024-06-22", "2024-06-23", "2024-06-25", "2024-06-26", "2024-06-27", "2024-06-28", "2024-06-29", "2024-06-30", "2024-07-02", "2024-07-03", "2024-07-04", "2024-07-05", "2024-07-06", "2024-07-07", "2024-07-09", "2024-07-10", "2024-07-11", "2024-07-12", "2024-07-13", "2024-07-14", "2024-07-16", "2024-07-17", "2024-07-18", "2024-07-19", "2024-07-20", "2024-07-21", "2024-07-23", "2024-07-24", "2024-07-25", "2024-07-26", "2024-07-27", "2024-07-28", "2024-07-30", "2024-07-31", "2024-08-01", "2024-08-02", "2024-08-03", "2024-08-04", "2024-08-06", "2024-08-07", "2024-08-08", "2024-08-09", "2024-08-10", "2024-08-11", "2024-08-13", "2024-08-14", "2024-08-15", "2024-08-16", "2024-08-17", "2024-08-18", "2024-08-20", "2024-08-21", "2024-08-22", "2024-08-23", "2024-08-24", "2024-08-25", "2024-08-27", "2024-08-28", "2024-08-29", "2024-08-30", "2024-08-31", "2024-09-01", "2024-09-03", "2024-09-04", "2024-09-05", "2024-09-06", "2024-09-07", "2024-09-08", "2024-09-10", "2024-09-11", "2024-09-12", "2024-09-13", "2024-09-14", "2024-09-15", "2024-09-17", "2024-09-18", "2024-09-19", "2024-09-20", "2024-09-21", "2024-09-22", "2024-09-24", "2024-09-25", "2024-09-26", "2024-09-27", "2024-09-28", "2024-09-29", "2024-10-01", "2024-10-02", "2024-10-03", "2024-10-04", "2024-10-05", "2024-10-06", "2024-10-08", "2024-10-09", "2024-10-10", "2024-10-11", "2024-10-12", "2024-10-13", "2024-10-15", "2024-10-16", "2024-10-17", "2024-10-18", "2024-10-19", "2024-10-20", "2024-10-22", "2024-10-23", "2024-10-24", "2024-10-25", "2024-10-26", "2024-10-27", "2024-10-29", "2024-10-30", "2024-10-31", "2022-11-08", "2022-11-09", "2022-11-10", "2022-11-11", "2022-11-12", "2022-11-13", "2022-11-15", "2022-11-16", "2022-11-17", "2022-11-18", "2022-11-19", "2022-11-20", "2022-11-22", "2022-11-23", "2022-11-24", "2022-11-25", "2022-11-26", "2022-11-27", "2022-11-29", "2022-11-30", "2022-12-01", "2022-12-02", "2022-12-03", "2022-12-04", "2022-12-06", "2022-12-07", "2022-12-08", "2022-12-09", "2022-12-10", "2022-12-11", "2022-12-13", "2022-12-14", "2022-12-15", "2022-12-16", "2022-12-17", "2022-12-18", "2022-12-20", "2022-12-21", "2022-12-22", "2022-12-23", "2022-12-24", "2022-12-25", "2022-12-27", "2022-12-28", "2022-12-29", "2022-12-30", "2022-12-31", "2023-11-02", "2023-11-03", "2023-11-04", "2023-11-05", "2023-11-07", "2023-11-08", "2023-11-09", "2023-11-10", "2023-11-11", "2023-11-12", "2023-11-14", "2023-11-15", "2023-11-16", "2023-11-17", "2023-11-18", "2023-11-19", "2023-11-21", "2023-11-22", "2023-11-23", "2023-11-24", "2023-11-25", "2023-11-26", "2023-11-28", "2023-11-29", "2023-11-30", "2023-12-01", "2023-12-02", "2023-12-03", "2023-12-05", "2023-12-06", "2023-12-07", "2023-12-08", "2023-12-09", "2023-12-10", "2023-12-12", "2023-12-13", "2023-12-14", "2023-12-15", "2023-12-16", "2023-12-17", "2023-12-19", "2023-12-20", "2023-12-21", "2023-12-22", "2023-12-23", "2023-12-24", "2023-12-26", "2023-12-27", "2023-12-28", "2023-12-29", "2023-12-30", "2023-12-31", "2024-11-02", "2024-11-03", "2024-11-05", "2024-11-06" ],
  "informationsPatrimoineCulturel" : {
    "patrimoineCulturelType" : {
      "elementReferenceType" : "PatrimoineCulturelType",
      "id" : 3201
    },
    "themes" : [ {
      "elementReferenceType" : "PatrimoineCulturelTheme",
      "id" : 3393
    }, {
      "elementReferenceType" : "PatrimoineCulturelTheme",
      "id" : 3422
    }, {
      "elementReferenceType" : "PatrimoineCulturelTheme",
      "id" : 3423
    } ],
    "categories" : [ {
      "elementReferenceType" : "PatrimoineCulturelCategorie",
      "id" : 3226
    } ]
  },
  "formatVersion" : "v002",
  "expiration" : { },
  "informationsPrestataireActivites" : {
    "prestataireActivites" : true
  },
  "enquete" : { },
  "donneesPrivees" : [ {
    "nomTechnique" : "1947_Id_patio",
    "libelleFr" : "Id_Patio",
    "ordre" : 1,
    "descriptif" : {
      "libelleFr" : "13T2000662"
    }
  }, {
    "nomTechnique" : "1947_Source_patio",
    "libelleFr" : "Source_Patio",
    "ordre" : 2,
    "descriptif" : {
      "libelleFr" : "OT Arles"
    }
  }, {
    "nomTechnique" : "1947_Url_patio",
    "libelleFr" : "URL_Patio",
    "ordre" : 3,
    "descriptif" : {
      "libelleFr" : "http://www.arlestourisme.com"
    }
  } ],
  "metadonnees" : [ {
    "noeudId" : "fairguest",
    "contenus" : [ {
      "cible" : "general",
      "metadonnee" : {
        "note" : 8.2,
        "label" : "Très bon",
        "couleur" : "#71a63e",
        "nombreAvis" : 201,
        "dateMaj" : 1667557591186
      }
    } ]
  } ]
}