{
  "type" : "PATRIMOINE_CULTUREL",
  "id" : 5539467,
  "nom" : {
    "libelleFr" : "La cité des Baux de Provence",
    "libelleEn" : "Le village des Baux de Provence",
    "libelleEs" : "Le village des Baux de Provence",
    "libelleIt" : "Le village des Baux de Provence",
    "libelleDe" : "Le village des Baux de Provence",
    "libelleNl" : "Le village des Baux de Provence"
  },
  "identifier" : "SITRA2_PCU_5539467",
  "state" : "PUBLISHED",
  "gestion" : {
    "dateCreation" : "2020-05-27T15:11:48.583+0000",
    "dateModification" : "2021-12-18T14:58:54.207+0000",
    "dateExportModification" : "2022-07-27T13:30:33.259+0000",
    "membreProprietaire" : {
      "type" : {
        "elementReferenceType" : "MembreSitraType",
        "id" : 233
      },
      "nom" : "Office de Tourisme des Baux de Provence",
      "dateCreation" : "2020-09-25T06:26:38.958+0000",
      "dateModification" : "2022-10-24T08:49:44.523+0000",
      "id" : 2087,
      "siteWeb" : "http://www.lesbauxdeprovence.com"
    },
    "signalerUnProblemeMails" : [ "bernadettebrummelhuis@lesbauxdeprovence.com" ]
  },
  "informations" : {
    "moyensCommunication" : [ {
      "identifiant" : 79674956,
      "type" : {
        "elementReferenceType" : "MoyenCommunicationType",
        "id" : 201
      },
      "coordonnees" : {
        "fr" : "04 90 54 34 39"
      }
    }, {
      "identifiant" : 79674957,
      "type" : {
        "elementReferenceType" : "MoyenCommunicationType",
        "id" : 202
      },
      "coordonnees" : {
        "fr" : "04 90 54 51 15"
      }
    }, {
      "identifiant" : 79674958,
      "type" : {
        "elementReferenceType" : "MoyenCommunicationType",
        "id" : 204
      },
      "coordonnees" : {
        "fr" : "tourisme@lesbauxdeprovence.com"
      }
    }, {
      "identifiant" : 79674959,
      "type" : {
        "elementReferenceType" : "MoyenCommunicationType",
        "id" : 205
      },
      "coordonnees" : {
        "fr" : "http://www.lesbauxdeprovence.com"
      }
    } ],
    "informationsLegales" : { },
    "structureGestion" : {
      "type" : "STRUCTURE",
      "id" : 5225569
    }
  },
  "presentation" : {
    "descriptifCourt" : {
      "libelleFr" : "Le village des Baux-de-Provence, perché sur un éperon rocheux, possède un patrimoine architectural incroyablement riche. La cité est classée \"Plus beau village de France\"."
    },
    "descriptifDetaille" : {
      "libelleFr" : "Le village des Baux-de-Provence, perché sur un éperon rocheux, possède un patrimoine architectural incroyablement riche. Sa citadelle domine des sites naturels d'une extraordinaire beauté. Décors exceptionnels pour faire revivre les témoignages du passé, perpétuer les traditions, abriter l'art des hommes venus s'y installer, accueillir des événements de prestige. Ces lieux chargés d'histoire offrent bien d'autres tentations encore. La tradition de bien recevoir y est plus que jamais présente grâce à ses restaurants gastronomiques et ses hôtels de charme recevant des hôtes de marque. L'appellation des Baux-de-Provence est symbole de qualité : les vins, nés de roche et de soleil, y sont chaleureux, son huile d'olive y est ardente et fruitée. Au coeur du Parc naturel régional des Alpilles, Station Classée, l'un des Plus Beaux Villages de France, Les Baux-de-Provence sont uniques parce qu'un peu plus magiques et qu'un peu plus illustres. Et l'essence même qui fait le charme et le parfum si particuliers des villages provençaux est là : les petites places, les terrasses ombragées, les rues étroites et leurs boutiques.",
      "libelleEn" : "The village of Les Baux de Provence, perched on a rocky promontory, has an incredibly rich architectural heritage. Its citadel dominates extraordinarily beautiful natural sites. It contains exceptional décors which relate the testimonies of the past, continue traditions, house the art of the men who settled there and host prestige events. These sites are loaded with history and offer many more temptations. The tradition of hospitality is even more present than ever, thanks to its gastronomic restaurants and its charming hotels which receive distinguished guests. The name Les Baux de Provence is a symbol of quality; its wines are warm, products of the rocks and the sun, and its olive oil is strong and fruity. Les Baux de Provence lies in the heart of the Regional Natural Park of the Alpilles. It is Listed Resort, one of the Most Beautiful Villages in France and a Remarkable Taste Site and is unique for being a little bit more magical and a little bit more illustrious. And the very essence that creates the distinctive charm and aroma of Provençal villages can be found in the small squares, shady terraces, narrow streets and boutiques.",
      "libelleEs" : "El pueblo de Baux de Provence, colgado en un promontorio rocoso, posee un patrimonio arquitectónico increíblemente rico. Su ciudadela domina los emplazamientos naturales por una belleza extraordinaria. Decorados excepcionales para hacer revivir los testimonios del pasado, perpetuar las tradiciones, albergar el arte de los hombres que vinieron a instalarse aquí, acoger eventos de prestigio. Estos lugares cargados de historia ofrecen muchas más tentaciones. La tradición de recibir bien está aún más presente gracias a sus restaurantes gastronómicos y sus hoteles con encanto que reciben a huéspedes de calidad. La denominación de Baux de Provence es símbolo de calidad: los vinos, nacidos de la roca y del sol, son cálido, su aceite de oliva, ardiente y afrutado. En el corazón del Parque Natural Regional de los Alpilles, estación catalogada, uno de los Pueblos más hermosos de Francia, Emplazamiento Destacable del Gusto, Baux de Provence es único por ser un poco más mágico y un poco más ilustre. Y la esencia misma que crea el encanto y el perfume tan particular de los pueblos provenzales se encuentra ahí: las pequeñas plazas, las terrazas sombreadas, las calles estrechas y sus tiendas.",
      "libelleIt" : "Il borgo di Les Baux de Provence, appollaiato su uno sperone roccioso, possiede un patrimonio architettonico incredibilmente ricco. La sua roccaforte domina siti naturali di una straordinaria bellezza. Decori eccezionali per far rivivere le testimonianze del passato, tramandare le tradizioni, ospitare l’arte degli uomini venuti ad insediarsi, accogliere eventi di prestigio. Questi luoghi carichi di storia offrono ancora ben altre tentazioni. La tradizione dell’ospitalità qui è presente più che mai, grazie ai ristoranti gastronomici ed agli hotel di lusso che ricevono ospiti di prestigio. L’appellativo di Les Baux de Provence è simbolo di qualità: i vini, nati dalla roccia e dal sole, sono calorosi, il suo olio d’oliva emana un aroma ardente e fruttato. Nel cuore del Parco naturale regionale delle Alpille, Stazione Classificata come uno dei Più Bei Borghi della Francia, Sito Pregevole del Gusto, les Baux de Provence è unico, perché un po’ più magico e un po’ più illustre. E l’essenza stessa che rende il fascino e il profumo dei borghi provenzali così particolari si trova proprio qui: le piazzette, le terrazze ombreggiate, le stradine strette e i loro negozietti.",
      "libelleDe" : "Les Baux de Provence, hoch oben auf einem Felsplateau gelegen, besitzt ein unglaublich reiches architektonisches Erbe. Seine Zitadelle ragt über die außerordentlich schöne Landschaft hinaus.  Ein außergewöhnlicher Rahmen, um Zeugen der Vergangenheit, Traditionen und das handwerkliche Können der Menschen, die sich hier nieder ließen, wieder aufleben zu lassen, oder auch für prestigeträchtige Ereignisse. Dieser geschichtsträchtige Ort bietet noch vieles mehr. Die Kunst, einen gebührenden Empfang zu bereiten, ist dank der vorzüglichen Restaurants und \"Hôtels de Charme\", in denen berühmte Gäste einkehren, mehr denn je präsent. Die Appellation \"Baux de Provence\" steht für die Qualität großartiger Weine – von Reben auf felsigen Böden und in Sonne getränkt – und für intensive, fruchtige Olivenöle. Das Dorf, das offiziell zu den \"Schönsten Dörfern Frankreichs\" gehört, leigt im im Herzen des Regionalen Naturparks der Alpilles. Einige Restaurants mit mehreren Sternen... Les Baux de Provence ist einzigartig, denn hier ist es noch ein bisschen zauberhafter und vornehmer als anderswo.  Und genau das, was den besonderen Reiz und Schönheit der provenzalischen Dörfer ausmacht, findet man hier: die kleinen Plätze, schattigen Terrassen, engen Straßen und Geschäfte."
    }
  },
  "localisation" : {
    "adresse" : {
      "codePostal" : "13520",
      "bureauDistribution" : "LES BAUX DE PROVENCE",
      "commune" : {
        "id" : 4422
      }
    },
    "geolocalisation" : {
      "valide" : true,
      "geoJson" : {
        "type" : "Point",
        "coordinates" : [ 4.795854, 43.744809 ]
      }
    },
    "perimetreGeographique" : [ {
      "id" : 4422
    } ]
  },
  "liens" : { },
  "prestations" : {
    "equipements" : [ {
      "elementReferenceType" : "PrestationEquipement",
      "id" : 972
    }, {
      "elementReferenceType" : "PrestationEquipement",
      "id" : 1321
    }, {
      "elementReferenceType" : "PrestationEquipement",
      "id" : 1322
    } ],
    "services" : [ {
      "elementReferenceType" : "PrestationService",
      "id" : 687
    } ],
    "animauxAcceptes" : "ACCEPTES",
    "animauxAcceptesSupplement" : "NON_DISPONIBLE",
    "complementAccueil" : {
      "libelleFr" : "Parking public\r\nParking autocar(Les Sablières à 3 km)",
      "libelleEn" : "Accessible for disabled",
      "libelleIt" : "Accessibile ai disabili",
      "libelleDe" : "Zugänglich für Behinderte",
      "libelleNl" : "Toegankelijk voor mensen met een handicap"
    }
  },
  "ouverture" : {
    "periodeEnClair" : { },
    "periodeEnClairGenerationMode" : "AUTOMATIQUE"
  },
  "descriptionTarif" : {
    "indicationTarif" : "PAYANT",
    "gratuit" : false,
    "tarifsEnClair" : { },
    "tarifsEnClairGenerationMode" : "AUTOMATIQUE",
    "devise" : "EUR",
    "conditions" : { }
  },
  "reservation" : { },
  "criteresInternes" : [ {
    "id" : 10234
  }, {
    "id" : 12888
  }, {
    "id" : 12889
  }, {
    "id" : 12890
  }, {
    "id" : 12891
  }, {
    "id" : 13197
  }, {
    "id" : 13248
  }, {
    "id" : 16775
  }, {
    "id" : 16902
  }, {
    "id" : 16903
  } ],
  "illustrations" : [ {
    "identifiant" : 8488583,
    "link" : false,
    "type" : "IMAGE",
    "nom" : {
      "libelleFr" : "13T2001211_1_HD.jpg"
    },
    "traductionFichiers" : [ {
      "locale" : "fr",
      "url" : "https://static.apidae-tourisme.com/filestore/objets-touristiques/images/91/0/8257627.jpg",
      "urlListe" : "https://static.apidae-tourisme.com/filestore/objets-touristiques/images/91/0/8257627-liste.jpg",
      "urlFiche" : "https://static.apidae-tourisme.com/filestore/objets-touristiques/images/91/0/8257627-fiche.jpg",
      "urlDiaporama" : "https://static.apidae-tourisme.com/filestore/objets-touristiques/images/91/0/8257627-diaporama.jpg",
      "extension" : "jpg",
      "fileName" : "full",
      "taille" : 428043,
      "hauteur" : 1440,
      "largeur" : 1920,
      "lastModifiedDate" : "2020-07-23T17:08:47.000+0000"
    } ],
    "locked" : false
  }, {
    "identifiant" : 8488585,
    "link" : false,
    "type" : "IMAGE",
    "nom" : {
      "libelleFr" : "13T2001211_3_HD.jpg"
    },
    "copyright" : {
      "libelleFr" : "Lionel Roux"
    },
    "traductionFichiers" : [ {
      "locale" : "fr",
      "url" : "https://static.apidae-tourisme.com/filestore/objets-touristiques/images/93/0/8257629.jpg",
      "urlListe" : "https://static.apidae-tourisme.com/filestore/objets-touristiques/images/93/0/8257629-liste.jpg",
      "urlFiche" : "https://static.apidae-tourisme.com/filestore/objets-touristiques/images/93/0/8257629-fiche.jpg",
      "urlDiaporama" : "https://static.apidae-tourisme.com/filestore/objets-touristiques/images/93/0/8257629-diaporama.jpg",
      "extension" : "jpg",
      "fileName" : "full",
      "taille" : 1182159,
      "hauteur" : 1440,
      "largeur" : 1920,
      "lastModifiedDate" : "2020-07-23T17:08:49.000+0000"
    } ],
    "locked" : false
  }, {
    "identifiant" : 8488586,
    "link" : false,
    "type" : "IMAGE",
    "nom" : {
      "libelleFr" : "13T2001211_4_HD.jpg"
    },
    "traductionFichiers" : [ {
      "locale" : "fr",
      "url" : "https://static.apidae-tourisme.com/filestore/objets-touristiques/images/94/0/8257630.jpg",
      "urlListe" : "https://static.apidae-tourisme.com/filestore/objets-touristiques/images/94/0/8257630-liste.jpg",
      "urlFiche" : "https://static.apidae-tourisme.com/filestore/objets-touristiques/images/94/0/8257630-fiche.jpg",
      "urlDiaporama" : "https://static.apidae-tourisme.com/filestore/objets-touristiques/images/94/0/8257630-diaporama.jpg",
      "extension" : "jpg",
      "fileName" : "full",
      "taille" : 1146181,
      "hauteur" : 1440,
      "largeur" : 1920,
      "lastModifiedDate" : "2020-07-23T17:08:48.000+0000"
    } ],
    "locked" : false
  }, {
    "identifiant" : 8488587,
    "link" : false,
    "type" : "IMAGE",
    "nom" : {
      "libelleFr" : "13T2001211_5_HD.jpg"
    },
    "copyright" : {
      "libelleFr" : "Lionel Roux"
    },
    "traductionFichiers" : [ {
      "locale" : "fr",
      "url" : "https://static.apidae-tourisme.com/filestore/objets-touristiques/images/95/0/8257631.jpg",
      "urlListe" : "https://static.apidae-tourisme.com/filestore/objets-touristiques/images/95/0/8257631-liste.jpg",
      "urlFiche" : "https://static.apidae-tourisme.com/filestore/objets-touristiques/images/95/0/8257631-fiche.jpg",
      "urlDiaporama" : "https://static.apidae-tourisme.com/filestore/objets-touristiques/images/95/0/8257631-diaporama.jpg",
      "extension" : "jpg",
      "fileName" : "full",
      "taille" : 1312810,
      "hauteur" : 1440,
      "largeur" : 1920,
      "lastModifiedDate" : "2020-07-23T17:08:51.000+0000"
    } ],
    "locked" : false
  }, {
    "identifiant" : 8488588,
    "link" : false,
    "type" : "IMAGE",
    "nom" : {
      "libelleFr" : "13T2001211_6_HD.jpg"
    },
    "copyright" : {
      "libelleFr" : "Lionel Roux"
    },
    "traductionFichiers" : [ {
      "locale" : "fr",
      "url" : "https://static.apidae-tourisme.com/filestore/objets-touristiques/images/96/0/8257632.jpg",
      "urlListe" : "https://static.apidae-tourisme.com/filestore/objets-touristiques/images/96/0/8257632-liste.jpg",
      "urlFiche" : "https://static.apidae-tourisme.com/filestore/objets-touristiques/images/96/0/8257632-fiche.jpg",
      "urlDiaporama" : "https://static.apidae-tourisme.com/filestore/objets-touristiques/images/96/0/8257632-diaporama.jpg",
      "extension" : "jpg",
      "fileName" : "full",
      "taille" : 1277959,
      "hauteur" : 1440,
      "largeur" : 1920,
      "lastModifiedDate" : "2020-07-23T17:08:50.000+0000"
    } ],
    "locked" : false
  } ],
  "visites" : {
    "visitable" : false
  },
  "territoires" : [ {
    "type" : "TERRITOIRE",
    "id" : 392
  }, {
    "type" : "TERRITOIRE",
    "id" : 591381
  }, {
    "type" : "TERRITOIRE",
    "id" : 591419
  }, {
    "type" : "TERRITOIRE",
    "id" : 658199
  }, {
    "type" : "TERRITOIRE",
    "id" : 4819487
  }, {
    "type" : "TERRITOIRE",
    "id" : 4881511
  }, {
    "type" : "TERRITOIRE",
    "id" : 5127066
  }, {
    "type" : "TERRITOIRE",
    "id" : 5447176
  }, {
    "type" : "TERRITOIRE",
    "id" : 5447185
  } ],
  "informationsPatrimoineCulturel" : {
    "patrimoineCulturelType" : {
      "elementReferenceType" : "PatrimoineCulturelType",
      "id" : 3203
    },
    "themes" : [ {
      "elementReferenceType" : "PatrimoineCulturelTheme",
      "id" : 3486
    }, {
      "elementReferenceType" : "PatrimoineCulturelTheme",
      "id" : 3507
    }, {
      "elementReferenceType" : "PatrimoineCulturelTheme",
      "id" : 3511
    } ],
    "categories" : [ {
      "elementReferenceType" : "PatrimoineCulturelCategorie",
      "id" : 3261
    } ]
  },
  "formatVersion" : "v002",
  "expiration" : { },
  "informationsPrestataireActivites" : {
    "prestataireActivites" : false
  },
  "enquete" : { },
  "donneesPrivees" : [ {
    "nomTechnique" : "1947_Id_patio",
    "libelleFr" : "Id_Patio",
    "ordre" : 1,
    "descriptif" : {
      "libelleFr" : "13T2001211"
    }
  }, {
    "nomTechnique" : "1947_Source_patio",
    "libelleFr" : "Source_Patio",
    "ordre" : 2,
    "descriptif" : {
      "libelleFr" : "OT Les Baux de Provence"
    }
  }, {
    "nomTechnique" : "1947_Url_patio",
    "libelleFr" : "URL_Patio",
    "ordre" : 3,
    "descriptif" : {
      "libelleFr" : "http://www.lesbauxdeprovence.com"
    }
  } ]
}