{
  "type" : "PATRIMOINE_CULTUREL",
  "id" : 5539372,
  "nom" : {
    "libelleFr" : "Musée du Pavillon de Vendôme",
    "libelleEn" : "Museum of the Pavillon de Vendôme",
    "libelleEs" : "Museo Pavillon de Vendôme",
    "libelleIt" : "Pavillon de Vendôme",
    "libelleDe" : "Museum des Pavillon de Vendôme",
    "libelleNl" : "Pavillon de Vendôme"
  },
  "identifier" : "SITRA2_PCU_5539372",
  "state" : "PUBLISHED",
  "gestion" : {
    "dateCreation" : "2020-05-27T14:57:38.331+0000",
    "dateModification" : "2022-10-31T14:29:04.545+0000",
    "dateExportModification" : "2022-11-08T16:46:26.908+0000",
    "membreProprietaire" : {
      "type" : {
        "elementReferenceType" : "MembreSitraType",
        "id" : 233
      },
      "nom" : "Office de Tourisme d'Aix en Provence",
      "dateCreation" : "2020-02-14T10:34:37.912+0000",
      "dateModification" : "2022-10-24T08:49:34.452+0000",
      "id" : 1988,
      "siteWeb" : "http://www.aixenprovencetourism.com"
    },
    "signalerUnProblemeMails" : [ "jchevalier@aixenprovencetourism.com", "sdardenne@aixenprovencetourism.com", "vmontpellaz@aixenprovencetourism.com" ]
  },
  "informations" : {
    "moyensCommunication" : [ {
      "identifiant" : 79673603,
      "type" : {
        "elementReferenceType" : "MoyenCommunicationType",
        "id" : 201
      },
      "coordonnees" : {
        "fr" : "04 42 91 88 75"
      }
    }, {
      "identifiant" : 79673604,
      "type" : {
        "elementReferenceType" : "MoyenCommunicationType",
        "id" : 202
      },
      "coordonnees" : {
        "fr" : "04 42 91 88 73"
      }
    }, {
      "identifiant" : 79673605,
      "type" : {
        "elementReferenceType" : "MoyenCommunicationType",
        "id" : 204
      },
      "coordonnees" : {
        "fr" : "animationpavillon@mairie-aixenprovence.fr"
      }
    }, {
      "identifiant" : 79673606,
      "type" : {
        "elementReferenceType" : "MoyenCommunicationType",
        "id" : 205
      },
      "coordonnees" : {
        "fr" : "http://www.aixenprovence.fr"
      }
    } ],
    "informationsLegales" : { },
    "structureGestion" : {
      "type" : "STRUCTURE",
      "id" : 5463105
    }
  },
  "presentation" : {
    "descriptifCourt" : {
      "libelleFr" : "De beaux atlantes en façade annoncent cette « folie » de style classique qui fut construite en 1665 par Pierre Pavillon et Antoine Matisse pour le duc de Vendôme, gouverneur de Provence et cousin de Louis XIV.",
      "libelleEn" : "Beautiful atlantes on the façade announce this classical style \"folly\" which was built in 1665 by Pierre Pavillon and Antoine Matisse for the Duke of Vendome, governor of Provence and cousin of Louis XIV.",
      "libelleEs" : "Hermosos atlantes en la fachada anuncian esta \"folie\" de estilo clásico que fue construida en 1665 por Pierre Pavillon y Antoine Matisse para el duque de Vendôme, gobernador de Provenza y primo de Luis XIV.",
      "libelleDe" : "Schöne Atlanten an der Fassade kündigen diesen \"Wahnsinn\" im klassischen Stil an, der 1665 von Pierre Pavillon und Antoine Matisse für den Herzog von Vendôme, Gouverneur der Provence und Cousin von Ludwig XIV, erbaut wurde."
    },
    "descriptifDetaille" : {
      "libelleFr" : "Le Pavillon de Vendôme, la plus séduisante des folies héritées du Grand Siècle, fut édifié sur l'ordre de Louis de Mercoeur, Duc de Vendôme, petit-fils d'Henri IV et de Gabrielle d'Estrées, nommé Gouverneur de Provence en 1652.\r\nLa légende rapporte que le prince passionnément épris de Lucrèce de Forbin Solliès, dite la Belle du Canet, fit construire pour elle cette \" folie \".\r\nPlusieurs propriétaires se succédèrent. En 1906 Henri Dobler, amateur éclairé, rachète et restaure le Pavillon et en obtient le classement. Le Pavillon de Vendôme est ainsi le premier bâtiment aixois classé Monument Historique en 1914. A sa mort il lègue le bâtiment et ses collections à la Ville d'Aix pour en faire un Musée qui ouvrira ses portes au public le 8 juillet 1954.\r\nL'escalier à double révolution du Pavillon de Vendôme, un des plus beaux de la série aixoise, date du début du XVIIIème et allie l'harmonie du volume général à la grandeur du décor. La rampe en fer forgé, et les sculptures en gypseries, guirlandes, putti, aigle confèrent encore à l'ensemble une majesté baroque.\r\nLe vaste jardin à la française est classé parmi les Monuments Historiques depuis 1953.\r\n\r\nLa collection du Musée du Pavillon de Vendôme est constituée d'oeuvres des XVIIe siècle jusqu'au début du XXIe siècle et surtout d'un fonds d'arts graphiques important. Il accueille régulièrement des expositions d'art contemporain développant ainsi un dialogue entre patrimoine et création contemporaine.\r\n\r\nLe musée est classé monument historique.\r\nSurface de l'exposition permanente : 225\r\nSurface de l'exposition temporaire : 225",
      "libelleEn" : "The Pavillon Vendôme is the most attractive folie bequeathed to us by the 17th century. It was built at the request of Louis de Mercoeur, Duke of Vendôme. The grandson of Henry IV and Gabrielle d'Estrées, he was appointed Governer of Provence in 1652.\r\n\r\nLegend has it that the prince fell in love with Lucrèce de Forbin Solliès, known as the \"Belle du Canet\", and had this \"folie\" built for her.\r\nA series of owners succeeded him. In 1906, Henri Dobler, an enlightened art-lover, bought and restored the Pavillon and obtained official recognition for it. In 1914, the Pavillon de Vendôme became the first building in Aix to be listed as a Historic Monument. Dobler bequeathed the building and collections to the City of Aix, and the site was opened to the public as a museum on 8 July 1954.\r\n\r\nThe double helix staircase in the Pavillon de Vendôme is one of the finest of the Aix series and dates from the early 18th century. It combines a harmonious structure with grandiose decoration. The cast-iron handrail and the plasterwork, garlands, putti and eagle sculptures combine to produce a majestic Baroque effect.\r\n\r\nThe immense French-style garden has been listed among the Historic Monuments since 1953.\r\nThe Pavillon de Vendôme Museum collection is made up of works from the 17th until the early 21st century, including an important group of graphic art works. It regularly hosts contemporary art exhibitions, helping to develop a dialogue between cultural heritage and contemporary creation.\r\nThe museum is listed as a historic monument.",
      "libelleEs" : "El Pabellón de Vendôme, la más atractiva de las locuras heredadas del Siglo de Oro, fue construido por orden de Louis Mercoeur para dar refugio a sus amores apasionados con Lucrèce de Forbin Solliès. Rodeado por un bello jardín a la francesa, su fachada principal nos muestra una superposición de los tres órdenes clásicos y está adornada con soberbios atlantes barrocos. Las colecciones están constituidas por numerosos retratos del siglo XVII y XVIII y mobiliario de estilo provenzal.",
      "libelleIt" : "Il Pavillon de Vendôme, la più seducente delle follie ereditate dal Grand Siècle, fu edificato su ordine di Louis Mercoeur per fare da cornice ai suoi incontri d'amore appassionati con Lucrèce de Forbin Solliès. Circondata da un bel giardino alla francese, la facciata principale sovrappone i tre ordini classici ed è ornata con splendidi atlanti barocchi. Le collezioni si compongono di numerosi ritratti del XVII e XVIII secolo e di arredi provenzali. Il Pavillon è aperto dal 1° febbraio al 14 aprile e dal 15 ottobre al 31 dicembre, dal lunedì alla domenica (tranne il martedì), dalle 13.30 alle 17 e, dal 15 aprile al 14 ottobre, dal lunedì alla domenica (tranne il martedì e il 1° maggio), dalle 10 alle 18. Il Pavillon è chiuso il 25 e 26 dicembre, tutto il mese di gennaio, il 1° maggio e tutti i martedì. CHIUSURA ECCEZIONALE IL  10, 11, 12 e 13 settembre 2007.",
      "libelleDe" : "Der Pavillon de Vendôme, eines der zauberhaftestens Lustschlösschen ganz in der Tradition des Jahrhunderts Ludwigs XIV., wurde im Auftrag von Louis Mercoeur gebaut als Liebesnest für seine leidenschaftliche Affaire mit Lucrèce de Forbin Solliès. Inmitten eines schönen französischen Gartens erhebt sich die Hauptfassade mit den drei übereinander angeordneten klassischen Säulenordnungen. Sie ist mit phantastischen barocken Atlanten geschmückt. Die Sammlungen bestehen aus zahlreichen Portraits aus dem 17. und 18. Jh. sowie provenzalischen Möbeln."
    }
  },
  "localisation" : {
    "adresse" : {
      "adresse1" : "13, rue de la Molle ou",
      "adresse2" : "32 Rue Célony",
      "codePostal" : "13100",
      "bureauDistribution" : "AIX EN PROVENCE",
      "commune" : {
        "id" : 4412
      }
    },
    "geolocalisation" : {
      "complement" : {
        "libelleFr" : "Rez-de-chaussée uniquement"
      },
      "valide" : true,
      "geoJson" : {
        "type" : "Point",
        "coordinates" : [ 5.442115, 43.530964 ]
      }
    },
    "perimetreGeographique" : [ {
      "id" : 4412
    } ]
  },
  "liens" : {
    "liensObjetsTouristiquesTypes" : [ {
      "type" : "ORGANISATEUR_PROGRAMME",
      "libelleFr" : "Programme l'animation...",
      "libelleEn" : "Schedules activities...",
      "libelleEs" : "Organiza la animación...",
      "libelleIt" : "Programma l’animazione",
      "libelleDe" : "Plant die Veranstaltung ...",
      "libelleNl" : "Programmeert de animatie ...",
      "libelleRu" : "Развлекательная программа...",
      "libelleZh" : "助兴活动",
      "libellePtBR" : "Programa a animação ...",
      "libelleJa" : "イベントを開催します",
      "objetTouristique" : {
        "type" : "FETE_ET_MANIFESTATION",
        "id" : 5466385
      }
    }, {
      "type" : "SUR_PLACE",
      "libelleFr" : "Sur place",
      "libelleEn" : "On the premises",
      "libelleEs" : "In situ",
      "libelleIt" : "Sul posto",
      "libelleDe" : "Vor Ort",
      "libelleNl" : "Ter plaatse",
      "libelleRu" : "На месте",
      "libelleZh" : "堂食",
      "libellePtBR" : "No local",
      "libelleJa" : "現地で",
      "objetTouristique" : {
        "type" : "FETE_ET_MANIFESTATION",
        "id" : 6296899
      }
    } ]
  },
  "prestations" : {
    "equipements" : [ {
      "elementReferenceType" : "PrestationEquipement",
      "id" : 1321
    } ],
    "services" : [ {
      "elementReferenceType" : "PrestationService",
      "id" : 1190
    } ],
    "animauxAcceptes" : "NON_ACCEPTES",
    "animauxAcceptesSupplement" : "NON_DISPONIBLE",
    "activites" : [ {
      "elementReferenceType" : "PrestationActivite",
      "id" : 641
    }, {
      "elementReferenceType" : "PrestationActivite",
      "id" : 652
    }, {
      "elementReferenceType" : "PrestationActivite",
      "id" : 6032
    } ]
  },
  "ouverture" : {
    "periodeEnClair" : {
      "libelleFr" : "Du 16/10/2022 au 14/04/2023.\nFermé le mardi.\nFermetures exceptionnelles les 1er janvier et 25 décembre.\nDe 10h à 12h30 et de 13h30 à 17h\r\n\r\n⚠ fermé du 31 octobre au 10 novembre inclus ⚠.\n\nDu 15/04 au 15/10/2023.\nFermé le mardi.\nFermeture exceptionnelle le 1er mai.\nDe 10h à 12h30 et de 13h30 à 18h.\n\nA la demande.",
      "libelleEn" : "From 16/10/2022 to 14/04/2023.\nClosed on Tuesday.\nClosed exceptionally on January 1st and December 25th.\nFrom 10am to 12:30pm and from 1:30pm to 5pm\r\n\r\n⚠ Closed from October 31st to November 10th included ⚠.\n\nFrom 15/04 to 15/10/2023.\nClosed on Tuesday.\nClosed exceptionally on May 1st.\nFrom 10am to 12.30pm and from 1.30pm to 6pm.\n\nOn demand.",
      "libelleEs" : "Del 16/10/2022 al 14/04/2023.\nCerrado los martes.\nSe cierra, excepcionalmente los días 1er de enero y 25 de diciembre.\nDe 10:00 a 12:30 y de 13:30 a 17:00.\n\nDel 15/04 al 15/10/2023.\nCerrado los martes.\nSe cierra, excepcionalmente el 1er de mayo.\nDe 10:00 a 12:30 y de 13:30 a 18:00.\n\nBajo petición.",
      "libelleIt" : "Dal 16/10/2022 al 14/04/2023.\nChiuso il martedì.\nChiusura eccezionale 1° gennaio e 25 dicembre.\n\nDal 15/04 al 15/10/2023.\nChiuso il martedì.\nChiusura eccezionale il 1° maggio.\n\nSu richiesta.",
      "libelleDe" : "Vom 16/10/2022 bis 14/04/2023.\nDienstag geschlossen.\nAusnahmsweise geschlossen am 1. Januar und 25. Dezember.\nVon 10 bis 12.30 Uhr und von 13.30 bis 17 Uhr.\n\nVom 15/04 bis 15/10/2023.\nDienstag geschlossen.\nAusnahmsweise geschlossen am 1. Mai.\nVon 10 bis 12.30 Uhr und von 13.30 bis 18 Uhr.\n\nAuf Anfrage.",
      "libelleNl" : "Van 16/10/2022 tot en met 14/04/2023.\nDinsdag gesloten.\nBij uitzondering gesloten op 1 januari en 25 december.\n\nVan 15/04 tot en met 15/10/2023.\nDinsdag gesloten.\nBij uitzondering gesloten op 1 mei.\n\nOp aanvraag.",
      "libelleRu" : "С 16/10/2022 до 14/04/2023.\nНе работает вторник.\nВ порядке исключения не работает 1 января и 25 декабря.\n\nС 15/04 до 15/10/2023.\nНе работает вторник.\nВ порядке исключения не работает 1 мая.\n\nПо требованию.",
      "libelleZh" : "从 2022年10月16日 到 2023年4月14日.\n星期二 关闭.\n在 1月1日 和 12月25日 例外关闭.\n\n从 4月15日 到 2023年10月15日.\n星期二 关闭.\n在 5月1日 例外关闭.\n\n需求.",
      "libellePtBR" : "De 16/10/2022 a 14/04/2023.\nFechado em terça-feira.\nFechamentos excepcionais em 1º de janeiro e 25 de dezembro.\n\nDe 15/04 a 15/10/2023.\nFechado em terça-feira.\nFechamento excepcional em 1º de maio.\n\nSob demanda.",
      "libelleJa" : "16/10/2022 から 14/04/2023 まで.\n火曜日 は休み.\n1月1日 と 12月25日 は特別休業.\n\n15/04 から 15/10/2023 まで.\n火曜日 は休み.\n5月1日 は特別休業.\n\n要リクエスト."
    },
    "periodeEnClairGenerationMode" : "AUTOMATIQUE",
    "indicationsPeriode" : [ {
      "elementReferenceType" : "IndicationPeriode",
      "id" : 416
    }, {
      "elementReferenceType" : "IndicationPeriode",
      "id" : 418
    }, {
      "elementReferenceType" : "IndicationPeriode",
      "id" : 435
    }, {
      "elementReferenceType" : "IndicationPeriode",
      "id" : 436
    } ],
    "periodesOuvertures" : [ {
      "identifiant" : 21119593,
      "dateDebut" : "2022-10-16",
      "dateFin" : "2023-04-14",
      "complementHoraire" : {
        "libelleFr" : "De 10h à 12h30 et de 13h30 à 17h\r\n\r\n⚠ fermé du 31 octobre au 10 novembre inclus ⚠",
        "libelleEn" : "From 10am to 12:30pm and from 1:30pm to 5pm\r\n\r\n⚠ Closed from October 31st to November 10th included ⚠",
        "libelleEs" : "De 10:00 a 12:30 y de 13:30 a 17:00",
        "libelleDe" : "Von 10 bis 12.30 Uhr und von 13.30 bis 17 Uhr"
      },
      "type" : "OUVERTURE_SAUF",
      "tousLesAns" : false,
      "ouverturesJournalieres" : [ {
        "jour" : "MARDI"
      } ],
      "identifiantTechnique" : 24661114
    }, {
      "identifiant" : 20140836,
      "dateDebut" : "2023-04-15",
      "dateFin" : "2023-10-15",
      "complementHoraire" : {
        "libelleFr" : "De 10h à 12h30 et de 13h30 à 18h",
        "libelleEn" : "From 10am to 12.30pm and from 1.30pm to 6pm",
        "libelleEs" : "De 10:00 a 12:30 y de 13:30 a 18:00",
        "libelleDe" : "Von 10 bis 12.30 Uhr und von 13.30 bis 18 Uhr"
      },
      "type" : "OUVERTURE_SAUF",
      "tousLesAns" : false,
      "ouverturesJournalieres" : [ {
        "jour" : "MARDI"
      } ],
      "identifiantTechnique" : 24661115
    } ],
    "fermeturesExceptionnelles" : [ {
      "dateSpeciale" : "PREMIER_JANVIER"
    }, {
      "dateSpeciale" : "PREMIER_MAI"
    }, {
      "dateSpeciale" : "VINGT_CINQ_DECEMBRE"
    } ],
    "ouverturesComplementaires" : [ {
      "elementReferenceType" : "OuvertureComplementaire",
      "id" : 4192
    } ]
  },
  "descriptionTarif" : {
    "indicationTarif" : "PAYANT",
    "gratuit" : false,
    "tarifsEnClair" : {
      "libelleFr" : "Du 16/10/2022 au 14/04/2023\nPlein tarif : 3,70 €.\n\nDu 15/04 au 15/10/2023\nPlein tarif : 3,70 €.\n\n Gratuit pour les moins de 26 ans, la presse, les demandeurs d'emploi.\n\n✘ Gratuités :\r\n● Avec le City Pass Aix-en-Provence sous réserve de disponibilité.\r\n● Les enseignants de l’Ecole Supérieure d’art Félix Ciccolini d’Aix-en-Provence, les bénéficiaires du RSA (justificatif datant de moins de 3 mois), les bénéficiaires de l’aide sociale(CAF), minimum vieillesse et invalidité, les détenteurs de cartes en cours de validité ICOM, ICOMOS, AGCCPF (Conservateurs), carte du Ministère de la Culture (en cours de validité), carte Culture Aix-Marseille Université, carte d’invalidité, carte du CCAS d’Aix, les adhérents de l’association des Amis des Musées d’Aix, de l’association Cultures du Cœur, de l’association de la Maison des Artistes, les Guides conférenciers nationaux, internationaux et régionaux agréés.\r\n● Entrée libre tous les 1er dimanche de chaque mois.",
      "libelleEn" : "From 16/10/2022 to 14/04/2023\nFull price: 3.70 €.\n\nFrom 15/04 to 15/10/2023\nFull price: 3.70 €.\n\n Free entry for children < 26 years, press, Job-seeker.\n\n✘ Free access with the City Pass Aix-en-Provence\r\n✘ Free for under 26 years old, students, journalists, municipal staff, teachers and those who are granted legal 10% aid of the CPA.\r\n✘ Free admission every first Sunday of each month.",
      "libelleEs" : "Del 16/10/2022 al 14/04/2023\nTarifa completa: 3,70 €.\n\nDel 15/04 al 15/10/2023\nTarifa completa: 3,70 €.\n\n Gratuito para los niños menores de 26 años, La prensa, Los demandantes de empleo.\n\n✘ Acceso gratuito con el City Pass Aix-en-Provence.\r\n✘ Gratuito para los menores de 26 años, estudiantes, periodistas, personal municipal, profesores y los beneficiarios de la ayuda legal del 10% del CPA.\r\n✘ Entrada gratuita todos los primeros domingos de cada mes.",
      "libelleIt" : "Dal 16/10/2022 al 14/04/2023\nTarrifa intera: 3,70 €.\n\nDal 15/04 al 15/10/2023\nTarrifa intera: 3,70 €.\n\n Gratuito per i bambini di età inferiore a 26 anni, giornalista, Disoccupati.",
      "libelleDe" : "Vom 16/10/2022 bis 14/04/2023\nVoller Preis: 3,70 €.\n\nVom 15/04 bis 15/10/2023\nVoller Preis: 3,70 €.\n\n Kostenlos für Kinder unter 26 Jahren, die Presse, Arbeitssuchende.\n\n✘ Freier Zugang mit dem City Pass Aix-en-Provence\r\n✘ Freier Eintritt für Personen unter 26 Jahren, Studenten, Journalisten, städtische Bedienstete, Lehrer und Personen, die von der CPA eine Beihilfe von 10% erhalten.\r\n✘ Freier Eintritt jeden ersten Sonntag im Monat.",
      "libelleNl" : "Van 16/10/2022 tot en met 14/04/2023\nVol tarief: € 3,70.\n\nVan 15/04 tot en met 15/10/2023\nVol tarief: € 3,70.\n\n Gratis voor kinderen onder de 26 jaar, pers, Werkzoekende.",
      "libelleRu" : "С 16/10/2022 до 14/04/2023\nполную цену : 3,70 €.\n\nС 15/04 до 15/10/2023\nполную цену : 3,70 €.\n\n Бесплатно для лицам младше 26 лет, пресса, соискатели работы.",
      "libelleZh" : "从 2022年10月16日 到 2023年4月14日\n全额 : 3.70 €.\n\n从 4月15日 到 2023年10月15日\n全额 : 3.70 €.\n\n 儿童 < 26 岁, 新闻工作者, 求职者自由进入.",
      "libellePtBR" : "De 16/10/2022 a 14/04/2023\nTarifa inteira: 3,70 €.\n\nDe 15/04 a 15/10/2023\nTarifa inteira: 3,70 €.\n\n Gratuito para menores de 26 anos, pressione, Procurando emprego.",
      "libelleJa" : "16/10/2022 から 14/04/2023 まで\n通常料金: 3.70 €.\n\n15/04 から 15/10/2023 まで\n通常料金: 3.70 €.\n\n 子供 < 26 歳, 新聞社, 求職者 は入場無料."
    },
    "tarifsEnClairGenerationMode" : "AUTOMATIQUE",
    "complement" : {
      "libelleFr" : "✘ Gratuités :\r\n● Avec le City Pass Aix-en-Provence sous réserve de disponibilité.\r\n● Les enseignants de l’Ecole Supérieure d’art Félix Ciccolini d’Aix-en-Provence, les bénéficiaires du RSA (justificatif datant de moins de 3 mois), les bénéficiaires de l’aide sociale(CAF), minimum vieillesse et invalidité, les détenteurs de cartes en cours de validité ICOM, ICOMOS, AGCCPF (Conservateurs), carte du Ministère de la Culture (en cours de validité), carte Culture Aix-Marseille Université, carte d’invalidité, carte du CCAS d’Aix, les adhérents de l’association des Amis des Musées d’Aix, de l’association Cultures du Cœur, de l’association de la Maison des Artistes, les Guides conférenciers nationaux, internationaux et régionaux agréés.\r\n● Entrée libre tous les 1er dimanche de chaque mois.",
      "libelleEn" : "✘ Free access with the City Pass Aix-en-Provence\r\n✘ Free for under 26 years old, students, journalists, municipal staff, teachers and those who are granted legal 10% aid of the CPA.\r\n✘ Free admission every first Sunday of each month",
      "libelleEs" : "✘ Acceso gratuito con el City Pass Aix-en-Provence.\r\n✘ Gratuito para los menores de 26 años, estudiantes, periodistas, personal municipal, profesores y los beneficiarios de la ayuda legal del 10% del CPA.\r\n✘ Entrada gratuita todos los primeros domingos de cada mes",
      "libelleDe" : "✘ Freier Zugang mit dem City Pass Aix-en-Provence\r\n✘ Freier Eintritt für Personen unter 26 Jahren, Studenten, Journalisten, städtische Bedienstete, Lehrer und Personen, die von der CPA eine Beihilfe von 10% erhalten.\r\n✘ Freier Eintritt jeden ersten Sonntag im Monat"
    },
    "periodes" : [ {
      "identifiant" : 12137225,
      "dateDebut" : "2022-10-16",
      "dateFin" : "2023-04-14",
      "tarifs" : [ {
        "devise" : "EUR",
        "minimum" : 3.70,
        "maximum" : 3.70,
        "type" : {
          "elementReferenceType" : "TarifType",
          "id" : 5250
        }
      } ]
    }, {
      "identifiant" : 11731940,
      "dateDebut" : "2023-04-15",
      "dateFin" : "2023-10-15",
      "tarifs" : [ {
        "devise" : "EUR",
        "minimum" : 3.70,
        "maximum" : 3.70,
        "type" : {
          "elementReferenceType" : "TarifType",
          "id" : 5250
        }
      } ]
    } ],
    "modesPaiement" : [ {
      "elementReferenceType" : "ModePaiement",
      "id" : 1268
    }, {
      "elementReferenceType" : "ModePaiement",
      "id" : 1271
    }, {
      "elementReferenceType" : "ModePaiement",
      "id" : 1277
    } ],
    "devise" : "EUR",
    "conditions" : {
      "conditionsGratuite" : [ {
        "elementReferenceType" : "ConditionGratuite",
        "id" : 4772
      }, {
        "elementReferenceType" : "ConditionGratuite",
        "id" : 5076
      } ],
      "gratuitPourLesMoinsDe" : 26
    }
  },
  "reservation" : {
    "organismes" : [ {
      "identifiant" : 5681385,
      "structureReference" : {
        "type" : "STRUCTURE",
        "id" : 5463105
      },
      "nom" : "Mairie d'Aix-en-Provence",
      "type" : {
        "elementReferenceType" : "ReservationType",
        "id" : 475
      },
      "moyensCommunication" : [ {
        "identifiant" : 77002300,
        "type" : {
          "elementReferenceType" : "MoyenCommunicationType",
          "id" : 205
        },
        "coordonnees" : {
          "fr" : "https://www.aixenprovence.fr"
        }
      } ],
      "locked" : false
    } ]
  },
  "criteresInternes" : [ {
    "id" : 16775
  }, {
    "id" : 18002
  } ],
  "contacts" : [ {
    "identifiant" : 17643997,
    "referent" : false,
    "civilite" : {
      "elementReferenceType" : "ContactCivilite",
      "id" : 442
    },
    "nom" : "ROY",
    "prenom" : "Christel",
    "fonction" : {
      "elementReferenceType" : "ContactFonction",
      "id" : 4196
    },
    "moyensCommunication" : [ {
      "identifiant" : 85850026,
      "type" : {
        "elementReferenceType" : "MoyenCommunicationType",
        "id" : 204
      },
      "coordonnees" : {
        "fr" : "royc@mairie-aixenprovence.fr"
      }
    } ]
  }, {
    "identifiant" : 18712214,
    "referent" : true,
    "civilite" : {
      "elementReferenceType" : "ContactCivilite",
      "id" : 442
    },
    "nom" : "Aublet",
    "prenom" : "Christiane",
    "titre" : {
      "libelleFr" : "Service coordination des Musées de la ville"
    },
    "fonction" : {
      "elementReferenceType" : "ContactFonction",
      "id" : 467
    },
    "moyensCommunication" : [ {
      "identifiant" : 85848963,
      "type" : {
        "elementReferenceType" : "MoyenCommunicationType",
        "id" : 204
      },
      "coordonnees" : {
        "fr" : "AubletC@mairie-aixenprovence.fr"
      }
    }, {
      "identifiant" : 85848973,
      "type" : {
        "elementReferenceType" : "MoyenCommunicationType",
        "id" : 201
      },
      "coordonnees" : {
        "fr" : "04 88 71 84 45"
      },
      "observation" : {
        "libelleFr" : "04 42 91 88 75"
      }
    } ]
  } ],
  "illustrations" : [ {
    "identifiant" : 9195667,
    "link" : false,
    "type" : "IMAGE",
    "nom" : {
      "libelleFr" : "13T2A00001_1_HD.jpg"
    },
    "copyright" : {
      "libelleFr" : "Sophie Spiteri"
    },
    "traductionFichiers" : [ {
      "locale" : "fr",
      "url" : "https://static.apidae-tourisme.com/filestore/objets-touristiques/images/124/143/8949628.jpg",
      "urlListe" : "https://static.apidae-tourisme.com/filestore/objets-touristiques/images/124/143/8949628-liste.jpg",
      "urlFiche" : "https://static.apidae-tourisme.com/filestore/objets-touristiques/images/124/143/8949628-fiche.jpg",
      "urlDiaporama" : "https://static.apidae-tourisme.com/filestore/objets-touristiques/images/124/143/8949628-diaporama.jpg",
      "extension" : "jpg",
      "fileName" : "full",
      "taille" : 1167635,
      "hauteur" : 1440,
      "largeur" : 1920,
      "lastModifiedDate" : "2020-12-10T05:08:28.000+0000"
    } ],
    "locked" : false
  }, {
    "identifiant" : 9195668,
    "link" : false,
    "type" : "IMAGE",
    "nom" : {
      "libelleFr" : "13T2A00001_2_HD.jpg"
    },
    "copyright" : {
      "libelleFr" : "JC Carbonne"
    },
    "traductionFichiers" : [ {
      "locale" : "fr",
      "url" : "https://static.apidae-tourisme.com/filestore/objets-touristiques/images/125/143/8949629.jpg",
      "urlListe" : "https://static.apidae-tourisme.com/filestore/objets-touristiques/images/125/143/8949629-liste.jpg",
      "urlFiche" : "https://static.apidae-tourisme.com/filestore/objets-touristiques/images/125/143/8949629-fiche.jpg",
      "urlDiaporama" : "https://static.apidae-tourisme.com/filestore/objets-touristiques/images/125/143/8949629-diaporama.jpg",
      "extension" : "jpg",
      "fileName" : "full",
      "taille" : 910859,
      "hauteur" : 1440,
      "largeur" : 1920,
      "lastModifiedDate" : "2020-12-10T05:08:29.000+0000"
    } ],
    "locked" : false
  }, {
    "identifiant" : 9195669,
    "link" : false,
    "type" : "IMAGE",
    "nom" : {
      "libelleFr" : "13T2A00001_3_HD.jpg"
    },
    "copyright" : {
      "libelleFr" : "G. Cambreleng"
    },
    "traductionFichiers" : [ {
      "locale" : "fr",
      "url" : "https://static.apidae-tourisme.com/filestore/objets-touristiques/images/126/143/8949630.jpg",
      "urlListe" : "https://static.apidae-tourisme.com/filestore/objets-touristiques/images/126/143/8949630-liste.jpg",
      "urlFiche" : "https://static.apidae-tourisme.com/filestore/objets-touristiques/images/126/143/8949630-fiche.jpg",
      "urlDiaporama" : "https://static.apidae-tourisme.com/filestore/objets-touristiques/images/126/143/8949630-diaporama.jpg",
      "extension" : "jpg",
      "fileName" : "full",
      "taille" : 1087809,
      "hauteur" : 1440,
      "largeur" : 1920,
      "lastModifiedDate" : "2020-12-10T05:08:30.000+0000"
    } ],
    "locked" : false
  }, {
    "identifiant" : 9195670,
    "link" : false,
    "type" : "IMAGE",
    "nom" : {
      "libelleFr" : "13T2A00001_4_HD.jpg"
    },
    "copyright" : {
      "libelleFr" : "JC Carbonne"
    },
    "traductionFichiers" : [ {
      "locale" : "fr",
      "url" : "https://static.apidae-tourisme.com/filestore/objets-touristiques/images/127/143/8949631.jpg",
      "urlListe" : "https://static.apidae-tourisme.com/filestore/objets-touristiques/images/127/143/8949631-liste.jpg",
      "urlFiche" : "https://static.apidae-tourisme.com/filestore/objets-touristiques/images/127/143/8949631-fiche.jpg",
      "urlDiaporama" : "https://static.apidae-tourisme.com/filestore/objets-touristiques/images/127/143/8949631-diaporama.jpg",
      "extension" : "jpg",
      "fileName" : "full",
      "taille" : 979434,
      "hauteur" : 1440,
      "largeur" : 1920,
      "lastModifiedDate" : "2020-12-10T05:08:31.000+0000"
    } ],
    "locked" : false
  }, {
    "identifiant" : 9195671,
    "link" : false,
    "type" : "IMAGE",
    "nom" : {
      "libelleFr" : "13T2A00001_5_HD.jpg"
    },
    "copyright" : {
      "libelleFr" : "JC Carbonne"
    },
    "traductionFichiers" : [ {
      "locale" : "fr",
      "url" : "https://static.apidae-tourisme.com/filestore/objets-touristiques/images/128/143/8949632.jpg",
      "urlListe" : "https://static.apidae-tourisme.com/filestore/objets-touristiques/images/128/143/8949632-liste.jpg",
      "urlFiche" : "https://static.apidae-tourisme.com/filestore/objets-touristiques/images/128/143/8949632-fiche.jpg",
      "urlDiaporama" : "https://static.apidae-tourisme.com/filestore/objets-touristiques/images/128/143/8949632-diaporama.jpg",
      "extension" : "jpg",
      "fileName" : "full",
      "taille" : 597772,
      "hauteur" : 1440,
      "largeur" : 1920,
      "lastModifiedDate" : "2020-12-10T05:08:35.000+0000"
    } ],
    "locked" : false
  }, {
    "identifiant" : 9195672,
    "link" : false,
    "type" : "IMAGE",
    "nom" : {
      "libelleFr" : "13T2A00001_6_HD.jpg"
    },
    "copyright" : {
      "libelleFr" : "JC Carbonne"
    },
    "traductionFichiers" : [ {
      "locale" : "fr",
      "url" : "https://static.apidae-tourisme.com/filestore/objets-touristiques/images/129/143/8949633.jpg",
      "urlListe" : "https://static.apidae-tourisme.com/filestore/objets-touristiques/images/129/143/8949633-liste.jpg",
      "urlFiche" : "https://static.apidae-tourisme.com/filestore/objets-touristiques/images/129/143/8949633-fiche.jpg",
      "urlDiaporama" : "https://static.apidae-tourisme.com/filestore/objets-touristiques/images/129/143/8949633-diaporama.jpg",
      "extension" : "jpg",
      "fileName" : "full",
      "taille" : 647507,
      "hauteur" : 1440,
      "largeur" : 1920,
      "lastModifiedDate" : "2020-12-10T05:08:35.000+0000"
    } ],
    "locked" : false
  }, {
    "identifiant" : 9195673,
    "link" : false,
    "type" : "IMAGE",
    "nom" : {
      "libelleFr" : "13T2A00001_7_HD.jpg"
    },
    "copyright" : {
      "libelleFr" : "JC Carbonne"
    },
    "traductionFichiers" : [ {
      "locale" : "fr",
      "url" : "https://static.apidae-tourisme.com/filestore/objets-touristiques/images/130/143/8949634.jpg",
      "urlListe" : "https://static.apidae-tourisme.com/filestore/objets-touristiques/images/130/143/8949634-liste.jpg",
      "urlFiche" : "https://static.apidae-tourisme.com/filestore/objets-touristiques/images/130/143/8949634-fiche.jpg",
      "urlDiaporama" : "https://static.apidae-tourisme.com/filestore/objets-touristiques/images/130/143/8949634-diaporama.jpg",
      "extension" : "jpg",
      "fileName" : "full",
      "taille" : 525203,
      "hauteur" : 1440,
      "largeur" : 1920,
      "lastModifiedDate" : "2020-12-10T05:08:37.000+0000"
    } ],
    "locked" : false
  }, {
    "identifiant" : 9195674,
    "link" : false,
    "type" : "IMAGE",
    "nom" : {
      "libelleFr" : "13T2A00001_8_HD.jpg"
    },
    "copyright" : {
      "libelleFr" : "JC Carbonne"
    },
    "traductionFichiers" : [ {
      "locale" : "fr",
      "url" : "https://static.apidae-tourisme.com/filestore/objets-touristiques/images/131/143/8949635.jpg",
      "urlListe" : "https://static.apidae-tourisme.com/filestore/objets-touristiques/images/131/143/8949635-liste.jpg",
      "urlFiche" : "https://static.apidae-tourisme.com/filestore/objets-touristiques/images/131/143/8949635-fiche.jpg",
      "urlDiaporama" : "https://static.apidae-tourisme.com/filestore/objets-touristiques/images/131/143/8949635-diaporama.jpg",
      "extension" : "jpg",
      "fileName" : "full",
      "taille" : 726367,
      "hauteur" : 1440,
      "largeur" : 1920,
      "lastModifiedDate" : "2020-12-10T05:08:38.000+0000"
    } ],
    "locked" : false
  }, {
    "identifiant" : 9195675,
    "link" : false,
    "type" : "IMAGE",
    "nom" : {
      "libelleFr" : "13T2A00001_9_HD.jpg"
    },
    "copyright" : {
      "libelleFr" : "Ville d'Aix"
    },
    "traductionFichiers" : [ {
      "locale" : "fr",
      "url" : "https://static.apidae-tourisme.com/filestore/objets-touristiques/images/132/143/8949636.jpg",
      "urlListe" : "https://static.apidae-tourisme.com/filestore/objets-touristiques/images/132/143/8949636-liste.jpg",
      "urlFiche" : "https://static.apidae-tourisme.com/filestore/objets-touristiques/images/132/143/8949636-fiche.jpg",
      "urlDiaporama" : "https://static.apidae-tourisme.com/filestore/objets-touristiques/images/132/143/8949636-diaporama.jpg",
      "extension" : "jpg",
      "fileName" : "full",
      "taille" : 1124276,
      "hauteur" : 1440,
      "largeur" : 1920,
      "lastModifiedDate" : "2020-12-10T05:08:32.000+0000"
    } ],
    "locked" : false
  }, {
    "identifiant" : 9195676,
    "link" : false,
    "type" : "IMAGE",
    "nom" : {
      "libelleFr" : "13T2A00001_10_HD.jpg"
    },
    "copyright" : {
      "libelleFr" : "PB Ville d'Aix"
    },
    "traductionFichiers" : [ {
      "locale" : "fr",
      "url" : "https://static.apidae-tourisme.com/filestore/objets-touristiques/images/133/143/8949637.jpg",
      "urlListe" : "https://static.apidae-tourisme.com/filestore/objets-touristiques/images/133/143/8949637-liste.jpg",
      "urlFiche" : "https://static.apidae-tourisme.com/filestore/objets-touristiques/images/133/143/8949637-fiche.jpg",
      "urlDiaporama" : "https://static.apidae-tourisme.com/filestore/objets-touristiques/images/133/143/8949637-diaporama.jpg",
      "extension" : "jpg",
      "fileName" : "full",
      "taille" : 615569,
      "hauteur" : 1440,
      "largeur" : 1920,
      "lastModifiedDate" : "2020-12-10T05:08:34.000+0000"
    } ],
    "locked" : false
  } ],
  "multimedias" : [ {
    "identifiant" : 12481028,
    "link" : true,
    "type" : "INSTAGRAM",
    "traductionFichiers" : [ {
      "locale" : "fr",
      "url" : "https://www.instagram.com/museesaix/"
    }, {
      "locale" : "en",
      "url" : "https://www.instagram.com/museesaix/"
    } ],
    "locked" : false
  } ],
  "tourismeAffaires" : {
    "tourismeAffairesEnabled" : true,
    "sallesEquipeesPour" : [ {
      "elementReferenceType" : "SalleEquipeePour",
      "id" : 1239
    } ],
    "nombreSallesReunionEquipees" : 6,
    "capaciteMaxAccueil" : 40
  },
  "visites" : {
    "visitable" : false
  },
  "territoires" : [ {
    "type" : "TERRITOIRE",
    "id" : 591381
  }, {
    "type" : "TERRITOIRE",
    "id" : 591419
  }, {
    "type" : "TERRITOIRE",
    "id" : 5127066
  }, {
    "type" : "TERRITOIRE",
    "id" : 5427620
  }, {
    "type" : "TERRITOIRE",
    "id" : 5427637
  }, {
    "type" : "TERRITOIRE",
    "id" : 5460325
  }, {
    "type" : "TERRITOIRE",
    "id" : 5693839
  }, {
    "type" : "TERRITOIRE",
    "id" : 5775948
  }, {
    "type" : "TERRITOIRE",
    "id" : 5853930
  } ],
  "datesOuverture" : [ "2022-11-09", "2022-11-10", "2022-11-11", "2022-11-12", "2022-11-13", "2022-11-14", "2022-11-16", "2022-11-17", "2022-11-18", "2022-11-19", "2022-11-20", "2022-11-21", "2022-11-23", "2022-11-24", "2022-11-25", "2022-11-26", "2022-11-27", "2022-11-28", "2022-11-30", "2022-12-01", "2022-12-02", "2022-12-03", "2022-12-04", "2022-12-05", "2022-12-07", "2022-12-08", "2022-12-09", "2022-12-10", "2022-12-11", "2022-12-12", "2022-12-14", "2022-12-15", "2022-12-16", "2022-12-17", "2022-12-18", "2022-12-19", "2022-12-21", "2022-12-22", "2022-12-23", "2022-12-24", "2022-12-26", "2022-12-28", "2022-12-29", "2022-12-30", "2022-12-31", "2023-01-02", "2023-01-04", "2023-01-05", "2023-01-06", "2023-01-07", "2023-01-08", "2023-01-09", "2023-01-11", "2023-01-12", "2023-01-13", "2023-01-14", "2023-01-15", "2023-01-16", "2023-01-18", "2023-01-19", "2023-01-20", "2023-01-21", "2023-01-22", "2023-01-23", "2023-01-25", "2023-01-26", "2023-01-27", "2023-01-28", "2023-01-29", "2023-01-30", "2023-02-01", "2023-02-02", "2023-02-03", "2023-02-04", "2023-02-05", "2023-02-06", "2023-02-08", "2023-02-09", "2023-02-10", "2023-02-11", "2023-02-12", "2023-02-13", "2023-02-15", "2023-02-16", "2023-02-17", "2023-02-18", "2023-02-19", "2023-02-20", "2023-02-22", "2023-02-23", "2023-02-24", "2023-02-25", "2023-02-26", "2023-02-27", "2023-03-01", "2023-03-02", "2023-03-03", "2023-03-04", "2023-03-05", "2023-03-06", "2023-03-08", "2023-03-09", "2023-03-10", "2023-03-11", "2023-03-12", "2023-03-13", "2023-03-15", "2023-03-16", "2023-03-17", "2023-03-18", "2023-03-19", "2023-03-20", "2023-03-22", "2023-03-23", "2023-03-24", "2023-03-25", "2023-03-26", "2023-03-27", "2023-03-29", "2023-03-30", "2023-03-31", "2023-04-01", "2023-04-02", "2023-04-03", "2023-04-05", "2023-04-06", "2023-04-07", "2023-04-08", "2023-04-09", "2023-04-10", "2023-04-12", "2023-04-13", "2023-04-14", "2023-04-15", "2023-04-16", "2023-04-17", "2023-04-19", "2023-04-20", "2023-04-21", "2023-04-22", "2023-04-23", "2023-04-24", "2023-04-26", "2023-04-27", "2023-04-28", "2023-04-29", "2023-04-30", "2023-05-03", "2023-05-04", "2023-05-05", "2023-05-06", "2023-05-07", "2023-05-08", "2023-05-10", "2023-05-11", "2023-05-12", "2023-05-13", "2023-05-14", "2023-05-15", "2023-05-17", "2023-05-18", "2023-05-19", "2023-05-20", "2023-05-21", "2023-05-22", "2023-05-24", "2023-05-25", "2023-05-26", "2023-05-27", "2023-05-28", "2023-05-29", "2023-05-31", "2023-06-01", "2023-06-02", "2023-06-03", "2023-06-04", "2023-06-05", "2023-06-07", "2023-06-08", "2023-06-09", "2023-06-10", "2023-06-11", "2023-06-12", "2023-06-14", "2023-06-15", "2023-06-16", "2023-06-17", "2023-06-18", "2023-06-19", "2023-06-21", "2023-06-22", "2023-06-23", "2023-06-24", "2023-06-25", "2023-06-26", "2023-06-28", "2023-06-29", "2023-06-30", "2023-07-01", "2023-07-02", "2023-07-03", "2023-07-05", "2023-07-06", "2023-07-07", "2023-07-08", "2023-07-09", "2023-07-10", "2023-07-12", "2023-07-13", "2023-07-14", "2023-07-15", "2023-07-16", "2023-07-17", "2023-07-19", "2023-07-20", "2023-07-21", "2023-07-22", "2023-07-23", "2023-07-24", "2023-07-26", "2023-07-27", "2023-07-28", "2023-07-29", "2023-07-30", "2023-07-31", "2023-08-02", "2023-08-03", "2023-08-04", "2023-08-05", "2023-08-06", "2023-08-07", "2023-08-09", "2023-08-10", "2023-08-11", "2023-08-12", "2023-08-13", "2023-08-14", "2023-08-16", "2023-08-17", "2023-08-18", "2023-08-19", "2023-08-20", "2023-08-21", "2023-08-23", "2023-08-24", "2023-08-25", "2023-08-26", "2023-08-27", "2023-08-28", "2023-08-30", "2023-08-31", "2023-09-01", "2023-09-02", "2023-09-03", "2023-09-04", "2023-09-06", "2023-09-07", "2023-09-08", "2023-09-09", "2023-09-10", "2023-09-11", "2023-09-13", "2023-09-14", "2023-09-15", "2023-09-16", "2023-09-17", "2023-09-18", "2023-09-20", "2023-09-21", "2023-09-22", "2023-09-23", "2023-09-24", "2023-09-25", "2023-09-27", "2023-09-28", "2023-09-29", "2023-09-30", "2023-10-01", "2023-10-02", "2023-10-04", "2023-10-05", "2023-10-06", "2023-10-07", "2023-10-08", "2023-10-09", "2023-10-11", "2023-10-12", "2023-10-13", "2023-10-14", "2023-10-15" ],
  "informationsPatrimoineCulturel" : {
    "patrimoineCulturelType" : {
      "elementReferenceType" : "PatrimoineCulturelType",
      "id" : 3201
    },
    "themes" : [ {
      "elementReferenceType" : "PatrimoineCulturelTheme",
      "id" : 3419
    }, {
      "elementReferenceType" : "PatrimoineCulturelTheme",
      "id" : 3449
    }, {
      "elementReferenceType" : "PatrimoineCulturelTheme",
      "id" : 3393
    } ],
    "categories" : [ {
      "elementReferenceType" : "PatrimoineCulturelCategorie",
      "id" : 3226
    } ]
  },
  "formatVersion" : "v002",
  "expiration" : {
    "dateExpiration" : "2023-10-15T00:00:00.000+0000"
  },
  "informationsPrestataireActivites" : {
    "prestataireActivites" : true,
    "activitesCulturelles" : [ {
      "elementReferenceType" : "ActiviteCulturellePrestation",
      "id" : 4598
    } ]
  },
  "enquete" : { },
  "donneesPrivees" : [ {
    "nomTechnique" : "1947_Id_patio",
    "libelleFr" : "Id_Patio",
    "ordre" : 1,
    "descriptif" : {
      "libelleFr" : "13T2A00001"
    }
  }, {
    "nomTechnique" : "1947_Source_patio",
    "libelleFr" : "Source_Patio",
    "ordre" : 2,
    "descriptif" : {
      "libelleFr" : "OT Aix en Provence"
    }
  }, {
    "nomTechnique" : "1947_Url_patio",
    "libelleFr" : "URL_Patio",
    "ordre" : 3,
    "descriptif" : {
      "libelleFr" : "http://www.aixenprovencetourism.com"
    }
  } ],
  "metadonnees" : [ {
    "noeudId" : "fairguest",
    "contenus" : [ {
      "cible" : "general",
      "metadonnee" : {
        "note" : 8.3,
        "label" : "Très bon",
        "couleur" : "#71a63e",
        "nombreAvis" : 253,
        "dateMaj" : 1667920037621
      }
    } ]
  } ]
}