{
  "type" : "FETE_ET_MANIFESTATION",
  "id" : 5480258,
  "nom" : {
    "libelleFr" : "Marché de Saint-Andiol",
    "libelleEn" : "Marché de Saint-Andiol",
    "libelleIt" : "Marché de Saint-Andiol",
    "libelleDe" : "Marché de Saint-Andiol",
    "libelleNl" : "Marché de Saint-Andiol"
  },
  "identifier" : "SITRA2_EVE_5480258",
  "state" : "PUBLISHED",
  "gestion" : {
    "dateCreation" : "2020-03-05T18:56:49.678+0000",
    "dateModification" : "2022-06-02T13:47:30.067+0000",
    "dateExportModification" : "2022-09-01T13:31:09.987+0000",
    "membreProprietaire" : {
      "type" : {
        "elementReferenceType" : "MembreSitraType",
        "id" : 233
      },
      "nom" : "Office de Tourisme Intercommunal de Terre de Provence",
      "dateCreation" : "2020-10-28T10:42:53.102+0000",
      "dateModification" : "2022-10-24T08:49:48.093+0000",
      "id" : 2119
    },
    "signalerUnProblemeMails" : [ "accueil.oti@terredeprovence-agglo.com", "accueil2.oti@terredeprovence-agglo.com", "espaceculturetourisme@orange.fr", "office.tourisme@st-andiol.fr", "office.tourisme@ville-graveson.fr", "ot-culture@maillane.fr", "promotion.oti@terredeprovence-agglo.com", "romain.pascal@ville-graveson.fr", "tourisme@noves.fr", "tourisme@terredeprovence-agglo.com" ]
  },
  "informations" : {
    "moyensCommunication" : [ {
      "identifiant" : 85946240,
      "type" : {
        "elementReferenceType" : "MoyenCommunicationType",
        "id" : 201
      },
      "coordonnees" : {
        "fr" : "04 90 95 02 02"
      }
    }, {
      "identifiant" : 85946251,
      "type" : {
        "elementReferenceType" : "MoyenCommunicationType",
        "id" : 204
      },
      "coordonnees" : {
        "fr" : "accueil@st-andiol.fr"
      }
    }, {
      "identifiant" : 85946269,
      "type" : {
        "elementReferenceType" : "MoyenCommunicationType",
        "id" : 205
      },
      "coordonnees" : {
        "fr" : "https://www.saint-andiol.fr"
      }
    }, {
      "identifiant" : 85946327,
      "type" : {
        "elementReferenceType" : "MoyenCommunicationType",
        "id" : 207
      },
      "coordonnees" : {
        "fr" : "https://www.facebook.com/mairiestandiol/"
      }
    } ],
    "informationsLegales" : { },
    "structureGestion" : {
      "type" : "STRUCTURE",
      "id" : 5703972
    }
  },
  "presentation" : {
    "descriptifCourt" : {
      "libelleFr" : "Petit marché local du vendredi matin."
    },
    "descriptifDetaille" : {
      "libelleFr" : "Fruits légumes, poissons... Venez découvrir le marché de St Andiol sur les bords de la nationale 7, près de la Mairie."
    },
    "typologiesPromoSitra" : [ {
      "elementReferenceType" : "TypologiePromoSitra",
      "id" : 1676
    } ]
  },
  "localisation" : {
    "adresse" : {
      "nomDuLieu" : "Place du Général de Gaulle",
      "codePostal" : "13670",
      "commune" : {
        "id" : 4500
      }
    },
    "geolocalisation" : {
      "valide" : true,
      "geoJson" : {
        "type" : "Point",
        "coordinates" : [ 4.944202, 43.836465 ]
      }
    },
    "perimetreGeographique" : [ {
      "id" : 4500
    } ],
    "environnements" : [ {
      "elementReferenceType" : "Environnement",
      "id" : 143
    }, {
      "elementReferenceType" : "Environnement",
      "id" : 185
    } ],
    "lieu" : {
      "id" : 16989
    }
  },
  "liens" : { },
  "prestations" : {
    "animauxAcceptes" : "NON_DISPONIBLE",
    "animauxAcceptesSupplement" : "NON_DISPONIBLE",
    "languesParlees" : [ {
      "elementReferenceType" : "Langue",
      "id" : 1197
    } ]
  },
  "ouverture" : {
    "periodeEnClair" : {
      "libelleFr" : "Du 01/01 au 31/12/2022, tous les vendredis de 7h30 à 12h.",
      "libelleEn" : "From 01/01 to 31/12/2022, every Friday between 7.30 am and 12 pm.",
      "libelleEs" : "Del 01/01 al 31/12/2022, todos los viernes de 7:30 a 12.",
      "libelleIt" : "Dal 01/01 al 31/12/2022, tutti i venerdì dalle 7:30 alle 12.",
      "libelleDe" : "Vom 01/01 bis 31/12/2022, jeden Freitag von 7.30 Uhr bis 12 Uhr.",
      "libelleNl" : "Van 01/01 tot en met 31/12/2022, elke vrijdag van 7.30 tot en met 12.00 u.",
      "libelleRu" : "С 01/01 до 31/12/2022, каждый пятницы с 7h30 до 12h.",
      "libelleZh" : "从 1月1日 到 2022年12月31日, 每星期五 小时小时分钟  和 小时小时 之间.",
      "libellePtBR" : "De 01/01 a 31/12/2022, todas as sextas-feiras de 7h30 a  12h.",
      "libelleJa" : "01/01 から 31/12/2022 まで, 毎金曜日 7.30 午前 と 12 午後 の間."
    },
    "periodeEnClairGenerationMode" : "AUTOMATIQUE",
    "indicationsPeriode" : [ {
      "elementReferenceType" : "IndicationPeriode",
      "id" : 416
    }, {
      "elementReferenceType" : "IndicationPeriode",
      "id" : 418
    }, {
      "elementReferenceType" : "IndicationPeriode",
      "id" : 435
    }, {
      "elementReferenceType" : "IndicationPeriode",
      "id" : 436
    } ],
    "periodesOuvertures" : [ {
      "identifiant" : 19471483,
      "dateDebut" : "2022-01-01",
      "dateFin" : "2022-12-31",
      "horaireOuverture" : "07:30:00",
      "horaireFermeture" : "12:00:00",
      "type" : "OUVERTURE_SEMAINE",
      "tousLesAns" : false,
      "ouverturesJournalieres" : [ {
        "jour" : "VENDREDI"
      } ],
      "identifiantTechnique" : 23499506
    } ]
  },
  "descriptionTarif" : {
    "indicationTarif" : "ACCES_LIBRE",
    "gratuit" : true,
    "tarifsEnClair" : {
      "libelleFr" : "Accès libre.",
      "libelleEn" : "Free access.",
      "libelleEs" : "Acceso libre.",
      "libelleIt" : "Accesso libero.",
      "libelleDe" : "Freier Zugang.",
      "libelleNl" : "Gratis toegang.",
      "libelleRu" : "Вход свободный.",
      "libelleZh" : "自由访问.",
      "libellePtBR" : "Acesso livre.",
      "libelleJa" : "フリーアクセス."
    },
    "tarifsEnClairGenerationMode" : "AUTOMATIQUE",
    "devise" : "EUR",
    "conditions" : { }
  },
  "reservation" : { },
  "criteresInternes" : [ {
    "id" : 16902
  } ],
  "contacts" : [ {
    "identifiant" : 19275108,
    "referent" : true,
    "civilite" : {
      "elementReferenceType" : "ContactCivilite",
      "id" : 445
    },
    "fonction" : {
      "elementReferenceType" : "ContactFonction",
      "id" : 459
    },
    "moyensCommunication" : [ {
      "identifiant" : 89115110,
      "type" : {
        "elementReferenceType" : "MoyenCommunicationType",
        "id" : 201
      },
      "coordonnees" : {
        "fr" : "04 90 95 02 02"
      }
    }, {
      "identifiant" : 89115131,
      "type" : {
        "elementReferenceType" : "MoyenCommunicationType",
        "id" : 204
      },
      "coordonnees" : {
        "fr" : "accueil@st-andiol.fr"
      }
    } ]
  } ],
  "illustrations" : [ {
    "identifiant" : 9418287,
    "link" : false,
    "type" : "IMAGE",
    "nom" : {
      "libelleFr" : "Marché du vendredi"
    },
    "copyright" : {
      "libelleFr" : "BIT St Andiol"
    },
    "traductionFichiers" : [ {
      "locale" : "fr",
      "url" : "https://static.apidae-tourisme.com/filestore/objets-touristiques/images/234/1/9175530.jpg",
      "urlListe" : "https://static.apidae-tourisme.com/filestore/objets-touristiques/images/234/1/9175530-liste.jpg",
      "urlFiche" : "https://static.apidae-tourisme.com/filestore/objets-touristiques/images/234/1/9175530-fiche.jpg",
      "urlDiaporama" : "https://static.apidae-tourisme.com/filestore/objets-touristiques/images/234/1/9175530-diaporama.jpg",
      "extension" : "jpg",
      "fileName" : "IMG_7471",
      "taille" : 791821,
      "hauteur" : 900,
      "largeur" : 1200,
      "lastModifiedDate" : "2021-01-25T09:33:28.000+0000"
    } ],
    "locked" : false
  } ],
  "territoires" : [ {
    "type" : "TERRITOIRE",
    "id" : 591381
  }, {
    "type" : "TERRITOIRE",
    "id" : 591419
  }, {
    "type" : "TERRITOIRE",
    "id" : 4819487
  }, {
    "type" : "TERRITOIRE",
    "id" : 5127066
  }, {
    "type" : "TERRITOIRE",
    "id" : 5424410
  }, {
    "type" : "TERRITOIRE",
    "id" : 5447176
  }, {
    "type" : "TERRITOIRE",
    "id" : 5693779
  } ],
  "datesOuverture" : [ "2022-11-11", "2022-11-18", "2022-11-25", "2022-12-02", "2022-12-09", "2022-12-16", "2022-12-23", "2022-12-30" ],
  "informationsFeteEtManifestation" : {
    "typesManifestation" : [ {
      "elementReferenceType" : "FeteEtManifestationType",
      "id" : 1962
    } ],
    "categories" : [ {
      "elementReferenceType" : "FeteEtManifestationCategorie",
      "id" : 2107
    } ],
    "themes" : [ {
      "elementReferenceType" : "FeteEtManifestationTheme",
      "id" : 2292
    } ],
    "portee" : {
      "elementReferenceType" : "FeteEtManifestationPortee",
      "id" : 2352
    },
    "nomLieu" : "Place du Général de Gaulle"
  },
  "formatVersion" : "v002",
  "expiration" : {
    "dateExpiration" : "2022-12-31T00:00:00.000+0000",
    "expirationAction" : "MASQUER"
  },
  "enquete" : { },
  "donneesPrivees" : [ {
    "nomTechnique" : "1947_Id_patio",
    "libelleFr" : "Id_Patio",
    "ordre" : 1,
    "descriptif" : {
      "libelleFr" : "13EVT101872"
    }
  }, {
    "nomTechnique" : "1947_Source_patio",
    "libelleFr" : "Source_Patio",
    "ordre" : 2,
    "descriptif" : {
      "libelleFr" : "OT Terre de Provence"
    }
  }, {
    "nomTechnique" : "1947_Url_patio",
    "libelleFr" : "URL_Patio",
    "ordre" : 3,
    "descriptif" : {
      "libelleFr" : "http://www.myterredeprovence.fr/"
    }
  } ]
}