{
  "type" : "PATRIMOINE_CULTUREL",
  "id" : 5538026,
  "nom" : {
    "libelleFr" : "Fondation Louis Jou",
    "libelleEn" : "Fondation Louis Jou",
    "libelleEs" : "Fondation Louis Jou",
    "libelleIt" : "Fondation Louis Jou",
    "libelleDe" : "Fondation Louis Jou",
    "libelleNl" : "Fondation Louis Jou"
  },
  "identifier" : "SITRA2_PCU_5538026",
  "state" : "PUBLISHED",
  "gestion" : {
    "dateCreation" : "2020-05-26T17:05:47.032+0000",
    "dateModification" : "2021-06-27T09:40:42.939+0000",
    "dateExportModification" : "2022-07-27T13:28:58.362+0000",
    "membreProprietaire" : {
      "type" : {
        "elementReferenceType" : "MembreSitraType",
        "id" : 233
      },
      "nom" : "Office de Tourisme des Baux de Provence",
      "dateCreation" : "2020-09-25T06:26:38.958+0000",
      "dateModification" : "2022-10-24T08:49:44.523+0000",
      "id" : 2087,
      "siteWeb" : "http://www.lesbauxdeprovence.com"
    },
    "signalerUnProblemeMails" : [ "bernadettebrummelhuis@lesbauxdeprovence.com" ]
  },
  "informations" : {
    "moyensCommunication" : [ {
      "identifiant" : 79627493,
      "type" : {
        "elementReferenceType" : "MoyenCommunicationType",
        "id" : 201
      },
      "coordonnees" : {
        "fr" : "04 90 54 34 17"
      }
    }, {
      "identifiant" : 79627494,
      "type" : {
        "elementReferenceType" : "MoyenCommunicationType",
        "id" : 204
      },
      "coordonnees" : {
        "fr" : "contact@fondationlouisjou.org"
      }
    }, {
      "identifiant" : 79627495,
      "type" : {
        "elementReferenceType" : "MoyenCommunicationType",
        "id" : 205
      },
      "coordonnees" : {
        "fr" : "http://www.fondationlouisjou.org"
      }
    } ],
    "informationsLegales" : {
      "siret" : "31931058700013",
      "codeApeNaf" : "925C"
    },
    "structureGestion" : {
      "type" : "STRUCTURE",
      "id" : 5222951
    }
  },
  "presentation" : {
    "descriptifCourt" : {
      "libelleFr" : "Artiste, graveur, illustrateur, typographe et éditeur de talent, Louis Jou\r\nrayonne par une œuvre mêlant puissance créatrice et perfection d’exécution."
    },
    "descriptifDetaille" : {
      "libelleFr" : "Proche des peintres et des poètes (Derain, Picasso, Apollinaire, Suarès),\r\nil décide, en 1939, d’installer son atelier aux Baux-de-Provence. Artiste\r\npionnier dans la cité, il acquiert l'Hôtel Renaissance Jean de Brion qu'il\r\nrestaure et qui deviendra après sa mort un musée dédié à son œuvre\r\net à ses collections : près de 1500 ouvrages du XVIe au XIXe siècle, des\r\ngravures de Dürer et de Goya.\r\nMais les années ont passé, actuellement le musée fait l'objet de travaux\r\nd’assainissement et de réaménagement des espaces. A compter de\r\ncet été, il rouvrira ses portes avec au rez-de-chaussée l’Atelier du livre,\r\nqui s’inscrit dans la volonté de la Fondation d’ouvrir une activité de très\r\ngrande qualité.\r\nLa découverte de son atelier dévoile l’exigence et la rigueur des créations\r\nde Louis Jou. Là, entre les presses à bras et les jeux de caractères créés\r\npar l’artiste, se révèle l’univers de la typographie et de l’édition d’art.\r\nArtiste passionné, Louis Jou a exercé une influence déterminante sur le\r\nlivre contemporain. Le poète et éditeur Pierre Seghers le qualifiait « d’architecte du livre et des Baux ».",
      "libelleEn" : "The most beautiful works of Louis Jou are exhibited in an intimate setting in the six rooms of the Hôtel Renaissance Jean de Brion, amidst the marbles and the many collections of incunabula, old books, engravings by Dürer and Goya, paintings, sculptures and ceramics. Also visit the workshop containing the hand presses of Louis Jou, master typographer, engraver, printer and editor. Louis Jou (1881-1968) was one of the greatest typographers of the century. He was the only one of his peers to design and produce a work completely on his own. A xylographer and metal engraver, Jou designed and created his own characters. He decorated some of the bindings of works printed on his presses. Originally from Catalonia, he produced books which have had a major influence on the development of the contemporary book. The master typographer was also a fully-fledged artist - engraver, painter, sculptor and ceramicist.",
      "libelleEs" : "En las seis salas del Hotel Renaissance, Jean de Brion, se exponen, en un ambiente de casa privada, las obras más hermosas de Louis Jou entre las que se encuentran sus muebles y sus numerosas colecciones: incunables, libros antiguos, grabados de Durero y de Goya, pinturas, esculturas y cerámicas. Esta visita se completa con la del taller en el que están instaladas las imprentas de brazo de Louis Jou, maestro tipógrafo, grabador, impresor, editor. Louis Jou (1881-1968) forma parte de los mayores tipógrafos del siglo. Es el único de sus pares que diseñó y realizó por sus propios medios una obra en su totalidad. Xilográfo, grabador en metal, Jou dibuja y funda sus propios caracteres. Decora algunas encuadernaciones de obras salidas de sus prensas. Este catalán de origen, fue un creador de libros cuya influencia ha supuesto una de las más determinantes en la evolución del libro contemporáneo. El maestro tipógrafo era también un artista total: grabador, pintor, escultor, ceramista...",
      "libelleIt" : "Nelle sei sale del palazzo rinascimentale Hôtel Jean de Brion, sono esposte, in un'atmosfera da dimora privata, le più belle opere di Louis Jou, tra i suoi mobili e le numerose collezioni: incunaboli, libri antichi, incisioni di Dürer e Goya, dipinti, sculture e ceramiche. La visita comprende anche l'atelier in cui sono installati i torchietti a mano di Louis Jou, maestro tipografo, incisore, tipografo editore. Louis Jou (1881-1968) è uno dei più grandi tipografi del secolo. È l'unico tra i suoi pari ad avere progettato e realizzato un'opera integralmente e da sé. Xilografo e incisore su metallo, Jou disegna e si occupa delle fusioni dei caratteri. Decora inoltre alcune rilegature di opere, da lui stesso stampate. L'influenza di questo creatore di libri di origine catalana è stata una delle più determinanti nell'evoluzione del libro contemporaneo. Il maestro tipografo era anche un artista completo: incisore, pittore, scultore, ceramista...",
      "libelleDe" : "In den 6 Sälen des Hotels Renaissance Jean de Brion werden in der Atmosphäre eines möblierten Wohnzimmers die schönsten Werke von Louis Jou und seine zahlreichen Sammlungen ausgestellt: Wiegendrucke, alte Bücher, Gravuren von Dürer und Goya, Gemälde, Skulpturen und Keramiken. Dieser Besuch wird durch die Besichtigung der Werkstatt vervollständigt, in der sich Louis Jous Hebelpressen befinden. Louis Jou (1881-1968), der Schriftsetzer, Graveur, Drucker und Herausgeber, gehört zu den größten Typographen des Jahrhunderts. Er war der Einzige unter ihnen, der den Entwurf und die Umsetzung einer seiner Arbeiten völlig allein ausführte. Als Holzschneider und Metallgraveur entwarf und schmolz Jou seine eigenen Buchstaben. Einige Bucheinbände der aus seinen Pressen entstandenen Werke wurden von ihm mit Verzierungen versehen. Dieser aus Katalonien stammende Mann war ein Buchmacher, dessen Einfluss zu den stärksten in der neueren Geschichte der Buchgestaltung gehört. Dieser Meister im Schriftsetzen war ebenfalls ein begabter Künstler im Bereich des Gravierens, der Malerei, der Schnitzerei und der Keramik.",
      "libelleNl" : "In de zes zalen van het Hôtel Renaissance, Jean de Brion, zijn in een huiselijke sfeer de mooiste werken van Louis Jou uitgestald te midden van zijn meubels en zijn talrijke collecties: wiegendrukken, oude boeken, gravures van Dürer en Goya, schilderijen, beelden en keramiek. Dit bezoek is niet compleet zonder een bezoek aan de werkplaats, waar de handpersen te vinden zijn van Louis Jou, meestertypograaf, graveur, drukker en uitgever. Louis Jou (1881-1968) is een van de belangrijkste typografen van de eeuw. Hij is de enige van zijn vakgenoten die helemaal zelf een werk heeft ontworpen en uitgevoerd. Als houtsnijder en metaalgraveur ontwierp en goot Jou zijn eigen lettertypen. Hij decoreerde een aantal boekbanden van werken die op zijn persen gedrukt werden. Van oorsprong Catalaan, was hij een van de invloedrijkste boekenmakers uit de geschiedenis van het moderne boek. De meestertypograaf was tevens een erkend kunstenaar: hij was graveur, schilder, beeldhouwer en keramist."
    }
  },
  "localisation" : {
    "adresse" : {
      "adresse1" : "Grand'Rue Frédéric Mistral",
      "codePostal" : "13520",
      "bureauDistribution" : "LES BAUX DE PROVENCE",
      "commune" : {
        "id" : 4422
      }
    },
    "geolocalisation" : {
      "valide" : true,
      "geoJson" : {
        "type" : "Point",
        "coordinates" : [ 4.795220, 43.744045 ]
      }
    },
    "perimetreGeographique" : [ {
      "id" : 4422
    } ]
  },
  "liens" : {
    "liensObjetsTouristiquesTypes" : [ {
      "type" : "SUR_PLACE",
      "libelleFr" : "Sur place",
      "libelleEn" : "On the premises",
      "libelleEs" : "In situ",
      "libelleIt" : "Sul posto",
      "libelleDe" : "Vor Ort",
      "libelleNl" : "Ter plaatse",
      "libelleRu" : "На месте",
      "libelleZh" : "堂食",
      "libellePtBR" : "No local",
      "libelleJa" : "現地で",
      "objetTouristique" : {
        "type" : "PATRIMOINE_CULTUREL",
        "id" : 5539427
      }
    } ]
  },
  "prestations" : {
    "equipements" : [ {
      "elementReferenceType" : "PrestationEquipement",
      "id" : 972
    }, {
      "elementReferenceType" : "PrestationEquipement",
      "id" : 1321
    }, {
      "elementReferenceType" : "PrestationEquipement",
      "id" : 1322
    } ],
    "services" : [ {
      "elementReferenceType" : "PrestationService",
      "id" : 1026
    }, {
      "elementReferenceType" : "PrestationService",
      "id" : 1190
    } ],
    "animauxAcceptes" : "NON_ACCEPTES",
    "animauxAcceptesSupplement" : "NON_DISPONIBLE",
    "activites" : [ {
      "elementReferenceType" : "PrestationActivite",
      "id" : 6032
    } ],
    "complementAccueil" : {
      "libelleFr" : "Parking public\r\nParking autocar",
      "libelleEn" : "Accessible for disabled",
      "libelleIt" : "Accessibile ai disabili",
      "libelleDe" : "Zugänglich für Behinderte",
      "libelleNl" : "Toegankelijk voor mensen met een handicap"
    },
    "typesClientele" : [ {
      "elementReferenceType" : "TypeClientele",
      "id" : 593
    } ]
  },
  "ouverture" : {
    "periodeEnClair" : {
      "libelleFr" : "Fermé temporairement.",
      "libelleEn" : "Closed temporarily.",
      "libelleEs" : "Cerrado temporalmente.",
      "libelleIt" : "Temporaneamente chiusa.",
      "libelleDe" : "Vorübergehend geschlossen.",
      "libelleNl" : "Tijdelijk gesloten.",
      "libelleRu" : "Учреждение временно не работает.",
      "libelleZh" : "机构暂时关闭.",
      "libellePtBR" : "Fechado temporariamente.",
      "libelleJa" : "一時閉鎖中."
    },
    "periodeEnClairGenerationMode" : "AUTOMATIQUE",
    "fermeTemporairement" : "FERME_TEMPORAIREMENT"
  },
  "descriptionTarif" : {
    "indicationTarif" : "PAYANT",
    "gratuit" : false,
    "tarifsEnClair" : {
      "libelleFr" : "Entrée : 5€ \r\nEntrée : 2.5€"
    },
    "tarifsEnClairGenerationMode" : "MANUEL",
    "complement" : { },
    "devise" : "EUR",
    "conditions" : { }
  },
  "reservation" : { },
  "criteresInternes" : [ {
    "id" : 16775
  }, {
    "id" : 16902
  } ],
  "contacts" : [ {
    "identifiant" : 17636408,
    "referent" : true,
    "civilite" : {
      "elementReferenceType" : "ContactCivilite",
      "id" : 443
    },
    "nom" : "BOSC",
    "prenom" : "Olivier",
    "fonction" : {
      "elementReferenceType" : "ContactFonction",
      "id" : 460
    },
    "moyensCommunication" : [ {
      "identifiant" : 81747456,
      "type" : {
        "elementReferenceType" : "MoyenCommunicationType",
        "id" : 201
      },
      "coordonnees" : {
        "fr" : "06 87 27 82 07"
      }
    } ]
  } ],
  "illustrations" : [ {
    "identifiant" : 10370031,
    "link" : false,
    "type" : "IMAGE",
    "nom" : {
      "libelleFr" : "Fondation Louis Jou"
    },
    "copyright" : {
      "libelleFr" : "Office de tourisme des Baux-de-Provenvce"
    },
    "traductionFichiers" : [ {
      "locale" : "fr",
      "url" : "https://static.apidae-tourisme.com/filestore/objets-touristiques/images/84/219/10148692.jpg",
      "urlListe" : "https://static.apidae-tourisme.com/filestore/objets-touristiques/images/84/219/10148692-liste.jpg",
      "urlFiche" : "https://static.apidae-tourisme.com/filestore/objets-touristiques/images/84/219/10148692-fiche.jpg",
      "urlDiaporama" : "https://static.apidae-tourisme.com/filestore/objets-touristiques/images/84/219/10148692-diaporama.jpg",
      "extension" : "jpg",
      "fileName" : "02",
      "taille" : 6703096,
      "hauteur" : 2304,
      "largeur" : 3456,
      "lastModifiedDate" : "2021-06-27T09:40:05.000+0000"
    } ],
    "locked" : false
  }, {
    "identifiant" : 10370032,
    "link" : false,
    "type" : "IMAGE",
    "nom" : {
      "libelleFr" : "Fondation Louis Jou"
    },
    "legende" : {
      "libelleFr" : "Fondation Louis Jou avant travaux"
    },
    "copyright" : {
      "libelleFr" : "Office de tourisme des Baux-de-Provenvce"
    },
    "traductionFichiers" : [ {
      "locale" : "fr",
      "url" : "https://static.apidae-tourisme.com/filestore/objets-touristiques/images/85/219/10148693.jpg",
      "urlListe" : "https://static.apidae-tourisme.com/filestore/objets-touristiques/images/85/219/10148693-liste.jpg",
      "urlFiche" : "https://static.apidae-tourisme.com/filestore/objets-touristiques/images/85/219/10148693-fiche.jpg",
      "urlDiaporama" : "https://static.apidae-tourisme.com/filestore/objets-touristiques/images/85/219/10148693-diaporama.jpg",
      "extension" : "jpg",
      "fileName" : "Fondation Louis Jou",
      "taille" : 9204110,
      "hauteur" : 3988,
      "largeur" : 3198,
      "lastModifiedDate" : "2021-06-27T09:40:08.000+0000"
    } ],
    "locked" : false
  }, {
    "identifiant" : 10370033,
    "link" : false,
    "type" : "IMAGE",
    "nom" : {
      "libelleFr" : "Louis Jou"
    },
    "legende" : {
      "libelleFr" : "Louis Jou"
    },
    "copyright" : {
      "libelleFr" : "Office de tourisme des Baux-de-Provenvce"
    },
    "traductionFichiers" : [ {
      "locale" : "fr",
      "url" : "https://static.apidae-tourisme.com/filestore/objets-touristiques/images/86/219/10148694.jpg",
      "urlListe" : "https://static.apidae-tourisme.com/filestore/objets-touristiques/images/86/219/10148694-liste.jpg",
      "urlFiche" : "https://static.apidae-tourisme.com/filestore/objets-touristiques/images/86/219/10148694-fiche.jpg",
      "urlDiaporama" : "https://static.apidae-tourisme.com/filestore/objets-touristiques/images/86/219/10148694-diaporama.jpg",
      "extension" : "jpg",
      "fileName" : "IMG_9071",
      "taille" : 2525287,
      "hauteur" : 4032,
      "largeur" : 3024,
      "lastModifiedDate" : "2021-06-27T09:40:01.000+0000"
    } ],
    "locked" : false
  }, {
    "identifiant" : 10370034,
    "link" : false,
    "type" : "IMAGE",
    "nom" : {
      "libelleFr" : "Fondation Louis Jou"
    },
    "legende" : {
      "libelleFr" : "Presses à bras"
    },
    "copyright" : {
      "libelleFr" : "Office de tourisme des Baux-de-Provenvce"
    },
    "traductionFichiers" : [ {
      "locale" : "fr",
      "url" : "https://static.apidae-tourisme.com/filestore/objets-touristiques/images/87/219/10148695.jpg",
      "urlListe" : "https://static.apidae-tourisme.com/filestore/objets-touristiques/images/87/219/10148695-liste.jpg",
      "urlFiche" : "https://static.apidae-tourisme.com/filestore/objets-touristiques/images/87/219/10148695-fiche.jpg",
      "urlDiaporama" : "https://static.apidae-tourisme.com/filestore/objets-touristiques/images/87/219/10148695-diaporama.jpg",
      "extension" : "jpg",
      "fileName" : "fondation-louis-jou-presse-a-bras",
      "taille" : 2583839,
      "hauteur" : 3024,
      "largeur" : 4032,
      "lastModifiedDate" : "2021-06-27T09:40:03.000+0000"
    } ],
    "locked" : false
  } ],
  "tourismeAffaires" : {
    "tourismeAffairesEnabled" : true,
    "nombreSallesReunionEquipees" : 7,
    "capaciteMaxAccueil" : 20
  },
  "visites" : {
    "visitable" : false
  },
  "territoires" : [ {
    "type" : "TERRITOIRE",
    "id" : 392
  }, {
    "type" : "TERRITOIRE",
    "id" : 591381
  }, {
    "type" : "TERRITOIRE",
    "id" : 591419
  }, {
    "type" : "TERRITOIRE",
    "id" : 658199
  }, {
    "type" : "TERRITOIRE",
    "id" : 4819487
  }, {
    "type" : "TERRITOIRE",
    "id" : 4881511
  }, {
    "type" : "TERRITOIRE",
    "id" : 5127066
  }, {
    "type" : "TERRITOIRE",
    "id" : 5447176
  }, {
    "type" : "TERRITOIRE",
    "id" : 5447185
  } ],
  "informationsPatrimoineCulturel" : {
    "patrimoineCulturelType" : {
      "elementReferenceType" : "PatrimoineCulturelType",
      "id" : 3201
    },
    "themes" : [ {
      "elementReferenceType" : "PatrimoineCulturelTheme",
      "id" : 3416
    } ],
    "categories" : [ {
      "elementReferenceType" : "PatrimoineCulturelCategorie",
      "id" : 3226
    } ]
  },
  "formatVersion" : "v002",
  "expiration" : { },
  "informationsPrestataireActivites" : {
    "prestataireActivites" : true
  },
  "enquete" : { },
  "donneesPrivees" : [ {
    "nomTechnique" : "1947_Id_patio",
    "libelleFr" : "Id_Patio",
    "ordre" : 1,
    "descriptif" : {
      "libelleFr" : "13T2000651"
    }
  }, {
    "nomTechnique" : "1947_Source_patio",
    "libelleFr" : "Source_Patio",
    "ordre" : 2,
    "descriptif" : {
      "libelleFr" : "OT Les Baux de Provence"
    }
  }, {
    "nomTechnique" : "1947_Url_patio",
    "libelleFr" : "URL_Patio",
    "ordre" : 3,
    "descriptif" : {
      "libelleFr" : "http://www.lesbauxdeprovence.com"
    }
  } ]
}