{
  "type" : "PATRIMOINE_CULTUREL",
  "id" : 5538169,
  "nom" : {
    "libelleFr" : "Conservatoire du Patrimoine Médical de Marseille",
    "libelleEn" : "Conservatoire du Patrimoine Médical de Marseille",
    "libelleIt" : "Conservatoire du Patrimoine Médical de Marseille",
    "libelleDe" : "Conservatoire du Patrimoine Médical de Marseille",
    "libelleNl" : "Conservatoire du Patrimoine Médical de Marseille"
  },
  "identifier" : "SITRA2_PCU_5538169",
  "state" : "PUBLISHED",
  "gestion" : {
    "dateCreation" : "2020-05-26T17:14:56.191+0000",
    "dateModification" : "2022-02-17T10:20:35.098+0000",
    "dateExportModification" : "2022-07-01T09:40:05.733+0000",
    "membreProprietaire" : {
      "type" : {
        "elementReferenceType" : "MembreSitraType",
        "id" : 233
      },
      "nom" : "Office Métropolitain de tourisme et des congrès de Marseille",
      "dateCreation" : "2017-02-13T09:29:30.842+0000",
      "dateModification" : "2022-10-24T08:49:48.642+0000",
      "id" : 1490,
      "siteWeb" : "http://www.marseille-tourisme.com"
    },
    "signalerUnProblemeMails" : [ "alegrand@marseille-tourisme.com", "hcochet@marseille-tourisme.com", "jorengo@marseille-tourisme.com", "lchavet@marseille-tourisme.com", "mamadier@marseille-tourisme.com", "sbenimeli@marseille-tourisme.com" ]
  },
  "informations" : {
    "moyensCommunication" : [ {
      "identifiant" : 79627989,
      "type" : {
        "elementReferenceType" : "MoyenCommunicationType",
        "id" : 201
      },
      "coordonnees" : {
        "fr" : "04 91 74 51 71"
      }
    }, {
      "identifiant" : 79627990,
      "type" : {
        "elementReferenceType" : "MoyenCommunicationType",
        "id" : 204
      },
      "coordonnees" : {
        "fr" : "patrimoine.medical@ap-hm.fr"
      }
    }, {
      "identifiant" : 79627991,
      "type" : {
        "elementReferenceType" : "MoyenCommunicationType",
        "id" : 205
      },
      "coordonnees" : {
        "fr" : "http://patrimoinemedical.univmed.fr"
      }
    } ],
    "informationsLegales" : { },
    "structureGestion" : {
      "type" : "STRUCTURE",
      "id" : 5223110
    }
  },
  "presentation" : {
    "descriptifCourt" : {
      "libelleFr" : "En 1998, à la demande de l'association, est créé dans le cadre de l'AP-HM, et par décision de son conseil d'administration, un centre de responsabilité (C.R), dénommé Conservatoire du patrimoine médical.",
      "libelleEn" : "In 1998, At the request of the association, a responsability centre 5 RC) was created within the framework of the AP-HM and by decision of it s directions, called the conservatory of Medical heritage."
    },
    "descriptifDetaille" : {
      "libelleFr" : "Ce centre est actuellement implanté à l'hôpital Ste Marguerite, pavillon 3 au rez-de-chaussée.\r\nPlacé sous la direction du directeur des Instituts, des Ecoles et de la Culture à l'AP-HM, le conservatoire est \" une structure bicéphale composée, d'une part d'un centre de responsabilité rattaché à la direction générale de l'AP-HM, et d'autre part de l'association des amis du patrimoine de Marseille. Le centre de responsabilité assure le dépôt et la gestion des collections muséales de l'AP-HM \".\r\nL'association des amis du patrimoine médical participe au conseil scientifique du Conservatoire.\r\nLe concept original du Conservatoire du patrimoine médical est de réunir, en un même lieu, avec une même équipe, un centre de documentation et de recherches historiques et des collections muséales.\r\nLe conservatoire : un concept unique en France.\r\nLe centre de documentation est régulièrement consulté par les historiens, étudiants, journalistes, écrivains, érudits, à la recherche de références bibliographiques ou de documents portant sur l'histoire de la santé à Marseille, sur l'histoire de ses hôpitaux et de ses acteurs.\r\nLes collections muséales. L'AP-HM, l'Université de la Méditerranée, et l'Association des amis du patrimoine médical de Marseille possèdent de riches collections. Leur mise en commun permet de présenter documents, livres et instruments anciens, tableaux, et statues qui illustrent l'histoire de la santé à Marseille. Ces collections sont régulièrement enrichies par des achats et par des dons.\r\nLes collections muséales.\r\nLe conservatoire expose dans des locaux rénovés une partie de ses collections muséales qui comprend objets, statues, tableaux et documents du patrimoine de l'AP-HM et de l'association.\r\nLa reconstitution d'un cabinet médical ancien et d'un bloc opératoire d'époque met en valeur et en situation réelle les éléments du patrimoine.\r\nL'extension récente des locaux a permis d'installer les réserves dans un espace où les différentes pièces sont classées et facilement accessibles. La présence dans l'équipe d'un attaché de conservation est un atout supplémentaire. L'espace muséal de l'AP-HM est ouvert au public à l'hôpital Salvator.",
      "libelleEn" : "The original  concept of the conservatory of medical Heritage is to gather in one place a documentation centre, historical research and museum collection.\r\n\r\nThe conservatory of Medical Heritage is regularly consulted by historians, students, journalists, writers, scholars lookin for bibliographical references on documents on the  history of health care in Marseille, on the  history of its hospitals and its actors. \r\n\r\nThe conservatory exhibit part of its museum collection in renovated premises which include objects, statues, paintings and documents from the heritage of the AP-HM and the association.\r\n\r\nThe reconstitution of an old medical practice and operating theatre of the  period highlights the elements of the  heritage in a  real situation."
    }
  },
  "localisation" : {
    "adresse" : {
      "adresse1" : "Hôpital Sainte-Marguerite",
      "adresse2" : "249 Boulevard Sainte-Marguerite",
      "adresse3" : "Pavillon 3",
      "codePostal" : "13009",
      "bureauDistribution" : "MARSEILLE",
      "commune" : {
        "id" : 4539
      }
    },
    "geolocalisation" : {
      "valide" : true,
      "geoJson" : {
        "type" : "Point",
        "coordinates" : [ 5.409307, 43.264869 ]
      }
    },
    "perimetreGeographique" : [ {
      "id" : 4539
    } ]
  },
  "liens" : { },
  "prestations" : {
    "animauxAcceptes" : "NON_DISPONIBLE",
    "animauxAcceptesSupplement" : "NON_DISPONIBLE",
    "activites" : [ {
      "elementReferenceType" : "PrestationActivite",
      "id" : 582
    }, {
      "elementReferenceType" : "PrestationActivite",
      "id" : 6032
    } ],
    "typesClientele" : [ {
      "elementReferenceType" : "TypeClientele",
      "id" : 593
    } ]
  },
  "ouverture" : {
    "periodeEnClair" : {
      "libelleFr" : "Du 01/01 au 31/12, tous les mardis.\nAccueil sur rendez-vous et lors des conférences mensuelles.",
      "libelleEn" : "From 01/01 to 31/12, every Tuesday.",
      "libelleEs" : "Del 01/01 al 31/12, todos los martes.",
      "libelleIt" : "Dal 01/01 al 31/12, tutti i martedì.",
      "libelleDe" : "Vom 01/01 bis 31/12, jeden Dienstag.",
      "libelleNl" : "Van 01/01 tot en met 31/12, elke dinsdag.",
      "libelleRu" : "С 01/01 до 31/12, каждый вторники.",
      "libelleZh" : "从 1月1日 到 12月31日, 每星期二.",
      "libellePtBR" : "De 01/01 a 31/12, todas as terças-feiras.",
      "libelleJa" : "01/01 から 31/12 まで, 毎火曜日."
    },
    "periodeEnClairGenerationMode" : "AUTOMATIQUE",
    "indicationsPeriode" : [ {
      "elementReferenceType" : "IndicationPeriode",
      "id" : 416
    }, {
      "elementReferenceType" : "IndicationPeriode",
      "id" : 418
    }, {
      "elementReferenceType" : "IndicationPeriode",
      "id" : 435
    }, {
      "elementReferenceType" : "IndicationPeriode",
      "id" : 436
    } ],
    "periodesOuvertures" : [ {
      "identifiant" : 19372827,
      "dateDebut" : "2022-01-01",
      "dateFin" : "2022-12-31",
      "complementHoraire" : {
        "libelleFr" : "Accueil sur rendez-vous et lors des conférences mensuelles"
      },
      "type" : "OUVERTURE_SEMAINE",
      "tousLesAns" : true,
      "ouverturesJournalieres" : [ {
        "jour" : "MARDI"
      } ],
      "identifiantTechnique" : 22723578
    } ]
  },
  "descriptionTarif" : {
    "indicationTarif" : "GRATUIT",
    "gratuit" : true,
    "tarifsEnClair" : {
      "libelleFr" : "Gratuit.",
      "libelleEn" : "Free of charge.",
      "libelleEs" : "Gratis.",
      "libelleIt" : "Gratuito.",
      "libelleDe" : "Kostenlos.",
      "libelleNl" : "Gratis.",
      "libelleRu" : "Бесплатно.",
      "libelleZh" : "免费.",
      "libellePtBR" : "Gratuito.",
      "libelleJa" : "無料."
    },
    "tarifsEnClairGenerationMode" : "AUTOMATIQUE",
    "devise" : "EUR",
    "conditions" : { }
  },
  "reservation" : { },
  "criteresInternes" : [ {
    "id" : 16642
  } ],
  "illustrations" : [ {
    "identifiant" : 12483288,
    "link" : false,
    "type" : "IMAGE",
    "nom" : {
      "libelleFr" : "Musée du Patrimoine médical MarseilleB.jpg"
    },
    "legende" : {
      "libelleFr" : "Les Amis du Patrimoine médical Marseille"
    },
    "copyright" : {
      "libelleFr" : "Les Amis du Patrimoine médical Marseille"
    },
    "traductionFichiers" : [ {
      "locale" : "fr",
      "url" : "https://static.apidae-tourisme.com/filestore/objets-touristiques/images/179/24/12654771.jpg",
      "urlListe" : "https://static.apidae-tourisme.com/filestore/objets-touristiques/images/179/24/12654771-liste.jpg",
      "urlFiche" : "https://static.apidae-tourisme.com/filestore/objets-touristiques/images/179/24/12654771-fiche.jpg",
      "urlDiaporama" : "https://static.apidae-tourisme.com/filestore/objets-touristiques/images/179/24/12654771-diaporama.jpg",
      "extension" : "jpg",
      "fileName" : "full",
      "taille" : 38650,
      "hauteur" : 300,
      "largeur" : 400,
      "lastModifiedDate" : "2022-02-17T10:18:49.513+0000"
    } ],
    "locked" : false
  } ],
  "visites" : {
    "visitable" : false
  },
  "territoires" : [ {
    "type" : "TERRITOIRE",
    "id" : 591381
  }, {
    "type" : "TERRITOIRE",
    "id" : 591419
  }, {
    "type" : "TERRITOIRE",
    "id" : 5127066
  }, {
    "type" : "TERRITOIRE",
    "id" : 5427637
  }, {
    "type" : "TERRITOIRE",
    "id" : 5460436
  }, {
    "type" : "TERRITOIRE",
    "id" : 5693878
  }, {
    "type" : "TERRITOIRE",
    "id" : 5693903
  }, {
    "type" : "TERRITOIRE",
    "id" : 6008197
  } ],
  "datesOuverture" : [ "2022-11-15", "2022-11-22", "2022-11-29", "2022-12-06", "2022-12-13", "2022-12-20", "2022-12-27", "2023-01-03", "2023-01-10", "2023-01-17", "2023-01-24", "2023-01-31", "2023-02-07", "2023-02-14", "2023-02-21", "2023-02-28", "2023-03-07", "2023-03-14", "2023-03-21", "2023-03-28", "2023-04-04", "2023-04-11", "2023-04-18", "2023-04-25", "2023-05-02", "2023-05-09", "2023-05-16", "2023-05-23", "2023-05-30", "2023-06-06", "2023-06-13", "2023-06-20", "2023-06-27", "2023-07-04", "2023-07-11", "2023-07-18", "2023-07-25", "2023-08-01", "2023-08-08", "2023-08-15", "2023-08-22", "2023-08-29", "2023-09-05", "2023-09-12", "2023-09-19", "2023-09-26", "2023-10-03", "2023-10-10", "2023-10-17", "2023-10-24", "2023-10-31", "2023-11-07", "2023-11-14", "2023-11-21", "2023-11-28", "2023-12-05", "2023-12-12", "2023-12-19", "2023-12-26", "2024-01-02", "2024-01-09", "2024-01-16", "2024-01-23", "2024-01-30", "2024-02-06", "2024-02-13", "2024-02-20", "2024-02-27", "2024-03-05", "2024-03-12", "2024-03-19", "2024-03-26", "2024-04-02", "2024-04-09", "2024-04-16", "2024-04-23", "2024-04-30", "2024-05-07", "2024-05-14", "2024-05-21", "2024-05-28", "2024-06-04", "2024-06-11", "2024-06-18", "2024-06-25", "2024-07-02", "2024-07-09", "2024-07-16", "2024-07-23", "2024-07-30", "2024-08-06", "2024-08-13", "2024-08-20", "2024-08-27", "2024-09-03", "2024-09-10", "2024-09-17", "2024-09-24", "2024-10-01", "2024-10-08", "2024-10-15", "2024-10-22", "2024-10-29", "2024-11-05" ],
  "informationsPatrimoineCulturel" : {
    "patrimoineCulturelType" : {
      "elementReferenceType" : "PatrimoineCulturelType",
      "id" : 3201
    },
    "themes" : [ {
      "elementReferenceType" : "PatrimoineCulturelTheme",
      "id" : 3416
    }, {
      "elementReferenceType" : "PatrimoineCulturelTheme",
      "id" : 3435
    }, {
      "elementReferenceType" : "PatrimoineCulturelTheme",
      "id" : 3436
    } ]
  },
  "formatVersion" : "v002",
  "expiration" : { },
  "informationsPrestataireActivites" : {
    "prestataireActivites" : false
  },
  "enquete" : { },
  "donneesPrivees" : [ {
    "nomTechnique" : "1947_Id_patio",
    "libelleFr" : "Id_Patio",
    "ordre" : 1,
    "descriptif" : {
      "libelleFr" : "13MUS000005"
    }
  }, {
    "nomTechnique" : "1947_Source_patio",
    "libelleFr" : "Source_Patio",
    "ordre" : 2,
    "descriptif" : {
      "libelleFr" : "OT Marseille"
    }
  }, {
    "nomTechnique" : "1947_Url_patio",
    "libelleFr" : "URL_Patio",
    "ordre" : 3,
    "descriptif" : {
      "libelleFr" : "http://www.marseille-tourisme.com"
    }
  } ]
}