{
  "type" : "PATRIMOINE_CULTUREL",
  "id" : 5538995,
  "nom" : {
    "libelleFr" : "Musée Granet",
    "libelleEn" : "Granet Museum",
    "libelleEs" : "Museo Granet",
    "libelleIt" : "Museo Granet",
    "libelleDe" : "Das Musée Granet",
    "libelleNl" : "Musée Granet"
  },
  "identifier" : "SITRA2_PCU_5538995",
  "state" : "PUBLISHED",
  "gestion" : {
    "dateCreation" : "2020-05-27T10:52:53.010+0000",
    "dateModification" : "2022-10-04T12:32:50.860+0000",
    "dateExportModification" : "2022-11-08T16:43:08.106+0000",
    "membreProprietaire" : {
      "type" : {
        "elementReferenceType" : "MembreSitraType",
        "id" : 233
      },
      "nom" : "Office de Tourisme d'Aix en Provence",
      "dateCreation" : "2020-02-14T10:34:37.912+0000",
      "dateModification" : "2022-10-24T08:49:34.452+0000",
      "id" : 1988,
      "siteWeb" : "http://www.aixenprovencetourism.com"
    },
    "signalerUnProblemeMails" : [ "jchevalier@aixenprovencetourism.com", "sdardenne@aixenprovencetourism.com", "vmontpellaz@aixenprovencetourism.com" ]
  },
  "informations" : {
    "moyensCommunication" : [ {
      "identifiant" : 79655384,
      "type" : {
        "elementReferenceType" : "MoyenCommunicationType",
        "id" : 201
      },
      "coordonnees" : {
        "fr" : "04 42 52 88 32"
      }
    }, {
      "identifiant" : 79655385,
      "type" : {
        "elementReferenceType" : "MoyenCommunicationType",
        "id" : 204
      },
      "coordonnees" : {
        "fr" : "granet-reservation@mairie-aixenprovence.fr"
      }
    }, {
      "identifiant" : 79655386,
      "type" : {
        "elementReferenceType" : "MoyenCommunicationType",
        "id" : 205
      },
      "coordonnees" : {
        "fr" : "http://www.museegranet-aixenprovence.fr"
      }
    }, {
      "identifiant" : 79655387,
      "type" : {
        "elementReferenceType" : "MoyenCommunicationType",
        "id" : 207
      },
      "coordonnees" : {
        "fr" : "https://www.facebook.com/MuseeGranet/"
      }
    } ],
    "informationsLegales" : {
      "siret" : "21130001700012",
      "codeApeNaf" : "751"
    },
    "structureGestion" : {
      "type" : "STRUCTURE",
      "id" : 5223246
    }
  },
  "presentation" : {
    "descriptifCourt" : {
      "libelleFr" : "C'est par l'acquisition par la ville d'Aix, mais aussi par des legs considérables, comme celui de François-Marius Granet, que le musée va s'agrandir pour devenir aujourd'hui le musée aux plus de 12 000 œuvres et chefs-d'œuvre",
      "libelleEn" : "The musée Granet’s collection has evolved over the years, swelled by the city’s acquisitions and several major bequests, including works donated by François-Marius Granet, to become what it is today - a collection of more than 12,000 works and masterpieces !",
      "libelleEs" : "Es a través de la adquisición por parte de la ciudad de Aix, pero también a través de considerables legados, como el de François-Marius Granet, que el museo crecerá hasta convertirse hoy en día en el museo con más de 12.000 obras y obras maestras",
      "libelleDe" : "Durch den Erwerb durch die Stadt Aix, aber auch durch beträchtliche Vermächtnisse, wie das von François-Marius Granet, wurde das Museum erweitert und ist heute das Museum mit über 12.000 Werken und Meisterwerken"
    },
    "descriptifDetaille" : {
      "libelleFr" : "Le musée Granet, institution culturelle de la Ville d'Aix-en-Provence, offre sur plus de 4000 m2 une vaste traversée de la création artistique depuis l'Antiquité, les collections de peinture française (Les frères Le Nain, Ingres, Granet), nordique (Rembrandt, Rubens) et italienne (le maître de Flémalle) du XVIe au XIXe siècles jusqu'aux chefs-d'oeuvre de l'art moderne et contemporain. Le musée présente ainsi la magnifique donation Philippe Meyer \" De Cézanne à Giacometti \". La salle dédiée à Cézanne abrite dix chefs-d'oeuvre dont la récente acquisition, le Portrait d'Emile Zola.\r\n\r\nEn 2010, est venue s'ajouter pour 15 ans l'inestimable collection Planque. Celle-ci est constituée de près de 300 peintures, dessins et sculptures depuis les impressionnistes et post-impressionnistes (Cézanne, Monet, Van Gogh, Degas) jusqu'aux artistes majeurs du XXe siècle tels Bonnard, Picasso, Braque, Léger, de Staël ou Dubuffet. Pour présenter l'essentiel de cette magnifique collection, le musée s'est agrandi dans la chapelle des Pénitents blancs, joyau de l'architecture aixoise du XVIIe siècle.\r\n\r\nLe musée Granet organise régulièrement des expositions d'envergure internationale. En outre, il développe une programmation dynamique d'expositions temporaires, de médiations, d'activités pédagogiques et culturelles.\r\nDes visites guidées pour les groupes et les adultes individuels sont proposées dans les collections permanentes et les expositions temporaires du musée en français, anglais, allemand et espagnol. Des audioguides sont proposés à la location en plusieurs langues (français, anglais, allemand, italien, espagnol et japonais).\r\n\r\nDes activités pour les enfants et les familles sont proposées tout au long de l'année (visites guidées et ateliers). Un livret-jeu des collections est disponible gratuitement à l'accueil du musée sur simple demande.\r\n\r\nLe musée Granet est détenteur du label Tourisme et Handicap (handicaps auditif, moteur et mental), l'accès PMR s'effectue au 18 rue Roux-Alphéran.\r\nSurface de l'exposition permanente : 4500",
      "libelleEn" : "The Musée Granet, Aix-en-Provence Town Hall's cultural institution, provides over 4000m2 exploring artistic design from Antiquity, 16th-19th century French (Le Nain brothers, Ingres, Granet), Flemish (Rembrandt, Rubens) and Italian painting (the Flémalle master) to masterpieces from modern and contemporary art. The museum presents the wonderful Philippe Meyer donation, \"from Cézanne to Giacometti\". The room devoted to Cézanne features ten masterpieces including the latest acquisition, the Portrait of Emile Zola.\r\n\r\nThe priceless Planque collection joined the museum for 15 years in 2010. It includes almost 300 paintings, drawings and sculptures from the impressionists and post-impressionists (Cezanne, Monet, Van Gogh, Degas) to major 20th-century artists such as Bonnard, Picasso, Braque, Léger, de Staël and Dubuffet. The museum has expanded into the White Penitents Chapel, a jewel of 17th century Aix architecture, to present the bulk of this fabulous collection.\r\n\r\nThe Musée Granet regularly hosts exhibitions on an international scale. It also provides an exciting schedule of temporary exhibitions, talks, educational and cultural activities.\r\nGuided tours for groups and the general public are available in the museum's permanent and temporary collections in French, English, German and Spanish. Audioguides are available to hire in several languages (French, English, German, Italian, Spanish and Japanese).\r\n\r\nActivities for children and families are available all year round (guided tours and workshops). A games booklet for the collections is available for free, just ask at reception.\r\n\r\nThe Musée Granet has been awarded the Tourisme et Handicap label (motor, hearing and mental).",
      "libelleEs" : "\"Con la apertura de la segunda parte de las colecciones permanentes, el año 2007 marca la culminación del proceso de renovación del museo. Se exponen unas 600 pinturas, esculturas y piezas de arqueología: cuadros de la escuela francesa del siglo XVII, una sala dedicada a Paul Cézanne y 9 óleos, la colección denominada De Cézanne a Giacometti (obras de Giacometti, Picasso, Léger, Klee, de Staël, Tal Coat, Velde, etc.), además de colecciones de las escuelas europeas (flamenca, italiana, holandesa) con Rubens, Rembrandt , una galería de esculturas y una sala Entremont (esculturas celto-ligures provenientes del sitio arqueológico de Entremont)\r\nEn un espacio de exposición temporal se recorre la historia de los artistas viajeros (Pinson, Dandré Bardon). Se ofrecen visitas comentadas, actividades para niños y conferencias. El acceso de las personas con movilidad reducida se realiza por la calle Roux Alphéran N° 18. Acceso gratuito para menores de 18 años, estudiantes (de Bellas Artes, Historia del Arte, Arquitectura), personas desocupadas por períodos prolongados, beneficiarios del RMI (Ingreso mínimo garantizado) y asistencia social, titulares de la asignación mínima por vejez, acompañantes de personas con movilidad reducida, personas no videntes y Amigos del Museo Granet. Entrada gratuita para todo el público el primer domingo de cada mes.\"",
      "libelleIt" : "Con l'apertura della seconda parte delle collezioni permanenti, il 2007 segna l'ultimazione del processo di rinnovamento del museo. Vi sono esposte circa 600 opere, tra quadri, sculture, pezzi d'archeologia: tele della scuola francese del XVII secolo, sala dedicata a Paul Cézanne ed a 9 oli, la collezione Da Cézanne a Giacometti (opere di Giacometti, Picasso, Léger, Klee, de Staël, Tal Coat, Velde...), le collezioni delle scuole europee (fiamminga, italiana, olandese), con Rubens, Rembrandt... una galleria di sculture e la sala Entremont (sculture celto-liguri provenienti dal sito archeologico di Entremont). Uno spazio espositivo dedicato alle mostre temporanee ripercorre la storia di artisti viaggiatori (Pinson, Dandré Bardon...). Visite commentate, attività per bambini, conferenze. Da giugno a settembre, dalle 11 alle 19, tutti i giorni compresi i festivi, poi da ottobre a maggio, dalle 12 alle 18. Chiusura settimanale il lunedì ed i seguenti giorni: 01.01, 01.05 e 25.12. Le persone a mobilità ridotta possono accedere al museo dalla rue Roux Alphéran (ingresso al n°18). Accesso gratuito per: - di 18 anni, studenti (Belle Arti, Storia dell'Arte, Architettura), disoccupati di lunga durata, aventi diritto allo stipendio minimo ed agli aiuti sociali, titolari della pensione minima, accompagnatori di persone a mobilità ridotta e non vedenti, Amici del Museo Granet. Ingresso gratuito per tutti la prima domenica di ogni mese.",
      "libelleDe" : "Mit der Eröffnung des zweiten Teils der ständigen Sammlungen stellt das Jahr 2007 die Vollendung der Renovierungsarbeiten des Museums dar. Ungefähr 600 Gemälde, Skulpturen und archäologische Funde werden gezeigt: Gemälde der französischen Schule des 17. Jh., ein Ausstellungssaal, der ganz Paul Cézanne gewidmet ist, mit 9 Ölbildern, die Sammlung von Cézanne bis Giacometti (Werke von Giacometti, Picasso, Léger, Klee, de Staël, Tal Coat, Velde) sowie Sammlungen verschiedener europäischer Schulen (flämisch, italienisch, holländisch) mit Werken von Rubens, Rembrandt eine Skulpturengalerie und ein Saal mit Fundstücken aus Entremont (kelto-ligurische Skulpturen aus der Ausgrabungsstätte Entremont) Ein Ausstellungsbereich für Wechselausstellungen bietet Einblick in die Geschichte reisender Künstler (Pinson, Dandré Bardon...). Das Museum veranstaltet geführte Besichtigungen, Aktivitäten für Kinder und Vorträge.   Zugang für Körperbehinderte Rue Roux Alphéran (Nr. 18). Eintritt frei für nachstehende Personengruppen : Jugendliche unter 18 Jahren, Studenten (Kunst, Kunstgeschichte, Architektur), Langzeitarbeitslose, Empfänger von Sozialhilfe oder Sozialbeihilfe, Empfänger der staatlichen Mindestrente, Begleiter von Körper- und Sehbehinderten, Mitglieder des Museumsvereins des Musée Granet. Freier Eintritt am ersten Sonntag jeden Monats."
    }
  },
  "localisation" : {
    "adresse" : {
      "adresse1" : "Place Saint Jean de Malte",
      "codePostal" : "13100",
      "bureauDistribution" : "AIX EN PROVENCE",
      "commune" : {
        "id" : 4412
      }
    },
    "geolocalisation" : {
      "complement" : {
        "libelleFr" : "Monter le cours Mirabeau, puis prendre à droite la rue d'Italie, et ensuite la 2e à droite, la rue Cardinale."
      },
      "valide" : true,
      "geoJson" : {
        "type" : "Point",
        "coordinates" : [ 5.452641, 43.525461 ]
      }
    },
    "perimetreGeographique" : [ {
      "id" : 4412
    } ]
  },
  "liens" : {
    "liensObjetsTouristiquesTypes" : [ {
      "type" : "ADRESSE_UTILE",
      "libelleFr" : "Adresse utile",
      "libelleEn" : "Useful address",
      "libelleEs" : "Dirección útil",
      "libelleIt" : "Indirizzi utili",
      "libelleDe" : "Nützliche Adresse",
      "libelleNl" : "Handig adres",
      "libelleRu" : "Полезный адрес",
      "libelleZh" : "实用地址",
      "libellePtBR" : "Endereço útil",
      "libelleJa" : "便利なアドレス",
      "objetTouristique" : {
        "type" : "PATRIMOINE_CULTUREL",
        "id" : 5539637
      }
    }, {
      "type" : "SUR_PLACE",
      "libelleFr" : "Sur place",
      "libelleEn" : "On the premises",
      "libelleEs" : "In situ",
      "libelleIt" : "Sul posto",
      "libelleDe" : "Vor Ort",
      "libelleNl" : "Ter plaatse",
      "libelleRu" : "На месте",
      "libelleZh" : "堂食",
      "libellePtBR" : "No local",
      "libelleJa" : "現地で",
      "objetTouristique" : {
        "type" : "COMMERCE_ET_SERVICE",
        "id" : 5547666
      }
    }, {
      "type" : "ORGANISATEUR_PROGRAMME",
      "libelleFr" : "Programme l'animation...",
      "libelleEn" : "Schedules activities...",
      "libelleEs" : "Organiza la animación...",
      "libelleIt" : "Programma l’animazione",
      "libelleDe" : "Plant die Veranstaltung ...",
      "libelleNl" : "Programmeert de animatie ...",
      "libelleRu" : "Развлекательная программа...",
      "libelleZh" : "助兴活动",
      "libellePtBR" : "Programa a animação ...",
      "libelleJa" : "イベントを開催します",
      "objetTouristique" : {
        "type" : "FETE_ET_MANIFESTATION",
        "id" : 5466385
      }
    }, {
      "type" : "SUR_PLACE",
      "libelleFr" : "Sur place",
      "libelleEn" : "On the premises",
      "libelleEs" : "In situ",
      "libelleIt" : "Sul posto",
      "libelleDe" : "Vor Ort",
      "libelleNl" : "Ter plaatse",
      "libelleRu" : "На месте",
      "libelleZh" : "堂食",
      "libellePtBR" : "No local",
      "libelleJa" : "現地で",
      "objetTouristique" : {
        "type" : "ACTIVITE",
        "id" : 5607516
      }
    }, {
      "type" : "SUR_PLACE",
      "libelleFr" : "Sur place",
      "libelleEn" : "On the premises",
      "libelleEs" : "In situ",
      "libelleIt" : "Sul posto",
      "libelleDe" : "Vor Ort",
      "libelleNl" : "Ter plaatse",
      "libelleRu" : "На месте",
      "libelleZh" : "堂食",
      "libellePtBR" : "No local",
      "libelleJa" : "現地で",
      "objetTouristique" : {
        "type" : "FETE_ET_MANIFESTATION",
        "id" : 5961281
      }
    }, {
      "type" : "DEFAUT",
      "libelleFr" : "En lien avec",
      "libelleEn" : "Related to",
      "libelleEs" : "En relación con",
      "libelleIt" : "In collegamento con",
      "libelleDe" : "In Verbindung mit",
      "libelleNl" : "In verband met",
      "libelleRu" : "Применительно к",
      "libelleZh" : "与携手",
      "libellePtBR" : "Em relação com",
      "libelleJa" : "と関連して",
      "objetTouristique" : {
        "type" : "FETE_ET_MANIFESTATION",
        "id" : 5972099
      }
    }, {
      "type" : "DEFAUT",
      "libelleFr" : "En lien avec",
      "libelleEn" : "Related to",
      "libelleEs" : "En relación con",
      "libelleIt" : "In collegamento con",
      "libelleDe" : "In Verbindung mit",
      "libelleNl" : "In verband met",
      "libelleRu" : "Применительно к",
      "libelleZh" : "与携手",
      "libellePtBR" : "Em relação com",
      "libelleJa" : "と関連して",
      "objetTouristique" : {
        "type" : "COMMERCE_ET_SERVICE",
        "id" : 5562506
      }
    }, {
      "type" : "DEFAUT",
      "libelleFr" : "En lien avec",
      "libelleEn" : "Related to",
      "libelleEs" : "En relación con",
      "libelleIt" : "In collegamento con",
      "libelleDe" : "In Verbindung mit",
      "libelleNl" : "In verband met",
      "libelleRu" : "Применительно к",
      "libelleZh" : "与携手",
      "libellePtBR" : "Em relação com",
      "libelleJa" : "と関連して",
      "objetTouristique" : {
        "type" : "FETE_ET_MANIFESTATION",
        "id" : 6268496
      }
    }, {
      "type" : "SUR_PLACE",
      "libelleFr" : "Sur place",
      "libelleEn" : "On the premises",
      "libelleEs" : "In situ",
      "libelleIt" : "Sul posto",
      "libelleDe" : "Vor Ort",
      "libelleNl" : "Ter plaatse",
      "libelleRu" : "На месте",
      "libelleZh" : "堂食",
      "libellePtBR" : "No local",
      "libelleJa" : "現地で",
      "objetTouristique" : {
        "type" : "FETE_ET_MANIFESTATION",
        "id" : 6286646
      }
    }, {
      "type" : "SUR_PLACE",
      "libelleFr" : "Sur place",
      "libelleEn" : "On the premises",
      "libelleEs" : "In situ",
      "libelleIt" : "Sul posto",
      "libelleDe" : "Vor Ort",
      "libelleNl" : "Ter plaatse",
      "libelleRu" : "На месте",
      "libelleZh" : "堂食",
      "libellePtBR" : "No local",
      "libelleJa" : "現地で",
      "objetTouristique" : {
        "type" : "FETE_ET_MANIFESTATION",
        "id" : 6313201
      }
    }, {
      "type" : "SUR_PLACE",
      "libelleFr" : "Sur place",
      "libelleEn" : "On the premises",
      "libelleEs" : "In situ",
      "libelleIt" : "Sul posto",
      "libelleDe" : "Vor Ort",
      "libelleNl" : "Ter plaatse",
      "libelleRu" : "На месте",
      "libelleZh" : "堂食",
      "libellePtBR" : "No local",
      "libelleJa" : "現地で",
      "objetTouristique" : {
        "type" : "FETE_ET_MANIFESTATION",
        "id" : 6313188
      }
    } ]
  },
  "prestations" : {
    "equipements" : [ {
      "elementReferenceType" : "PrestationEquipement",
      "id" : 1321
    } ],
    "services" : [ {
      "elementReferenceType" : "PrestationService",
      "id" : 1026
    }, {
      "elementReferenceType" : "PrestationService",
      "id" : 1115
    }, {
      "elementReferenceType" : "PrestationService",
      "id" : 1190
    } ],
    "animauxAcceptes" : "NON_ACCEPTES",
    "animauxAcceptesSupplement" : "NON_DISPONIBLE",
    "activites" : [ {
      "elementReferenceType" : "PrestationActivite",
      "id" : 652
    }, {
      "elementReferenceType" : "PrestationActivite",
      "id" : 6032
    } ],
    "languesParlees" : [ {
      "elementReferenceType" : "Langue",
      "id" : 1192
    }, {
      "elementReferenceType" : "Langue",
      "id" : 1197
    } ],
    "complementAccueil" : {
      "libelleFr" : "Accessible pour handicapés\r\nParking public(Carnot à 100 mètres)",
      "libelleEn" : "Accessible for disabled",
      "libelleIt" : "Accessibile ai disabili",
      "libelleDe" : "Zugänglich für Behinderte",
      "libelleNl" : "Toegankelijk voor mensen met een handicap"
    },
    "labelsTourismeHandicap" : [ {
      "elementReferenceType" : "LabelTourismeHandicap",
      "id" : 1224
    }, {
      "elementReferenceType" : "LabelTourismeHandicap",
      "id" : 1225
    }, {
      "elementReferenceType" : "LabelTourismeHandicap",
      "id" : 1226
    }, {
      "elementReferenceType" : "LabelTourismeHandicap",
      "id" : 1227
    } ],
    "typesClientele" : [ {
      "elementReferenceType" : "TypeClientele",
      "id" : 593
    } ]
  },
  "ouverture" : {
    "periodeEnClair" : {
      "libelleFr" : "Du 04/10 au 31/12/2022 de 12h à 18h.\nFermé le lundi.\nFermeture exceptionnelle le 25 décembre.\nFermeture des caisses à 17h30.\r\nNocturne le 10 décembre jusqu'à 22h (site Saint-Jean de Malte uniquement).",
      "libelleEn" : "From 04/10 to 31/12/2022 between 12 pm and 6 pm.\nClosed on Monday.\nClosed exceptionally on December 25th.\nClosing of the cashiers at 5:30 pm.",
      "libelleEs" : "Del 04/10 al 31/12/2022 de 12 a 18.\nCerrado los lunes.\nSe cierra, excepcionalmente el 25 de diciembre.\nCierre de las cajas a las 17:30.",
      "libelleIt" : "Dal 04/10 al 31/12/2022 dalle 12 alle 18.\nChiuso il lunedì.\nChiusura eccezionale il 25 dicembre.",
      "libelleDe" : "Vom 04/10 bis 31/12/2022 von 12 Uhr bis 18 Uhr.\nMontag geschlossen.\nAusnahmsweise geschlossen am 25. Dezember.\nSchließung der Kassen um 17:30 Uhr.",
      "libelleNl" : "Van 04/10 tot en met 31/12/2022 van 12.00 tot en met 18.00 u.\nMaandag gesloten.\nBij uitzondering gesloten op 25 december.",
      "libelleRu" : "С 04/10 до 31/12/2022 с 12h до 18h.\nНе работает понедельник.\nВ порядке исключения не работает 25 декабря.",
      "libelleZh" : "从 10月4日 到 2022年12月31日 小时小时 和 小时小时 之间.\n星期一 关闭.\n在 12月25日 例外关闭.",
      "libellePtBR" : "De 04/10 a 31/12/2022 de 12h a  18h.\nFechado em segunda-feira.\nFechamento excepcional em 25 de dezembro.",
      "libelleJa" : "04/10 から 31/12/2022 まで 12 午後 と 6 午後 の間.\n月曜日 は休み.\n12月25日 は特別休業."
    },
    "periodeEnClairGenerationMode" : "AUTOMATIQUE",
    "indicationsPeriode" : [ {
      "elementReferenceType" : "IndicationPeriode",
      "id" : 416
    }, {
      "elementReferenceType" : "IndicationPeriode",
      "id" : 418
    }, {
      "elementReferenceType" : "IndicationPeriode",
      "id" : 435
    }, {
      "elementReferenceType" : "IndicationPeriode",
      "id" : 436
    } ],
    "periodesOuvertures" : [ {
      "identifiant" : 21054434,
      "dateDebut" : "2022-01-01",
      "dateFin" : "2022-06-10",
      "complementHoraire" : {
        "libelleFr" : "Fermeture des caisses à 17h30",
        "libelleEn" : "Closing of the cashiers at 5:30 pm",
        "libelleEs" : "Cierre de las cajas a las 17:30",
        "libelleDe" : "Schließung der Kassen um 17:30 Uhr"
      },
      "horaireOuverture" : "12:00:00",
      "horaireFermeture" : "18:00:00",
      "type" : "OUVERTURE_SAUF",
      "tousLesAns" : false,
      "ouverturesJournalieres" : [ {
        "jour" : "LUNDI"
      } ],
      "identifiantTechnique" : 24428812
    }, {
      "identifiant" : 23563862,
      "dateDebut" : "2022-06-11",
      "dateFin" : "2022-10-02",
      "complementHoraire" : {
        "libelleFr" : "Fermeture des caisses à 17h30"
      },
      "horaireOuverture" : "10:00:00",
      "horaireFermeture" : "18:00:00",
      "type" : "OUVERTURE_SAUF",
      "tousLesAns" : false,
      "ouverturesJournalieres" : [ {
        "jour" : "LUNDI"
      } ],
      "identifiantTechnique" : 24428813
    }, {
      "identifiant" : 23853040,
      "dateDebut" : "2022-10-04",
      "dateFin" : "2022-12-31",
      "complementHoraire" : {
        "libelleFr" : "Fermeture des caisses à 17h30.\r\nNocturne le 10 décembre jusqu'à 22h (site Saint-Jean de Malte uniquement).",
        "libelleEn" : "Closing of the cashiers at 5:30 pm",
        "libelleEs" : "Cierre de las cajas a las 17:30",
        "libelleDe" : "Schließung der Kassen um 17:30 Uhr"
      },
      "horaireOuverture" : "12:00:00",
      "horaireFermeture" : "18:00:00",
      "type" : "OUVERTURE_SAUF",
      "tousLesAns" : false,
      "ouverturesJournalieres" : [ {
        "jour" : "LUNDI"
      } ],
      "identifiantTechnique" : 24428814
    } ],
    "fermeturesExceptionnelles" : [ {
      "dateSpeciale" : "PREMIER_JANVIER"
    }, {
      "dateSpeciale" : "PREMIER_MAI"
    }, {
      "dateSpeciale" : "VINGT_CINQ_DECEMBRE"
    }, {
      "dateFermeture" : "2022-05-17"
    } ]
  },
  "descriptionTarif" : {
    "indicationTarif" : "PAYANT",
    "gratuit" : false,
    "tarifsEnClair" : {
      "libelleFr" : "Du 01/01 au 02/10/2022\nPlein tarif : 8 €\nTarif réduit : 6 €.\n\nDu 04/10 au 31/12/2022\nPlein tarif : 6 €\nTarif réduit : 5 €.\n\n Gratuit pour les moins de 18 ans, la presse, les demandeurs d'emploi.\n\n✘ Tarif réduit : \r\n● Apprentis de moins de 25 ans, accompagnateurs d'une personne détentrice de la carte mobilité inclusion (CMI) ou handicap, pour les achats en nombre à partir de 15 entrées payantes, détenteurs de la carte MGEN Avantage, détenteurs d'un billet payant de moins de 6 mois du Musée des Civilisations de l'Europe et de la Méditerranée (MuCEM, Marseille).\r\n\r\n✘ Gratuités :\r\n● Avec le City Pass Aix-en-Provence (permet un accès coupe-file)\r\n● Etudiants de moins de 26 ans, bénéficiaires du RSA (sur présentation d’un justificatif de moins de 3 mois), bénéficiaires de l'aide sociale (CAF), minimum vieillesse et invalidité, détenteurs de la carte mobilité inclusion (CMI) ou handicap, détenteurs de la carte ministère de la Culture, membres de l’Icom, Icomos, AGCCPF, guide-conférenciers régionaux, nationaux et internationaux agréés, adhérents de l’association des Amis du musée Granet, adhérents de l'association Maison des artistes, abonnés du musée Granet, enseignants de l'École Supérieure d'Art d'Aix-en-Provence.",
      "libelleEn" : "From 01/01 to 02/10/2022\nFull price: 8 €\nReduced price: 6 €.\n\nFrom 04/10 to 31/12/2022\nFull price: 6 €\nReduced price: 5 €.\n\n Free entry for children < 18 years, press, Job-seeker.\n\n✘ Free access with the City Pass Aix-en-Provence\r\n✘ Free for under 26 years old, students, journalists, municipal staff, teachers and those who are granted legal 10% aid of the CPA.\r\n✘ Free admission every first Sunday of each month.",
      "libelleEs" : "Del 01/01 al 02/10/2022\nTarifa completa: 8 €\nPrecio reducido: 6 €.\n\nDel 04/10 al 31/12/2022\nTarifa completa: 6 €\nPrecio reducido: 5 €.\n\n Gratuito para los niños menores de 18 años, La prensa, Los demandantes de empleo.\n\n✘ Acceso gratuito con el City Pass Aix-en-Provence.\r\n✘ Gratuito para los menores de 26 años, estudiantes, periodistas, personal municipal, profesores y los beneficiarios de la ayuda legal del 10% del CPA.\r\n✘ Entrada gratuita todos los primeros domingos de cada mes.",
      "libelleIt" : "Dal 01/01 al 02/10/2022\nTarrifa intera: 8 €\nPrezzo ridotto: 6 €.\n\nDal 04/10 al 31/12/2022\nTarrifa intera: 6 €\nPrezzo ridotto: 5 €.\n\n Gratuito per i bambini di età inferiore a 18 anni, giornalista, Disoccupati.",
      "libelleDe" : "Vom 01/01 bis 02/10/2022\nVoller Preis: 8 €\nReduzierter Preis: 6 €.\n\nVom 04/10 bis 31/12/2022\nVoller Preis: 6 €\nReduzierter Preis: 5 €.\n\n Kostenlos für Kinder unter 18 Jahren, die Presse, Arbeitssuchende.\n\n✘ Freier Zugang mit dem City Pass Aix-en-Provence\r\n✘ Freier Eintritt für Personen unter 26 Jahren, Studenten, Journalisten, städtische Bedienstete, Lehrer und Personen, die von der CPA eine Beihilfe von 10% erhalten.\r\n✘ Freier Eintritt jeden ersten Sonntag im Monat.",
      "libelleNl" : "Van 01/01 tot en met 02/10/2022\nVol tarief: € 8\nKorting: € 6.\n\nVan 04/10 tot en met 31/12/2022\nVol tarief: € 6\nKorting: € 5.\n\n Gratis voor kinderen onder de 18 jaar, pers, Werkzoekende.",
      "libelleRu" : "С 01/01 до 02/10/2022\nполную цену : 8 €\nСниженная цена : 6 €.\n\nС 04/10 до 31/12/2022\nполную цену : 6 €\nСниженная цена : 5 €.\n\n Бесплатно для лицам младше 18 лет, пресса, соискатели работы.",
      "libelleZh" : "从 1月1日 到 2022年10月2日\n全额 : 8 €\n减价 : 6 €.\n\n从 10月4日 到 2022年12月31日\n全额 : 6 €\n减价 : 5 €.\n\n 儿童 < 18 岁, 新闻工作者, 求职者自由进入.",
      "libellePtBR" : "De 01/01 a 02/10/2022\nTarifa inteira: 8 €\nPreço reduzido: 6 €.\n\nDe 04/10 a 31/12/2022\nTarifa inteira: 6 €\nPreço reduzido: 5 €.\n\n Gratuito para menores de 18 anos, pressione, Procurando emprego.",
      "libelleJa" : "01/01 から 02/10/2022 まで\n通常料金: 8 €\n割引料金: 6 €.\n\n04/10 から 31/12/2022 まで\n通常料金: 6 €\n割引料金: 5 €.\n\n 子供 < 18 歳, 新聞社, 求職者 は入場無料."
    },
    "tarifsEnClairGenerationMode" : "AUTOMATIQUE",
    "complement" : {
      "libelleFr" : "✘ Tarif réduit : \r\n● Apprentis de moins de 25 ans, accompagnateurs d'une personne détentrice de la carte mobilité inclusion (CMI) ou handicap, pour les achats en nombre à partir de 15 entrées payantes, détenteurs de la carte MGEN Avantage, détenteurs d'un billet payant de moins de 6 mois du Musée des Civilisations de l'Europe et de la Méditerranée (MuCEM, Marseille).\r\n\r\n✘ Gratuités :\r\n● Avec le City Pass Aix-en-Provence (permet un accès coupe-file)\r\n● Etudiants de moins de 26 ans, bénéficiaires du RSA (sur présentation d’un justificatif de moins de 3 mois), bénéficiaires de l'aide sociale (CAF), minimum vieillesse et invalidité, détenteurs de la carte mobilité inclusion (CMI) ou handicap, détenteurs de la carte ministère de la Culture, membres de l’Icom, Icomos, AGCCPF, guide-conférenciers régionaux, nationaux et internationaux agréés, adhérents de l’association des Amis du musée Granet, adhérents de l'association Maison des artistes, abonnés du musée Granet, enseignants de l'École Supérieure d'Art d'Aix-en-Provence.",
      "libelleEn" : "✘ Free access with the City Pass Aix-en-Provence\r\n✘ Free for under 26 years old, students, journalists, municipal staff, teachers and those who are granted legal 10% aid of the CPA.\r\n✘ Free admission every first Sunday of each month",
      "libelleEs" : "✘ Acceso gratuito con el City Pass Aix-en-Provence.\r\n✘ Gratuito para los menores de 26 años, estudiantes, periodistas, personal municipal, profesores y los beneficiarios de la ayuda legal del 10% del CPA.\r\n✘ Entrada gratuita todos los primeros domingos de cada mes",
      "libelleDe" : "✘ Freier Zugang mit dem City Pass Aix-en-Provence\r\n✘ Freier Eintritt für Personen unter 26 Jahren, Studenten, Journalisten, städtische Bedienstete, Lehrer und Personen, die von der CPA eine Beihilfe von 10% erhalten.\r\n✘ Freier Eintritt jeden ersten Sonntag im Monat"
    },
    "periodes" : [ {
      "identifiant" : 12137294,
      "dateDebut" : "2022-01-01",
      "dateFin" : "2022-10-02",
      "tarifs" : [ {
        "devise" : "EUR",
        "minimum" : 8.00,
        "maximum" : 8.00,
        "type" : {
          "elementReferenceType" : "TarifType",
          "id" : 5250
        }
      }, {
        "devise" : "EUR",
        "minimum" : 6.00,
        "maximum" : 6.00,
        "type" : {
          "elementReferenceType" : "TarifType",
          "id" : 5251
        }
      } ]
    }, {
      "identifiant" : 13628959,
      "dateDebut" : "2022-10-04",
      "dateFin" : "2022-12-31",
      "tarifs" : [ {
        "devise" : "EUR",
        "minimum" : 6.00,
        "maximum" : 6.00,
        "type" : {
          "elementReferenceType" : "TarifType",
          "id" : 5250
        }
      }, {
        "devise" : "EUR",
        "minimum" : 5.00,
        "maximum" : 5.00,
        "type" : {
          "elementReferenceType" : "TarifType",
          "id" : 5251
        }
      } ]
    } ],
    "modesPaiement" : [ {
      "elementReferenceType" : "ModePaiement",
      "id" : 1268
    }, {
      "elementReferenceType" : "ModePaiement",
      "id" : 1271
    } ],
    "devise" : "EUR",
    "conditions" : {
      "conditionsGratuite" : [ {
        "elementReferenceType" : "ConditionGratuite",
        "id" : 4772
      }, {
        "elementReferenceType" : "ConditionGratuite",
        "id" : 5076
      } ],
      "gratuitPourLesMoinsDe" : 18
    }
  },
  "reservation" : {
    "organismes" : [ {
      "identifiant" : 6834669,
      "nom" : "Office de Tourisme d'Aix-en-Provence",
      "type" : {
        "elementReferenceType" : "ReservationType",
        "id" : 475
      },
      "moyensCommunication" : [ {
        "identifiant" : 103851607,
        "type" : {
          "elementReferenceType" : "MoyenCommunicationType",
          "id" : 205
        },
        "coordonnees" : {
          "fr" : "https://reservation.aixenprovencetourism.com/reserver-musee-granet.html"
        }
      } ],
      "locked" : false
    } ]
  },
  "criteresInternes" : [ {
    "id" : 10234
  }, {
    "id" : 12888
  }, {
    "id" : 12889
  }, {
    "id" : 12890
  }, {
    "id" : 12891
  }, {
    "id" : 13198
  }, {
    "id" : 13246
  }, {
    "id" : 13248
  }, {
    "id" : 16646
  }, {
    "id" : 16775
  }, {
    "id" : 18002
  }, {
    "id" : 23500
  } ],
  "contacts" : [ {
    "identifiant" : 17641141,
    "referent" : true,
    "civilite" : {
      "elementReferenceType" : "ContactCivilite",
      "id" : 443
    },
    "nom" : "ELY",
    "prenom" : "Bruno",
    "fonction" : {
      "elementReferenceType" : "ContactFonction",
      "id" : 6026
    }
  } ],
  "illustrations" : [ {
    "identifiant" : 9195694,
    "link" : false,
    "type" : "IMAGE",
    "nom" : {
      "libelleFr" : "13T2A00002_1_HD.jpg"
    },
    "copyright" : {
      "libelleFr" : "JC Carbonne"
    },
    "traductionFichiers" : [ {
      "locale" : "fr",
      "url" : "https://static.apidae-tourisme.com/filestore/objets-touristiques/images/151/143/8949655.jpg",
      "urlListe" : "https://static.apidae-tourisme.com/filestore/objets-touristiques/images/151/143/8949655-liste.jpg",
      "urlFiche" : "https://static.apidae-tourisme.com/filestore/objets-touristiques/images/151/143/8949655-fiche.jpg",
      "urlDiaporama" : "https://static.apidae-tourisme.com/filestore/objets-touristiques/images/151/143/8949655-diaporama.jpg",
      "extension" : "jpg",
      "fileName" : "full",
      "taille" : 317859,
      "hauteur" : 1440,
      "largeur" : 1920,
      "lastModifiedDate" : "2020-12-10T05:09:39.000+0000"
    } ],
    "locked" : false
  }, {
    "identifiant" : 9195695,
    "link" : false,
    "type" : "IMAGE",
    "nom" : {
      "libelleFr" : "13T2A00002_2_HD.jpg"
    },
    "copyright" : {
      "libelleFr" : "JC Carbonne"
    },
    "traductionFichiers" : [ {
      "locale" : "fr",
      "url" : "https://static.apidae-tourisme.com/filestore/objets-touristiques/images/152/143/8949656.jpg",
      "urlListe" : "https://static.apidae-tourisme.com/filestore/objets-touristiques/images/152/143/8949656-liste.jpg",
      "urlFiche" : "https://static.apidae-tourisme.com/filestore/objets-touristiques/images/152/143/8949656-fiche.jpg",
      "urlDiaporama" : "https://static.apidae-tourisme.com/filestore/objets-touristiques/images/152/143/8949656-diaporama.jpg",
      "extension" : "jpg",
      "fileName" : "full",
      "taille" : 475372,
      "hauteur" : 1440,
      "largeur" : 1920,
      "lastModifiedDate" : "2020-12-10T05:09:34.000+0000"
    } ],
    "locked" : false
  }, {
    "identifiant" : 9195696,
    "link" : false,
    "type" : "IMAGE",
    "nom" : {
      "libelleFr" : "13T2A00002_3_HD.jpg"
    },
    "copyright" : {
      "libelleFr" : "JC Carbonne"
    },
    "traductionFichiers" : [ {
      "locale" : "fr",
      "url" : "https://static.apidae-tourisme.com/filestore/objets-touristiques/images/153/143/8949657.jpg",
      "urlListe" : "https://static.apidae-tourisme.com/filestore/objets-touristiques/images/153/143/8949657-liste.jpg",
      "urlFiche" : "https://static.apidae-tourisme.com/filestore/objets-touristiques/images/153/143/8949657-fiche.jpg",
      "urlDiaporama" : "https://static.apidae-tourisme.com/filestore/objets-touristiques/images/153/143/8949657-diaporama.jpg",
      "extension" : "jpg",
      "fileName" : "full",
      "taille" : 577976,
      "hauteur" : 1440,
      "largeur" : 1920,
      "lastModifiedDate" : "2020-12-10T05:09:35.000+0000"
    } ],
    "locked" : false
  }, {
    "identifiant" : 9195697,
    "link" : false,
    "type" : "IMAGE",
    "nom" : {
      "libelleFr" : "13T2A00002_4_HD.jpg"
    },
    "copyright" : {
      "libelleFr" : "JC Carbonne"
    },
    "traductionFichiers" : [ {
      "locale" : "fr",
      "url" : "https://static.apidae-tourisme.com/filestore/objets-touristiques/images/154/143/8949658.jpg",
      "urlListe" : "https://static.apidae-tourisme.com/filestore/objets-touristiques/images/154/143/8949658-liste.jpg",
      "urlFiche" : "https://static.apidae-tourisme.com/filestore/objets-touristiques/images/154/143/8949658-fiche.jpg",
      "urlDiaporama" : "https://static.apidae-tourisme.com/filestore/objets-touristiques/images/154/143/8949658-diaporama.jpg",
      "extension" : "jpg",
      "fileName" : "full",
      "taille" : 737528,
      "hauteur" : 1440,
      "largeur" : 1920,
      "lastModifiedDate" : "2020-12-10T05:09:36.000+0000"
    } ],
    "locked" : false
  }, {
    "identifiant" : 9195698,
    "link" : false,
    "type" : "IMAGE",
    "nom" : {
      "libelleFr" : "13T2A00002_5_HD.jpg"
    },
    "copyright" : {
      "libelleFr" : "JC Carbonne"
    },
    "traductionFichiers" : [ {
      "locale" : "fr",
      "url" : "https://static.apidae-tourisme.com/filestore/objets-touristiques/images/155/143/8949659.jpg",
      "urlListe" : "https://static.apidae-tourisme.com/filestore/objets-touristiques/images/155/143/8949659-liste.jpg",
      "urlFiche" : "https://static.apidae-tourisme.com/filestore/objets-touristiques/images/155/143/8949659-fiche.jpg",
      "urlDiaporama" : "https://static.apidae-tourisme.com/filestore/objets-touristiques/images/155/143/8949659-diaporama.jpg",
      "extension" : "jpg",
      "fileName" : "full",
      "taille" : 527064,
      "hauteur" : 1440,
      "largeur" : 1920,
      "lastModifiedDate" : "2020-12-10T05:09:37.000+0000"
    } ],
    "locked" : false
  }, {
    "identifiant" : 9195699,
    "link" : false,
    "type" : "IMAGE",
    "nom" : {
      "libelleFr" : "13T2A00002_6_HD.jpg"
    },
    "copyright" : {
      "libelleFr" : "JC Carbonne"
    },
    "traductionFichiers" : [ {
      "locale" : "fr",
      "url" : "https://static.apidae-tourisme.com/filestore/objets-touristiques/images/156/143/8949660.jpg",
      "urlListe" : "https://static.apidae-tourisme.com/filestore/objets-touristiques/images/156/143/8949660-liste.jpg",
      "urlFiche" : "https://static.apidae-tourisme.com/filestore/objets-touristiques/images/156/143/8949660-fiche.jpg",
      "urlDiaporama" : "https://static.apidae-tourisme.com/filestore/objets-touristiques/images/156/143/8949660-diaporama.jpg",
      "extension" : "jpg",
      "fileName" : "full",
      "taille" : 520476,
      "hauteur" : 1440,
      "largeur" : 1920,
      "lastModifiedDate" : "2020-12-10T05:09:30.000+0000"
    } ],
    "locked" : false
  }, {
    "identifiant" : 9195700,
    "link" : false,
    "type" : "IMAGE",
    "nom" : {
      "libelleFr" : "13T2A00002_7_HD.jpg"
    },
    "copyright" : {
      "libelleFr" : "JC Carbonne"
    },
    "traductionFichiers" : [ {
      "locale" : "fr",
      "url" : "https://static.apidae-tourisme.com/filestore/objets-touristiques/images/157/143/8949661.jpg",
      "urlListe" : "https://static.apidae-tourisme.com/filestore/objets-touristiques/images/157/143/8949661-liste.jpg",
      "urlFiche" : "https://static.apidae-tourisme.com/filestore/objets-touristiques/images/157/143/8949661-fiche.jpg",
      "urlDiaporama" : "https://static.apidae-tourisme.com/filestore/objets-touristiques/images/157/143/8949661-diaporama.jpg",
      "extension" : "jpg",
      "fileName" : "full",
      "taille" : 443976,
      "hauteur" : 1440,
      "largeur" : 1920,
      "lastModifiedDate" : "2020-12-10T05:09:31.000+0000"
    } ],
    "locked" : false
  }, {
    "identifiant" : 9195701,
    "link" : false,
    "type" : "IMAGE",
    "nom" : {
      "libelleFr" : "13T2A00002_8_HD.jpg"
    },
    "copyright" : {
      "libelleFr" : "Musée Granet"
    },
    "traductionFichiers" : [ {
      "locale" : "fr",
      "url" : "https://static.apidae-tourisme.com/filestore/objets-touristiques/images/158/143/8949662.jpg",
      "urlListe" : "https://static.apidae-tourisme.com/filestore/objets-touristiques/images/158/143/8949662-liste.jpg",
      "urlFiche" : "https://static.apidae-tourisme.com/filestore/objets-touristiques/images/158/143/8949662-fiche.jpg",
      "urlDiaporama" : "https://static.apidae-tourisme.com/filestore/objets-touristiques/images/158/143/8949662-diaporama.jpg",
      "extension" : "jpg",
      "fileName" : "full",
      "taille" : 621328,
      "hauteur" : 1440,
      "largeur" : 1920,
      "lastModifiedDate" : "2020-12-10T05:09:32.000+0000"
    } ],
    "locked" : false
  }, {
    "identifiant" : 9195702,
    "link" : false,
    "type" : "IMAGE",
    "nom" : {
      "libelleFr" : "13T2A00002_9_HD.jpg"
    },
    "copyright" : {
      "libelleFr" : "Musée Granet"
    },
    "traductionFichiers" : [ {
      "locale" : "fr",
      "url" : "https://static.apidae-tourisme.com/filestore/objets-touristiques/images/159/143/8949663.jpg",
      "urlListe" : "https://static.apidae-tourisme.com/filestore/objets-touristiques/images/159/143/8949663-liste.jpg",
      "urlFiche" : "https://static.apidae-tourisme.com/filestore/objets-touristiques/images/159/143/8949663-fiche.jpg",
      "urlDiaporama" : "https://static.apidae-tourisme.com/filestore/objets-touristiques/images/159/143/8949663-diaporama.jpg",
      "extension" : "jpg",
      "fileName" : "full",
      "taille" : 1269983,
      "hauteur" : 1440,
      "largeur" : 1920,
      "lastModifiedDate" : "2020-12-10T05:09:33.000+0000"
    } ],
    "locked" : false
  }, {
    "identifiant" : 9195703,
    "link" : false,
    "type" : "IMAGE",
    "nom" : {
      "libelleFr" : "13T2A00002_10_HD.jpg"
    },
    "copyright" : {
      "libelleFr" : "musée Granet"
    },
    "traductionFichiers" : [ {
      "locale" : "fr",
      "url" : "https://static.apidae-tourisme.com/filestore/objets-touristiques/images/160/143/8949664.jpg",
      "urlListe" : "https://static.apidae-tourisme.com/filestore/objets-touristiques/images/160/143/8949664-liste.jpg",
      "urlFiche" : "https://static.apidae-tourisme.com/filestore/objets-touristiques/images/160/143/8949664-fiche.jpg",
      "urlDiaporama" : "https://static.apidae-tourisme.com/filestore/objets-touristiques/images/160/143/8949664-diaporama.jpg",
      "extension" : "jpg",
      "fileName" : "full",
      "taille" : 595287,
      "hauteur" : 1440,
      "largeur" : 1920,
      "lastModifiedDate" : "2020-12-10T05:09:40.000+0000"
    } ],
    "locked" : false
  } ],
  "multimedias" : [ {
    "identifiant" : 12481067,
    "link" : true,
    "type" : "INSTAGRAM",
    "traductionFichiers" : [ {
      "locale" : "fr",
      "url" : "https://www.instagram.com/museegranet/"
    }, {
      "locale" : "en",
      "url" : "https://www.instagram.com/museegranet/"
    } ],
    "locked" : false
  } ],
  "visites" : {
    "visitable" : false
  },
  "territoires" : [ {
    "type" : "TERRITOIRE",
    "id" : 591381
  }, {
    "type" : "TERRITOIRE",
    "id" : 591419
  }, {
    "type" : "TERRITOIRE",
    "id" : 5127066
  }, {
    "type" : "TERRITOIRE",
    "id" : 5427620
  }, {
    "type" : "TERRITOIRE",
    "id" : 5427637
  }, {
    "type" : "TERRITOIRE",
    "id" : 5460325
  }, {
    "type" : "TERRITOIRE",
    "id" : 5693839
  }, {
    "type" : "TERRITOIRE",
    "id" : 5775948
  }, {
    "type" : "TERRITOIRE",
    "id" : 5853930
  } ],
  "datesOuverture" : [ "2022-11-08", "2022-11-09", "2022-11-10", "2022-11-11", "2022-11-12", "2022-11-13", "2022-11-15", "2022-11-16", "2022-11-17", "2022-11-18", "2022-11-19", "2022-11-20", "2022-11-22", "2022-11-23", "2022-11-24", "2022-11-25", "2022-11-26", "2022-11-27", "2022-11-29", "2022-11-30", "2022-12-01", "2022-12-02", "2022-12-03", "2022-12-04", "2022-12-06", "2022-12-07", "2022-12-08", "2022-12-09", "2022-12-10", "2022-12-11", "2022-12-13", "2022-12-14", "2022-12-15", "2022-12-16", "2022-12-17", "2022-12-18", "2022-12-20", "2022-12-21", "2022-12-22", "2022-12-23", "2022-12-24", "2022-12-27", "2022-12-28", "2022-12-29", "2022-12-30", "2022-12-31" ],
  "informationsPatrimoineCulturel" : {
    "patrimoineCulturelType" : {
      "elementReferenceType" : "PatrimoineCulturelType",
      "id" : 3201
    },
    "themes" : [ {
      "elementReferenceType" : "PatrimoineCulturelTheme",
      "id" : 3393
    }, {
      "elementReferenceType" : "PatrimoineCulturelTheme",
      "id" : 3422
    }, {
      "elementReferenceType" : "PatrimoineCulturelTheme",
      "id" : 3423
    } ],
    "categories" : [ {
      "elementReferenceType" : "PatrimoineCulturelCategorie",
      "id" : 3226
    } ]
  },
  "formatVersion" : "v002",
  "expiration" : {
    "dateExpiration" : "2022-12-31T00:00:00.000+0000"
  },
  "informationsPrestataireActivites" : {
    "prestataireActivites" : true,
    "activitesCulturelles" : [ {
      "elementReferenceType" : "ActiviteCulturellePrestation",
      "id" : 1776
    }, {
      "elementReferenceType" : "ActiviteCulturellePrestation",
      "id" : 1817
    }, {
      "elementReferenceType" : "ActiviteCulturellePrestation",
      "id" : 1825
    }, {
      "elementReferenceType" : "ActiviteCulturellePrestation",
      "id" : 1863
    }, {
      "elementReferenceType" : "ActiviteCulturellePrestation",
      "id" : 4598
    } ]
  },
  "enquete" : { },
  "donneesPrivees" : [ {
    "nomTechnique" : "1947_Id_patio",
    "libelleFr" : "Id_Patio",
    "ordre" : 1,
    "descriptif" : {
      "libelleFr" : "13T2A00002"
    }
  }, {
    "nomTechnique" : "1947_Source_patio",
    "libelleFr" : "Source_Patio",
    "ordre" : 2,
    "descriptif" : {
      "libelleFr" : "OT Aix en Provence"
    }
  }, {
    "nomTechnique" : "1947_Url_patio",
    "libelleFr" : "URL_Patio",
    "ordre" : 3,
    "descriptif" : {
      "libelleFr" : "http://www.aixenprovencetourism.com"
    }
  } ],
  "prestationsList" : [ {
    "type" : "ACTIVITE",
    "id" : 5607516
  } ],
  "metadonnees" : [ {
    "noeudId" : "fairguest",
    "contenus" : [ {
      "cible" : "general",
      "metadonnee" : {
        "note" : 8.8,
        "label" : "Très bon",
        "couleur" : "#71a63e",
        "nombreAvis" : 1282,
        "dateMaj" : 1667920095999
      }
    } ]
  } ]
}