{
  "type" : "PATRIMOINE_CULTUREL",
  "id" : 5538712,
  "nom" : {
    "libelleFr" : "Fondation Vasarely",
    "libelleEn" : "Vasarely Foundation",
    "libelleEs" : "Fundación Vasarely",
    "libelleIt" : "Fondazione Vasarely",
    "libelleDe" : "Die Vasarely-Stiftung",
    "libelleNl" : "Fondation Vasarely"
  },
  "identifier" : "SITRA2_PCU_5538712",
  "state" : "PUBLISHED",
  "gestion" : {
    "dateCreation" : "2020-05-26T20:58:55.280+0000",
    "dateModification" : "2022-10-31T14:11:37.189+0000",
    "dateExportModification" : "2022-11-08T16:37:05.151+0000",
    "membreProprietaire" : {
      "type" : {
        "elementReferenceType" : "MembreSitraType",
        "id" : 233
      },
      "nom" : "Office de Tourisme d'Aix en Provence",
      "dateCreation" : "2020-02-14T10:34:37.912+0000",
      "dateModification" : "2022-10-24T08:49:34.452+0000",
      "id" : 1988,
      "siteWeb" : "http://www.aixenprovencetourism.com"
    },
    "signalerUnProblemeMails" : [ "jchevalier@aixenprovencetourism.com", "sdardenne@aixenprovencetourism.com", "vmontpellaz@aixenprovencetourism.com" ]
  },
  "informations" : {
    "moyensCommunication" : [ {
      "identifiant" : 70512647,
      "type" : {
        "elementReferenceType" : "MoyenCommunicationType",
        "id" : 201
      },
      "coordonnees" : {
        "fr" : "04 42 20 01 09"
      }
    }, {
      "identifiant" : 70512649,
      "type" : {
        "elementReferenceType" : "MoyenCommunicationType",
        "id" : 202
      },
      "coordonnees" : {
        "fr" : "04 42 59 14 65"
      }
    }, {
      "identifiant" : 70512650,
      "type" : {
        "elementReferenceType" : "MoyenCommunicationType",
        "id" : 204
      },
      "coordonnees" : {
        "fr" : "accueil.fondation@gmail.com"
      },
      "observation" : { }
    }, {
      "identifiant" : 70512652,
      "type" : {
        "elementReferenceType" : "MoyenCommunicationType",
        "id" : 205
      },
      "coordonnees" : {
        "fr" : "https://www.fondationvasarely.org/"
      }
    }, {
      "identifiant" : 93839724,
      "type" : {
        "elementReferenceType" : "MoyenCommunicationType",
        "id" : 207
      },
      "coordonnees" : {
        "fr" : "https://www.facebook.com/fondationvasarely/"
      }
    } ],
    "informationsLegales" : {
      "siret" : "78322717600022",
      "codeApeNaf" : "4778C"
    },
    "structureGestion" : {
      "type" : "STRUCTURE",
      "id" : 5223016
    }
  },
  "presentation" : {
    "descriptifCourt" : {
      "libelleFr" : "Centre architectonique d'Aix-en-Provence classé monument historique. \r\nLa Fondation Vasarely est Musée de France depuis le 10 décembre 2020",
      "libelleEn" : "Architectural center of Aix-en-Provence classified as a historical monument. \r\nThe Vasarely Foundation is a Museum of France since December 10, 2020",
      "libelleEs" : "Centro arquitectónico de Aix-en-Provence clasificado como monumento histórico. \r\nLa Fundación Vasarely es un Museo de Francia desde el 10 de diciembre de 2020",
      "libelleDe" : "Architektonisches Zentrum in Aix-en-Provence, das als historisches Monument eingestuft wurde. \r\nDie Fondation Vasarely ist seit dem 10. Dezember 2020 Musée de France."
    },
    "descriptifDetaille" : {
      "libelleFr" : "Vasarely est un plasticien tout à fait singulier dans l’histoire de l’art du XXe siècle. Accédant à la notoriété de son vivant, il se distingue dans l’art contemporain par la création d’une nouvelle tendance : l’art optique.\r\n\r\nPlongez dans l'univers fascinant de l'art optique au cœur du bâtiment luminocinétique imaginé, conçu et financé par Victor Vasarely.\r\nAu rez-de-chaussée de la Fondation, seize modules à base hexagonale, imbriqués dans un gigantesque jeu de construction, présentent 42 intégrations architecturales monumentales et 2 sculptures. Réalisées en métal anodisé, en tapisserie, en céramique, en émaux et en verre sérigraphié, ces œuvres sont le fruit d'une collaboration fructueuse entre le plasticien, les architectes et les entreprises, dans le but de créer la cité polychrome du bonheur.\r\n\r\nA l'étage, un espace nommé \"Vasarely Plasticien\" propose un parcours de visite et de médiations culturelles permettant aux visiteurs de découvrir ou de redécouvrir l'univers plastique du Maître, depuis ses débuts de graphiste jusqu'à la réalisation de ses intégrations monumentales, soit près de 200 créations et documents originaux.\r\n\r\nDes expositions temporaires, des Workshops, des concerts, des conférences ainsi que des actions de médiation culturelle avec des ateliers jeunes publics, familles et adultes, viennent ponctuer tout au long de l'année la programmation de la Fondation. \r\nLe service de médiation culturelle propose également d'organiser l'anniversaire de vos enfants et de leur faire découvrir le lieu grâce une visite et un atelier créatif.\r\n\r\nÉquipements Handicap : Toutes les salles sont accessibles aux personnes à mobilité réduite.\r\nSurface de l'exposition permanente : 5000",
      "libelleEn" : "Architectonic centre in Aix-en-Provence, listed as a historic monument.\r\n\r\nImmerse yourself in the fascinating world of op art inside a lumino-kinetic building, designed and financed by Victor Vasarely.\r\nOn the ground floor are 16 modules with a hexagonal base, linked together like a gigantic construction game, including 42 monumental architectural units and 2 sculptures. The works are made of anodized metal, tapestry, ceramics, enamel and silkscreen-printed glass. They result from a fruitful collaboration between the artist, the architects and companies with the aim of creating a multi-coloured city of happiness.\r\n\r\nOn the first floor, an area called \"Vasarely Plasticien\" (\"Vasarely Plastic Artist\") includes a visit and cultural mediation elements, giving visitors the chance to explore the artist's world, from his beginnings as a graphic designer to his work on monumental units, with almost 200 original works and documents.\r\nTemporary exhibitions, workshops, concerts, conferences, plus cultural mediation activities with workshops for children, families and adults are regular features of the Foundation program all through the year. \r\n\r\nThe cultural mediation service can also organize birthday parties for your children and introduce them to the site during a visit and a creative workshop.\r\n\r\nFacilities for disabled people: all the rooms are accessible to people with reduced mobility.\r\n\r\n▶ Booklets in 24 other languages available for consultation\r\n▶ Booklets in Braille for blind or visually impaired visitors",
      "libelleEs" : "Victor Vasarely, un artista que no admite clasificación alguna, precursor y humanista visionario, elaboró y financió en vida un proyecto cultural futurista conforme a los valores que defendió. La construcción del edificio a mediados de los años 70 fue pensada como un laboratorio de investigación, descubrimientos y creación. Su fundación fue inaugurada en 1976. siete salas presentan una colección única de cuarenta y dos ejemplos de integraciones murales de 8 metros por 6 destinadas al interior o al exterior. La Fundación Vasarely ofrece durante todo el año talleres de iniciación en arte contemporáneo accesibles a todo tipo de público. Los ejercicios se articulan en torno a varios temas: el color, la ilusión óptica, los juegos de volumen o las redes lineales. Para los niños de 8 a 11 años, juegos de pista todos los miércoles.",
      "libelleIt" : "Artista inclassificabile, precursore e umanista lungimirante, Victor Vasarely progetta e finanzia personalmente in vita un progetto culturale futurista, conforme ai valori che gli sono cari. L'edificio, costruito a metà degli anni '70, è stato pensato come un laboratorio di ricerche, di scoperta e di creazione. La Fondazione è inaugurata nel 1976. Sette sale presentano un insieme unico al mondo di quarantadue esempi di integrazioni murali destinate all'interno o all'esterno di 8 metri per 6. La Fondazione Vasarely propone tutto l'anno workshop per principianti sull'arte contemporanea, accessibili a tutti. Gli esercizi si articolano attorno a diversi temi: il colore, le illusioni ottiche, i giochi di volume, le reti lineari. Per i bambini dagli 8 agli 11 anni, enigmi e caccia al tesoro ogni mercoledì. La Fondazione è aperta dal martedì al sabato, dalle 10 alle 12 e dalle 13 alle 18. Apertura notturna tutti i giovedì di luglio, fino alle ore 21 (per l'ingresso tra le 18 e le 21, applicazione della tariffa ridotta). Fondazione chiusa i giorni festivi.",
      "libelleDe" : "Beschreibung: Als Künstler, der sich jeder Klassifizierung entzieht, Wegbereiter und humanistischer Visionär entwirft und finanziert Victor Vasarely schon zu seinen Lebzeiten ein zukunftsweisendes Kulturprojekt, das ganz den Werten entspricht, die er vertritt. Der Bau entsteht Mitte der 70er Jahre und ist als eine Art Labor für Forschung, Entwicklung und Kreation gedacht. Die Stiftung wird 1976 eingeweiht. In sieben Ausstellungssälen wird eine einzigartige Sammlung von zweiundvierzig Wandintegrationen für innen und aussen gezeigt, die eine Grösse von 8 mal 6 Metern haben. Die Fondation Vasarely bietet das ganze Jahr über Workshops zur Einführung in die zeitgenössische Kunst für jedes Publikum. Die Übungen kreisen um verschiedene Themen: Farbe, optische Illusion, Spiel der Volumen, Liniennetze. Für Kinder von 8-11 Jahren werden jeden Mittwoch Schnitzeljagden veranstaltet."
    },
    "typologiesPromoSitra" : [ {
      "elementReferenceType" : "TypologiePromoSitra",
      "id" : 1604
    } ]
  },
  "localisation" : {
    "adresse" : {
      "adresse1" : "1 avenue Marcel Pagnol",
      "adresse2" : "CS 50490",
      "codePostal" : "13096",
      "bureauDistribution" : "AIX EN PROVENCE",
      "commune" : {
        "id" : 4412
      }
    },
    "geolocalisation" : {
      "complement" : {
        "libelleFr" : "Au départ de l'office de tourisme : environ 40mn à pied. \r\n\r\nEn voiture, prendre l'avenue des Belges, et tourner à droite sur l'avenue de l'Europe. Au bout de l'avenue, prendre à gauche, la fondation se trouve juste au dessus de l'auberge de jeunesse."
      },
      "valide" : true,
      "geoJson" : {
        "type" : "Point",
        "coordinates" : [ 5.424843, 43.521357 ]
      }
    },
    "perimetreGeographique" : [ {
      "id" : 4412
    } ],
    "environnements" : [ {
      "elementReferenceType" : "Environnement",
      "id" : 183
    }, {
      "elementReferenceType" : "Environnement",
      "id" : 3974
    }, {
      "elementReferenceType" : "Environnement",
      "id" : 176
    } ]
  },
  "liens" : {
    "liensObjetsTouristiquesTypes" : [ {
      "type" : "ADRESSE_UTILE",
      "libelleFr" : "Adresse utile",
      "libelleEn" : "Useful address",
      "libelleEs" : "Dirección útil",
      "libelleIt" : "Indirizzi utili",
      "libelleDe" : "Nützliche Adresse",
      "libelleNl" : "Handig adres",
      "libelleRu" : "Полезный адрес",
      "libelleZh" : "实用地址",
      "libellePtBR" : "Endereço útil",
      "libelleJa" : "便利なアドレス",
      "objetTouristique" : {
        "type" : "COMMERCE_ET_SERVICE",
        "id" : 5557007
      }
    }, {
      "type" : "SUR_PLACE",
      "libelleFr" : "Sur place",
      "libelleEn" : "On the premises",
      "libelleEs" : "In situ",
      "libelleIt" : "Sul posto",
      "libelleDe" : "Vor Ort",
      "libelleNl" : "Ter plaatse",
      "libelleRu" : "На месте",
      "libelleZh" : "堂食",
      "libellePtBR" : "No local",
      "libelleJa" : "現地で",
      "objetTouristique" : {
        "type" : "COMMERCE_ET_SERVICE",
        "id" : 5565904
      }
    }, {
      "type" : "ORGANISATEUR_VISITE",
      "libelleFr" : "Propose la visite guidée ...",
      "libelleEn" : "Proposes a guided tour entitled...",
      "libelleEs" : "Ofrece la visita guiada...",
      "libelleIt" : "Propone la visita guidata...",
      "libelleDe" : "Bietet die Führung ... an.",
      "libelleNl" : "Biedt de rondleiding ...",
      "libelleRu" : "Предлагает экскурсию",
      "libelleZh" : "提供导览参观",
      "libellePtBR" : "Propõe a visita guiada ...",
      "libelleJa" : "ガイド付きツアーを提案します",
      "objetTouristique" : {
        "type" : "FETE_ET_MANIFESTATION",
        "id" : 5834786
      }
    }, {
      "type" : "SUR_PLACE",
      "libelleFr" : "Sur place",
      "libelleEn" : "On the premises",
      "libelleEs" : "In situ",
      "libelleIt" : "Sul posto",
      "libelleDe" : "Vor Ort",
      "libelleNl" : "Ter plaatse",
      "libelleRu" : "На месте",
      "libelleZh" : "堂食",
      "libellePtBR" : "No local",
      "libelleJa" : "現地で",
      "objetTouristique" : {
        "type" : "ACTIVITE",
        "id" : 5842938
      }
    }, {
      "type" : "SUR_PLACE",
      "libelleFr" : "Sur place",
      "libelleEn" : "On the premises",
      "libelleEs" : "In situ",
      "libelleIt" : "Sul posto",
      "libelleDe" : "Vor Ort",
      "libelleNl" : "Ter plaatse",
      "libelleRu" : "На месте",
      "libelleZh" : "堂食",
      "libellePtBR" : "No local",
      "libelleJa" : "現地で",
      "objetTouristique" : {
        "type" : "FETE_ET_MANIFESTATION",
        "id" : 6237934
      }
    }, {
      "type" : "SUR_PLACE",
      "libelleFr" : "Sur place",
      "libelleEn" : "On the premises",
      "libelleEs" : "In situ",
      "libelleIt" : "Sul posto",
      "libelleDe" : "Vor Ort",
      "libelleNl" : "Ter plaatse",
      "libelleRu" : "На месте",
      "libelleZh" : "堂食",
      "libellePtBR" : "No local",
      "libelleJa" : "現地で",
      "objetTouristique" : {
        "type" : "ACTIVITE",
        "id" : 6294069
      }
    }, {
      "type" : "SUR_PLACE",
      "libelleFr" : "Sur place",
      "libelleEn" : "On the premises",
      "libelleEs" : "In situ",
      "libelleIt" : "Sul posto",
      "libelleDe" : "Vor Ort",
      "libelleNl" : "Ter plaatse",
      "libelleRu" : "На месте",
      "libelleZh" : "堂食",
      "libellePtBR" : "No local",
      "libelleJa" : "現地で",
      "objetTouristique" : {
        "type" : "FETE_ET_MANIFESTATION",
        "id" : 6297270
      }
    }, {
      "type" : "SUR_PLACE",
      "libelleFr" : "Sur place",
      "libelleEn" : "On the premises",
      "libelleEs" : "In situ",
      "libelleIt" : "Sul posto",
      "libelleDe" : "Vor Ort",
      "libelleNl" : "Ter plaatse",
      "libelleRu" : "На месте",
      "libelleZh" : "堂食",
      "libellePtBR" : "No local",
      "libelleJa" : "現地で",
      "objetTouristique" : {
        "type" : "FETE_ET_MANIFESTATION",
        "id" : 6297337
      }
    } ]
  },
  "prestations" : {
    "services" : [ {
      "elementReferenceType" : "PrestationService",
      "id" : 1115
    }, {
      "elementReferenceType" : "PrestationService",
      "id" : 1190
    } ],
    "animauxAcceptes" : "NON_ACCEPTES",
    "animauxAcceptesSupplement" : "NON_DISPONIBLE",
    "activites" : [ {
      "elementReferenceType" : "PrestationActivite",
      "id" : 6032
    }, {
      "elementReferenceType" : "PrestationActivite",
      "id" : 641
    }, {
      "elementReferenceType" : "PrestationActivite",
      "id" : 652
    } ],
    "languesParlees" : [ {
      "elementReferenceType" : "Langue",
      "id" : 1189
    }, {
      "elementReferenceType" : "Langue",
      "id" : 1192
    }, {
      "elementReferenceType" : "Langue",
      "id" : 5990
    }, {
      "elementReferenceType" : "Langue",
      "id" : 1197
    }, {
      "elementReferenceType" : "Langue",
      "id" : 5994
    }, {
      "elementReferenceType" : "Langue",
      "id" : 1200
    } ],
    "complementAccueil" : {
      "libelleFr" : "Consigne à bagages pour les bagages cabine.",
      "libelleEn" : "Luggage storage for cabin baggage.",
      "libelleIt" : "Accessibile ai disabili",
      "libelleDe" : "Zugänglich für Behinderte",
      "libelleNl" : "Toegankelijk voor mensen met een handicap"
    },
    "tourismesAdaptes" : [ {
      "elementReferenceType" : "TourismeAdapte",
      "id" : 3653
    } ],
    "typesClientele" : [ {
      "elementReferenceType" : "TypeClientele",
      "id" : 593
    } ]
  },
  "ouverture" : {
    "periodeEnClair" : {
      "libelleFr" : "Toute l'année, tous les jours de 10h à 18h.\nFermetures exceptionnelles les 1er janvier et 25 décembre.\nLes 24 décembre et 31 décembre de 10h à 16h.",
      "libelleEn" : "All year round, daily between 10 am and 6 pm.\nClosed exceptionally on January 1st and December 25th.\nOn December 24th and January 1st from 10am till 6pm.",
      "libelleEs" : "Todo el año, todos los dias de 10 a 18.\nSe cierra, excepcionalmente los días 1er de enero y 25 de diciembre.\n24 de diciembre y 1 de enero, de 10 a 16 horas.",
      "libelleIt" : "Tutto l'anno, ogni giorno dalle 10 alle 18.\nChiusura eccezionale 1° gennaio e 25 dicembre.",
      "libelleDe" : "Ganzjährig, täglich von 10 Uhr bis 18 Uhr.\nAusnahmsweise geschlossen am 1. Januar und 25. Dezember.\nAm 24. Dezember und 1. Januar von 10 bis 16 Uhr.",
      "libelleNl" : "Het hele jaar, iedere dag van 10.00 tot en met 18.00 u.\nBij uitzondering gesloten op 1 januari en 25 december.",
      "libelleRu" : "В течение всего года, ежедневно с 10h до 18h.\nВ порядке исключения не работает 1 января и 25 декабря.",
      "libelleZh" : "全年, 日常 小时小时 和 小时小时 之间.\n在 1月1日 和 12月25日 例外关闭.",
      "libellePtBR" : "Todo o ano, todos os dias de 10h a  18h.\nFechamentos excepcionais em 1º de janeiro e 25 de dezembro.",
      "libelleJa" : "オールシーズン, 毎日 10 午前 と 6 午後 の間.\n1月1日 と 12月25日 は特別休業."
    },
    "periodeEnClairGenerationMode" : "AUTOMATIQUE",
    "indicationsPeriode" : [ {
      "elementReferenceType" : "IndicationPeriode",
      "id" : 436
    }, {
      "elementReferenceType" : "IndicationPeriode",
      "id" : 418
    }, {
      "elementReferenceType" : "IndicationPeriode",
      "id" : 416
    }, {
      "elementReferenceType" : "IndicationPeriode",
      "id" : 435
    } ],
    "periodesOuvertures" : [ {
      "identifiant" : 21212584,
      "dateDebut" : "2022-01-01",
      "dateFin" : "2022-12-31",
      "complementHoraire" : {
        "libelleFr" : "Les 24 décembre et 31 décembre de 10h à 16h",
        "libelleEn" : "On December 24th and January 1st from 10am till 6pm",
        "libelleEs" : "24 de diciembre y 1 de enero, de 10 a 16 horas",
        "libelleDe" : "Am 24. Dezember und 1. Januar von 10 bis 16 Uhr"
      },
      "horaireOuverture" : "10:00:00",
      "horaireFermeture" : "18:00:00",
      "type" : "OUVERTURE_TOUS_LES_JOURS",
      "tousLesAns" : true,
      "identifiantTechnique" : 24620611
    } ],
    "fermeturesExceptionnelles" : [ {
      "dateSpeciale" : "PREMIER_JANVIER"
    }, {
      "dateSpeciale" : "VINGT_CINQ_DECEMBRE"
    } ],
    "ouvertTouteLAnnee" : "OUVERT_TOUTE_L_ANNEE"
  },
  "descriptionTarif" : {
    "indicationTarif" : "PAYANT",
    "gratuit" : false,
    "tarifsEnClair" : {
      "libelleFr" : "Plein tarif : de 12 à 15 €\nTarif réduit : de 9 à 12 € (Etudiants, demandeurs d’emplois, personnes en situation de handicap)\nEnfant : 5 € (5 à 15 ans).\n\n Gratuit pour les moins de 5 ans.\n\n✘ Gratuités :\r\n● Avec le City Pass Aix-en-Provence (visite libre et collection permanente uniquement)\r\n● Avec le Pass My Provence (1 entrée achetée = 1 entrée offerte).\r\n\r\nVisite libre des 3 expositions (permanentes et temporaire) 44 œuvres monumentales de Victor Vasarely / Vasarely Plasticien / Exposition estivale\r\nTarif Plein 15€\r\nTarif réduit 12€ (étudiants, demandeurs d’emplois, personnes en situation de handicap)\r\n\r\nVisite libre hors exposition temporaire\r\nTarif Plein 12€\r\nTarif réduit 9€ (étudiants, demandeurs d’emplois, personnes en situation de handicap)\r\n\r\nVisite de l'exposition temporaire uniquement\r\nTaif unique 8€\r\n\r\nAides à la visite :\r\nAudio-guide FR ou GB ou ALL : 3 euros par personne\r\nLivret de visite en FR, GB, ALL : 1 euro\r\nLivrets en 24 autres langues étrangères disponibles sur consultation\r\nLivrets en braille pour personnes mal et non voyantes.",
      "libelleEn" : "Full price: 12 to 15 €\nReduced price: 9 to 12 € (Students, job seekers, people with disabilities)\nChild: 5 € (5 to 15 years old).\n\n Free entry for children < 5 years.\n\n✘ Free access\r\n● With the City Pass Aix-en-Provence (free visit and permanent collection only).\r\n● With the My Provence Pass (1 entry purchased = 1 entry offered).\r\n\r\nFree visit of the 3 exhibitions (permanent and temporary) 44 monumental works by Victor Vasarely / Vasarely Plasticien / Summer exhibition\r\nFull price 15€ (for students)\r\nReduced rate 12€ (students, job seekers, disabled persons)\r\nChildren's rate : 5 € (from 5 to 15 years old)\r\n\r\nFree visit except temporary exhibition\r\nFull price 12€ (for students, job seekers, disabled persons)\r\nReduced rate 9€ (students, job seekers, disabled persons)\r\n\r\nVisit of the temporary exhibition only\r\nSingle ticket €8\r\n\r\nAids to the visit :\r\nAudio-guide FR or GB or ALL : 3 euros per person\r\nBooklet in FR, GB, ALL: 1 euro\r\nBooklets in 24 other languages available on request\r\nBooklets in Braille for visually impaired and blind people.",
      "libelleEs" : "Tarifa completa: de 12 a 15 €\nPrecio reducido: de 9 a 12 € (Estudiantes, demandantes de empleo, personas con discapacidad)\nNiño: 5 € (De 5 a 15 años).\n\n Gratuito para los niños menores de 5 años.\n\n✘ Gratis:\r\n● Con el City Pass Aix-en-Provence (visita gratuita y sólo colección permanente).\r\n● Con el Pase Mi Provenza (1 entrada comprada = 1 entrada ofrecida).\r\n\r\nVisita gratuita de las 3 exposiciones (permanentes y temporales) 44 obras monumentales de Victor Vasarely / Vasarely Plasticien / Exposición de verano\r\nPrecio completo 15€ (estudiantes)\r\nTarifa reducida 12€ (estudiantes, demandantes de empleo, discapacitados)\r\n\r\nVisita gratuita, excepto la exposición temporal\r\nPrecio completo 12€ (estudiantes, demandantes de empleo, discapacitados)\r\nTarifa reducida 9€ (estudiantes, demandantes de empleo, discapacitados)\r\n\r\nVisita de la exposición temporal únicamente\r\nBillete sencillo 8 euros\r\n\r\nVisitar las ayudas :\r\nAudioguía FR o GB o ALL: 3 euros por persona\r\nFolleto en FR, GB, ALL: 1 euro\r\nFolletos en otros 24 idiomas disponibles bajo petición\r\nFolletos en braille para personas con discapacidad visual e invidentes.",
      "libelleIt" : "Tarrifa intera: da 12 a 15 €\nPrezzo ridotto: da 9 a 12 €\nBambino: 5 €.\n\n Gratuito per i bambini di età inferiore a 5 anni.",
      "libelleDe" : "Voller Preis: von 12 bis 15 €\nReduzierter Preis: von 9 bis 12 € (Studierende, Arbeitssuchende, Menschen mit Behinderungen)\nKinder: 5 € (5 bis 15 Jahre).\n\n Kostenlos für Kinder unter 5 Jahren.\n\n✘ Kostenlos :\r\n● Mit dem City Pass Aix-en-Provence (nur freie Besichtigung und ständige Sammlung).\r\n● Mit dem Pass My Provence (1 gekaufter Eintritt = 1 geschenkter Eintritt).\r\n\r\nFreier Besuch der 3 Ausstellungen (permanente und temporäre) 44 monumentale Werke von Victor Vasarely / Vasarely Plasticien / Sommerausstellung.\r\nVoller Tarif 15€\r\nErmäßigter Tarif 12€ (Studenten, Arbeitssuchende, Menschen mit Behinderungen).\r\n\r\nFreier Besuch außerhalb der Sonderausstellung\r\nVoller Tarif 12€\r\nErmäßigter Tarif 9€ (Studenten, Arbeitssuchende, Menschen mit Behinderung)\r\n\r\nNur Besuch der zeitweiligen Ausstellung\r\nEinmalige Taif 8€\r\n\r\nHilfen für den Besuch :\r\nAudioguide FR oder GB oder ALL: 3€ pro Person.\r\nBooklet für den Besuch in FR, GB oder ALL: 1 Euro.\r\nBüchlein in 24 weiteren Fremdsprachen auf Anfrage erhältlich.\r\nBüchlein in Braille-Schrift für sehbehinderte und blinde Menschen.",
      "libelleNl" : "Vol tarief: € 12 tot en met € 15\nKorting: € 9 tot en met € 12\nKind: € 5.\n\n Gratis voor kinderen onder de 5 jaar.",
      "libelleRu" : "Полную цену : с 12 до  15 €\nСниженная цена : с 9 до  12 €\nРебенок : 5 €.\n\n Бесплатно для лицам младше 5 лет.",
      "libelleZh" : "全额 : 从 12 到  15 €\n减价 : 从 9 到  12 €\n儿童 : 5 €.\n\n 儿童 < 5 岁自由进入.",
      "libellePtBR" : "Tarifa inteira: de 12 a 15 €\nPreço reduzido: de 9 a 12 €\nCriança: 5 €.\n\n Gratuito para menores de 5 anos.",
      "libelleJa" : "通常料金: 12 から 15 €\n割引料金: 9 から 12 €\n子供: 5 €.\n\n 子供 < 5 歳 は入場無料."
    },
    "tarifsEnClairGenerationMode" : "AUTOMATIQUE",
    "complement" : {
      "libelleFr" : "✘ Gratuités :\r\n● Avec le City Pass Aix-en-Provence (visite libre et collection permanente uniquement)\r\n● Avec le Pass My Provence (1 entrée achetée = 1 entrée offerte).\r\n\r\nVisite libre des 3 expositions (permanentes et temporaire) 44 œuvres monumentales de Victor Vasarely / Vasarely Plasticien / Exposition estivale\r\nTarif Plein 15€\r\nTarif réduit 12€ (étudiants, demandeurs d’emplois, personnes en situation de handicap)\r\n\r\nVisite libre hors exposition temporaire\r\nTarif Plein 12€\r\nTarif réduit 9€ (étudiants, demandeurs d’emplois, personnes en situation de handicap)\r\n\r\nVisite de l'exposition temporaire uniquement\r\nTaif unique 8€\r\n\r\nAides à la visite :\r\nAudio-guide FR ou GB ou ALL : 3 euros par personne\r\nLivret de visite en FR, GB, ALL : 1 euro\r\nLivrets en 24 autres langues étrangères disponibles sur consultation\r\nLivrets en braille pour personnes mal et non voyantes",
      "libelleEn" : "✘ Free access\r\n● With the City Pass Aix-en-Provence (free visit and permanent collection only).\r\n● With the My Provence Pass (1 entry purchased = 1 entry offered).\r\n\r\nFree visit of the 3 exhibitions (permanent and temporary) 44 monumental works by Victor Vasarely / Vasarely Plasticien / Summer exhibition\r\nFull price 15€ (for students)\r\nReduced rate 12€ (students, job seekers, disabled persons)\r\nChildren's rate : 5 € (from 5 to 15 years old)\r\n\r\nFree visit except temporary exhibition\r\nFull price 12€ (for students, job seekers, disabled persons)\r\nReduced rate 9€ (students, job seekers, disabled persons)\r\n\r\nVisit of the temporary exhibition only\r\nSingle ticket €8\r\n\r\nAids to the visit :\r\nAudio-guide FR or GB or ALL : 3 euros per person\r\nBooklet in FR, GB, ALL: 1 euro\r\nBooklets in 24 other languages available on request\r\nBooklets in Braille for visually impaired and blind people.",
      "libelleEs" : "✘ Gratis:\r\n● Con el City Pass Aix-en-Provence (visita gratuita y sólo colección permanente).\r\n● Con el Pase Mi Provenza (1 entrada comprada = 1 entrada ofrecida).\r\n\r\nVisita gratuita de las 3 exposiciones (permanentes y temporales) 44 obras monumentales de Victor Vasarely / Vasarely Plasticien / Exposición de verano\r\nPrecio completo 15€ (estudiantes)\r\nTarifa reducida 12€ (estudiantes, demandantes de empleo, discapacitados)\r\n\r\nVisita gratuita, excepto la exposición temporal\r\nPrecio completo 12€ (estudiantes, demandantes de empleo, discapacitados)\r\nTarifa reducida 9€ (estudiantes, demandantes de empleo, discapacitados)\r\n\r\nVisita de la exposición temporal únicamente\r\nBillete sencillo 8 euros\r\n\r\nVisitar las ayudas :\r\nAudioguía FR o GB o ALL: 3 euros por persona\r\nFolleto en FR, GB, ALL: 1 euro\r\nFolletos en otros 24 idiomas disponibles bajo petición\r\nFolletos en braille para personas con discapacidad visual e invidentes",
      "libelleDe" : "✘ Kostenlos :\r\n● Mit dem City Pass Aix-en-Provence (nur freie Besichtigung und ständige Sammlung).\r\n● Mit dem Pass My Provence (1 gekaufter Eintritt = 1 geschenkter Eintritt).\r\n\r\nFreier Besuch der 3 Ausstellungen (permanente und temporäre) 44 monumentale Werke von Victor Vasarely / Vasarely Plasticien / Sommerausstellung.\r\nVoller Tarif 15€\r\nErmäßigter Tarif 12€ (Studenten, Arbeitssuchende, Menschen mit Behinderungen).\r\n\r\nFreier Besuch außerhalb der Sonderausstellung\r\nVoller Tarif 12€\r\nErmäßigter Tarif 9€ (Studenten, Arbeitssuchende, Menschen mit Behinderung)\r\n\r\nNur Besuch der zeitweiligen Ausstellung\r\nEinmalige Taif 8€\r\n\r\nHilfen für den Besuch :\r\nAudioguide FR oder GB oder ALL: 3€ pro Person.\r\nBooklet für den Besuch in FR, GB oder ALL: 1 Euro.\r\nBüchlein in 24 weiteren Fremdsprachen auf Anfrage erhältlich.\r\nBüchlein in Braille-Schrift für sehbehinderte und blinde Menschen"
    },
    "periodes" : [ {
      "identifiant" : 12137574,
      "dateDebut" : "2022-01-01",
      "dateFin" : "2022-12-31",
      "tarifs" : [ {
        "devise" : "EUR",
        "minimum" : 12.00,
        "maximum" : 15.00,
        "precisionTarif" : { },
        "type" : {
          "elementReferenceType" : "TarifType",
          "id" : 5250
        }
      }, {
        "devise" : "EUR",
        "minimum" : 9.00,
        "maximum" : 12.00,
        "precisionTarif" : {
          "libelleFr" : "Etudiants, demandeurs d’emplois, personnes en situation de handicap",
          "libelleEn" : "Students, job seekers, people with disabilities",
          "libelleEs" : "Estudiantes, demandantes de empleo, personas con discapacidad",
          "libelleDe" : "Studierende, Arbeitssuchende, Menschen mit Behinderungen"
        },
        "type" : {
          "elementReferenceType" : "TarifType",
          "id" : 5251
        }
      }, {
        "devise" : "EUR",
        "minimum" : 5.00,
        "maximum" : 5.00,
        "precisionTarif" : {
          "libelleFr" : "5 à 15 ans",
          "libelleEn" : "5 to 15 years old",
          "libelleEs" : "De 5 a 15 años",
          "libelleDe" : "5 bis 15 Jahre"
        },
        "type" : {
          "elementReferenceType" : "TarifType",
          "id" : 1751
        }
      } ]
    } ],
    "modesPaiement" : [ {
      "elementReferenceType" : "ModePaiement",
      "id" : 1271
    }, {
      "elementReferenceType" : "ModePaiement",
      "id" : 1268
    }, {
      "elementReferenceType" : "ModePaiement",
      "id" : 1277
    }, {
      "elementReferenceType" : "ModePaiement",
      "id" : 1274
    } ],
    "devise" : "EUR",
    "conditions" : {
      "gratuitPourLesMoinsDe" : 5
    }
  },
  "reservation" : {
    "organismes" : [ {
      "identifiant" : 6834654,
      "nom" : "Office de Tourisme d'Aix-en-Provence",
      "type" : {
        "elementReferenceType" : "ReservationType",
        "id" : 475
      },
      "moyensCommunication" : [ {
        "identifiant" : 103851211,
        "type" : {
          "elementReferenceType" : "MoyenCommunicationType",
          "id" : 205
        },
        "coordonnees" : {
          "fr" : "https://reservation.aixenprovencetourism.com/reserver-fondation-vasarely.html"
        }
      } ],
      "locked" : false
    } ]
  },
  "criteresInternes" : [ {
    "id" : 10234
  }, {
    "id" : 12888
  }, {
    "id" : 12889
  }, {
    "id" : 12890
  }, {
    "id" : 12891
  }, {
    "id" : 13198
  }, {
    "id" : 13246
  }, {
    "id" : 13248
  }, {
    "id" : 15590
  }, {
    "id" : 16646
  }, {
    "id" : 16775
  }, {
    "id" : 16903
  }, {
    "id" : 18002
  }, {
    "id" : 23500
  }, {
    "id" : 23526
  } ],
  "contacts" : [ {
    "identifiant" : 18673394,
    "referent" : true,
    "civilite" : {
      "elementReferenceType" : "ContactCivilite",
      "id" : 442
    },
    "nom" : "Huet",
    "prenom" : "Camille",
    "titre" : {
      "libelleFr" : "Responsable de la médiation culturelle"
    },
    "fonction" : {
      "elementReferenceType" : "ContactFonction",
      "id" : 468
    },
    "moyensCommunication" : [ {
      "identifiant" : 93362857,
      "type" : {
        "elementReferenceType" : "MoyenCommunicationType",
        "id" : 204
      },
      "coordonnees" : {
        "fr" : "camille.huet@fondationvasarely.org"
      }
    }, {
      "identifiant" : 93362868,
      "type" : {
        "elementReferenceType" : "MoyenCommunicationType",
        "id" : 201
      },
      "coordonnees" : {
        "fr" : "04 42 20 01 09"
      }
    } ]
  } ],
  "illustrations" : [ {
    "identifiant" : 9004702,
    "link" : false,
    "type" : "IMAGE",
    "nom" : {
      "libelleFr" : "13T2000670_1_HD.jpg"
    },
    "copyright" : {
      "libelleFr" : "GeoffreyAF"
    },
    "traductionFichiers" : [ {
      "locale" : "fr",
      "url" : "https://static.apidae-tourisme.com/filestore/objets-touristiques/images/29/215/8771357.jpg",
      "urlListe" : "https://static.apidae-tourisme.com/filestore/objets-touristiques/images/29/215/8771357-liste.jpg",
      "urlFiche" : "https://static.apidae-tourisme.com/filestore/objets-touristiques/images/29/215/8771357-fiche.jpg",
      "urlDiaporama" : "https://static.apidae-tourisme.com/filestore/objets-touristiques/images/29/215/8771357-diaporama.jpg",
      "extension" : "jpg",
      "fileName" : "full",
      "taille" : 873160,
      "hauteur" : 1440,
      "largeur" : 1920,
      "lastModifiedDate" : "2020-11-05T05:10:24.000+0000"
    } ],
    "locked" : false
  }, {
    "identifiant" : 9004703,
    "link" : false,
    "type" : "IMAGE",
    "nom" : {
      "libelleFr" : "13T2000670_2_HD.jpg"
    },
    "copyright" : {
      "libelleFr" : "Fondation Vasarely"
    },
    "traductionFichiers" : [ {
      "locale" : "fr",
      "url" : "https://static.apidae-tourisme.com/filestore/objets-touristiques/images/30/215/8771358.jpg",
      "urlListe" : "https://static.apidae-tourisme.com/filestore/objets-touristiques/images/30/215/8771358-liste.jpg",
      "urlFiche" : "https://static.apidae-tourisme.com/filestore/objets-touristiques/images/30/215/8771358-fiche.jpg",
      "urlDiaporama" : "https://static.apidae-tourisme.com/filestore/objets-touristiques/images/30/215/8771358-diaporama.jpg",
      "extension" : "jpg",
      "fileName" : "full",
      "taille" : 1285300,
      "hauteur" : 1440,
      "largeur" : 1920,
      "lastModifiedDate" : "2020-11-05T05:10:15.000+0000"
    } ],
    "locked" : false
  }, {
    "identifiant" : 9004704,
    "link" : false,
    "type" : "IMAGE",
    "nom" : {
      "libelleFr" : "13T2000670_3_HD.jpg"
    },
    "copyright" : {
      "libelleFr" : "Fondation Vasarely"
    },
    "traductionFichiers" : [ {
      "locale" : "fr",
      "url" : "https://static.apidae-tourisme.com/filestore/objets-touristiques/images/31/215/8771359.jpg",
      "urlListe" : "https://static.apidae-tourisme.com/filestore/objets-touristiques/images/31/215/8771359-liste.jpg",
      "urlFiche" : "https://static.apidae-tourisme.com/filestore/objets-touristiques/images/31/215/8771359-fiche.jpg",
      "urlDiaporama" : "https://static.apidae-tourisme.com/filestore/objets-touristiques/images/31/215/8771359-diaporama.jpg",
      "extension" : "jpg",
      "fileName" : "full",
      "taille" : 1024311,
      "hauteur" : 1440,
      "largeur" : 1920,
      "lastModifiedDate" : "2020-11-05T05:10:14.000+0000"
    } ],
    "locked" : false
  }, {
    "identifiant" : 9004705,
    "link" : false,
    "type" : "IMAGE",
    "nom" : {
      "libelleFr" : "13T2000670_4_HD.jpg"
    },
    "copyright" : {
      "libelleFr" : "Fondation Vasarely - Anne Fourès"
    },
    "traductionFichiers" : [ {
      "locale" : "fr",
      "url" : "https://static.apidae-tourisme.com/filestore/objets-touristiques/images/32/215/8771360.jpg",
      "urlListe" : "https://static.apidae-tourisme.com/filestore/objets-touristiques/images/32/215/8771360-liste.jpg",
      "urlFiche" : "https://static.apidae-tourisme.com/filestore/objets-touristiques/images/32/215/8771360-fiche.jpg",
      "urlDiaporama" : "https://static.apidae-tourisme.com/filestore/objets-touristiques/images/32/215/8771360-diaporama.jpg",
      "extension" : "jpg",
      "fileName" : "full",
      "taille" : 1125947,
      "hauteur" : 1440,
      "largeur" : 1920,
      "lastModifiedDate" : "2020-11-05T05:10:18.000+0000"
    } ],
    "locked" : false
  }, {
    "identifiant" : 9004706,
    "link" : false,
    "type" : "IMAGE",
    "nom" : {
      "libelleFr" : "13T2000670_5_HD.jpg"
    },
    "copyright" : {
      "libelleFr" : "Fondation Vasarely - Anne Fourès"
    },
    "traductionFichiers" : [ {
      "locale" : "fr",
      "url" : "https://static.apidae-tourisme.com/filestore/objets-touristiques/images/33/215/8771361.jpg",
      "urlListe" : "https://static.apidae-tourisme.com/filestore/objets-touristiques/images/33/215/8771361-liste.jpg",
      "urlFiche" : "https://static.apidae-tourisme.com/filestore/objets-touristiques/images/33/215/8771361-fiche.jpg",
      "urlDiaporama" : "https://static.apidae-tourisme.com/filestore/objets-touristiques/images/33/215/8771361-diaporama.jpg",
      "extension" : "jpg",
      "fileName" : "full",
      "taille" : 886936,
      "hauteur" : 1440,
      "largeur" : 1920,
      "lastModifiedDate" : "2020-11-05T05:10:17.000+0000"
    } ],
    "locked" : false
  }, {
    "identifiant" : 9004707,
    "link" : false,
    "type" : "IMAGE",
    "nom" : {
      "libelleFr" : "13T2000670_6_HD.jpg"
    },
    "copyright" : {
      "libelleFr" : "Fondation Vasarely"
    },
    "traductionFichiers" : [ {
      "locale" : "fr",
      "url" : "https://static.apidae-tourisme.com/filestore/objets-touristiques/images/34/215/8771362.jpg",
      "urlListe" : "https://static.apidae-tourisme.com/filestore/objets-touristiques/images/34/215/8771362-liste.jpg",
      "urlFiche" : "https://static.apidae-tourisme.com/filestore/objets-touristiques/images/34/215/8771362-fiche.jpg",
      "urlDiaporama" : "https://static.apidae-tourisme.com/filestore/objets-touristiques/images/34/215/8771362-diaporama.jpg",
      "extension" : "jpg",
      "fileName" : "full",
      "taille" : 676564,
      "hauteur" : 1440,
      "largeur" : 1920,
      "lastModifiedDate" : "2020-11-05T05:10:20.000+0000"
    } ],
    "locked" : false
  }, {
    "identifiant" : 9004708,
    "link" : false,
    "type" : "IMAGE",
    "nom" : {
      "libelleFr" : "13T2000670_7_HD.jpg"
    },
    "copyright" : {
      "libelleFr" : "Fondation Vasarely"
    },
    "traductionFichiers" : [ {
      "locale" : "fr",
      "url" : "https://static.apidae-tourisme.com/filestore/objets-touristiques/images/35/215/8771363.jpg",
      "urlListe" : "https://static.apidae-tourisme.com/filestore/objets-touristiques/images/35/215/8771363-liste.jpg",
      "urlFiche" : "https://static.apidae-tourisme.com/filestore/objets-touristiques/images/35/215/8771363-fiche.jpg",
      "urlDiaporama" : "https://static.apidae-tourisme.com/filestore/objets-touristiques/images/35/215/8771363-diaporama.jpg",
      "extension" : "jpg",
      "fileName" : "full",
      "taille" : 814801,
      "hauteur" : 1440,
      "largeur" : 1920,
      "lastModifiedDate" : "2020-11-05T05:10:19.000+0000"
    } ],
    "locked" : false
  }, {
    "identifiant" : 9004709,
    "link" : false,
    "type" : "IMAGE",
    "nom" : {
      "libelleFr" : "13T2000670_8_HD.jpg"
    },
    "copyright" : {
      "libelleFr" : "Fondation Vasarely"
    },
    "traductionFichiers" : [ {
      "locale" : "fr",
      "url" : "https://static.apidae-tourisme.com/filestore/objets-touristiques/images/36/215/8771364.jpg",
      "urlListe" : "https://static.apidae-tourisme.com/filestore/objets-touristiques/images/36/215/8771364-liste.jpg",
      "urlFiche" : "https://static.apidae-tourisme.com/filestore/objets-touristiques/images/36/215/8771364-fiche.jpg",
      "urlDiaporama" : "https://static.apidae-tourisme.com/filestore/objets-touristiques/images/36/215/8771364-diaporama.jpg",
      "extension" : "jpg",
      "fileName" : "full",
      "taille" : 1125999,
      "hauteur" : 1440,
      "largeur" : 1920,
      "lastModifiedDate" : "2020-11-05T05:10:22.000+0000"
    } ],
    "locked" : false
  }, {
    "identifiant" : 9004710,
    "link" : false,
    "type" : "IMAGE",
    "nom" : {
      "libelleFr" : "13T2000670_9_HD.jpg"
    },
    "copyright" : {
      "libelleFr" : "Fondation Vasarely"
    },
    "traductionFichiers" : [ {
      "locale" : "fr",
      "url" : "https://static.apidae-tourisme.com/filestore/objets-touristiques/images/37/215/8771365.jpg",
      "urlListe" : "https://static.apidae-tourisme.com/filestore/objets-touristiques/images/37/215/8771365-liste.jpg",
      "urlFiche" : "https://static.apidae-tourisme.com/filestore/objets-touristiques/images/37/215/8771365-fiche.jpg",
      "urlDiaporama" : "https://static.apidae-tourisme.com/filestore/objets-touristiques/images/37/215/8771365-diaporama.jpg",
      "extension" : "jpg",
      "fileName" : "full",
      "taille" : 388555,
      "hauteur" : 1440,
      "largeur" : 1920,
      "lastModifiedDate" : "2020-11-05T05:10:21.000+0000"
    } ],
    "locked" : false
  }, {
    "identifiant" : 9004711,
    "link" : false,
    "type" : "IMAGE",
    "nom" : {
      "libelleFr" : "13T2000670_10_HD.jpg"
    },
    "copyright" : {
      "libelleFr" : "Fondation Vasarely"
    },
    "traductionFichiers" : [ {
      "locale" : "fr",
      "url" : "https://static.apidae-tourisme.com/filestore/objets-touristiques/images/38/215/8771366.jpg",
      "urlListe" : "https://static.apidae-tourisme.com/filestore/objets-touristiques/images/38/215/8771366-liste.jpg",
      "urlFiche" : "https://static.apidae-tourisme.com/filestore/objets-touristiques/images/38/215/8771366-fiche.jpg",
      "urlDiaporama" : "https://static.apidae-tourisme.com/filestore/objets-touristiques/images/38/215/8771366-diaporama.jpg",
      "extension" : "jpg",
      "fileName" : "full",
      "taille" : 344840,
      "hauteur" : 1440,
      "largeur" : 1920,
      "lastModifiedDate" : "2020-11-05T05:10:23.000+0000"
    } ],
    "locked" : false
  } ],
  "multimedias" : [ {
    "identifiant" : 11857825,
    "link" : true,
    "type" : "CHAINE_YOUTUBE",
    "nom" : {
      "libelleFr" : "Chaîne Youtube",
      "libelleEn" : "Youtube Channel"
    },
    "traductionFichiers" : [ {
      "locale" : "fr",
      "url" : "https://www.youtube.com/channel/UCdJ1plVxVrQIAXomIerXLEg"
    }, {
      "locale" : "en",
      "url" : "https://www.youtube.com/channel/UCdJ1plVxVrQIAXomIerXLEg"
    } ],
    "locked" : false
  } ],
  "tourismeAffaires" : {
    "tourismeAffairesEnabled" : true,
    "sallesEquipeesPour" : [ {
      "elementReferenceType" : "SalleEquipeePour",
      "id" : 1239
    } ],
    "nombreSallesReunionEquipees" : 11
  },
  "visites" : {
    "languesPanneauInformation" : [ {
      "elementReferenceType" : "Langue",
      "id" : 1189
    }, {
      "elementReferenceType" : "Langue",
      "id" : 1192
    }, {
      "elementReferenceType" : "Langue",
      "id" : 1197
    } ],
    "visitable" : true,
    "prestationsVisitesIndividuelles" : [ {
      "elementReferenceType" : "PrestationVisiteIndividuelle",
      "id" : 480
    } ]
  },
  "territoires" : [ {
    "type" : "TERRITOIRE",
    "id" : 591381
  }, {
    "type" : "TERRITOIRE",
    "id" : 591419
  }, {
    "type" : "TERRITOIRE",
    "id" : 5127066
  }, {
    "type" : "TERRITOIRE",
    "id" : 5427620
  }, {
    "type" : "TERRITOIRE",
    "id" : 5427637
  }, {
    "type" : "TERRITOIRE",
    "id" : 5460325
  }, {
    "type" : "TERRITOIRE",
    "id" : 5693839
  }, {
    "type" : "TERRITOIRE",
    "id" : 5775948
  }, {
    "type" : "TERRITOIRE",
    "id" : 5853930
  } ],
  "datesOuverture" : [ "2022-11-08", "2022-11-09", "2022-11-10", "2022-11-11", "2022-11-12", "2022-11-13", "2022-11-14", "2022-11-15", "2022-11-16", "2022-11-17", "2022-11-18", "2022-11-19", "2022-11-20", "2022-11-21", "2022-11-22", "2022-11-23", "2022-11-24", "2022-11-25", "2022-11-26", "2022-11-27", "2022-11-28", "2022-11-29", "2022-11-30", "2022-12-01", "2022-12-02", "2022-12-03", "2022-12-04", "2022-12-05", "2022-12-06", "2022-12-07", "2022-12-08", "2022-12-09", "2022-12-10", "2022-12-11", "2022-12-12", "2022-12-13", "2022-12-14", "2022-12-15", "2022-12-16", "2022-12-17", "2022-12-18", "2022-12-19", "2022-12-20", "2022-12-21", "2022-12-22", "2022-12-23", "2022-12-24", "2022-12-26", "2022-12-27", "2022-12-28", "2022-12-29", "2022-12-30", "2022-12-31", "2023-01-02", "2023-01-03", "2023-01-04", "2023-01-05", "2023-01-06", "2023-01-07", "2023-01-08", "2023-01-09", "2023-01-10", "2023-01-11", "2023-01-12", "2023-01-13", "2023-01-14", "2023-01-15", "2023-01-16", "2023-01-17", "2023-01-18", "2023-01-19", "2023-01-20", "2023-01-21", "2023-01-22", "2023-01-23", "2023-01-24", "2023-01-25", "2023-01-26", "2023-01-27", "2023-01-28", "2023-01-29", "2023-01-30", "2023-01-31", "2023-02-01", "2023-02-02", "2023-02-03", "2023-02-04", "2023-02-05", "2023-02-06", "2023-02-07", "2023-02-08", "2023-02-09", "2023-02-10", "2023-02-11", "2023-02-12", "2023-02-13", "2023-02-14", "2023-02-15", "2023-02-16", "2023-02-17", "2023-02-18", "2023-02-19", "2023-02-20", "2023-02-21", "2023-02-22", "2023-02-23", "2023-02-24", "2023-02-25", "2023-02-26", "2023-02-27", "2023-02-28", "2023-03-01", "2023-03-02", "2023-03-03", "2023-03-04", "2023-03-05", "2023-03-06", "2023-03-07", "2023-03-08", "2023-03-09", "2023-03-10", "2023-03-11", "2023-03-12", "2023-03-13", "2023-03-14", "2023-03-15", "2023-03-16", "2023-03-17", "2023-03-18", "2023-03-19", "2023-03-20", "2023-03-21", "2023-03-22", "2023-03-23", "2023-03-24", "2023-03-25", "2023-03-26", "2023-03-27", "2023-03-28", "2023-03-29", "2023-03-30", "2023-03-31", "2023-04-01", "2023-04-02", "2023-04-03", "2023-04-04", "2023-04-05", "2023-04-06", "2023-04-07", "2023-04-08", "2023-04-09", "2023-04-10", "2023-04-11", "2023-04-12", "2023-04-13", "2023-04-14", "2023-04-15", "2023-04-16", "2023-04-17", "2023-04-18", "2023-04-19", "2023-04-20", "2023-04-21", "2023-04-22", "2023-04-23", "2023-04-24", "2023-04-25", "2023-04-26", "2023-04-27", "2023-04-28", "2023-04-29", "2023-04-30", "2023-05-01", "2023-05-02", "2023-05-03", "2023-05-04", "2023-05-05", "2023-05-06", "2023-05-07", "2023-05-08", "2023-05-09", "2023-05-10", "2023-05-11", "2023-05-12", "2023-05-13", "2023-05-14", "2023-05-15", "2023-05-16", "2023-05-17", "2023-05-18", "2023-05-19", "2023-05-20", "2023-05-21", "2023-05-22", "2023-05-23", "2023-05-24", "2023-05-25", "2023-05-26", "2023-05-27", "2023-05-28", "2023-05-29", "2023-05-30", "2023-05-31", "2023-06-01", "2023-06-02", "2023-06-03", "2023-06-04", "2023-06-05", "2023-06-06", "2023-06-07", "2023-06-08", "2023-06-09", "2023-06-10", "2023-06-11", "2023-06-12", "2023-06-13", "2023-06-14", "2023-06-15", "2023-06-16", "2023-06-17", "2023-06-18", "2023-06-19", "2023-06-20", "2023-06-21", "2023-06-22", "2023-06-23", "2023-06-24", "2023-06-25", "2023-06-26", "2023-06-27", "2023-06-28", "2023-06-29", "2023-06-30", "2023-07-01", "2023-07-02", "2023-07-03", "2023-07-04", "2023-07-05", "2023-07-06", "2023-07-07", "2023-07-08", "2023-07-09", "2023-07-10", "2023-07-11", "2023-07-12", "2023-07-13", "2023-07-14", "2023-07-15", "2023-07-16", "2023-07-17", "2023-07-18", "2023-07-19", "2023-07-20", "2023-07-21", "2023-07-22", "2023-07-23", "2023-07-24", "2023-07-25", "2023-07-26", "2023-07-27", "2023-07-28", "2023-07-29", "2023-07-30", "2023-07-31", "2023-08-01", "2023-08-02", "2023-08-03", "2023-08-04", "2023-08-05", "2023-08-06", "2023-08-07", "2023-08-08", "2023-08-09", "2023-08-10", "2023-08-11", "2023-08-12", "2023-08-13", "2023-08-14", "2023-08-15", "2023-08-16", "2023-08-17", "2023-08-18", "2023-08-19", "2023-08-20", "2023-08-21", "2023-08-22", "2023-08-23", "2023-08-24", "2023-08-25", "2023-08-26", "2023-08-27", "2023-08-28", "2023-08-29", "2023-08-30", "2023-08-31", "2023-09-01", "2023-09-02", "2023-09-03", "2023-09-04", "2023-09-05", "2023-09-06", "2023-09-07", "2023-09-08", "2023-09-09", "2023-09-10", "2023-09-11", "2023-09-12", "2023-09-13", "2023-09-14", "2023-09-15", "2023-09-16", "2023-09-17", "2023-09-18", "2023-09-19", "2023-09-20", "2023-09-21", "2023-09-22", "2023-09-23", "2023-09-24", "2023-09-25", "2023-09-26", "2023-09-27", "2023-09-28", "2023-09-29", "2023-09-30", "2023-10-01", "2023-10-02", "2023-10-03", "2023-10-04", "2023-10-05", "2023-10-06", "2023-10-07", "2023-10-08", "2023-10-09", "2023-10-10", "2023-10-11", "2023-10-12", "2023-10-13", "2023-10-14", "2023-10-15", "2023-10-16", "2023-10-17", "2023-10-18", "2023-10-19", "2023-10-20", "2023-10-21", "2023-10-22", "2023-10-23", "2023-10-24", "2023-10-25", "2023-10-26", "2023-10-27", "2023-10-28", "2023-10-29", "2023-10-30", "2023-10-31", "2023-11-01", "2023-11-02", "2023-11-03", "2023-11-04", "2023-11-05", "2023-11-06", "2023-11-07", "2023-11-08", "2023-11-09", "2023-11-10", "2023-11-11", "2023-11-12", "2023-11-13", "2023-11-14", "2023-11-15", "2023-11-16", "2023-11-17", "2023-11-18", "2023-11-19", "2023-11-20", "2023-11-21", "2023-11-22", "2023-11-23", "2023-11-24", "2023-11-25", "2023-11-26", "2023-11-27", "2023-11-28", "2023-11-29", "2023-11-30", "2023-12-01", "2023-12-02", "2023-12-03", "2023-12-04", "2023-12-05", "2023-12-06", "2023-12-07", "2023-12-08", "2023-12-09", "2023-12-10", "2023-12-11", "2023-12-12", "2023-12-13", "2023-12-14", "2023-12-15", "2023-12-16", "2023-12-17", "2023-12-18", "2023-12-19", "2023-12-20", "2023-12-21", "2023-12-22", "2023-12-23", "2023-12-24", "2023-12-26", "2023-12-27", "2023-12-28", "2023-12-29", "2023-12-30", "2023-12-31", "2024-01-02", "2024-01-03", "2024-01-04", "2024-01-05", "2024-01-06", "2024-01-07", "2024-01-08", "2024-01-09", "2024-01-10", "2024-01-11", "2024-01-12", "2024-01-13", "2024-01-14", "2024-01-15", "2024-01-16", "2024-01-17", "2024-01-18", "2024-01-19", "2024-01-20", "2024-01-21", "2024-01-22", "2024-01-23", "2024-01-24", "2024-01-25", "2024-01-26", "2024-01-27", "2024-01-28", "2024-01-29", "2024-01-30", "2024-01-31", "2024-02-01", "2024-02-02", "2024-02-03", "2024-02-04", "2024-02-05", "2024-02-06", "2024-02-07", "2024-02-08", "2024-02-09", "2024-02-10", "2024-02-11", "2024-02-12", "2024-02-13", "2024-02-14", "2024-02-15", "2024-02-16", "2024-02-17", "2024-02-18", "2024-02-19", "2024-02-20", "2024-02-21", "2024-02-22", "2024-02-23", "2024-02-24", "2024-02-25", "2024-02-26", "2024-02-27", "2024-02-28", "2024-02-29", "2024-03-01", "2024-03-02", "2024-03-03", "2024-03-04", "2024-03-05", "2024-03-06", "2024-03-07", "2024-03-08", "2024-03-09", "2024-03-10", "2024-03-11", "2024-03-12", "2024-03-13", "2024-03-14", "2024-03-15", "2024-03-16", "2024-03-17", "2024-03-18", "2024-03-19", "2024-03-20", "2024-03-21", "2024-03-22", "2024-03-23", "2024-03-24", "2024-03-25", "2024-03-26", "2024-03-27", "2024-03-28", "2024-03-29", "2024-03-30", "2024-03-31", "2024-04-01", "2024-04-02", "2024-04-03", "2024-04-04", "2024-04-05", "2024-04-06", "2024-04-07", "2024-04-08", "2024-04-09", "2024-04-10", "2024-04-11", "2024-04-12", "2024-04-13", "2024-04-14", "2024-04-15", "2024-04-16", "2024-04-17", "2024-04-18", "2024-04-19", "2024-04-20", "2024-04-21", "2024-04-22", "2024-04-23", "2024-04-24", "2024-04-25", "2024-04-26", "2024-04-27", "2024-04-28", "2024-04-29", "2024-04-30", "2024-05-01", "2024-05-02", "2024-05-03", "2024-05-04", "2024-05-05", "2024-05-06", "2024-05-07", "2024-05-08", "2024-05-09", "2024-05-10", "2024-05-11", "2024-05-12", "2024-05-13", "2024-05-14", "2024-05-15", "2024-05-16", "2024-05-17", "2024-05-18", "2024-05-19", "2024-05-20", "2024-05-21", "2024-05-22", "2024-05-23", "2024-05-24", "2024-05-25", "2024-05-26", "2024-05-27", "2024-05-28", "2024-05-29", "2024-05-30", "2024-05-31", "2024-06-01", "2024-06-02", "2024-06-03", "2024-06-04", "2024-06-05", "2024-06-06", "2024-06-07", "2024-06-08", "2024-06-09", "2024-06-10", "2024-06-11", "2024-06-12", "2024-06-13", "2024-06-14", "2024-06-15", "2024-06-16", "2024-06-17", "2024-06-18", "2024-06-19", "2024-06-20", "2024-06-21", "2024-06-22", "2024-06-23", "2024-06-24", "2024-06-25", "2024-06-26", "2024-06-27", "2024-06-28", "2024-06-29", "2024-06-30", "2024-07-01", "2024-07-02", "2024-07-03", "2024-07-04", "2024-07-05", "2024-07-06", "2024-07-07", "2024-07-08", "2024-07-09", "2024-07-10", "2024-07-11", "2024-07-12", "2024-07-13", "2024-07-14", "2024-07-15", "2024-07-16", "2024-07-17", "2024-07-18", "2024-07-19", "2024-07-20", "2024-07-21", "2024-07-22", "2024-07-23", "2024-07-24", "2024-07-25", "2024-07-26", "2024-07-27", "2024-07-28", "2024-07-29", "2024-07-30", "2024-07-31", "2024-08-01", "2024-08-02", "2024-08-03", "2024-08-04", "2024-08-05", "2024-08-06", "2024-08-07", "2024-08-08", "2024-08-09", "2024-08-10", "2024-08-11", "2024-08-12", "2024-08-13", "2024-08-14", "2024-08-15", "2024-08-16", "2024-08-17", "2024-08-18", "2024-08-19", "2024-08-20", "2024-08-21", "2024-08-22", "2024-08-23", "2024-08-24", "2024-08-25", "2024-08-26", "2024-08-27", "2024-08-28", "2024-08-29", "2024-08-30", "2024-08-31", "2024-09-01", "2024-09-02", "2024-09-03", "2024-09-04", "2024-09-05", "2024-09-06", "2024-09-07", "2024-09-08", "2024-09-09", "2024-09-10", "2024-09-11", "2024-09-12", "2024-09-13", "2024-09-14", "2024-09-15", "2024-09-16", "2024-09-17", "2024-09-18", "2024-09-19", "2024-09-20", "2024-09-21", "2024-09-22", "2024-09-23", "2024-09-24", "2024-09-25", "2024-09-26", "2024-09-27", "2024-09-28", "2024-09-29", "2024-09-30", "2024-10-01", "2024-10-02", "2024-10-03", "2024-10-04", "2024-10-05", "2024-10-06", "2024-10-07", "2024-10-08", "2024-10-09", "2024-10-10", "2024-10-11", "2024-10-12", "2024-10-13", "2024-10-14", "2024-10-15", "2024-10-16", "2024-10-17", "2024-10-18", "2024-10-19", "2024-10-20", "2024-10-21", "2024-10-22", "2024-10-23", "2024-10-24", "2024-10-25", "2024-10-26", "2024-10-27", "2024-10-28", "2024-10-29", "2024-10-30", "2024-10-31", "2024-11-01", "2024-11-02", "2024-11-03", "2024-11-04", "2024-11-05", "2024-11-06", "2024-11-07" ],
  "informationsPatrimoineCulturel" : {
    "patrimoineCulturelType" : {
      "elementReferenceType" : "PatrimoineCulturelType",
      "id" : 3201
    },
    "themes" : [ {
      "elementReferenceType" : "PatrimoineCulturelTheme",
      "id" : 3393
    }, {
      "elementReferenceType" : "PatrimoineCulturelTheme",
      "id" : 3422
    }, {
      "elementReferenceType" : "PatrimoineCulturelTheme",
      "id" : 3423
    } ],
    "categories" : [ {
      "elementReferenceType" : "PatrimoineCulturelCategorie",
      "id" : 3226
    } ]
  },
  "formatVersion" : "v002",
  "expiration" : { },
  "informationsPrestataireActivites" : {
    "prestataireActivites" : true,
    "activitesCulturelles" : [ {
      "elementReferenceType" : "ActiviteCulturellePrestation",
      "id" : 1803
    } ]
  },
  "enquete" : {
    "enquetes" : [ {
      "identifiant" : 2236955,
      "annee" : 2022,
      "retour" : true,
      "titre" : {
        "elementReferenceType" : "EnqueteTitre",
        "id" : 3934
      }
    } ]
  },
  "donneesPrivees" : [ {
    "nomTechnique" : "1947_Id_patio",
    "libelleFr" : "Id_Patio",
    "ordre" : 1,
    "descriptif" : {
      "libelleFr" : "13T2000670"
    }
  }, {
    "nomTechnique" : "1947_Source_patio",
    "libelleFr" : "Source_Patio",
    "ordre" : 2,
    "descriptif" : {
      "libelleFr" : "OT Aix en Provence"
    }
  }, {
    "nomTechnique" : "1947_Url_patio",
    "libelleFr" : "URL_Patio",
    "ordre" : 3,
    "descriptif" : {
      "libelleFr" : "http://www.aixenprovencetourism.com"
    }
  } ],
  "prestationsList" : [ {
    "type" : "ACTIVITE",
    "id" : 5842938
  }, {
    "type" : "ACTIVITE",
    "id" : 6294069
  } ],
  "metadonnees" : [ {
    "noeudId" : "fairguest",
    "contenus" : [ {
      "cible" : "general",
      "metadonnee" : {
        "note" : 8.8,
        "label" : "Très bon",
        "couleur" : "#71a63e",
        "nombreAvis" : 980,
        "dateMaj" : 1667919926313
      }
    } ]
  } ]
}