{
  "type" : "PATRIMOINE_CULTUREL",
  "id" : 5538178,
  "nom" : {
    "libelleFr" : "Chapelle Notre Dame de Miséricorde dite Notre Dame des Marins",
    "libelleEn" : "Chapelle Notre Dame de Miséricorde dite Notre Dame des Marins",
    "libelleEs" : "Chapelle Notre Dame de Miséricorde dite Notre Dame des Marins",
    "libelleIt" : "Chapelle Notre Dame de Miséricorde dite Notre Dame des Marins",
    "libelleDe" : "Chapelle Notre Dame de Miséricorde dite Notre Dame des Marins",
    "libelleNl" : "Chapelle Notre Dame de Miséricorde dite Notre Dame des Marins",
    "libelleRu" : "Chapelle Notre Dame de Miséricorde dite Notre Dame des Marins",
    "libelleZh" : "Chapelle Notre Dame de Miséricorde dite Notre Dame des Marins",
    "libellePtBR" : "Chapelle Notre Dame de Miséricorde dite Notre Dame des Marins",
    "libelleJa" : "Chapelle Notre Dame de Miséricorde dite Notre Dame des Marins"
  },
  "identifier" : "SITRA2_PCU_5538178",
  "state" : "PUBLISHED",
  "gestion" : {
    "dateCreation" : "2020-05-26T17:15:38.979+0000",
    "dateModification" : "2022-08-12T09:51:41.529+0000",
    "dateExportModification" : "2022-08-12T09:51:44.935+0000",
    "membreProprietaire" : {
      "type" : {
        "elementReferenceType" : "MembreSitraType",
        "id" : 233
      },
      "nom" : "Office de Tourisme et des Loisirs de Martigues",
      "dateCreation" : "2020-09-21T14:40:58.539+0000",
      "dateModification" : "2022-10-24T08:49:47.539+0000",
      "id" : 2082,
      "siteWeb" : "http://www.martigues-tourisme.com"
    },
    "signalerUnProblemeMails" : [ "caroline.otmartigues@gmail.com", "etourisme@splte-martigues.fr", "animations@martigues-tourisme.com", "aurelie@martigues-tourisme.com", "webmaster@splte-martigues.fr" ]
  },
  "informations" : {
    "moyensCommunication" : [ {
      "identifiant" : 77080073,
      "type" : {
        "elementReferenceType" : "MoyenCommunicationType",
        "id" : 201
      },
      "coordonnees" : {
        "fr" : "04 42 42 10 65"
      }
    }, {
      "identifiant" : 77080074,
      "type" : {
        "elementReferenceType" : "MoyenCommunicationType",
        "id" : 204
      },
      "coordonnees" : {
        "fr" : "accueilparoisse.m@gmail.com"
      }
    }, {
      "identifiant" : 77080076,
      "type" : {
        "elementReferenceType" : "MoyenCommunicationType",
        "id" : 205
      },
      "coordonnees" : {
        "fr" : "http://paroissedemartigues.over-blog.com"
      }
    } ],
    "informationsLegales" : { },
    "structureGestion" : {
      "type" : "STRUCTURE",
      "id" : 5469025
    }
  },
  "presentation" : {
    "descriptifCourt" : {
      "libelleFr" : "Cette chapelle du XVIIe siècle dédiée à la Vierge avait une importance toute particulière pour les marins de retour au port.",
      "libelleEn" : "This 17th century chapel dedicated to the Virgin was of particular importance for sailors returning to port.",
      "libelleEs" : "Esta capilla del siglo XVII dedicada a la Virgen fue de especial importancia para los marineros que regresaban al puerto.",
      "libelleDe" : "Diese der Jungfrau geweihte Kapelle aus dem 17. Jahrhundert war für Seeleute, die in den Hafen zurückkehrten, von besonderer Bedeutung."
    },
    "descriptifDetaille" : {
      "libelleFr" : "Les pêcheurs y offraient des ex-voto lorsqu’ils réchappaient d'une tempête.\r\nGardienne de la cité, les ex-voto et la statue de la Vierge sont exposés au musée Ziem. \r\nLe panorama sur la ville, l'Etang de Berre, jusqu'aux crêtes de la Sainte-Victoire est magnifique.\r\n\r\nLe nom de la cloche est Césarie, avec mention des noms de Gaby Charroux, député-maire de Martigues et de Benoît Delabre, curé.\r\nSur la cloche est gravée la mention : \"Salve Regina Mater Misericordiae, ora pro Martiguensis Deum.\"\r\nUn dessin d'une Vierge de Miséricorde (manteau) est également représenté.",
      "libelleEn" : "Fishermen used to offer votive offerings here when they survived a storm.\r\nGuardian of the city, the votive offerings and the statue of the Virgin are exhibited at the Ziem museum.\r\nThe panorama over the city, the Etang de Berre, to the peaks of Sainte-Victoire is magnificent.\r\n\r\nThe name of the bell is Césarie, with mention of the names of Gaby Charroux, deputy mayor of Martigues and Benoît Delabre, parish priest.\r\nOn the bell is engraved the words: \"Salve Regina Mater Misericordiae, ora pro Martiguensis Deum.\"\r\nA drawing of a Virgin of Mercy (mantle) is also shown.",
      "libelleEs" : "Los pescadores solían ofrecer ofrendas votivas aquí cuando sobrevivían a una tormenta.\r\nGuardián de la ciudad, las ofrendas votivas y la estatua de la Virgen se exhiben en el museo Ziem.\r\nEl panorama sobre la ciudad, el Etang de Berre, hasta los picos de Sainte-Victoire es magnífico.\r\n\r\nEl nombre de la campana es Césarie, con mención de los nombres de Gaby Charroux, teniente de alcalde de Martigues y Benoît Delabre, párroco.\r\nEn la campana están grabadas las palabras: \"Salve Regina Mater Misericordiae, ora pro Martiguensis Deum\".\r\nTambién se muestra un dibujo de una Virgen de la Merced (manto).",
      "libelleDe" : "Die Fischer boten Votivgaben an, als sie sich von einem Sturm erholten.\r\nDer Wächter der Stadt, die Votivgaben und die Statue der Jungfrau werden im Ziem Museum ausgestellt.\r\nDas Panorama über die Stadt, den Etang de Berre, zu den Gipfeln von Sainte-Victoire ist großartig.\r\n\r\nDer Name der Glocke ist Césarie, wobei die Namen von Gaby Charroux, stellvertretender Bürgermeister von Martigues, und Benoît Delabre, Pfarrer, erwähnt werden.\r\nAuf der Glocke sind die Worte eingraviert: \"Salve Regina Mater Misericordiae, ora pro Martiguensis Deum.\"\r\nEine Zeichnung einer Jungfrau der Barmherzigkeit (Mantel) wird ebenfalls gezeigt."
    },
    "typologiesPromoSitra" : [ {
      "elementReferenceType" : "TypologiePromoSitra",
      "id" : 1603
    } ]
  },
  "localisation" : {
    "adresse" : {
      "adresse1" : "Route De la Vierge",
      "adresse2" : "Colline Notre-Dame-des-Marins",
      "adresse3" : "Ferrières",
      "codePostal" : "13500",
      "bureauDistribution" : "MARTIGUES",
      "commune" : {
        "id" : 4467
      }
    },
    "geolocalisation" : {
      "complement" : { },
      "valide" : true,
      "geoJson" : {
        "type" : "Point",
        "coordinates" : [ 5.046185, 43.415653 ]
      }
    },
    "perimetreGeographique" : [ {
      "id" : 4467
    } ],
    "environnements" : [ {
      "elementReferenceType" : "Environnement",
      "id" : 173
    }, {
      "elementReferenceType" : "Environnement",
      "id" : 183
    }, {
      "elementReferenceType" : "Environnement",
      "id" : 3974
    } ]
  },
  "liens" : {
    "liensObjetsTouristiquesTypes" : [ {
      "type" : "ETAPE_PARCOURS",
      "libelleFr" : "Est une étape de ...",
      "libelleEn" : "Follows a section of...",
      "libelleEs" : "Es una etapa de...",
      "libelleIt" : "È una tappa di...",
      "libelleDe" : "Ist eine Etappe von ...",
      "libelleNl" : "Is een etappe van ...",
      "libelleRu" : "Является этапом...",
      "libelleZh" : "是路线的一阶段",
      "libellePtBR" : "É uma etapa de ...",
      "libelleJa" : "はステップ",
      "objetTouristique" : {
        "type" : "FETE_ET_MANIFESTATION",
        "id" : 5592230
      }
    } ]
  },
  "prestations" : {
    "equipements" : [ {
      "elementReferenceType" : "PrestationEquipement",
      "id" : 1321
    } ],
    "animauxAcceptes" : "NON_ACCEPTES",
    "animauxAcceptesSupplement" : "NON_DISPONIBLE",
    "languesParlees" : [ {
      "elementReferenceType" : "Langue",
      "id" : 1197
    } ],
    "complementAccueil" : { },
    "tourismesAdaptes" : [ {
      "elementReferenceType" : "TourismeAdapte",
      "id" : 4219
    } ]
  },
  "ouverture" : {
    "periodeEnClair" : { },
    "periodeEnClairGenerationMode" : "AUTOMATIQUE"
  },
  "descriptionTarif" : {
    "indicationTarif" : "GRATUIT",
    "gratuit" : true,
    "tarifsEnClair" : {
      "libelleFr" : "Gratuit.",
      "libelleEn" : "Free of charge.",
      "libelleEs" : "Gratis.",
      "libelleIt" : "Gratuito.",
      "libelleDe" : "Kostenlos.",
      "libelleNl" : "Gratis.",
      "libelleRu" : "Бесплатно.",
      "libelleZh" : "免费.",
      "libellePtBR" : "Gratuito.",
      "libelleJa" : "無料."
    },
    "tarifsEnClairGenerationMode" : "AUTOMATIQUE",
    "devise" : "EUR",
    "conditions" : { }
  },
  "reservation" : { },
  "criteresInternes" : [ {
    "id" : 16775
  }, {
    "id" : 18002
  } ],
  "contacts" : [ {
    "identifiant" : 18316284,
    "referent" : true,
    "civilite" : {
      "elementReferenceType" : "ContactCivilite",
      "id" : 443
    },
    "nom" : "ROMAIN",
    "prenom" : "Bernard",
    "titre" : { },
    "fonction" : {
      "elementReferenceType" : "ContactFonction",
      "id" : 457
    },
    "moyensCommunication" : [ {
      "identifiant" : 83690151,
      "type" : {
        "elementReferenceType" : "MoyenCommunicationType",
        "id" : 201
      },
      "coordonnees" : {
        "fr" : "06 63 35 95 98"
      }
    }, {
      "identifiant" : 83690159,
      "type" : {
        "elementReferenceType" : "MoyenCommunicationType",
        "id" : 204
      },
      "coordonnees" : {
        "fr" : "annick.romain@yahoo.fr"
      }
    } ]
  }, {
    "identifiant" : 18316346,
    "referent" : false,
    "civilite" : {
      "elementReferenceType" : "ContactCivilite",
      "id" : 443
    },
    "nom" : "ROMERA",
    "prenom" : "Père Bastien",
    "titre" : { },
    "fonction" : {
      "elementReferenceType" : "ContactFonction",
      "id" : 4196
    },
    "moyensCommunication" : [ {
      "identifiant" : 83690299,
      "type" : {
        "elementReferenceType" : "MoyenCommunicationType",
        "id" : 201
      },
      "coordonnees" : {
        "fr" : "06 21 71 81 18"
      }
    } ]
  } ],
  "illustrations" : [ {
    "identifiant" : 13731597,
    "link" : false,
    "type" : "IMAGE",
    "nom" : {
      "libelleFr" : "Chapelle Notre Dame de Miséricorde dite Notre Dame des Marins"
    },
    "copyright" : {
      "libelleFr" : "Otmartigues-KarimK"
    },
    "traductionFichiers" : [ {
      "locale" : "fr",
      "url" : "https://static.apidae-tourisme.com/filestore/objets-touristiques/images/47/235/13953839.jpg",
      "urlListe" : "https://static.apidae-tourisme.com/filestore/objets-touristiques/images/47/235/13953839-liste.jpg",
      "urlFiche" : "https://static.apidae-tourisme.com/filestore/objets-touristiques/images/47/235/13953839-fiche.jpg",
      "urlDiaporama" : "https://static.apidae-tourisme.com/filestore/objets-touristiques/images/47/235/13953839-diaporama.jpg",
      "extension" : "jpg",
      "fileName" : "full",
      "taille" : 913891,
      "hauteur" : 1440,
      "largeur" : 1920,
      "lastModifiedDate" : "2022-08-12T09:51:41.581+0000"
    } ],
    "locked" : false
  }, {
    "identifiant" : 13731599,
    "link" : false,
    "type" : "IMAGE",
    "nom" : {
      "libelleFr" : "Chapelle Notre Dame de Miséricorde dite Notre Dame des Marins"
    },
    "copyright" : {
      "libelleFr" : "Otmartigues-KarimK"
    },
    "traductionFichiers" : [ {
      "locale" : "fr",
      "url" : "https://static.apidae-tourisme.com/filestore/objets-touristiques/images/49/235/13953841.jpg",
      "urlListe" : "https://static.apidae-tourisme.com/filestore/objets-touristiques/images/49/235/13953841-liste.jpg",
      "urlFiche" : "https://static.apidae-tourisme.com/filestore/objets-touristiques/images/49/235/13953841-fiche.jpg",
      "urlDiaporama" : "https://static.apidae-tourisme.com/filestore/objets-touristiques/images/49/235/13953841-diaporama.jpg",
      "extension" : "jpg",
      "fileName" : "full",
      "taille" : 590954,
      "hauteur" : 1440,
      "largeur" : 1920,
      "lastModifiedDate" : "2022-08-12T09:51:42.942+0000"
    } ],
    "locked" : false
  }, {
    "identifiant" : 13731600,
    "link" : false,
    "type" : "IMAGE",
    "nom" : {
      "libelleFr" : "Chapelle Notre Dame de Miséricorde dite Notre Dame des Marins"
    },
    "copyright" : {
      "libelleFr" : "Otmartigues-KarimK"
    },
    "traductionFichiers" : [ {
      "locale" : "fr",
      "url" : "https://static.apidae-tourisme.com/filestore/objets-touristiques/images/50/235/13953842.jpg",
      "urlListe" : "https://static.apidae-tourisme.com/filestore/objets-touristiques/images/50/235/13953842-liste.jpg",
      "urlFiche" : "https://static.apidae-tourisme.com/filestore/objets-touristiques/images/50/235/13953842-fiche.jpg",
      "urlDiaporama" : "https://static.apidae-tourisme.com/filestore/objets-touristiques/images/50/235/13953842-diaporama.jpg",
      "extension" : "jpg",
      "fileName" : "full",
      "taille" : 587075,
      "hauteur" : 1440,
      "largeur" : 1920,
      "lastModifiedDate" : "2022-08-12T09:51:42.279+0000"
    } ],
    "locked" : false
  }, {
    "identifiant" : 13731601,
    "link" : false,
    "type" : "IMAGE",
    "nom" : {
      "libelleFr" : "Chapelle Notre Dame de Miséricorde dite Notre Dame des Marins"
    },
    "copyright" : {
      "libelleFr" : "Otmartigues-KarimK"
    },
    "traductionFichiers" : [ {
      "locale" : "fr",
      "url" : "https://static.apidae-tourisme.com/filestore/objets-touristiques/images/51/235/13953843.jpg",
      "urlListe" : "https://static.apidae-tourisme.com/filestore/objets-touristiques/images/51/235/13953843-liste.jpg",
      "urlFiche" : "https://static.apidae-tourisme.com/filestore/objets-touristiques/images/51/235/13953843-fiche.jpg",
      "urlDiaporama" : "https://static.apidae-tourisme.com/filestore/objets-touristiques/images/51/235/13953843-diaporama.jpg",
      "extension" : "jpg",
      "fileName" : "full",
      "taille" : 546841,
      "hauteur" : 1440,
      "largeur" : 1920,
      "lastModifiedDate" : "2022-08-12T09:51:44.184+0000"
    } ],
    "locked" : false
  }, {
    "identifiant" : 13731602,
    "link" : false,
    "type" : "IMAGE",
    "nom" : {
      "libelleFr" : "Chapelle Notre Dame de Miséricorde dite Notre Dame des Marins"
    },
    "copyright" : {
      "libelleFr" : "Otmartigues-KarimK"
    },
    "traductionFichiers" : [ {
      "locale" : "fr",
      "url" : "https://static.apidae-tourisme.com/filestore/objets-touristiques/images/52/235/13953844.jpg",
      "urlListe" : "https://static.apidae-tourisme.com/filestore/objets-touristiques/images/52/235/13953844-liste.jpg",
      "urlFiche" : "https://static.apidae-tourisme.com/filestore/objets-touristiques/images/52/235/13953844-fiche.jpg",
      "urlDiaporama" : "https://static.apidae-tourisme.com/filestore/objets-touristiques/images/52/235/13953844-diaporama.jpg",
      "extension" : "jpg",
      "fileName" : "full",
      "taille" : 647961,
      "hauteur" : 1440,
      "largeur" : 1920,
      "lastModifiedDate" : "2022-08-12T09:51:43.577+0000"
    } ],
    "locked" : false
  } ],
  "visites" : {
    "visitable" : false
  },
  "territoires" : [ {
    "type" : "TERRITOIRE",
    "id" : 591381
  }, {
    "type" : "TERRITOIRE",
    "id" : 591419
  }, {
    "type" : "TERRITOIRE",
    "id" : 5127066
  }, {
    "type" : "TERRITOIRE",
    "id" : 5427637
  }, {
    "type" : "TERRITOIRE",
    "id" : 5460459
  }, {
    "type" : "TERRITOIRE",
    "id" : 5693765
  }, {
    "type" : "TERRITOIRE",
    "id" : 5693912
  }, {
    "type" : "TERRITOIRE",
    "id" : 5853947
  } ],
  "informationsPatrimoineCulturel" : {
    "patrimoineCulturelType" : {
      "elementReferenceType" : "PatrimoineCulturelType",
      "id" : 3203
    },
    "themes" : [ {
      "elementReferenceType" : "PatrimoineCulturelTheme",
      "id" : 3488
    }, {
      "elementReferenceType" : "PatrimoineCulturelTheme",
      "id" : 3530
    } ],
    "categories" : [ {
      "elementReferenceType" : "PatrimoineCulturelCategorie",
      "id" : 3319
    }, {
      "elementReferenceType" : "PatrimoineCulturelCategorie",
      "id" : 3384
    } ]
  },
  "formatVersion" : "v002",
  "expiration" : { },
  "informationsPrestataireActivites" : {
    "prestataireActivites" : false
  },
  "enquete" : { },
  "donneesPrivees" : [ {
    "nomTechnique" : "1947_Id_patio",
    "libelleFr" : "Id_Patio",
    "ordre" : 1,
    "descriptif" : {
      "libelleFr" : "13T2000050"
    }
  }, {
    "nomTechnique" : "1947_Source_patio",
    "libelleFr" : "Source_Patio",
    "ordre" : 2,
    "descriptif" : {
      "libelleFr" : "OT Martigues"
    }
  }, {
    "nomTechnique" : "1947_Url_patio",
    "libelleFr" : "URL_Patio",
    "ordre" : 3,
    "descriptif" : {
      "libelleFr" : "http://www.martigues-tourisme.com"
    }
  } ]
}