{
  "type" : "PATRIMOINE_CULTUREL",
  "id" : 5538099,
  "nom" : {
    "libelleFr" : "Atelier de Cezanne",
    "libelleEn" : "Cezanne's studio",
    "libelleEs" : "Atelier de Cezanne",
    "libelleIt" : "Atelier Cézanne",
    "libelleDe" : "Das Atelier von Cézanne",
    "libelleNl" : "Atelier Cézanne"
  },
  "identifier" : "SITRA2_PCU_5538099",
  "state" : "PUBLISHED",
  "gestion" : {
    "dateCreation" : "2020-05-26T17:10:42.273+0000",
    "dateModification" : "2022-10-21T12:00:05.212+0000",
    "dateExportModification" : "2022-11-06T11:10:46.425+0000",
    "membreProprietaire" : {
      "type" : {
        "elementReferenceType" : "MembreSitraType",
        "id" : 233
      },
      "nom" : "Office de Tourisme d'Aix en Provence",
      "dateCreation" : "2020-02-14T10:34:37.912+0000",
      "dateModification" : "2022-10-24T08:49:34.452+0000",
      "id" : 1988,
      "siteWeb" : "http://www.aixenprovencetourism.com"
    },
    "signalerUnProblemeMails" : [ "jchevalier@aixenprovencetourism.com", "sdardenne@aixenprovencetourism.com", "vmontpellaz@aixenprovencetourism.com" ]
  },
  "informations" : {
    "moyensCommunication" : [ {
      "identifiant" : 79627759,
      "type" : {
        "elementReferenceType" : "MoyenCommunicationType",
        "id" : 201
      },
      "coordonnees" : {
        "fr" : "04 42 21 06 53"
      }
    }, {
      "identifiant" : 79627761,
      "type" : {
        "elementReferenceType" : "MoyenCommunicationType",
        "id" : 204
      },
      "coordonnees" : {
        "fr" : "infos@atelier-cezanne.com"
      }
    }, {
      "identifiant" : 85833491,
      "type" : {
        "elementReferenceType" : "MoyenCommunicationType",
        "id" : 204
      },
      "coordonnees" : {
        "fr" : "sites@aixenprovencetourism.com"
      },
      "observation" : {
        "libelleFr" : "Réservation groupes"
      }
    }, {
      "identifiant" : 79627762,
      "type" : {
        "elementReferenceType" : "MoyenCommunicationType",
        "id" : 205
      },
      "coordonnees" : {
        "fr" : "https://www.aixenprovencetourism.com/aix-en-provence/cezanne/"
      }
    }, {
      "identifiant" : 79627763,
      "type" : {
        "elementReferenceType" : "MoyenCommunicationType",
        "id" : 207
      },
      "coordonnees" : {
        "fr" : "http://www.facebook.com/ateliercezanne"
      }
    } ],
    "informationsLegales" : { },
    "structureGestion" : {
      "type" : "STRUCTURE",
      "id" : 5228508
    }
  },
  "presentation" : {
    "descriptifCourt" : {
      "libelleFr" : "L'atelier de Cezanne, connu aussi sous le nom atelier des Lauves, est un véritable lieu de mémoire, marqué de l'empreinte de Cezanne. Il permet de découvrir les objets familiers du peintre et ses préférences artistiques.",
      "libelleEn" : "Cezanne's studio, also known as Atelier des Lauves is a veritable place of memory, marked by Cezanne's imprint. It allows to discover the familiar objects of the painter and his artistic preferences.",
      "libelleEs" : "El estudio de Cezanne, también conocido como el Atelier des Lauves, es un verdadero lugar de memoria, marcado por la huella de Cezanne. Permite a los visitantes descubrir los objetos familiares del pintor y sus preferencias artísticas.",
      "libelleDe" : "Das Atelier de Cezanne, auch bekannt unter dem Namen Atelier des Lauves, ist ein echter Erinnerungsort, der von Cezannes Handschrift geprägt ist. Es bietet die Möglichkeit, die vertrauten Gegenstände des Malers und seine künstlerischen Vorlieben zu entdecken."
    },
    "descriptifDetaille" : {
      "libelleFr" : "Le 1er septembre 1902, Cezanne s'installe dans son grand atelier à la campagne. Il travaillera là tous les jours pendant les quatre dernières années de sa vie. \r\n\r\nTous les admirateurs de Cezanne le savent bien, c'est ici que l'on ressent avec le plus d'intensité la présence du peintre. Des dizaines d'oeuvres, dont ses dernières, notamment les Grandes baigneuses ont été peintes dans cet atelier de lumière et de silence.\r\n\r\nL'atelier est l'un des 3 sites de Cezanne.\r\n➜ Durée de la visite : 30 minutes\r\n\r\nVisite guidée en français, toute l'année à 11h30 et de juin à septembre à 11h30 et 14h. \r\nVisite guidée en anglais, toute l'année à 15h30 et de juin à septembre à 10h et 15h30.\r\nVisite libre toutes les 30 minutes selon les horaires d'ouverture.\r\n\r\nRéservations auprès des conseillers en séjour de l'Office de Tourisme d'Aix-en-Provence ou sur le site de l'Office de Tourisme d'Aix-en-Provence.\r\n\r\n⚠ Pas de consigne à bagages à l’Atelier de Cezanne ⚠",
      "libelleEn" : "On 1st September 1902, Cezanne gradually settled into his large country studio. He worked there every day during the last four years of his life. All of Cézanne's admirers are well aware that this is where you can feel the painter's presence most strongly. \r\n\r\nIt is here, on the Lauves hill, among the objects he treasured, the models of his last still lifes, his furniture and his work tools, that you will feel the painter's presence most intensely. \r\n\r\nFrom 1902 until his death in 1906, Cezanne worked every morning in this studio of light and silence, the birthplace of dozens of paintings that are now owned by the world's great museums, including the last series of Large Bathers. \r\n\r\nThe studio has a shop selling books and souvenirs, regularly hosts temporary exhibitions and holds cultural and gastronomic events in season.\r\n\r\n➜ Duration : 30 minutes\r\n\r\nGuided tour in French, all the year at 11:30am and from June to September at 11:30am and 2:00pm\r\nGuided tour in English all the year at 3.30pm and from June to September at 10:00am and 3.30pm  \r\nFree tour every 30 minutes depending on the opening hours.\r\n\r\nBooking at the information desk of the TOurist Office or on the website of the Tourist Office.\r\n\r\n⚠ No luggage storage at the Cezanne workshop ⚠",
      "libelleEs" : "El 1 de septiembre de 1902, Cezanne se instala en su gran estudio en el campo. Trabajó allí todos los días durante los últimos cuatro años de su vida. \r\n\r\nComo todos los admiradores de Cezanne saben, es aquí donde la presencia del pintor se siente con mayor intensidad. En este estudio de luz y silencio se pintaron decenas de obras, incluidas sus últimas, en particular las Grandes bañistas.\r\n\r\nEl estudio es una de las tres sedes de Cezanne.\r\nDuración de la visita: 30 minutos\r\n\r\nVisita guiada en francés, todo el año a las 11:30 y de junio a septiembre a las 11:30 y a las 14:00. \r\nVisita guiada en inglés, todo el año a las 15:30 y de junio a septiembre a las 10:00 y a las 15:30.\r\nVisitas autoguiadas cada 30 minutos durante el horario de apertura.\r\n\r\nLas reservas se pueden hacer con los asesores turísticos de la Oficina de Turismo de Aix-en-Provence o en la página web de la Oficina de Turismo de Aix-en-Provence.\r\n\r\nSuperficie de la exposición permanente: 49",
      "libelleDe" : "Am 1. September 1902 zieht Cezanne in sein großes Atelier auf dem Land. Dort wird er in den letzten vier Jahren seines Lebens jeden Tag arbeiten. \r\n\r\nAlle Cezanne-Verehrer wissen, dass man hier die Gegenwart des Malers am intensivsten spürt. Dutzende von Werken, darunter seine letzten, insbesondere die Großen Badenden, wurden in diesem Atelier des Lichts und der Stille gemalt.\r\n\r\nDas Atelier ist eine der drei Stätten Cezannes.\r\n➜ Dauer der Besichtigung: 30 Min.\r\n\r\nFührung auf Französisch, ganzjährig um 11:30 Uhr und von Juni bis September um 11:30 Uhr und 14:00 Uhr. \r\nFührung auf Englisch, ganzjährig um 15:30 Uhr und von Juni bis September um 10:00 und 15:30 Uhr.\r\nFreie Besichtigung alle 30 Minuten gemäß den Öffnungszeiten.\r\n\r\nReservierungen bei den Reiseberatern des Fremdenverkehrsamts Aix-en-Provence oder auf der Website des Fremdenverkehrsamts Aix-en-Provence.\r\n\r\nFläche der Dauerausstellung: 49"
    },
    "typologiesPromoSitra" : [ {
      "elementReferenceType" : "TypologiePromoSitra",
      "id" : 1604
    }, {
      "elementReferenceType" : "TypologiePromoSitra",
      "id" : 3751
    } ]
  },
  "localisation" : {
    "adresse" : {
      "adresse1" : "9 avenue Paul Cézanne",
      "codePostal" : "13090",
      "bureauDistribution" : "AIX EN PROVENCE",
      "commune" : {
        "id" : 4412
      }
    },
    "geolocalisation" : {
      "complement" : {
        "libelleFr" : "En voiture, au départ de l'Office de Tourisme, prendre le périphérique jusqu'à hauteur du Bd Aristide Briand, puis tourner à droite en direction de Puyricard/Hôpital, et continuer tout droit jusqu'à l'atelier de Cezanne.\r\nParking Pasteur conseillé (600 m de côte un peu raide jusqu'à l'atelier de Cezanne).\r\n\r\nAutocars de tourisme : places balisées avenue Raymond Poincaré.",
        "libelleEn" : "Car: parking Pasteur is advised.\r\nTourist coaches: marked spots on avenue Raymond Poincaré. (GPS 43°32'22 N – 5°26'47 E)."
      },
      "valide" : true,
      "geoJson" : {
        "type" : "Point",
        "coordinates" : [ 5.446409, 43.538339 ]
      }
    },
    "perimetreGeographique" : [ {
      "id" : 4412
    } ],
    "environnements" : [ {
      "elementReferenceType" : "Environnement",
      "id" : 183
    }, {
      "elementReferenceType" : "Environnement",
      "id" : 3974
    } ]
  },
  "liens" : {
    "liensObjetsTouristiquesTypes" : [ {
      "type" : "ADRESSE_UTILE",
      "libelleFr" : "Adresse utile",
      "libelleEn" : "Useful address",
      "libelleEs" : "Dirección útil",
      "libelleIt" : "Indirizzi utili",
      "libelleDe" : "Nützliche Adresse",
      "libelleNl" : "Handig adres",
      "libelleRu" : "Полезный адрес",
      "libelleZh" : "实用地址",
      "libellePtBR" : "Endereço útil",
      "libelleJa" : "便利なアドレス",
      "objetTouristique" : {
        "type" : "PATRIMOINE_CULTUREL",
        "id" : 5538713
      }
    }, {
      "type" : "SUR_PLACE",
      "libelleFr" : "Sur place",
      "libelleEn" : "On the premises",
      "libelleEs" : "In situ",
      "libelleIt" : "Sul posto",
      "libelleDe" : "Vor Ort",
      "libelleNl" : "Ter plaatse",
      "libelleRu" : "На месте",
      "libelleZh" : "堂食",
      "libellePtBR" : "No local",
      "libelleJa" : "現地で",
      "objetTouristique" : {
        "type" : "COMMERCE_ET_SERVICE",
        "id" : 5548266
      }
    }, {
      "type" : "ADRESSE_UTILE",
      "libelleFr" : "Adresse utile",
      "libelleEn" : "Useful address",
      "libelleEs" : "Dirección útil",
      "libelleIt" : "Indirizzi utili",
      "libelleDe" : "Nützliche Adresse",
      "libelleNl" : "Handig adres",
      "libelleRu" : "Полезный адрес",
      "libelleZh" : "实用地址",
      "libellePtBR" : "Endereço útil",
      "libelleJa" : "便利なアドレス",
      "objetTouristique" : {
        "type" : "PATRIMOINE_CULTUREL",
        "id" : 5538277
      }
    }, {
      "type" : "ADRESSE_UTILE",
      "libelleFr" : "Adresse utile",
      "libelleEn" : "Useful address",
      "libelleEs" : "Dirección útil",
      "libelleIt" : "Indirizzi utili",
      "libelleDe" : "Nützliche Adresse",
      "libelleNl" : "Handig adres",
      "libelleRu" : "Полезный адрес",
      "libelleZh" : "实用地址",
      "libellePtBR" : "Endereço útil",
      "libelleJa" : "便利なアドレス",
      "objetTouristique" : {
        "type" : "PATRIMOINE_CULTUREL",
        "id" : 5538426
      }
    }, {
      "type" : "ORGANISATEUR_VISITE",
      "libelleFr" : "Propose la visite guidée ...",
      "libelleEn" : "Proposes a guided tour entitled...",
      "libelleEs" : "Ofrece la visita guiada...",
      "libelleIt" : "Propone la visita guidata...",
      "libelleDe" : "Bietet die Führung ... an.",
      "libelleNl" : "Biedt de rondleiding ...",
      "libelleRu" : "Предлагает экскурсию",
      "libelleZh" : "提供导览参观",
      "libellePtBR" : "Propõe a visita guiada ...",
      "libelleJa" : "ガイド付きツアーを提案します",
      "objetTouristique" : {
        "type" : "FETE_ET_MANIFESTATION",
        "id" : 5591759
      }
    }, {
      "type" : "ORGANISATEUR_VISITE",
      "libelleFr" : "Propose la visite guidée ...",
      "libelleEn" : "Proposes a guided tour entitled...",
      "libelleEs" : "Ofrece la visita guiada...",
      "libelleIt" : "Propone la visita guidata...",
      "libelleDe" : "Bietet die Führung ... an.",
      "libelleNl" : "Biedt de rondleiding ...",
      "libelleRu" : "Предлагает экскурсию",
      "libelleZh" : "提供导览参观",
      "libellePtBR" : "Propõe a visita guiada ...",
      "libelleJa" : "ガイド付きツアーを提案します",
      "objetTouristique" : {
        "type" : "FETE_ET_MANIFESTATION",
        "id" : 5591733
      }
    }, {
      "type" : "ORGANISATEUR_VISITE",
      "libelleFr" : "Propose la visite guidée ...",
      "libelleEn" : "Proposes a guided tour entitled...",
      "libelleEs" : "Ofrece la visita guiada...",
      "libelleIt" : "Propone la visita guidata...",
      "libelleDe" : "Bietet die Führung ... an.",
      "libelleNl" : "Biedt de rondleiding ...",
      "libelleRu" : "Предлагает экскурсию",
      "libelleZh" : "提供导览参观",
      "libellePtBR" : "Propõe a visita guiada ...",
      "libelleJa" : "ガイド付きツアーを提案します",
      "objetTouristique" : {
        "type" : "FETE_ET_MANIFESTATION",
        "id" : 5801935
      }
    } ]
  },
  "prestations" : {
    "equipements" : [ {
      "elementReferenceType" : "PrestationEquipement",
      "id" : 741
    }, {
      "elementReferenceType" : "PrestationEquipement",
      "id" : 804
    }, {
      "elementReferenceType" : "PrestationEquipement",
      "id" : 1321
    } ],
    "services" : [ {
      "elementReferenceType" : "PrestationService",
      "id" : 1026
    }, {
      "elementReferenceType" : "PrestationService",
      "id" : 1190
    } ],
    "animauxAcceptes" : "NON_ACCEPTES",
    "animauxAcceptesSupplement" : "NON_DISPONIBLE",
    "languesParlees" : [ {
      "elementReferenceType" : "Langue",
      "id" : 1192
    }, {
      "elementReferenceType" : "Langue",
      "id" : 1197
    } ],
    "complementAccueil" : {
      "libelleEn" : "Accessible for disabled",
      "libelleIt" : "Accessibile ai disabili",
      "libelleDe" : "Zugänglich für Behinderte",
      "libelleNl" : "Toegankelijk voor mensen met een handicap"
    },
    "descriptifHandicapMoteur" : {
      "libelleFr" : "Attention, la visite de l'Atelier à l'étage n'est pas accessible aux personnes en fauteuil roulant"
    },
    "tailleGroupeMax" : 19
  },
  "ouverture" : {
    "periodeEnClair" : {
      "libelleFr" : "Du 01/10 au 31/12/2022, tous les mardis, mercredis, jeudis, vendredis et samedis de 9h30 à 12h30 et de 14h à 17h.\r\nFermeture exceptionnelle le 25 décembre.\r\nAtelier fermé du 1er au 9 janvier 2023.\r\n\r\nDu 10/01 au 31/03/2023, tous les mardis, mercredis, jeudis, vendredis et samedis de 9h30 à 12h30 et de 14h à 17h.\r\n\r\nDu 01/04 au 31/05/2023, tous les jours de 9h30 à 12h30 et de 14h à 18h.\r\nFermeture exceptionnelle le 1er mai.\r\n\r\nDu 01/06 au 30/09/2023, tous les jours de 9h30 à 18h.\r\n\r\nDu 03/10 au 30/12/2023, tous les mardis, mercredis, jeudis, vendredis et samedis de 9h30 à 12h30 et de 14h à 17h.\r\nFermeture exceptionnelle le 25 décembre.",
      "libelleEn" : "From 01/10 to 31/12/2022, every Tuesday, Wednesday, Thursday, Friday and Saturday from 9.30am till 12.30pm and from 2pm till 5pm.\r\nClosed exceptionally on December 25th.\r\nClosed from January 1st to 9th, 2023.\r\n\r\nFrom 10/01 to 31/03/2023, every Tuesday, Wednesday, Thursday, Friday and Saturday from 9:30 to 12:30 and 2 pm to 5 pm.\r\n\r\nFrom 01/04 to 31/05/2023, daily open from 9:30 to 12:30 and 2 pm to 6 pm.\r\nClosed exceptionally on May 1st.\r\n\r\nFrom 01/06 to 30/09/2023, daily open from 9.30am till 6pm.\r\n\r\nFrom 03/10 to 30/12/2023, every Tuesday, Wednesday, Thursday, Friday and Saturday from 9.30am till 12.30pm and from 2pm till 5pm.\r\nClosed exceptionally on December 25th.",
      "libelleEs" : "Del 01/10 al 31/12/2022, todos los martes, miércoles, jueves, viernes y sábados.\r\nSe cierra, excepcionalmente el 25 de diciembre.\r\nDe 9.30 a 12.30 y de 14 a 17 horas.\r\n\r\nDel 10/01 al 31/03/2023, todos los martes, miércoles, jueves, viernes y sábados.\r\nAbierto de 9:30 a 12:30 y de 14:00 a 17:00.\r\n\r\nDel 01/04 al 31/05/2023, todos los dias.\r\nSe cierra, excepcionalmente el 1er de mayo.\r\nDe 9.30 a 12.30 y de 14 a 18 horas.\r\n\r\nDel 01/06 al 30/09/2023, todos los dias.\r\nDe 9.30 a 18.00 horas.\r\n\r\nDel 03/10 al 30/12/2023, todos los martes, miércoles, jueves, viernes y sábados.\r\nSe cierra, excepcionalmente el 25 de diciembre.\r\nDe 9.30 a 12.30 y de 14 a 17 horas.",
      "libelleIt" : "Dal 01/10 al 31/12/2022, tutti i martedì, mercoledì, giovedì, venerdì e sabati.\r\nChiusura eccezionale il 25 dicembre.\r\n\r\nDal 10/01 al 31/03/2023, tutti i martedì, mercoledì, giovedì, venerdì e sabati.\r\n\r\nDal 01/04 al 31/05/2023, ogni giorno.\r\nChiusura eccezionale il 1° maggio.\r\n\r\nDal 01/06 al 30/09/2023, ogni giorno.\r\n\r\nDal 03/10 al 30/12/2023, tutti i martedì, mercoledì, giovedì, venerdì e sabati.\r\nChiusura eccezionale il 25 dicembre.",
      "libelleDe" : "Vom 01/10 bis 31/12/2022, jeden Dienstag, Mittwoch, Donnerstag, Freitag und Samstag.\r\nAusnahmsweise geschlossen am 25. Dezember.\r\nVon 9.30 bis 12.30 Uhr und von 14 bis 17 Uhr.\r\n\r\nVom 10/01 bis 31/03/2023, jeden Dienstag, Mittwoch, Donnerstag, Freitag und Samstag.\r\nGeöffnet von 9:30 bis 12:30 Uhr und von 14:00 bis 17:00 Uhr.\r\n\r\nVom 01/04 bis 31/05/2023, täglich.\r\nAusnahmsweise geschlossen am 1. Mai.\r\nVon 9:30 bis 12:30 Uhr und von 14 bis 18 Uhr.\r\n\r\nVom 01/06 bis 30/09/2023, täglich.\r\nVon 9:30 bis 18:00 Uhr.\r\n\r\nVom 03/10 bis 30/12/2023, jeden Dienstag, Mittwoch, Donnerstag, Freitag und Samstag.\r\nAusnahmsweise geschlossen am 25. Dezember.\r\nVon 9.30 bis 12.30 Uhr und von 14 bis 17 Uhr.",
      "libelleNl" : "Van 01/10 tot en met 31/12/2022, elke dinsdag, woensdag, donderdag, vrijdag en zaterdag.\r\nBij uitzondering gesloten op 25 december.\r\n\r\nVan 10/01 tot en met 31/03/2023, elke dinsdag, woensdag, donderdag, vrijdag en zaterdag.\r\n\r\nVan 01/04 tot en met 31/05/2023, iedere dag.\r\nBij uitzondering gesloten op 1 mei.\r\n\r\nVan 01/06 tot en met 30/09/2023, iedere dag.\r\n\r\nVan 03/10 tot en met 30/12/2023, elke dinsdag, woensdag, donderdag, vrijdag en zaterdag.\r\nBij uitzondering gesloten op 25 december.",
      "libelleRu" : "С 01/10 до 31/12/2022, каждый вторники, среды, четверги, пятницы и субботы.\r\nВ порядке исключения не работает 25 декабря.\r\n\r\nС 10/01 до 31/03/2023, каждый вторники, среды, четверги, пятницы и субботы.\r\n\r\nС 01/04 до 31/05/2023, ежедневно.\r\nВ порядке исключения не работает 1 мая.\r\n\r\nС 01/06 до 30/09/2023, ежедневно.\r\n\r\nС 03/10 до 30/12/2023, каждый вторники, среды, четверги, пятницы и субботы.\r\nВ порядке исключения не работает 25 декабря.",
      "libelleZh" : "从 10月1日 到 2022年12月31日, 每星期二, 星期三, 星期四, 星期五 和 星期六.\r\n在 12月25日 例外关闭.\r\n\r\n从 1月10日 到 2023年3月31日, 每星期二, 星期三, 星期四, 星期五 和 星期六.\r\n\r\n从 4月1日 到 2023年5月31日, 日常.\r\n在 5月1日 例外关闭.\r\n\r\n从 6月1日 到 2023年9月30日, 日常.\r\n\r\n从 10月3日 到 2023年12月30日, 每星期二, 星期三, 星期四, 星期五 和 星期六.\r\n在 12月25日 例外关闭.",
      "libellePtBR" : "De 01/10 a 31/12/2022, todas as terças-feiras, quartas-feiras, quintas-feiras, sextas-feiras e sábados.\r\nFechamento excepcional em 25 de dezembro.\r\n\r\nDe 10/01 a 31/03/2023, todas as terças-feiras, quartas-feiras, quintas-feiras, sextas-feiras e sábados.\r\n\r\nDe 01/04 a 31/05/2023, todos os dias.\r\nFechamento excepcional em 1º de maio.\r\n\r\nDe 01/06 a 30/09/2023, todos os dias.\r\n\r\nDe 03/10 a 30/12/2023, todas as terças-feiras, quartas-feiras, quintas-feiras, sextas-feiras e sábados.\r\nFechamento excepcional em 25 de dezembro.",
      "libelleJa" : "01/10 から 31/12/2022 まで, 毎火曜日, 水曜日, 木曜日, 金曜日 と 土曜日.\r\n12月25日 は特別休業.\r\n\r\n10/01 から 31/03/2023 まで, 毎火曜日, 水曜日, 木曜日, 金曜日 と 土曜日.\r\n\r\n01/04 から 31/05/2023 まで, 毎日.\r\n5月1日 は特別休業.\r\n\r\n01/06 から 30/09/2023 まで, 毎日.\r\n\r\n03/10 から 30/12/2023 まで, 毎火曜日, 水曜日, 木曜日, 金曜日 と 土曜日.\r\n12月25日 は特別休業."
    },
    "periodeEnClairGenerationMode" : "MANUEL",
    "indicationsPeriode" : [ {
      "elementReferenceType" : "IndicationPeriode",
      "id" : 416
    }, {
      "elementReferenceType" : "IndicationPeriode",
      "id" : 418
    }, {
      "elementReferenceType" : "IndicationPeriode",
      "id" : 435
    }, {
      "elementReferenceType" : "IndicationPeriode",
      "id" : 436
    } ],
    "periodesOuvertures" : [ {
      "identifiant" : 24555515,
      "dateDebut" : "2022-10-01",
      "dateFin" : "2022-12-31",
      "complementHoraire" : {
        "libelleFr" : "de 9h30 à 12h30 et de 14h à 17h.\r\n\r\nAtelier fermé du 1er au 9 janvier 2023.",
        "libelleEn" : "from 9.30am till 12.30pm and from 2pm till 5pm.\r\n\r\nClosed from January 1st to 9th, 2023.",
        "libelleEs" : "De 9.30 a 12.30 y de 14 a 17 horas",
        "libelleDe" : "von 9.30 bis 12.30 Uhr und von 14 bis 17 Uhr"
      },
      "type" : "OUVERTURE_SEMAINE",
      "tousLesAns" : false,
      "ouverturesJournalieres" : [ {
        "jour" : "MARDI"
      }, {
        "jour" : "MERCREDI"
      }, {
        "jour" : "JEUDI"
      }, {
        "jour" : "VENDREDI"
      }, {
        "jour" : "SAMEDI"
      } ],
      "identifiantTechnique" : 24555515
    }, {
      "identifiant" : 22140685,
      "dateDebut" : "2023-01-10",
      "dateFin" : "2023-03-31",
      "complementHoraire" : {
        "libelleFr" : "Ouvert de 9h30 à 12h30 et de 14h à 17h",
        "libelleEn" : "From 9:30 to 12:30 and 2 pm to 5 pm",
        "libelleEs" : "Abierto de 9:30 a 12:30 y de 14:00 a 17:00",
        "libelleDe" : "Geöffnet von 9:30 bis 12:30 Uhr und von 14:00 bis 17:00 Uhr"
      },
      "type" : "OUVERTURE_SEMAINE",
      "tousLesAns" : false,
      "ouverturesJournalieres" : [ {
        "jour" : "MARDI"
      }, {
        "jour" : "MERCREDI"
      }, {
        "jour" : "JEUDI"
      }, {
        "jour" : "VENDREDI"
      }, {
        "jour" : "SAMEDI"
      } ],
      "identifiantTechnique" : 24553339
    }, {
      "identifiant" : 21609004,
      "dateDebut" : "2023-04-01",
      "dateFin" : "2023-05-31",
      "complementHoraire" : {
        "libelleFr" : "de 9h30 à 12h30 et de 14h à 18h",
        "libelleEn" : "From 9:30 to 12:30 and 2 pm to 6 pm",
        "libelleEs" : "de 9.30 a 12.30 y de 14 a 18 horas",
        "libelleDe" : "von 9:30 bis 12:30 Uhr und von 14 bis 18 Uhr"
      },
      "type" : "OUVERTURE_TOUS_LES_JOURS",
      "tousLesAns" : false,
      "identifiantTechnique" : 24553340
    }, {
      "identifiant" : 20171753,
      "dateDebut" : "2023-06-01",
      "dateFin" : "2023-09-30",
      "complementHoraire" : {
        "libelleFr" : "de 9h30 à 18h",
        "libelleEn" : "Everyday from 9.30am till 6pm.",
        "libelleEs" : "de 9.30 a 18.00 horas.",
        "libelleDe" : "von 9:30 bis 18:00 Uhr"
      },
      "type" : "OUVERTURE_TOUS_LES_JOURS",
      "tousLesAns" : false,
      "identifiantTechnique" : 24553341
    }, {
      "identifiant" : 22141452,
      "dateDebut" : "2023-10-03",
      "dateFin" : "2023-12-30",
      "complementHoraire" : {
        "libelleFr" : "de 9h30 à 12h30 et de 14h à 17h.",
        "libelleEn" : "from 9.30am till 12.30pm and from 2pm till 5pm.",
        "libelleEs" : "De 9.30 a 12.30 y de 14 a 17 horas",
        "libelleDe" : "von 9.30 bis 12.30 Uhr und von 14 bis 17 Uhr"
      },
      "type" : "OUVERTURE_SEMAINE",
      "tousLesAns" : false,
      "ouverturesJournalieres" : [ {
        "jour" : "MARDI"
      }, {
        "jour" : "MERCREDI"
      }, {
        "jour" : "JEUDI"
      }, {
        "jour" : "VENDREDI"
      }, {
        "jour" : "SAMEDI"
      } ],
      "identifiantTechnique" : 24553342
    } ],
    "fermeturesExceptionnelles" : [ {
      "dateSpeciale" : "PREMIER_JANVIER"
    }, {
      "dateSpeciale" : "PREMIER_MAI"
    }, {
      "dateSpeciale" : "VINGT_CINQ_DECEMBRE"
    } ]
  },
  "descriptionTarif" : {
    "indicationTarif" : "PAYANT",
    "gratuit" : false,
    "tarifsEnClair" : {
      "libelleFr" : "\n L'accès au jardin est gratuit.\r\n\r\n⚠ Réservation obligatoire en ligne ou à l'Office de Tourisme. Pas de réservation par téléphone.\r\n\r\n➜ Visite libre :\r\n✘ Plein tarif : 6,50 euros\r\n✘ Tarif réduit : 3,50 euros (de 13 à 25 ans inclus)\r\n✘ Gratuit : pour les enfants de moins de 13 ans, bénéficiaires du RSA (ou équivalent), demandeurs d'emploi, presse, ICOM et guides conférenciers (sur présentation de la carte), handicapés, adhérents Culture du coeur. Gratuit avec le City Pass.\r\n✘ Location audioguide : 3€ (disponible sur place en dix langues : Français, Anglais, Japonais, Chinois, Espagnol, Allemand, Italien, Portugais, Néerlandais, Russe)\r\n\r\n\r\n➜ Visite guidée :\r\n✘ Plein tarif : 9,50 euros\r\n✘ Tarif réduit : 6,50 euros (de 13 à 25 ans inclus)\r\n✘ Gratuit : pour les enfants de moins de 13 ans, bénéficiaires du RSA (ou équivalent), demandeurs d'emploi, presse, ICOM et guides conférenciers (sur présentation de la carte), handicapés, adhérents Culture du coeur. Gratuit avec le City Pass.\r\n\r\n➜ Groupe à partir de 15 personnes : 5.50 euros par personne (réservation obligatoire)\r\n\r\nCe site est partenaire du Pass MyProvence.",
      "libelleEn" : "\n Access to the Cezanne workshop enclosure is subject to the control of the Health Pass (Vaccination proof or a recent 48h negative test will be asked)\r\n\r\nAccess to the garden and to the video room is free.\r\n\r\n⚠ Reservation is required, on line or at the tourism Office. No telephone reservations.\r\n\r\n➜ Unaccompanied tour:\r\n✘ Full price: 6.50 euros\r\n✘ Reduced price: 3.50 euros (13 to 25 years old inclusive)\r\n✘ Free: Under 13 years old, jobseekers, disabled people, journalists, ICOM and tour guides (upon presentation of the relevant card). Free with City Pass.\r\n\r\nVisitor information\r\n✘ No audio guide in vew of sanitary measures. An explanatory document is available on site in French, English, Spanish, Italien, Chinese, German and Dutch.\r\n\r\n➜ Guided tour:\r\n✘ Full price: 9.50 euros\r\n✘ Reduced price: 6.50 euros (13 to 25 years old inclusive)\r\n✘ Free: Under 13 years old, jobseekers, disabled people, journalists, ICOM and tour guides (upon presentation of the relevant card). Free with City Pass.\r\n\r\n➜ Groups of 15 people minimum: 5 euros per person (reservation required)\r\n\r\nThe site is partner of Pass MyProvence.",
      "libelleEs" : "\n El acceso al estudio de Cezanne está sujeto a un pase sanitario. El acceso al jardín es gratuito.\r\n\r\n⚠ Es necesario reservar en línea o en la Oficina de Turismo. No hay reservas por teléfono.\r\n\r\nAsistencia a las visitas en 2021:\r\nNo hay posibilidad de audioguía como parte de las medidas sanitarias, hay hojas explicativas disponibles en el lugar en francés, inglés, español, alemán, italiano, holandés y chino.\r\n\r\n➜ Visita gratuita:\r\n✘ Precio completo: 6,50 euros\r\n✘ Tarifa reducida: 3,50 euros (13 a 25 años incluidos)\r\n✘ Gratuito: para menores de 13 años, beneficiarios de la RSA (o equivalente), demandantes de empleo, prensa, ICOM y guías turísticos (previa presentación del carné), discapacitados, miembros de Culture du coeur. Gratis con el City Pass.\r\n\r\n\r\n➜ Visita guiada:\r\n✘ Precio completo: 9,50 euros\r\n✘ Tarifa reducida: 6,50 euros (de 13 a 25 años incluidos)\r\n✘ Gratuito: para menores de 13 años, beneficiarios de la RSA (o equivalente), demandantes de empleo, prensa, ICOM y guías turísticos (previa presentación del carné), discapacitados, miembros de Culture du coeur. Gratis con el City Pass.\r\n\r\n➜ Grupos de 15 o más: 5 euros por persona (se requiere reserva).\r\n\r\nEste sitio es un socio del Pass MyProvence.",
      "libelleDe" : "\n Der Zugang zum Gelände des Ateliers von Cezanne unterliegt der Kontrolle des Gesundheitspasses. Der Zugang zum Garten ist kostenlos.\r\n\r\n⚠ Reservierung online oder beim Fremdenverkehrsamt erforderlich. Keine Reservierung per Telefon möglich.\r\n\r\nHilfe für den Besuch im Jahr 2021 :\r\nKeine Möglichkeit für einen Audioguide im Rahmen der Gesundheitsmaßnahmen. Vor Ort werden Erklärungsblätter in Französisch, Englisch, Spanisch, Deutsch, Italienisch, Niederländisch und Chinesisch zur Verfügung gestellt.\r\n\r\n➜ Freie Besichtigung :\r\n✘ Voller Preis: 6,50 Euro.\r\n✘ Ermäßigter Tarif : 3,50 Euro (von 13 bis einschließlich 25 Jahren).\r\n✘ Kostenlos: für Kinder unter 13 Jahren, Empfänger des RSA (oder gleichwertig), Arbeitssuchende, Presse, ICOM und Fremdenführer (bei Vorlage der Karte), Behinderte, Mitglieder von Culture du coeur. Kostenlos mit dem City Pass.\r\n\r\n\r\n➜ Geführte Besichtigung :\r\n✘ Voller Preis: 9,50 Euro.\r\n✘ Ermäßigter Tarif: 6,50 Euro (von 13 bis einschließlich 25 Jahren).\r\n✘ Kostenlos: für Kinder unter 13 Jahren, Empfänger des RSA (oder gleichwertig), Arbeitssuchende, Presse, ICOM und Fremdenführer (bei Vorlage der Karte), Behinderte, Mitglieder von Culture du coeur. Kostenlos mit dem City Pass.\r\n\r\n➜ Gruppen ab 15 Personen: 5 Euro pro Person (Reservierung erforderlich).\r\n\r\nDiese Seite ist Partner des Pass MyProvence."
    },
    "tarifsEnClairGenerationMode" : "AUTOMATIQUE",
    "complement" : {
      "libelleFr" : "L'accès au jardin est gratuit.\r\n\r\n⚠ Réservation obligatoire en ligne ou à l'Office de Tourisme. Pas de réservation par téléphone.\r\n\r\n➜ Visite libre :\r\n✘ Plein tarif : 6,50 euros\r\n✘ Tarif réduit : 3,50 euros (de 13 à 25 ans inclus)\r\n✘ Gratuit : pour les enfants de moins de 13 ans, bénéficiaires du RSA (ou équivalent), demandeurs d'emploi, presse, ICOM et guides conférenciers (sur présentation de la carte), handicapés, adhérents Culture du coeur. Gratuit avec le City Pass.\r\n✘ Location audioguide : 3€ (disponible sur place en dix langues : Français, Anglais, Japonais, Chinois, Espagnol, Allemand, Italien, Portugais, Néerlandais, Russe)\r\n\r\n\r\n➜ Visite guidée :\r\n✘ Plein tarif : 9,50 euros\r\n✘ Tarif réduit : 6,50 euros (de 13 à 25 ans inclus)\r\n✘ Gratuit : pour les enfants de moins de 13 ans, bénéficiaires du RSA (ou équivalent), demandeurs d'emploi, presse, ICOM et guides conférenciers (sur présentation de la carte), handicapés, adhérents Culture du coeur. Gratuit avec le City Pass.\r\n\r\n➜ Groupe à partir de 15 personnes : 5.50 euros par personne (réservation obligatoire)\r\n\r\nCe site est partenaire du Pass MyProvence.",
      "libelleEn" : "Access to the Cezanne workshop enclosure is subject to the control of the Health Pass (Vaccination proof or a recent 48h negative test will be asked)\r\n\r\nAccess to the garden and to the video room is free.\r\n\r\n⚠ Reservation is required, on line or at the tourism Office. No telephone reservations.\r\n\r\n➜ Unaccompanied tour:\r\n✘ Full price: 6.50 euros\r\n✘ Reduced price: 3.50 euros (13 to 25 years old inclusive)\r\n✘ Free: Under 13 years old, jobseekers, disabled people, journalists, ICOM and tour guides (upon presentation of the relevant card). Free with City Pass.\r\n\r\nVisitor information\r\n✘ No audio guide in vew of sanitary measures. An explanatory document is available on site in French, English, Spanish, Italien, Chinese, German and Dutch.\r\n\r\n➜ Guided tour:\r\n✘ Full price: 9.50 euros\r\n✘ Reduced price: 6.50 euros (13 to 25 years old inclusive)\r\n✘ Free: Under 13 years old, jobseekers, disabled people, journalists, ICOM and tour guides (upon presentation of the relevant card). Free with City Pass.\r\n\r\n➜ Groups of 15 people minimum: 5 euros per person (reservation required)\r\n\r\nThe site is partner of Pass MyProvence.",
      "libelleEs" : "El acceso al estudio de Cezanne está sujeto a un pase sanitario. El acceso al jardín es gratuito.\r\n\r\n⚠ Es necesario reservar en línea o en la Oficina de Turismo. No hay reservas por teléfono.\r\n\r\nAsistencia a las visitas en 2021:\r\nNo hay posibilidad de audioguía como parte de las medidas sanitarias, hay hojas explicativas disponibles en el lugar en francés, inglés, español, alemán, italiano, holandés y chino.\r\n\r\n➜ Visita gratuita:\r\n✘ Precio completo: 6,50 euros\r\n✘ Tarifa reducida: 3,50 euros (13 a 25 años incluidos)\r\n✘ Gratuito: para menores de 13 años, beneficiarios de la RSA (o equivalente), demandantes de empleo, prensa, ICOM y guías turísticos (previa presentación del carné), discapacitados, miembros de Culture du coeur. Gratis con el City Pass.\r\n\r\n\r\n➜ Visita guiada:\r\n✘ Precio completo: 9,50 euros\r\n✘ Tarifa reducida: 6,50 euros (de 13 a 25 años incluidos)\r\n✘ Gratuito: para menores de 13 años, beneficiarios de la RSA (o equivalente), demandantes de empleo, prensa, ICOM y guías turísticos (previa presentación del carné), discapacitados, miembros de Culture du coeur. Gratis con el City Pass.\r\n\r\n➜ Grupos de 15 o más: 5 euros por persona (se requiere reserva).\r\n\r\nEste sitio es un socio del Pass MyProvence.",
      "libelleDe" : "Der Zugang zum Gelände des Ateliers von Cezanne unterliegt der Kontrolle des Gesundheitspasses. Der Zugang zum Garten ist kostenlos.\r\n\r\n⚠ Reservierung online oder beim Fremdenverkehrsamt erforderlich. Keine Reservierung per Telefon möglich.\r\n\r\nHilfe für den Besuch im Jahr 2021 :\r\nKeine Möglichkeit für einen Audioguide im Rahmen der Gesundheitsmaßnahmen. Vor Ort werden Erklärungsblätter in Französisch, Englisch, Spanisch, Deutsch, Italienisch, Niederländisch und Chinesisch zur Verfügung gestellt.\r\n\r\n➜ Freie Besichtigung :\r\n✘ Voller Preis: 6,50 Euro.\r\n✘ Ermäßigter Tarif : 3,50 Euro (von 13 bis einschließlich 25 Jahren).\r\n✘ Kostenlos: für Kinder unter 13 Jahren, Empfänger des RSA (oder gleichwertig), Arbeitssuchende, Presse, ICOM und Fremdenführer (bei Vorlage der Karte), Behinderte, Mitglieder von Culture du coeur. Kostenlos mit dem City Pass.\r\n\r\n\r\n➜ Geführte Besichtigung :\r\n✘ Voller Preis: 9,50 Euro.\r\n✘ Ermäßigter Tarif: 6,50 Euro (von 13 bis einschließlich 25 Jahren).\r\n✘ Kostenlos: für Kinder unter 13 Jahren, Empfänger des RSA (oder gleichwertig), Arbeitssuchende, Presse, ICOM und Fremdenführer (bei Vorlage der Karte), Behinderte, Mitglieder von Culture du coeur. Kostenlos mit dem City Pass.\r\n\r\n➜ Gruppen ab 15 Personen: 5 Euro pro Person (Reservierung erforderlich).\r\n\r\nDiese Seite ist Partner des Pass MyProvence."
    },
    "periodes" : [ {
      "identifiant" : 12648248,
      "dateDebut" : "2022-10-01",
      "dateFin" : "2023-12-31"
    } ],
    "modesPaiement" : [ {
      "elementReferenceType" : "ModePaiement",
      "id" : 1268
    }, {
      "elementReferenceType" : "ModePaiement",
      "id" : 1277
    } ],
    "devise" : "EUR",
    "conditions" : { }
  },
  "reservation" : {
    "organismes" : [ {
      "identifiant" : 5481741,
      "nom" : "Office de Tourisme d'Aix-en-Provence",
      "type" : {
        "elementReferenceType" : "ReservationType",
        "id" : 473
      },
      "moyensCommunication" : [ {
        "identifiant" : 85253958,
        "type" : {
          "elementReferenceType" : "MoyenCommunicationType",
          "id" : 201
        },
        "coordonnees" : {
          "fr" : "04 42 161 161"
        }
      }, {
        "identifiant" : 85254045,
        "type" : {
          "elementReferenceType" : "MoyenCommunicationType",
          "id" : 205
        },
        "coordonnees" : {
          "fr" : "https://reservation.aixenprovencetourism.com/sites-de-cezanne.html",
          "en" : "https://booking.aixenprovencetourism.com/cezanne.html"
        }
      } ],
      "locked" : false
    } ]
  },
  "criteresInternes" : [ {
    "id" : 10234
  }, {
    "id" : 12888
  }, {
    "id" : 12889
  }, {
    "id" : 12890
  }, {
    "id" : 12891
  }, {
    "id" : 13198
  }, {
    "id" : 13246
  }, {
    "id" : 13248
  }, {
    "id" : 15590
  }, {
    "id" : 16646
  }, {
    "id" : 16775
  }, {
    "id" : 16903
  }, {
    "id" : 18002
  }, {
    "id" : 23500
  }, {
    "id" : 23526
  } ],
  "contacts" : [ {
    "identifiant" : 21468722,
    "referent" : true,
    "civilite" : {
      "elementReferenceType" : "ContactCivilite",
      "id" : 442
    },
    "nom" : "Morucci",
    "prenom" : "Fabienne",
    "titre" : {
      "libelleFr" : "Atelier de Cezanne"
    },
    "fonction" : {
      "elementReferenceType" : "ContactFonction",
      "id" : 4196
    },
    "moyensCommunication" : [ {
      "identifiant" : 104406480,
      "type" : {
        "elementReferenceType" : "MoyenCommunicationType",
        "id" : 201
      },
      "coordonnees" : {
        "fr" : "04 42 21 06 53"
      }
    }, {
      "identifiant" : 104406482,
      "type" : {
        "elementReferenceType" : "MoyenCommunicationType",
        "id" : 204
      },
      "coordonnees" : {
        "fr" : "fmorucci@aixenprovencetourism.com"
      }
    } ]
  } ],
  "illustrations" : [ {
    "identifiant" : 9220509,
    "link" : false,
    "type" : "IMAGE",
    "nom" : {
      "libelleFr" : "13T2000653_2_HD.jpg"
    },
    "copyright" : {
      "libelleFr" : "Sophie Spiteri"
    },
    "traductionFichiers" : [ {
      "locale" : "fr",
      "url" : "https://static.apidae-tourisme.com/filestore/objets-touristiques/images/5/242/8974853.jpg",
      "urlListe" : "https://static.apidae-tourisme.com/filestore/objets-touristiques/images/5/242/8974853-liste.jpg",
      "urlFiche" : "https://static.apidae-tourisme.com/filestore/objets-touristiques/images/5/242/8974853-fiche.jpg",
      "urlDiaporama" : "https://static.apidae-tourisme.com/filestore/objets-touristiques/images/5/242/8974853-diaporama.jpg",
      "extension" : "jpg",
      "fileName" : "full",
      "taille" : 1712798,
      "hauteur" : 1440,
      "largeur" : 1920,
      "lastModifiedDate" : "2020-12-15T05:12:05.000+0000"
    } ],
    "locked" : false
  }, {
    "identifiant" : 9220510,
    "link" : false,
    "type" : "IMAGE",
    "nom" : {
      "libelleFr" : "13T2000653_3_HD.jpg"
    },
    "copyright" : {
      "libelleFr" : "Sophie Spiteri"
    },
    "traductionFichiers" : [ {
      "locale" : "fr",
      "url" : "https://static.apidae-tourisme.com/filestore/objets-touristiques/images/6/242/8974854.jpg",
      "urlListe" : "https://static.apidae-tourisme.com/filestore/objets-touristiques/images/6/242/8974854-liste.jpg",
      "urlFiche" : "https://static.apidae-tourisme.com/filestore/objets-touristiques/images/6/242/8974854-fiche.jpg",
      "urlDiaporama" : "https://static.apidae-tourisme.com/filestore/objets-touristiques/images/6/242/8974854-diaporama.jpg",
      "extension" : "jpg",
      "fileName" : "full",
      "taille" : 1180805,
      "hauteur" : 1440,
      "largeur" : 1920,
      "lastModifiedDate" : "2020-12-15T05:12:06.000+0000"
    } ],
    "locked" : false
  }, {
    "identifiant" : 9220511,
    "link" : false,
    "type" : "IMAGE",
    "nom" : {
      "libelleFr" : "13T2000653_4_HD.jpg"
    },
    "copyright" : {
      "libelleFr" : "Sophie Spiteri"
    },
    "traductionFichiers" : [ {
      "locale" : "fr",
      "url" : "https://static.apidae-tourisme.com/filestore/objets-touristiques/images/7/242/8974855.jpg",
      "urlListe" : "https://static.apidae-tourisme.com/filestore/objets-touristiques/images/7/242/8974855-liste.jpg",
      "urlFiche" : "https://static.apidae-tourisme.com/filestore/objets-touristiques/images/7/242/8974855-fiche.jpg",
      "urlDiaporama" : "https://static.apidae-tourisme.com/filestore/objets-touristiques/images/7/242/8974855-diaporama.jpg",
      "extension" : "jpg",
      "fileName" : "full",
      "taille" : 500654,
      "hauteur" : 1440,
      "largeur" : 1920,
      "lastModifiedDate" : "2020-12-15T05:12:01.000+0000"
    } ],
    "locked" : false
  }, {
    "identifiant" : 9220512,
    "link" : false,
    "type" : "IMAGE",
    "nom" : {
      "libelleFr" : "13T2000653_5_HD.jpg"
    },
    "copyright" : {
      "libelleFr" : "Sophie Spiteri"
    },
    "traductionFichiers" : [ {
      "locale" : "fr",
      "url" : "https://static.apidae-tourisme.com/filestore/objets-touristiques/images/8/242/8974856.jpg",
      "urlListe" : "https://static.apidae-tourisme.com/filestore/objets-touristiques/images/8/242/8974856-liste.jpg",
      "urlFiche" : "https://static.apidae-tourisme.com/filestore/objets-touristiques/images/8/242/8974856-fiche.jpg",
      "urlDiaporama" : "https://static.apidae-tourisme.com/filestore/objets-touristiques/images/8/242/8974856-diaporama.jpg",
      "extension" : "jpg",
      "fileName" : "full",
      "taille" : 1000101,
      "hauteur" : 1440,
      "largeur" : 1920,
      "lastModifiedDate" : "2020-12-15T05:12:02.000+0000"
    } ],
    "locked" : false
  }, {
    "identifiant" : 9220513,
    "link" : false,
    "type" : "IMAGE",
    "nom" : {
      "libelleFr" : "13T2000653_6_HD.jpg"
    },
    "copyright" : {
      "libelleFr" : "Sophie Spiteri"
    },
    "traductionFichiers" : [ {
      "locale" : "fr",
      "url" : "https://static.apidae-tourisme.com/filestore/objets-touristiques/images/9/242/8974857.jpg",
      "urlListe" : "https://static.apidae-tourisme.com/filestore/objets-touristiques/images/9/242/8974857-liste.jpg",
      "urlFiche" : "https://static.apidae-tourisme.com/filestore/objets-touristiques/images/9/242/8974857-fiche.jpg",
      "urlDiaporama" : "https://static.apidae-tourisme.com/filestore/objets-touristiques/images/9/242/8974857-diaporama.jpg",
      "extension" : "jpg",
      "fileName" : "full",
      "taille" : 790293,
      "hauteur" : 1440,
      "largeur" : 1920,
      "lastModifiedDate" : "2020-12-15T05:12:03.000+0000"
    } ],
    "locked" : false
  } ],
  "visites" : {
    "languesVisite" : [ {
      "elementReferenceType" : "Langue",
      "id" : 1192
    }, {
      "elementReferenceType" : "Langue",
      "id" : 1197
    } ],
    "languesPanneauInformation" : [ {
      "elementReferenceType" : "Langue",
      "id" : 1189
    }, {
      "elementReferenceType" : "Langue",
      "id" : 1192
    }, {
      "elementReferenceType" : "Langue",
      "id" : 1194
    }, {
      "elementReferenceType" : "Langue",
      "id" : 1197
    }, {
      "elementReferenceType" : "Langue",
      "id" : 1200
    }, {
      "elementReferenceType" : "Langue",
      "id" : 1202
    }, {
      "elementReferenceType" : "Langue",
      "id" : 4602
    } ],
    "visitable" : true,
    "dureeMoyenneVisiteGroupe" : 30,
    "dureeMoyenneVisiteIndividuelle" : 30,
    "prestationsVisitesIndividuelles" : [ {
      "elementReferenceType" : "PrestationVisiteIndividuelle",
      "id" : 481
    }, {
      "elementReferenceType" : "PrestationVisiteIndividuelle",
      "id" : 483
    } ],
    "prestationsVisitesGroupees" : [ {
      "elementReferenceType" : "PrestationVisiteGroupee",
      "id" : 489
    }, {
      "elementReferenceType" : "PrestationVisiteGroupee",
      "id" : 491
    } ]
  },
  "territoires" : [ {
    "type" : "TERRITOIRE",
    "id" : 591381
  }, {
    "type" : "TERRITOIRE",
    "id" : 591419
  }, {
    "type" : "TERRITOIRE",
    "id" : 5127066
  }, {
    "type" : "TERRITOIRE",
    "id" : 5427620
  }, {
    "type" : "TERRITOIRE",
    "id" : 5427637
  }, {
    "type" : "TERRITOIRE",
    "id" : 5460325
  }, {
    "type" : "TERRITOIRE",
    "id" : 5693839
  }, {
    "type" : "TERRITOIRE",
    "id" : 5775948
  }, {
    "type" : "TERRITOIRE",
    "id" : 5853930
  } ],
  "datesOuverture" : [ "2022-11-08", "2022-11-09", "2022-11-10", "2022-11-11", "2022-11-12", "2022-11-15", "2022-11-16", "2022-11-17", "2022-11-18", "2022-11-19", "2022-11-22", "2022-11-23", "2022-11-24", "2022-11-25", "2022-11-26", "2022-11-29", "2022-11-30", "2022-12-01", "2022-12-02", "2022-12-03", "2022-12-06", "2022-12-07", "2022-12-08", "2022-12-09", "2022-12-10", "2022-12-13", "2022-12-14", "2022-12-15", "2022-12-16", "2022-12-17", "2022-12-20", "2022-12-21", "2022-12-22", "2022-12-23", "2022-12-24", "2022-12-27", "2022-12-28", "2022-12-29", "2022-12-30", "2022-12-31", "2023-01-10", "2023-01-11", "2023-01-12", "2023-01-13", "2023-01-14", "2023-01-17", "2023-01-18", "2023-01-19", "2023-01-20", "2023-01-21", "2023-01-24", "2023-01-25", "2023-01-26", "2023-01-27", "2023-01-28", "2023-01-31", "2023-02-01", "2023-02-02", "2023-02-03", "2023-02-04", "2023-02-07", "2023-02-08", "2023-02-09", "2023-02-10", "2023-02-11", "2023-02-14", "2023-02-15", "2023-02-16", "2023-02-17", "2023-02-18", "2023-02-21", "2023-02-22", "2023-02-23", "2023-02-24", "2023-02-25", "2023-02-28", "2023-03-01", "2023-03-02", "2023-03-03", "2023-03-04", "2023-03-07", "2023-03-08", "2023-03-09", "2023-03-10", "2023-03-11", "2023-03-14", "2023-03-15", "2023-03-16", "2023-03-17", "2023-03-18", "2023-03-21", "2023-03-22", "2023-03-23", "2023-03-24", "2023-03-25", "2023-03-28", "2023-03-29", "2023-03-30", "2023-03-31", "2023-04-01", "2023-04-02", "2023-04-03", "2023-04-04", "2023-04-05", "2023-04-06", "2023-04-07", "2023-04-08", "2023-04-09", "2023-04-10", "2023-04-11", "2023-04-12", "2023-04-13", "2023-04-14", "2023-04-15", "2023-04-16", "2023-04-17", "2023-04-18", "2023-04-19", "2023-04-20", "2023-04-21", "2023-04-22", "2023-04-23", "2023-04-24", "2023-04-25", "2023-04-26", "2023-04-27", "2023-04-28", "2023-04-29", "2023-04-30", "2023-05-02", "2023-05-03", "2023-05-04", "2023-05-05", "2023-05-06", "2023-05-07", "2023-05-08", "2023-05-09", "2023-05-10", "2023-05-11", "2023-05-12", "2023-05-13", "2023-05-14", "2023-05-15", "2023-05-16", "2023-05-17", "2023-05-18", "2023-05-19", "2023-05-20", "2023-05-21", "2023-05-22", "2023-05-23", "2023-05-24", "2023-05-25", "2023-05-26", "2023-05-27", "2023-05-28", "2023-05-29", "2023-05-30", "2023-05-31", "2023-06-01", "2023-06-02", "2023-06-03", "2023-06-04", "2023-06-05", "2023-06-06", "2023-06-07", "2023-06-08", "2023-06-09", "2023-06-10", "2023-06-11", "2023-06-12", "2023-06-13", "2023-06-14", "2023-06-15", "2023-06-16", "2023-06-17", "2023-06-18", "2023-06-19", "2023-06-20", "2023-06-21", "2023-06-22", "2023-06-23", "2023-06-24", "2023-06-25", "2023-06-26", "2023-06-27", "2023-06-28", "2023-06-29", "2023-06-30", "2023-07-01", "2023-07-02", "2023-07-03", "2023-07-04", "2023-07-05", "2023-07-06", "2023-07-07", "2023-07-08", "2023-07-09", "2023-07-10", "2023-07-11", "2023-07-12", "2023-07-13", "2023-07-14", "2023-07-15", "2023-07-16", "2023-07-17", "2023-07-18", "2023-07-19", "2023-07-20", "2023-07-21", "2023-07-22", "2023-07-23", "2023-07-24", "2023-07-25", "2023-07-26", "2023-07-27", "2023-07-28", "2023-07-29", "2023-07-30", "2023-07-31", "2023-08-01", "2023-08-02", "2023-08-03", "2023-08-04", "2023-08-05", "2023-08-06", "2023-08-07", "2023-08-08", "2023-08-09", "2023-08-10", "2023-08-11", "2023-08-12", "2023-08-13", "2023-08-14", "2023-08-15", "2023-08-16", "2023-08-17", "2023-08-18", "2023-08-19", "2023-08-20", "2023-08-21", "2023-08-22", "2023-08-23", "2023-08-24", "2023-08-25", "2023-08-26", "2023-08-27", "2023-08-28", "2023-08-29", "2023-08-30", "2023-08-31", "2023-09-01", "2023-09-02", "2023-09-03", "2023-09-04", "2023-09-05", "2023-09-06", "2023-09-07", "2023-09-08", "2023-09-09", "2023-09-10", "2023-09-11", "2023-09-12", "2023-09-13", "2023-09-14", "2023-09-15", "2023-09-16", "2023-09-17", "2023-09-18", "2023-09-19", "2023-09-20", "2023-09-21", "2023-09-22", "2023-09-23", "2023-09-24", "2023-09-25", "2023-09-26", "2023-09-27", "2023-09-28", "2023-09-29", "2023-09-30", "2023-10-03", "2023-10-04", "2023-10-05", "2023-10-06", "2023-10-07", "2023-10-10", "2023-10-11", "2023-10-12", "2023-10-13", "2023-10-14", "2023-10-17", "2023-10-18", "2023-10-19", "2023-10-20", "2023-10-21", "2023-10-24", "2023-10-25", "2023-10-26", "2023-10-27", "2023-10-28", "2023-10-31", "2023-11-01", "2023-11-02", "2023-11-03", "2023-11-04", "2023-11-07", "2023-11-08", "2023-11-09", "2023-11-10", "2023-11-11", "2023-11-14", "2023-11-15", "2023-11-16", "2023-11-17", "2023-11-18", "2023-11-21", "2023-11-22", "2023-11-23", "2023-11-24", "2023-11-25", "2023-11-28", "2023-11-29", "2023-11-30", "2023-12-01", "2023-12-02", "2023-12-05", "2023-12-06", "2023-12-07", "2023-12-08", "2023-12-09", "2023-12-12", "2023-12-13", "2023-12-14", "2023-12-15", "2023-12-16", "2023-12-19", "2023-12-20", "2023-12-21", "2023-12-22", "2023-12-23", "2023-12-26", "2023-12-27", "2023-12-28", "2023-12-29", "2023-12-30" ],
  "informationsPatrimoineCulturel" : {
    "patrimoineCulturelType" : {
      "elementReferenceType" : "PatrimoineCulturelType",
      "id" : 3201
    },
    "themes" : [ {
      "elementReferenceType" : "PatrimoineCulturelTheme",
      "id" : 3393
    }, {
      "elementReferenceType" : "PatrimoineCulturelTheme",
      "id" : 3422
    } ],
    "categories" : [ {
      "elementReferenceType" : "PatrimoineCulturelCategorie",
      "id" : 3226
    } ]
  },
  "formatVersion" : "v002",
  "expiration" : {
    "dateExpiration" : "2023-12-30T00:00:00.000+0000",
    "expirationAction" : "MASQUER"
  },
  "informationsPrestataireActivites" : {
    "prestataireActivites" : true
  },
  "enquete" : {
    "enquetes" : [ {
      "identifiant" : 2223723,
      "annee" : 2022,
      "retour" : true,
      "titre" : {
        "elementReferenceType" : "EnqueteTitre",
        "id" : 3934
      }
    } ]
  },
  "donneesPrivees" : [ {
    "nomTechnique" : "1947_Id_patio",
    "libelleFr" : "Id_Patio",
    "ordre" : 1,
    "descriptif" : {
      "libelleFr" : "13T2000653"
    }
  }, {
    "nomTechnique" : "1947_Source_patio",
    "libelleFr" : "Source_Patio",
    "ordre" : 2,
    "descriptif" : {
      "libelleFr" : "OT Aix en Provence"
    }
  }, {
    "nomTechnique" : "1947_Url_patio",
    "libelleFr" : "URL_Patio",
    "ordre" : 3,
    "descriptif" : {
      "libelleFr" : "http://www.aixenprovencetourism.com"
    }
  } ],
  "metadonnees" : [ {
    "noeudId" : "fairguest",
    "contenus" : [ {
      "cible" : "general",
      "metadonnee" : {
        "note" : 7.8,
        "label" : "Bon",
        "couleur" : "#9fbf04",
        "nombreAvis" : 853,
        "dateMaj" : 1667729603016
      }
    } ]
  } ]
}