{
  "type" : "FETE_ET_MANIFESTATION",
  "id" : 5577020,
  "nom" : {
    "libelleFr" : "Marché de Carro",
    "libelleEn" : "Marché de Carro",
    "libelleEs" : "Marché de Carro",
    "libelleIt" : "Marché de Carro",
    "libelleDe" : "Marché de Carro",
    "libelleNl" : "Marché de Carro"
  },
  "identifier" : "SITRA2_EVE_5577020",
  "state" : "PUBLISHED",
  "gestion" : {
    "dateCreation" : "2020-06-17T07:25:22.379+0000",
    "dateModification" : "2022-09-01T13:36:42.164+0000",
    "dateExportModification" : "2022-10-18T12:49:22.939+0000",
    "membreProprietaire" : {
      "type" : {
        "elementReferenceType" : "MembreSitraType",
        "id" : 233
      },
      "nom" : "Office de Tourisme et des Loisirs de Martigues",
      "dateCreation" : "2020-09-21T14:40:58.539+0000",
      "dateModification" : "2022-10-24T08:49:47.539+0000",
      "id" : 2082,
      "siteWeb" : "http://www.martigues-tourisme.com"
    },
    "signalerUnProblemeMails" : [ "etourisme@splte-martigues.fr", "animations@martigues-tourisme.com", "webmaster@splte-martigues.fr" ]
  },
  "informations" : {
    "moyensCommunication" : [ {
      "identifiant" : 83681511,
      "type" : {
        "elementReferenceType" : "MoyenCommunicationType",
        "id" : 201
      },
      "coordonnees" : {
        "fr" : "04 42 44 33 38"
      },
      "observation" : {
        "libelleFr" : "Réglementation Administrative Secteur marchés d'approvisionnement"
      }
    }, {
      "identifiant" : 83681512,
      "type" : {
        "elementReferenceType" : "MoyenCommunicationType",
        "id" : 204
      },
      "coordonnees" : {
        "fr" : "reglementation-administrative@ville-martigues.fr"
      },
      "observation" : {
        "libelleFr" : "Réglementation Administrative Secteur marchés d'approvisionnement"
      }
    } ],
    "informationsLegales" : { },
    "structureGestion" : {
      "type" : "STRUCTURE",
      "id" : 5661581
    }
  },
  "presentation" : {
    "descriptifCourt" : {
      "libelleFr" : "Le marché de Carro se tient en bord de mer dans le petit village, près du Cercle des pêcheurs.",
      "libelleEn" : "The Carro market is held by the sea in the small village, near the Circle of fishermen.",
      "libelleEs" : "El mercado de Carro se lleva a cabo junto al mar en el pequeño pueblo, cerca del Círculo de pescadores.",
      "libelleDe" : "Der Carro-Markt findet am Meer in dem kleinen Dorf in der Nähe des Fischerkreises statt."
    },
    "descriptifDetaille" : {
      "libelleFr" : "Une dizaine d'exposants proposent des fruits et légumes, produits de boucherie et charcuterie. Le nombre d'étals et de produits dépendent de la saison.",
      "libelleEn" : "A dozen exhibitors offer fruits and vegetables, butcher and delicatessen products. The number of stalls and products depends on the season.",
      "libelleEs" : "Una docena de expositores ofrecen frutas y verduras, carnicería y productos delicatessen. El número de puestos y productos depende de la temporada.",
      "libelleDe" : "Ein Dutzend Aussteller bieten Obst und Gemüse sowie Metzger- und Feinkostprodukte an. Die Anzahl der Stände und Produkte hängt von der Jahreszeit ab."
    },
    "typologiesPromoSitra" : [ {
      "elementReferenceType" : "TypologiePromoSitra",
      "id" : 1599
    }, {
      "elementReferenceType" : "TypologiePromoSitra",
      "id" : 1676
    } ]
  },
  "localisation" : {
    "adresse" : {
      "nomDuLieu" : "Port de Carro",
      "adresse1" : "Quai Vérandy",
      "codePostal" : "13500",
      "commune" : {
        "id" : 4467
      }
    },
    "geolocalisation" : {
      "valide" : true,
      "geoJson" : {
        "type" : "Point",
        "coordinates" : [ 5.038806, 43.330650 ]
      }
    },
    "perimetreGeographique" : [ {
      "id" : 4467
    } ],
    "environnements" : [ {
      "elementReferenceType" : "Environnement",
      "id" : 185
    }, {
      "elementReferenceType" : "Environnement",
      "id" : 191
    }, {
      "elementReferenceType" : "Environnement",
      "id" : 3743
    }, {
      "elementReferenceType" : "Environnement",
      "id" : 4317
    } ],
    "lieu" : {
      "id" : 15189
    },
    "lieuObjetTouristique" : {
      "type" : "EQUIPEMENT",
      "id" : 5519086
    }
  },
  "liens" : { },
  "prestations" : {
    "services" : [ {
      "elementReferenceType" : "PrestationService",
      "id" : 687
    } ],
    "animauxAcceptes" : "ACCEPTES",
    "animauxAcceptesSupplement" : "NON_DISPONIBLE",
    "languesParlees" : [ {
      "elementReferenceType" : "Langue",
      "id" : 1197
    } ],
    "complementAccueil" : { }
  },
  "ouverture" : {
    "periodeEnClair" : {
      "libelleFr" : "Toute l'année, tous les mercredis et samedis de 8h à 13h.\n\nAnnulé en cas de mauvais temps.",
      "libelleEn" : "All year round, every Wednesday and Saturday between 8 am and 1 pm.\n\nCancelled in case of bad weather.",
      "libelleEs" : "Todo el año, todos los miércoles y sábados de 8 a 13.\n\nCancelado en caso de mal tiempo.",
      "libelleIt" : "Tutto l'anno, tutti i mercoledì e sabati dalle 8 alle 13.\n\nAnnulato in caso di maltempo.",
      "libelleDe" : "Ganzjährig, jeden Mittwoch und Samstag von 8 Uhr bis 13 Uhr.\n\nStorniert bei Schlechtwetter.",
      "libelleNl" : "Het hele jaar, elke woensdag en zaterdag van 8.00 tot en met 13.00 u.\n\nAfgelast in geval van slechte weeromstandigheden.",
      "libelleRu" : "В течение всего года, каждый среды и субботы с 8h до 13h.\n\nАннулируется при плохой погоде.",
      "libelleZh" : "全年, 每星期三 和 星期六 小时小时 和 小时小时 之间.\n\n恶劣天气时取消.",
      "libellePtBR" : "Todo o ano, todas as quartas-feiras e sábados de 8h a  13h.\n\nCancelado em caso de mau tempo.",
      "libelleJa" : "オールシーズン, 毎水曜日 と 土曜日 8 午前 と 1 午後 の間.\n\n悪天候の場合は中止."
    },
    "periodeEnClairGenerationMode" : "AUTOMATIQUE",
    "indicationsPeriode" : [ {
      "elementReferenceType" : "IndicationPeriode",
      "id" : 416
    }, {
      "elementReferenceType" : "IndicationPeriode",
      "id" : 418
    }, {
      "elementReferenceType" : "IndicationPeriode",
      "id" : 435
    }, {
      "elementReferenceType" : "IndicationPeriode",
      "id" : 436
    } ],
    "periodesOuvertures" : [ {
      "identifiant" : 19977068,
      "dateDebut" : "2020-01-01",
      "dateFin" : "2020-12-31",
      "horaireOuverture" : "08:00:00",
      "horaireFermeture" : "13:00:00",
      "type" : "OUVERTURE_SEMAINE",
      "tousLesAns" : true,
      "ouverturesJournalieres" : [ {
        "jour" : "MERCREDI"
      }, {
        "jour" : "SAMEDI"
      } ],
      "identifiantTechnique" : 24205468
    } ],
    "ouverturesComplementaires" : [ {
      "elementReferenceType" : "OuvertureComplementaire",
      "id" : 4190
    } ],
    "ouvertTouteLAnnee" : "OUVERT_TOUTE_L_ANNEE"
  },
  "descriptionTarif" : {
    "indicationTarif" : "ACCES_LIBRE",
    "gratuit" : true,
    "tarifsEnClair" : {
      "libelleFr" : "Accès libre.",
      "libelleEn" : "Free access.",
      "libelleEs" : "Acceso libre.",
      "libelleIt" : "Accesso libero.",
      "libelleDe" : "Freier Zugang.",
      "libelleNl" : "Gratis toegang.",
      "libelleRu" : "Вход свободный.",
      "libelleZh" : "自由访问.",
      "libellePtBR" : "Acesso livre.",
      "libelleJa" : "フリーアクセス."
    },
    "tarifsEnClairGenerationMode" : "AUTOMATIQUE",
    "devise" : "EUR",
    "conditions" : { }
  },
  "reservation" : { },
  "criteresInternes" : [ {
    "id" : 18002
  } ],
  "contacts" : [ {
    "identifiant" : 18311162,
    "referent" : true,
    "nom" : "Secteur marchés d'approvisionnement",
    "prenom" : "Réglementation Administrative",
    "titre" : {
      "libelleFr" : "Hôtel de ville"
    },
    "fonction" : {
      "elementReferenceType" : "ContactFonction",
      "id" : 457
    },
    "moyensCommunication" : [ {
      "identifiant" : 83661287,
      "type" : {
        "elementReferenceType" : "MoyenCommunicationType",
        "id" : 201
      },
      "coordonnees" : {
        "fr" : "04 42 44 33 38"
      },
      "observation" : {
        "libelleFr" : "Accueil Réglementation administrative"
      }
    }, {
      "identifiant" : 83661288,
      "type" : {
        "elementReferenceType" : "MoyenCommunicationType",
        "id" : 204
      },
      "coordonnees" : {
        "fr" : "reglementation-administrative@ville-martigues.fr"
      },
      "observation" : {
        "libelleFr" : "Accueil Réglementation administrative"
      }
    }, {
      "identifiant" : 83661325,
      "type" : {
        "elementReferenceType" : "MoyenCommunicationType",
        "id" : 201
      },
      "coordonnees" : {
        "fr" : "04 42 44 33 87"
      },
      "observation" : {
        "libelleFr" : "Marc HABASTIDA (responsable Réglementation administrative)"
      }
    }, {
      "identifiant" : 83661326,
      "type" : {
        "elementReferenceType" : "MoyenCommunicationType",
        "id" : 204
      },
      "coordonnees" : {
        "fr" : "marc.habastida@ville-martigues.fr"
      },
      "observation" : {
        "libelleFr" : "Marc HABASTIDA (responsable Réglementation administrative)"
      }
    } ]
  } ],
  "illustrations" : [ {
    "identifiant" : 13919316,
    "link" : false,
    "type" : "IMAGE",
    "nom" : {
      "libelleFr" : "Marché de Carro"
    },
    "copyright" : {
      "libelleFr" : "Otmartigues / KarimK"
    },
    "traductionFichiers" : [ {
      "locale" : "fr",
      "url" : "https://static.apidae-tourisme.com/filestore/objets-touristiques/images/249/107/14183417.jpg",
      "urlListe" : "https://static.apidae-tourisme.com/filestore/objets-touristiques/images/249/107/14183417-liste.jpg",
      "urlFiche" : "https://static.apidae-tourisme.com/filestore/objets-touristiques/images/249/107/14183417-fiche.jpg",
      "urlDiaporama" : "https://static.apidae-tourisme.com/filestore/objets-touristiques/images/249/107/14183417-diaporama.jpg",
      "extension" : "jpg",
      "fileName" : "full",
      "taille" : 855566,
      "hauteur" : 1440,
      "largeur" : 1920,
      "lastModifiedDate" : "2022-09-01T13:36:42.579+0000"
    } ],
    "locked" : false
  } ],
  "territoires" : [ {
    "type" : "TERRITOIRE",
    "id" : 591381
  }, {
    "type" : "TERRITOIRE",
    "id" : 591419
  }, {
    "type" : "TERRITOIRE",
    "id" : 5127066
  }, {
    "type" : "TERRITOIRE",
    "id" : 5427637
  }, {
    "type" : "TERRITOIRE",
    "id" : 5460459
  }, {
    "type" : "TERRITOIRE",
    "id" : 5693765
  }, {
    "type" : "TERRITOIRE",
    "id" : 5693912
  }, {
    "type" : "TERRITOIRE",
    "id" : 5853947
  } ],
  "datesOuverture" : [ "2022-10-19", "2022-10-22", "2022-10-26", "2022-10-29", "2022-11-02", "2022-11-05", "2022-11-09", "2022-11-12", "2022-11-16", "2022-11-19", "2022-11-23", "2022-11-26", "2022-11-30", "2022-12-03", "2022-12-07", "2022-12-10", "2022-12-14", "2022-12-17", "2022-12-21", "2022-12-24", "2022-12-28", "2022-12-31", "2023-01-04", "2023-01-07", "2023-01-11", "2023-01-14", "2023-01-18", "2023-01-21", "2023-01-25", "2023-01-28", "2023-02-01", "2023-02-04", "2023-02-08", "2023-02-11", "2023-02-15", "2023-02-18", "2023-02-22", "2023-02-25", "2023-03-01", "2023-03-04", "2023-03-08", "2023-03-11", "2023-03-15", "2023-03-18", "2023-03-22", "2023-03-25", "2023-03-29", "2023-04-01", "2023-04-05", "2023-04-08", "2023-04-12", "2023-04-15", "2023-04-19", "2023-04-22", "2023-04-26", "2023-04-29", "2023-05-03", "2023-05-06", "2023-05-10", "2023-05-13", "2023-05-17", "2023-05-20", "2023-05-24", "2023-05-27", "2023-05-31", "2023-06-03", "2023-06-07", "2023-06-10", "2023-06-14", "2023-06-17", "2023-06-21", "2023-06-24", "2023-06-28", "2023-07-01", "2023-07-05", "2023-07-08", "2023-07-12", "2023-07-15", "2023-07-19", "2023-07-22", "2023-07-26", "2023-07-29", "2023-08-02", "2023-08-05", "2023-08-09", "2023-08-12", "2023-08-16", "2023-08-19", "2023-08-23", "2023-08-26", "2023-08-30", "2023-09-02", "2023-09-06", "2023-09-09", "2023-09-13", "2023-09-16", "2023-09-20", "2023-09-23", "2023-09-27", "2023-09-30", "2023-10-04", "2023-10-07", "2023-10-11", "2023-10-14", "2023-10-18", "2023-10-21", "2023-10-25", "2023-10-28", "2023-11-01", "2023-11-04", "2023-11-08", "2023-11-11", "2023-11-15", "2023-11-18", "2023-11-22", "2023-11-25", "2023-11-29", "2023-12-02", "2023-12-06", "2023-12-09", "2023-12-13", "2023-12-16", "2023-12-20", "2023-12-23", "2023-12-27", "2023-12-30", "2024-01-03", "2024-01-06", "2024-01-10", "2024-01-13", "2024-01-17", "2024-01-20", "2024-01-24", "2024-01-27", "2024-01-31", "2024-02-03", "2024-02-07", "2024-02-10", "2024-02-14", "2024-02-17", "2024-02-21", "2024-02-24", "2024-02-28", "2024-03-02", "2024-03-06", "2024-03-09", "2024-03-13", "2024-03-16", "2024-03-20", "2024-03-23", "2024-03-27", "2024-03-30", "2024-04-03", "2024-04-06", "2024-04-10", "2024-04-13", "2024-04-17", "2024-04-20", "2024-04-24", "2024-04-27", "2024-05-01", "2024-05-04", "2024-05-08", "2024-05-11", "2024-05-15", "2024-05-18", "2024-05-22", "2024-05-25", "2024-05-29", "2024-06-01", "2024-06-05", "2024-06-08", "2024-06-12", "2024-06-15", "2024-06-19", "2024-06-22", "2024-06-26", "2024-06-29", "2024-07-03", "2024-07-06", "2024-07-10", "2024-07-13", "2024-07-17", "2024-07-20", "2024-07-24", "2024-07-27", "2024-07-31", "2024-08-03", "2024-08-07", "2024-08-10", "2024-08-14", "2024-08-17", "2024-08-21", "2024-08-24", "2024-08-28", "2024-08-31", "2024-09-04", "2024-09-07", "2024-09-11", "2024-09-14", "2024-09-18", "2024-09-21", "2024-09-25", "2024-09-28", "2024-10-02", "2024-10-05", "2024-10-09", "2024-10-12", "2024-10-16" ],
  "informationsFeteEtManifestation" : {
    "typesManifestation" : [ {
      "elementReferenceType" : "FeteEtManifestationType",
      "id" : 1962
    } ],
    "categories" : [ {
      "elementReferenceType" : "FeteEtManifestationCategorie",
      "id" : 2107
    } ],
    "themes" : [ {
      "elementReferenceType" : "FeteEtManifestationTheme",
      "id" : 2273
    } ],
    "portee" : {
      "elementReferenceType" : "FeteEtManifestationPortee",
      "id" : 2352
    },
    "nbParticipantsAttendu" : 10,
    "nomLieu" : "Port de Carro"
  },
  "formatVersion" : "v002",
  "expiration" : { },
  "enquete" : { },
  "donneesPrivees" : [ {
    "nomTechnique" : "1947_Id_patio",
    "libelleFr" : "Id_Patio",
    "ordre" : 1,
    "descriptif" : {
      "libelleFr" : "13EVT114342"
    }
  }, {
    "nomTechnique" : "1947_Source_patio",
    "libelleFr" : "Source_Patio",
    "ordre" : 2,
    "descriptif" : {
      "libelleFr" : "OT Martigues"
    }
  }, {
    "nomTechnique" : "1947_Url_patio",
    "libelleFr" : "URL_Patio",
    "ordre" : 3,
    "descriptif" : {
      "libelleFr" : "http://www.martigues-tourisme.com"
    }
  } ]
}