{
  "type" : "PATRIMOINE_CULTUREL",
  "id" : 5539492,
  "nom" : {
    "libelleFr" : "Château de l'Empéri",
    "libelleEn" : "Castle of the Empéri",
    "libelleEs" : "Castillo de l'Empéri",
    "libelleIt" : "Château de l'Empéri",
    "libelleDe" : "Schloss Empéri",
    "libelleNl" : "Château de l'Empéri"
  },
  "identifier" : "SITRA2_PCU_5539492",
  "state" : "PUBLISHED",
  "gestion" : {
    "dateCreation" : "2020-05-27T15:14:59.961+0000",
    "dateModification" : "2022-02-24T07:50:37.363+0000",
    "dateExportModification" : "2022-11-05T12:35:24.000+0000",
    "membreProprietaire" : {
      "type" : {
        "elementReferenceType" : "MembreSitraType",
        "id" : 233
      },
      "nom" : "Office de Tourisme de Salon de Provence",
      "dateCreation" : "2020-02-14T10:43:25.088+0000",
      "dateModification" : "2022-10-24T08:49:43.996+0000",
      "id" : 1989,
      "siteWeb" : "http://www.visitsalondeprovence.com/"
    },
    "signalerUnProblemeMails" : [ "m.quaglia@visitsalondeprovence.com", "projet@visitsalondeprovence.com", "s.kheloufi@visitsalondeprovence.com", "v.bailly@visitsalondeprovence.com" ]
  },
  "informations" : {
    "moyensCommunication" : [ {
      "identifiant" : 79675263,
      "type" : {
        "elementReferenceType" : "MoyenCommunicationType",
        "id" : 201
      },
      "coordonnees" : {
        "fr" : "04 90 44 72 80"
      }
    }, {
      "identifiant" : 79675264,
      "type" : {
        "elementReferenceType" : "MoyenCommunicationType",
        "id" : 202
      },
      "coordonnees" : {
        "fr" : "04 90 56 28 37"
      }
    }, {
      "identifiant" : 81734829,
      "type" : {
        "elementReferenceType" : "MoyenCommunicationType",
        "id" : 204
      },
      "coordonnees" : {
        "fr" : "accueil.museeemperi@salondeprovence.org"
      }
    }, {
      "identifiant" : 81734830,
      "type" : {
        "elementReferenceType" : "MoyenCommunicationType",
        "id" : 205
      },
      "coordonnees" : {
        "fr" : "http://www.salondeprovence.fr/index.php/emperi"
      }
    } ],
    "informationsLegales" : { },
    "structureGestion" : {
      "type" : "STRUCTURE",
      "id" : 5225029
    }
  },
  "presentation" : {
    "descriptifCourt" : {
      "libelleFr" : "Juché sur le rocher du Puech, l'Empéri domine Salon. Ce château fut du IXe au XVIIIe s la résidence des archevêques d'Arles.",
      "libelleEn" : "Perched on the rock of the Puech, the Empéri dominates the living room. This castle was from the ninth to the eighteenth s, residence of the archbishops of Arles.",
      "libelleEs" : "Encaramado en la roca de Puech, el Empéri domina Salon. Este castillo fue la residencia de los arzobispos de Arles desde el siglo IX hasta el XVIII.",
      "libelleDe" : "Auf dem Felsen Puech thront das Schloss Empéri über Salon. Das Schloss war vom 9. bis zum 18. Jahrhundert die Residenz der Erzbischöfe von Arles."
    },
    "descriptifDetaille" : {
      "libelleFr" : "L'Empéri, qui a également accueilli des rois de France, est un musée d'art et de costumes et d'histoire militaire. Il abrite ainsi les collections constituées à partir du début du siècle par Raoul et Jean Brunon, qui depuis 1967 sont propriété du Musée de l'Armée. Le musée présente en une trentaine de salles : l'histoire des armées françaises de Louis XIV à 1918. Collections du Musée de l'Armée. Gratuité pour les militaires et personnels de la Défense. Architecture définitive romain, gothique, renaissance.\r\nLa visite du Château est gratuite, celle du Musée est payante.",
      "libelleEn" : "The book, which also hosted Kings of France, is a Museum of art and costumes and military history. It houses collections formed from the beginning of the century by Raoul and Jean Brunon, who, since 1967, are property of the Army Museum. The Museum presents in 30 rooms: the history of the French army of Louis XIV to 1918. Collections of the Museum of the army. Free for the military and personal defense. Final architecture, Roman, Gothic, renaissance.The visit to the castle is free, the Museum is paying off.",
      "libelleEs" : "L'Empéri, que también ha acogido a reyes de Francia, es un museo de arte y trajes y de historia militar. Alberga las colecciones reunidas a principios de siglo por Raoul y Jean Brunon, que desde 1967 son propiedad del Museo del Ejército. El museo presenta en una treintena de salas la historia de los ejércitos franceses desde Luis XIV hasta 1918. Colecciones del Museo del Ejército. Entrada gratuita para el personal militar y de defensa. Arquitectura romana, gótica y renacentista definitiva.\r\nLa visita del Castillo es gratuita, la del Museo es de pago.",
      "libelleDe" : "Das Empéri, das auch französische Könige beherbergte, ist ein Museum für Kunst und Kostüme sowie für Militärgeschichte. So beherbergt es die Sammlungen, die ab Anfang des Jahrhunderts von Raoul und Jean Brunon zusammengestellt wurden und seit 1967 Eigentum des Armeemuseums sind. Das Museum zeigt in etwa 30 Sälen: die Geschichte der französischen Armeen von Ludwig XIV. bis 1918. Sammlungen des Musée de l'Armée (Armeemuseum). Freier Eintritt für Angehörige des Militärs und des Verteidigungspersonals. Endgültige römische, gotische und Renaissance-Architektur.\r\nDer Besuch des Schlosses ist kostenlos, der Besuch des Museums ist kostenpflichtig."
    },
    "descriptifsThematises" : [ {
      "dateDisponibilite" : null,
      "dateLimiteDePublication" : null,
      "theme" : {
        "elementReferenceType" : "DescriptifTheme",
        "id" : 6143
      },
      "description" : {
        "libelleFr" : "Handicapés physiques (mais non handicapés moteurs)",
        "libelleEn" : "Physically challenged (but not physically challenged)",
        "libelleEs" : "Discapacitados físicos (pero no discapacitados físicos)",
        "libelleDe" : "Körperbehinderte (aber nicht motorisch Behinderte)"
      }
    } ]
  },
  "localisation" : {
    "adresse" : {
      "adresse1" : "Montée Du Puech",
      "codePostal" : "13300",
      "bureauDistribution" : "SALON DE PROVENCE",
      "commune" : {
        "id" : 4514
      }
    },
    "geolocalisation" : {
      "complement" : {
        "libelleFr" : "Marseille-Provence : Aéroport/Aérodrome à 25km\r\nCentre ville : Arrêt de bus à 0.5km\r\nGare SNCF de Salon de Pce : Gare ferroviaire à 2km\r\nMarseille : Gare maritime à 45km\r\nHalte Routière Place Morgan : Gare routière à 1km\r\nCentre ville : Sortie autoroute à 3km"
      },
      "valide" : true,
      "geoJson" : {
        "type" : "Point",
        "coordinates" : [ 5.098425, 43.638462 ]
      }
    },
    "perimetreGeographique" : [ {
      "id" : 4514
    } ],
    "environnements" : [ {
      "elementReferenceType" : "Environnement",
      "id" : 141
    }, {
      "elementReferenceType" : "Environnement",
      "id" : 143
    }, {
      "elementReferenceType" : "Environnement",
      "id" : 180
    }, {
      "elementReferenceType" : "Environnement",
      "id" : 183
    }, {
      "elementReferenceType" : "Environnement",
      "id" : 3973
    }, {
      "elementReferenceType" : "Environnement",
      "id" : 3974
    }, {
      "elementReferenceType" : "Environnement",
      "id" : 3982
    } ]
  },
  "liens" : {
    "liensObjetsTouristiquesTypes" : [ {
      "type" : "SUR_PLACE",
      "libelleFr" : "Sur place",
      "libelleEn" : "On the premises",
      "libelleEs" : "In situ",
      "libelleIt" : "Sul posto",
      "libelleDe" : "Vor Ort",
      "libelleNl" : "Ter plaatse",
      "libelleRu" : "На месте",
      "libelleZh" : "堂食",
      "libellePtBR" : "No local",
      "libelleJa" : "現地で",
      "objetTouristique" : {
        "type" : "PATRIMOINE_CULTUREL",
        "id" : 5539007
      }
    } ]
  },
  "prestations" : {
    "equipements" : [ {
      "elementReferenceType" : "PrestationEquipement",
      "id" : 972
    }, {
      "elementReferenceType" : "PrestationEquipement",
      "id" : 1321
    }, {
      "elementReferenceType" : "PrestationEquipement",
      "id" : 1322
    }, {
      "elementReferenceType" : "PrestationEquipement",
      "id" : 1323
    } ],
    "services" : [ {
      "elementReferenceType" : "PrestationService",
      "id" : 1130
    }, {
      "elementReferenceType" : "PrestationService",
      "id" : 1190
    } ],
    "animauxAcceptes" : "NON_ACCEPTES",
    "animauxAcceptesSupplement" : "NON_DISPONIBLE",
    "complementAccueil" : {
      "libelleFr" : "Parking public(Sur les cours du centre-ville.gratuit Place Morgan)\r\nParking privé(L'Empéri et Coucou)\r\nParking autocar(Face au cinéma les Arcades)",
      "libelleIt" : "Accessibile ai disabili",
      "libelleNl" : "Toegankelijk voor mensen met een handicap"
    },
    "typesClientele" : [ {
      "elementReferenceType" : "TypeClientele",
      "id" : 593
    } ]
  },
  "ouverture" : {
    "periodeEnClair" : {
      "libelleFr" : "Du 01/01 au 31/12, tous les mardis, mercredis, jeudis, vendredis, samedis et dimanches.",
      "libelleEn" : "From 01/01 to 31/12, every Tuesday, Wednesday, Thursday, Friday, Saturday and Sunday.",
      "libelleEs" : "Del 01/01 al 31/12, todos los martes, miércoles, jueves, viernes, sábados y domingos.",
      "libelleIt" : "Dal 01/01 al 31/12, tutti i martedì, mercoledì, giovedì, venerdì, sabati e domeniche.",
      "libelleDe" : "Vom 01/01 bis 31/12, jeden Dienstag, Mittwoch, Donnerstag, Freitag, Samstag und Sonntag.",
      "libelleNl" : "Van 01/01 tot en met 31/12, elke dinsdag, woensdag, donderdag, vrijdag, zaterdag en zondag.",
      "libelleRu" : "С 01/01 до 31/12, каждый вторники, среды, четверги, пятницы, субботы и воскресенья.",
      "libelleZh" : "从 1月1日 到 12月31日, 每星期二, 星期三, 星期四, 星期五, 星期六 和 星期日.",
      "libellePtBR" : "De 01/01 a 31/12, todas as terças-feiras, quartas-feiras, quintas-feiras, sextas-feiras, sábados e domingos.",
      "libelleJa" : "01/01 から 31/12 まで, 毎火曜日, 水曜日, 木曜日, 金曜日, 土曜日 と 日曜日."
    },
    "periodeEnClairGenerationMode" : "AUTOMATIQUE",
    "indicationsPeriode" : [ {
      "elementReferenceType" : "IndicationPeriode",
      "id" : 416
    }, {
      "elementReferenceType" : "IndicationPeriode",
      "id" : 418
    }, {
      "elementReferenceType" : "IndicationPeriode",
      "id" : 435
    }, {
      "elementReferenceType" : "IndicationPeriode",
      "id" : 436
    } ],
    "periodesOuvertures" : [ {
      "identifiant" : 19372260,
      "dateDebut" : "2020-01-01",
      "dateFin" : "2020-12-31",
      "type" : "OUVERTURE_SEMAINE",
      "tousLesAns" : true,
      "ouverturesJournalieres" : [ {
        "jour" : "MARDI"
      }, {
        "jour" : "MERCREDI"
      }, {
        "jour" : "JEUDI"
      }, {
        "jour" : "VENDREDI"
      }, {
        "jour" : "SAMEDI"
      }, {
        "jour" : "DIMANCHE"
      } ],
      "identifiantTechnique" : 22762878
    } ]
  },
  "descriptionTarif" : {
    "indicationTarif" : "PAYANT",
    "gratuit" : false,
    "tarifsEnClair" : {
      "libelleFr" : "Entrée : 5.1€.",
      "libelleEn" : "Entrance fee: 5.1€.",
      "libelleEs" : "Entrada: 5,1€.",
      "libelleDe" : "Eintritt: 5.1€."
    },
    "tarifsEnClairGenerationMode" : "AUTOMATIQUE",
    "complement" : {
      "libelleFr" : "Entrée : 5.1€",
      "libelleEn" : "Entrance fee: 5.1€.",
      "libelleEs" : "Entrada: 5,1€.",
      "libelleDe" : "Eintritt: 5.1€"
    },
    "modesPaiement" : [ {
      "elementReferenceType" : "ModePaiement",
      "id" : 1271
    }, {
      "elementReferenceType" : "ModePaiement",
      "id" : 1277
    } ],
    "devise" : "EUR",
    "conditions" : { }
  },
  "reservation" : { },
  "criteresInternes" : [ {
    "id" : 16775
  }, {
    "id" : 18002
  } ],
  "contacts" : [ {
    "identifiant" : 17644286,
    "referent" : true,
    "civilite" : {
      "elementReferenceType" : "ContactCivilite",
      "id" : 443
    },
    "nom" : "Riccioli",
    "prenom" : "Jean-Louis",
    "fonction" : {
      "elementReferenceType" : "ContactFonction",
      "id" : 6026
    },
    "moyensCommunication" : [ {
      "identifiant" : 81734831,
      "type" : {
        "elementReferenceType" : "MoyenCommunicationType",
        "id" : 201
      },
      "coordonnees" : {
        "fr" : "04 90 56 22 36"
      }
    } ]
  } ],
  "illustrations" : [ {
    "identifiant" : 8487288,
    "link" : false,
    "type" : "IMAGE",
    "nom" : {
      "libelleFr" : "13T2000103_1_HD.jpg"
    },
    "copyright" : {
      "libelleFr" : "Château de l'Empéri"
    },
    "traductionFichiers" : [ {
      "locale" : "fr",
      "url" : "https://static.apidae-tourisme.com/filestore/objets-touristiques/images/76/251/8256332.jpg",
      "urlListe" : "https://static.apidae-tourisme.com/filestore/objets-touristiques/images/76/251/8256332-liste.jpg",
      "urlFiche" : "https://static.apidae-tourisme.com/filestore/objets-touristiques/images/76/251/8256332-fiche.jpg",
      "urlDiaporama" : "https://static.apidae-tourisme.com/filestore/objets-touristiques/images/76/251/8256332-diaporama.jpg",
      "extension" : "jpg",
      "fileName" : "full",
      "taille" : 714162,
      "hauteur" : 1920,
      "largeur" : 1440,
      "lastModifiedDate" : "2020-07-23T16:46:40.000+0000"
    } ],
    "locked" : false
  }, {
    "identifiant" : 8487289,
    "link" : false,
    "type" : "IMAGE",
    "nom" : {
      "libelleFr" : "13T2000103_2_HD.jpg"
    },
    "copyright" : {
      "libelleFr" : "Château de l'Empéri"
    },
    "traductionFichiers" : [ {
      "locale" : "fr",
      "url" : "https://static.apidae-tourisme.com/filestore/objets-touristiques/images/77/251/8256333.jpg",
      "urlListe" : "https://static.apidae-tourisme.com/filestore/objets-touristiques/images/77/251/8256333-liste.jpg",
      "urlFiche" : "https://static.apidae-tourisme.com/filestore/objets-touristiques/images/77/251/8256333-fiche.jpg",
      "urlDiaporama" : "https://static.apidae-tourisme.com/filestore/objets-touristiques/images/77/251/8256333-diaporama.jpg",
      "extension" : "jpg",
      "fileName" : "full",
      "taille" : 641345,
      "hauteur" : 1440,
      "largeur" : 1920,
      "lastModifiedDate" : "2020-07-23T16:46:42.000+0000"
    } ],
    "locked" : false
  }, {
    "identifiant" : 8487290,
    "link" : false,
    "type" : "IMAGE",
    "nom" : {
      "libelleFr" : "13T2000103_3_HD.jpg"
    },
    "copyright" : {
      "libelleFr" : "Château de l'Empéri"
    },
    "traductionFichiers" : [ {
      "locale" : "fr",
      "url" : "https://static.apidae-tourisme.com/filestore/objets-touristiques/images/78/251/8256334.jpg",
      "urlListe" : "https://static.apidae-tourisme.com/filestore/objets-touristiques/images/78/251/8256334-liste.jpg",
      "urlFiche" : "https://static.apidae-tourisme.com/filestore/objets-touristiques/images/78/251/8256334-fiche.jpg",
      "urlDiaporama" : "https://static.apidae-tourisme.com/filestore/objets-touristiques/images/78/251/8256334-diaporama.jpg",
      "extension" : "jpg",
      "fileName" : "full",
      "taille" : 758767,
      "hauteur" : 1440,
      "largeur" : 1920,
      "lastModifiedDate" : "2020-07-23T16:46:41.000+0000"
    } ],
    "locked" : false
  }, {
    "identifiant" : 8487291,
    "link" : false,
    "type" : "IMAGE",
    "nom" : {
      "libelleFr" : "13T2000103_4_HD.jpg"
    },
    "copyright" : {
      "libelleFr" : "Château de l'Empéri"
    },
    "traductionFichiers" : [ {
      "locale" : "fr",
      "url" : "https://static.apidae-tourisme.com/filestore/objets-touristiques/images/79/251/8256335.jpg",
      "urlListe" : "https://static.apidae-tourisme.com/filestore/objets-touristiques/images/79/251/8256335-liste.jpg",
      "urlFiche" : "https://static.apidae-tourisme.com/filestore/objets-touristiques/images/79/251/8256335-fiche.jpg",
      "urlDiaporama" : "https://static.apidae-tourisme.com/filestore/objets-touristiques/images/79/251/8256335-diaporama.jpg",
      "extension" : "jpg",
      "fileName" : "full",
      "taille" : 689339,
      "hauteur" : 1440,
      "largeur" : 1920,
      "lastModifiedDate" : "2020-07-23T16:46:44.000+0000"
    } ],
    "locked" : false
  }, {
    "identifiant" : 8487292,
    "link" : false,
    "type" : "IMAGE",
    "nom" : {
      "libelleFr" : "13T2000103_5_HD.jpg"
    },
    "copyright" : {
      "libelleFr" : "Château de l'Empéri"
    },
    "traductionFichiers" : [ {
      "locale" : "fr",
      "url" : "https://static.apidae-tourisme.com/filestore/objets-touristiques/images/80/251/8256336.jpg",
      "urlListe" : "https://static.apidae-tourisme.com/filestore/objets-touristiques/images/80/251/8256336-liste.jpg",
      "urlFiche" : "https://static.apidae-tourisme.com/filestore/objets-touristiques/images/80/251/8256336-fiche.jpg",
      "urlDiaporama" : "https://static.apidae-tourisme.com/filestore/objets-touristiques/images/80/251/8256336-diaporama.jpg",
      "extension" : "jpg",
      "fileName" : "full",
      "taille" : 664213,
      "hauteur" : 1440,
      "largeur" : 1920,
      "lastModifiedDate" : "2020-07-23T16:46:43.000+0000"
    } ],
    "locked" : false
  } ],
  "tourismeAffaires" : {
    "tourismeAffairesEnabled" : true,
    "nombreSallesReunionEquipees" : 27,
    "capaciteMaxAccueil" : 200
  },
  "visites" : {
    "languesPanneauInformation" : [ {
      "elementReferenceType" : "Langue",
      "id" : 1192
    }, {
      "elementReferenceType" : "Langue",
      "id" : 1197
    } ],
    "visitable" : true
  },
  "territoires" : [ {
    "type" : "TERRITOIRE",
    "id" : 591381
  }, {
    "type" : "TERRITOIRE",
    "id" : 591419
  }, {
    "type" : "TERRITOIRE",
    "id" : 5127066
  }, {
    "type" : "TERRITOIRE",
    "id" : 5427637
  }, {
    "type" : "TERRITOIRE",
    "id" : 5693770
  }, {
    "type" : "TERRITOIRE",
    "id" : 5693907
  }, {
    "type" : "TERRITOIRE",
    "id" : 5853933
  } ],
  "datesOuverture" : [ "2022-11-06", "2022-11-08", "2022-11-09", "2022-11-10", "2022-11-11", "2022-11-12", "2022-11-13", "2022-11-15", "2022-11-16", "2022-11-17", "2022-11-18", "2022-11-19", "2022-11-20", "2022-11-22", "2022-11-23", "2022-11-24", "2022-11-25", "2022-11-26", "2022-11-27", "2022-11-29", "2022-11-30", "2022-12-01", "2022-12-02", "2022-12-03", "2022-12-04", "2022-12-06", "2022-12-07", "2022-12-08", "2022-12-09", "2022-12-10", "2022-12-11", "2022-12-13", "2022-12-14", "2022-12-15", "2022-12-16", "2022-12-17", "2022-12-18", "2022-12-20", "2022-12-21", "2022-12-22", "2022-12-23", "2022-12-24", "2022-12-25", "2022-12-27", "2022-12-28", "2022-12-29", "2022-12-30", "2022-12-31", "2023-01-01", "2023-01-03", "2023-01-04", "2023-01-05", "2023-01-06", "2023-01-07", "2023-01-08", "2023-01-10", "2023-01-11", "2023-01-12", "2023-01-13", "2023-01-14", "2023-01-15", "2023-01-17", "2023-01-18", "2023-01-19", "2023-01-20", "2023-01-21", "2023-01-22", "2023-01-24", "2023-01-25", "2023-01-26", "2023-01-27", "2023-01-28", "2023-01-29", "2023-01-31", "2023-02-01", "2023-02-02", "2023-02-03", "2023-02-04", "2023-02-05", "2023-02-07", "2023-02-08", "2023-02-09", "2023-02-10", "2023-02-11", "2023-02-12", "2023-02-14", "2023-02-15", "2023-02-16", "2023-02-17", "2023-02-18", "2023-02-19", "2023-02-21", "2023-02-22", "2023-02-23", "2023-02-24", "2023-02-25", "2023-02-26", "2023-02-28", "2023-03-01", "2023-03-02", "2023-03-03", "2023-03-04", "2023-03-05", "2023-03-07", "2023-03-08", "2023-03-09", "2023-03-10", "2023-03-11", "2023-03-12", "2023-03-14", "2023-03-15", "2023-03-16", "2023-03-17", "2023-03-18", "2023-03-19", "2023-03-21", "2023-03-22", "2023-03-23", "2023-03-24", "2023-03-25", "2023-03-26", "2023-03-28", "2023-03-29", "2023-03-30", "2023-03-31", "2023-04-01", "2023-04-02", "2023-04-04", "2023-04-05", "2023-04-06", "2023-04-07", "2023-04-08", "2023-04-09", "2023-04-11", "2023-04-12", "2023-04-13", "2023-04-14", "2023-04-15", "2023-04-16", "2023-04-18", "2023-04-19", "2023-04-20", "2023-04-21", "2023-04-22", "2023-04-23", "2023-04-25", "2023-04-26", "2023-04-27", "2023-04-28", "2023-04-29", "2023-04-30", "2023-05-02", "2023-05-03", "2023-05-04", "2023-05-05", "2023-05-06", "2023-05-07", "2023-05-09", "2023-05-10", "2023-05-11", "2023-05-12", "2023-05-13", "2023-05-14", "2023-05-16", "2023-05-17", "2023-05-18", "2023-05-19", "2023-05-20", "2023-05-21", "2023-05-23", "2023-05-24", "2023-05-25", "2023-05-26", "2023-05-27", "2023-05-28", "2023-05-30", "2023-05-31", "2023-06-01", "2023-06-02", "2023-06-03", "2023-06-04", "2023-06-06", "2023-06-07", "2023-06-08", "2023-06-09", "2023-06-10", "2023-06-11", "2023-06-13", "2023-06-14", "2023-06-15", "2023-06-16", "2023-06-17", "2023-06-18", "2023-06-20", "2023-06-21", "2023-06-22", "2023-06-23", "2023-06-24", "2023-06-25", "2023-06-27", "2023-06-28", "2023-06-29", "2023-06-30", "2023-07-01", "2023-07-02", "2023-07-04", "2023-07-05", "2023-07-06", "2023-07-07", "2023-07-08", "2023-07-09", "2023-07-11", "2023-07-12", "2023-07-13", "2023-07-14", "2023-07-15", "2023-07-16", "2023-07-18", "2023-07-19", "2023-07-20", "2023-07-21", "2023-07-22", "2023-07-23", "2023-07-25", "2023-07-26", "2023-07-27", "2023-07-28", "2023-07-29", "2023-07-30", "2023-08-01", "2023-08-02", "2023-08-03", "2023-08-04", "2023-08-05", "2023-08-06", "2023-08-08", "2023-08-09", "2023-08-10", "2023-08-11", "2023-08-12", "2023-08-13", "2023-08-15", "2023-08-16", "2023-08-17", "2023-08-18", "2023-08-19", "2023-08-20", "2023-08-22", "2023-08-23", "2023-08-24", "2023-08-25", "2023-08-26", "2023-08-27", "2023-08-29", "2023-08-30", "2023-08-31", "2023-09-01", "2023-09-02", "2023-09-03", "2023-09-05", "2023-09-06", "2023-09-07", "2023-09-08", "2023-09-09", "2023-09-10", "2023-09-12", "2023-09-13", "2023-09-14", "2023-09-15", "2023-09-16", "2023-09-17", "2023-09-19", "2023-09-20", "2023-09-21", "2023-09-22", "2023-09-23", "2023-09-24", "2023-09-26", "2023-09-27", "2023-09-28", "2023-09-29", "2023-09-30", "2023-10-01", "2023-10-03", "2023-10-04", "2023-10-05", "2023-10-06", "2023-10-07", "2023-10-08", "2023-10-10", "2023-10-11", "2023-10-12", "2023-10-13", "2023-10-14", "2023-10-15", "2023-10-17", "2023-10-18", "2023-10-19", "2023-10-20", "2023-10-21", "2023-10-22", "2023-10-24", "2023-10-25", "2023-10-26", "2023-10-27", "2023-10-28", "2023-10-29", "2023-10-31", "2023-11-01", "2023-11-02", "2023-11-03", "2023-11-04", "2023-11-05", "2023-11-07", "2023-11-08", "2023-11-09", "2023-11-10", "2023-11-11", "2023-11-12", "2023-11-14", "2023-11-15", "2023-11-16", "2023-11-17", "2023-11-18", "2023-11-19", "2023-11-21", "2023-11-22", "2023-11-23", "2023-11-24", "2023-11-25", "2023-11-26", "2023-11-28", "2023-11-29", "2023-11-30", "2023-12-01", "2023-12-02", "2023-12-03", "2023-12-05", "2023-12-06", "2023-12-07", "2023-12-08", "2023-12-09", "2023-12-10", "2023-12-12", "2023-12-13", "2023-12-14", "2023-12-15", "2023-12-16", "2023-12-17", "2023-12-19", "2023-12-20", "2023-12-21", "2023-12-22", "2023-12-23", "2023-12-24", "2023-12-26", "2023-12-27", "2023-12-28", "2023-12-29", "2023-12-30", "2023-12-31", "2024-01-02", "2024-01-03", "2024-01-04", "2024-01-05", "2024-01-06", "2024-01-07", "2024-01-09", "2024-01-10", "2024-01-11", "2024-01-12", "2024-01-13", "2024-01-14", "2024-01-16", "2024-01-17", "2024-01-18", "2024-01-19", "2024-01-20", "2024-01-21", "2024-01-23", "2024-01-24", "2024-01-25", "2024-01-26", "2024-01-27", "2024-01-28", "2024-01-30", "2024-01-31", "2024-02-01", "2024-02-02", "2024-02-03", "2024-02-04", "2024-02-06", "2024-02-07", "2024-02-08", "2024-02-09", "2024-02-10", "2024-02-11", "2024-02-13", "2024-02-14", "2024-02-15", "2024-02-16", "2024-02-17", "2024-02-18", "2024-02-20", "2024-02-21", "2024-02-22", "2024-02-23", "2024-02-24", "2024-02-25", "2024-02-27", "2024-02-28", "2024-02-29", "2024-03-01", "2024-03-02", "2024-03-03", "2024-03-05", "2024-03-06", "2024-03-07", "2024-03-08", "2024-03-09", "2024-03-10", "2024-03-12", "2024-03-13", "2024-03-14", "2024-03-15", "2024-03-16", "2024-03-17", "2024-03-19", "2024-03-20", "2024-03-21", "2024-03-22", "2024-03-23", "2024-03-24", "2024-03-26", "2024-03-27", "2024-03-28", "2024-03-29", "2024-03-30", "2024-03-31", "2024-04-02", "2024-04-03", "2024-04-04", "2024-04-05", "2024-04-06", "2024-04-07", "2024-04-09", "2024-04-10", "2024-04-11", "2024-04-12", "2024-04-13", "2024-04-14", "2024-04-16", "2024-04-17", "2024-04-18", "2024-04-19", "2024-04-20", "2024-04-21", "2024-04-23", "2024-04-24", "2024-04-25", "2024-04-26", "2024-04-27", "2024-04-28", "2024-04-30", "2024-05-01", "2024-05-02", "2024-05-03", "2024-05-04", "2024-05-05", "2024-05-07", "2024-05-08", "2024-05-09", "2024-05-10", "2024-05-11", "2024-05-12", "2024-05-14", "2024-05-15", "2024-05-16", "2024-05-17", "2024-05-18", "2024-05-19", "2024-05-21", "2024-05-22", "2024-05-23", "2024-05-24", "2024-05-25", "2024-05-26", "2024-05-28", "2024-05-29", "2024-05-30", "2024-05-31", "2024-06-01", "2024-06-02", "2024-06-04", "2024-06-05", "2024-06-06", "2024-06-07", "2024-06-08", "2024-06-09", "2024-06-11", "2024-06-12", "2024-06-13", "2024-06-14", "2024-06-15", "2024-06-16", "2024-06-18", "2024-06-19", "2024-06-20", "2024-06-21", "2024-06-22", "2024-06-23", "2024-06-25", "2024-06-26", "2024-06-27", "2024-06-28", "2024-06-29", "2024-06-30", "2024-07-02", "2024-07-03", "2024-07-04", "2024-07-05", "2024-07-06", "2024-07-07", "2024-07-09", "2024-07-10", "2024-07-11", "2024-07-12", "2024-07-13", "2024-07-14", "2024-07-16", "2024-07-17", "2024-07-18", "2024-07-19", "2024-07-20", "2024-07-21", "2024-07-23", "2024-07-24", "2024-07-25", "2024-07-26", "2024-07-27", "2024-07-28", "2024-07-30", "2024-07-31", "2024-08-01", "2024-08-02", "2024-08-03", "2024-08-04", "2024-08-06", "2024-08-07", "2024-08-08", "2024-08-09", "2024-08-10", "2024-08-11", "2024-08-13", "2024-08-14", "2024-08-15", "2024-08-16", "2024-08-17", "2024-08-18", "2024-08-20", "2024-08-21", "2024-08-22", "2024-08-23", "2024-08-24", "2024-08-25", "2024-08-27", "2024-08-28", "2024-08-29", "2024-08-30", "2024-08-31", "2024-09-01", "2024-09-03", "2024-09-04", "2024-09-05", "2024-09-06", "2024-09-07", "2024-09-08", "2024-09-10", "2024-09-11", "2024-09-12", "2024-09-13", "2024-09-14", "2024-09-15", "2024-09-17", "2024-09-18", "2024-09-19", "2024-09-20", "2024-09-21", "2024-09-22", "2024-09-24", "2024-09-25", "2024-09-26", "2024-09-27", "2024-09-28", "2024-09-29", "2024-10-01", "2024-10-02", "2024-10-03", "2024-10-04", "2024-10-05", "2024-10-06", "2024-10-08", "2024-10-09", "2024-10-10", "2024-10-11", "2024-10-12", "2024-10-13", "2024-10-15", "2024-10-16", "2024-10-17", "2024-10-18", "2024-10-19", "2024-10-20", "2024-10-22", "2024-10-23", "2024-10-24", "2024-10-25", "2024-10-26", "2024-10-27", "2024-10-29", "2024-10-30", "2024-10-31", "2024-11-01", "2024-11-02", "2024-11-03", "2024-11-05" ],
  "informationsPatrimoineCulturel" : {
    "patrimoineCulturelType" : {
      "elementReferenceType" : "PatrimoineCulturelType",
      "id" : 3203
    },
    "themes" : [ {
      "elementReferenceType" : "PatrimoineCulturelTheme",
      "id" : 3486
    }, {
      "elementReferenceType" : "PatrimoineCulturelTheme",
      "id" : 3495
    } ],
    "categories" : [ {
      "elementReferenceType" : "PatrimoineCulturelCategorie",
      "id" : 3328
    } ]
  },
  "formatVersion" : "v002",
  "expiration" : { },
  "informationsPrestataireActivites" : {
    "prestataireActivites" : false
  },
  "enquete" : { },
  "donneesPrivees" : [ {
    "nomTechnique" : "1947_Id_patio",
    "libelleFr" : "Id_Patio",
    "ordre" : 1,
    "descriptif" : {
      "libelleFr" : "13T2000103"
    }
  }, {
    "nomTechnique" : "1947_Source_patio",
    "libelleFr" : "Source_Patio",
    "ordre" : 2,
    "descriptif" : {
      "libelleFr" : "OT Salon de Provence"
    }
  }, {
    "nomTechnique" : "1947_Url_patio",
    "libelleFr" : "URL_Patio",
    "ordre" : 3,
    "descriptif" : {
      "libelleFr" : "http://www.visitsalondeprovence.com"
    }
  } ],
  "metadonnees" : [ {
    "noeudId" : "fairguest",
    "contenus" : [ {
      "cible" : "general",
      "metadonnee" : {
        "note" : 8.9,
        "label" : "Très bon",
        "couleur" : "#71a63e",
        "nombreAvis" : 411,
        "dateMaj" : 1667644199288
      }
    } ]
  } ]
}