{
  "type" : "FETE_ET_MANIFESTATION",
  "id" : 5480787,
  "nom" : {
    "libelleFr" : "Marché Pol Lapeyre",
    "libelleEn" : "Marché Pol Lapeyre",
    "libelleIt" : "Marché Pol Lapeyre",
    "libelleDe" : "Marché Pol Lapeyre",
    "libelleNl" : "Marché Pol Lapeyre"
  },
  "identifier" : "SITRA2_EVE_5480787",
  "state" : "PUBLISHED",
  "gestion" : {
    "dateCreation" : "2020-03-05T21:00:51.966+0000",
    "dateModification" : "2022-03-04T10:17:14.166+0000",
    "dateExportModification" : "2022-06-09T07:16:13.971+0000",
    "membreProprietaire" : {
      "type" : {
        "elementReferenceType" : "MembreSitraType",
        "id" : 233
      },
      "nom" : "Ville de Marseille",
      "dateCreation" : "2017-01-24T06:54:50.567+0000",
      "dateModification" : "2022-10-24T08:49:51.518+0000",
      "id" : 1470,
      "siteWeb" : "http://www.marseille.fr/"
    },
    "signalerUnProblemeMails" : [ "narezki@marseille.fr", "sortir@marseille.fr" ]
  },
  "informations" : {
    "moyensCommunication" : [ {
      "identifiant" : 86013873,
      "type" : {
        "elementReferenceType" : "MoyenCommunicationType",
        "id" : 205
      },
      "coordonnees" : {
        "fr" : "https://www.marseille.fr/decouvrir-marseille"
      }
    } ],
    "informationsLegales" : { },
    "structureGestion" : {
      "type" : "STRUCTURE",
      "id" : 5350442
    }
  },
  "presentation" : {
    "descriptifCourt" : {
      "libelleFr" : "Petit marché de fruits et légumes avec quelques étals qui donne un air de village."
    },
    "descriptifDetaille" : {
      "libelleFr" : "Petit marché de fruits et légumes avec quelques étals qui donne un air de village et nous fait oublier que nous sommes dans une des plus grandes villes de France."
    }
  },
  "localisation" : {
    "adresse" : {
      "nomDuLieu" : "Quartier Saint Pierre",
      "adresse1" : "Place Pol Lapeyre",
      "codePostal" : "13005",
      "commune" : {
        "id" : 4535
      }
    },
    "geolocalisation" : {
      "valide" : true,
      "geoJson" : {
        "type" : "Point",
        "coordinates" : [ 5.408999, 43.292683 ]
      }
    },
    "perimetreGeographique" : [ {
      "id" : 4535
    } ]
  },
  "liens" : { },
  "prestations" : {
    "animauxAcceptes" : "NON_DISPONIBLE",
    "animauxAcceptesSupplement" : "NON_DISPONIBLE"
  },
  "ouverture" : {
    "periodeEnClair" : {
      "libelleFr" : "Du 01/01 au 31/12/2022, tous les jeudis de 8h à 13h sauf les 1er janvier, 1er mai et 25 décembre.",
      "libelleEn" : "From 01/01 to 31/12/2022, every Thursday between 8 am and 1 pm except on January 1st, May 1st and December 25th.",
      "libelleEs" : "Del 01/01 al 31/12/2022, todos los jueves de 8 a 13 excepto los días 1er de enero, 1er de mayo y 25 de diciembre.",
      "libelleIt" : "Dal 01/01 al 31/12/2022, tutti i giovedì dalle 8 alle 13 tranne 1° gennaio, 1° maggio e 25 dicembre.",
      "libelleDe" : "Vom 01/01 bis 31/12/2022, jeden Donnerstag von 8 Uhr bis 13 Uhr (außer 1. Januar, 1. Mai und 25. Dezember).",
      "libelleNl" : "Van 01/01 tot en met 31/12/2022, elke donderdag van 8.00 tot en met 13.00 u m.u.v. 1 januari, 1 mei en 25 december.",
      "libelleRu" : "С 01/01 до 31/12/2022, каждый четверги с 8h до 13h кроме 1 января, 1 мая и 25 декабря.",
      "libelleZh" : "从 1月1日 到 2022年12月31日, 每星期四 小时小时 和 小时小时 之间 不包括 1月1日, 5月1日 和 12月25日.",
      "libellePtBR" : "De 01/01 a 31/12/2022, todas as quintas-feiras de 8h a  13h exceto em 1º de janeiro, 1º de maio e 25 de dezembro.",
      "libelleJa" : "01/01 から 31/12/2022 まで, 毎木曜日 8 午前 と 1 午後 の間 1月1日, 5月1日 と 12月25日 を除き."
    },
    "periodeEnClairGenerationMode" : "AUTOMATIQUE",
    "indicationsPeriode" : [ {
      "elementReferenceType" : "IndicationPeriode",
      "id" : 416
    }, {
      "elementReferenceType" : "IndicationPeriode",
      "id" : 418
    }, {
      "elementReferenceType" : "IndicationPeriode",
      "id" : 435
    }, {
      "elementReferenceType" : "IndicationPeriode",
      "id" : 436
    } ],
    "periodesOuvertures" : [ {
      "identifiant" : 20501774,
      "dateDebut" : "2022-01-01",
      "dateFin" : "2022-12-31",
      "horaireOuverture" : "08:00:00",
      "horaireFermeture" : "13:00:00",
      "type" : "OUVERTURE_SEMAINE",
      "tousLesAns" : false,
      "ouverturesJournalieres" : [ {
        "jour" : "JEUDI"
      } ],
      "identifiantTechnique" : 22826189
    } ],
    "fermeturesExceptionnelles" : [ {
      "dateSpeciale" : "PREMIER_JANVIER"
    }, {
      "dateSpeciale" : "PREMIER_MAI"
    }, {
      "dateSpeciale" : "VINGT_CINQ_DECEMBRE"
    } ]
  },
  "descriptionTarif" : {
    "indicationTarif" : "GRATUIT",
    "gratuit" : true,
    "tarifsEnClair" : {
      "libelleFr" : "Gratuit.",
      "libelleEn" : "Free of charge.",
      "libelleEs" : "Gratis.",
      "libelleIt" : "Gratuito.",
      "libelleDe" : "Kostenlos.",
      "libelleNl" : "Gratis.",
      "libelleRu" : "Бесплатно.",
      "libelleZh" : "免费.",
      "libellePtBR" : "Gratuito.",
      "libelleJa" : "無料."
    },
    "tarifsEnClairGenerationMode" : "AUTOMATIQUE",
    "devise" : "EUR",
    "conditions" : { }
  },
  "reservation" : { },
  "criteresInternes" : [ {
    "id" : 16641
  } ],
  "illustrations" : [ {
    "identifiant" : 12644087,
    "link" : false,
    "type" : "IMAGE",
    "nom" : {
      "libelleFr" : "Marché Pol Lapeyre"
    },
    "copyright" : {
      "libelleFr" : "Office du tourisme et des congrès Marseille"
    },
    "traductionFichiers" : [ {
      "locale" : "fr",
      "url" : "https://static.apidae-tourisme.com/filestore/objets-touristiques/images/89/227/12837721.jpg",
      "urlListe" : "https://static.apidae-tourisme.com/filestore/objets-touristiques/images/89/227/12837721-liste.jpg",
      "urlFiche" : "https://static.apidae-tourisme.com/filestore/objets-touristiques/images/89/227/12837721-fiche.jpg",
      "urlDiaporama" : "https://static.apidae-tourisme.com/filestore/objets-touristiques/images/89/227/12837721-diaporama.jpg",
      "extension" : "jpg",
      "fileName" : "Pol Lapeyre",
      "taille" : 170827,
      "hauteur" : 600,
      "largeur" : 800,
      "lastModifiedDate" : "2022-03-04T10:17:14.254+0000"
    } ],
    "locked" : false
  } ],
  "territoires" : [ {
    "type" : "TERRITOIRE",
    "id" : 591381
  }, {
    "type" : "TERRITOIRE",
    "id" : 591419
  }, {
    "type" : "TERRITOIRE",
    "id" : 5127066
  }, {
    "type" : "TERRITOIRE",
    "id" : 5427637
  }, {
    "type" : "TERRITOIRE",
    "id" : 5460436
  }, {
    "type" : "TERRITOIRE",
    "id" : 5693878
  }, {
    "type" : "TERRITOIRE",
    "id" : 5693903
  }, {
    "type" : "TERRITOIRE",
    "id" : 6008197
  } ],
  "datesOuverture" : [ "2022-10-20", "2022-10-27", "2022-11-03", "2022-11-10", "2022-11-17", "2022-11-24", "2022-12-01", "2022-12-08", "2022-12-15", "2022-12-22", "2022-12-29" ],
  "informationsFeteEtManifestation" : {
    "typesManifestation" : [ {
      "elementReferenceType" : "FeteEtManifestationType",
      "id" : 1962
    } ],
    "categories" : [ {
      "elementReferenceType" : "FeteEtManifestationCategorie",
      "id" : 2107
    } ],
    "themes" : [ {
      "elementReferenceType" : "FeteEtManifestationTheme",
      "id" : 2273
    }, {
      "elementReferenceType" : "FeteEtManifestationTheme",
      "id" : 2292
    } ],
    "portee" : {
      "elementReferenceType" : "FeteEtManifestationPortee",
      "id" : 2352
    },
    "nomLieu" : "Quartier Saint Pierre"
  },
  "formatVersion" : "v002",
  "expiration" : {
    "dateExpiration" : "2022-12-31T00:00:00.000+0000",
    "expirationAction" : "MASQUER_AUTOMATIQUEMENT"
  },
  "enquete" : { },
  "donneesPrivees" : [ {
    "nomTechnique" : "1947_Id_patio",
    "libelleFr" : "Id_Patio",
    "ordre" : 1,
    "descriptif" : {
      "libelleFr" : "13EVT024966"
    }
  }, {
    "nomTechnique" : "1947_Source_patio",
    "libelleFr" : "Source_Patio",
    "ordre" : 2,
    "descriptif" : {
      "libelleFr" : "Ville de Marseille"
    }
  }, {
    "nomTechnique" : "1947_Url_patio",
    "libelleFr" : "URL_Patio",
    "ordre" : 3,
    "descriptif" : {
      "libelleFr" : "http://www.marseille.fr"
    }
  } ]
}