{
  "type" : "FETE_ET_MANIFESTATION",
  "id" : 5469989,
  "nom" : {
    "libelleFr" : "Visite du Cinéma Eden Théâtre",
    "libelleEn" : "Visite du Cinéma Eden Théâtre",
    "libelleIt" : "Visite du Cinéma Eden Théâtre",
    "libelleDe" : "Visite du Cinéma Eden Théâtre",
    "libelleNl" : "Visite du Cinéma Eden Théâtre"
  },
  "identifier" : "SITRA2_EVE_5469989",
  "state" : "PUBLISHED",
  "gestion" : {
    "dateCreation" : "2020-03-04T13:53:05.812+0000",
    "dateModification" : "2022-10-31T08:49:28.765+0000",
    "dateExportModification" : "2022-10-31T08:49:28.944+0000",
    "membreProprietaire" : {
      "type" : {
        "elementReferenceType" : "MembreSitraType",
        "id" : 233
      },
      "nom" : "Office de Tourisme de La Ciotat",
      "dateCreation" : "2020-10-06T11:35:17.725+0000",
      "dateModification" : "2022-10-24T08:49:39.014+0000",
      "id" : 2099,
      "siteWeb" : "https://www.destinationlaciotat.com/"
    },
    "signalerUnProblemeMails" : [ "a.guillaume@destinationlaciotat.com", "b.chaudet@destinationlaciotat.com", "c.famoso@destinationlaciotat.com", "m.toche@destinationlaciotat.com" ]
  },
  "informations" : {
    "moyensCommunication" : [ {
      "identifiant" : 77091467,
      "type" : {
        "elementReferenceType" : "MoyenCommunicationType",
        "id" : 205
      },
      "coordonnees" : {
        "fr" : "https://edencinemalaciotat.com/visitez-leden-2/"
      }
    }, {
      "identifiant" : 99482308,
      "type" : {
        "elementReferenceType" : "MoyenCommunicationType",
        "id" : 201
      },
      "coordonnees" : {
        "fr" : "04 88 42 17 60"
      }
    } ],
    "informationsLegales" : { },
    "structureGestion" : {
      "type" : "STRUCTURE",
      "id" : 5228752
    }
  },
  "presentation" : {
    "descriptifCourt" : {
      "libelleFr" : "La doyenne mondiale des salles de cinéma vous ouvre ses portes le mercredi et le samedi à 14h30."
    },
    "descriptifDetaille" : {
      "libelleFr" : "Visite de la salle, projection de diaporamas sur l'histoire de l’Éden, la famille Lumière et la naissance du cinéma à La Ciotat. \r\nDépart de la visite le mercredi et le samedi à 14h30. Durée environ 1 heure.\r\n\r\nAccueil de groupes également possible à d'autres horaires sur réservation."
    }
  },
  "localisation" : {
    "adresse" : {
      "nomDuLieu" : "Cinéma Eden-Théâtre",
      "adresse1" : "25 Boulevard Georges Clemenceau",
      "codePostal" : "13600",
      "bureauDistribution" : "LA CIOTAT",
      "commune" : {
        "id" : 4439
      }
    },
    "geolocalisation" : {
      "valide" : true,
      "geoJson" : {
        "type" : "Point",
        "coordinates" : [ 5.610438, 43.177332 ]
      }
    },
    "perimetreGeographique" : [ {
      "id" : 4439
    } ]
  },
  "liens" : { },
  "prestations" : {
    "animauxAcceptes" : "NON_DISPONIBLE",
    "animauxAcceptesSupplement" : "NON_DISPONIBLE",
    "complementAccueil" : {
      "libelleFr" : "Accessible pour handicapés\r\nParking public(Parking du Port de Plaisance)",
      "libelleEn" : "Accessible for disabled",
      "libelleIt" : "Accessibile ai disabili",
      "libelleDe" : "Zugänglich für Behinderte",
      "libelleNl" : "Toegankelijk voor mensen met een handicap"
    },
    "labelsTourismeHandicap" : [ {
      "elementReferenceType" : "LabelTourismeHandicap",
      "id" : 1224
    }, {
      "elementReferenceType" : "LabelTourismeHandicap",
      "id" : 1225
    }, {
      "elementReferenceType" : "LabelTourismeHandicap",
      "id" : 1226
    }, {
      "elementReferenceType" : "LabelTourismeHandicap",
      "id" : 1227
    } ]
  },
  "ouverture" : {
    "periodeEnClair" : {
      "libelleFr" : "Du 02/11 au 26/11/2022, tous les mercredis et samedis de 14h30 à 15h30.",
      "libelleEn" : "From 02/11 to 26/11/2022, every Wednesday and Saturday between 2.30 pm and 3.30 pm.",
      "libelleEs" : "Del 02/11 al 26/11/2022, todos los miércoles y sábados de 14:30 a 15:30.",
      "libelleIt" : "Dal 02/11 al 26/11/2022, tutti i mercoledì e sabati dalle 14:30 alle 15:30.",
      "libelleDe" : "Vom 02/11 bis 26/11/2022, jeden Mittwoch und Samstag von 14.30 Uhr bis 15.30 Uhr.",
      "libelleNl" : "Van 02/11 tot en met 26/11/2022, elke woensdag en zaterdag van 14.30 tot en met 15.30 u.",
      "libelleRu" : "С 02/11 до 26/11/2022, каждый среды и субботы с 14h30 до 15h30.",
      "libelleZh" : "从 11月2日 到 2022年11月26日, 每星期三 和 星期六 小时小时分钟  和 小时小时分钟  之间.",
      "libellePtBR" : "De 02/11 a 26/11/2022, todas as quartas-feiras e sábados de 14h30 a  15h30.",
      "libelleJa" : "02/11 から 26/11/2022 まで, 毎水曜日 と 土曜日 2.30 午後 と 3.30 午後 の間."
    },
    "periodeEnClairGenerationMode" : "AUTOMATIQUE",
    "indicationsPeriode" : [ {
      "elementReferenceType" : "IndicationPeriode",
      "id" : 416
    } ],
    "periodesOuvertures" : [ {
      "identifiant" : 19972231,
      "dateDebut" : "2022-11-02",
      "dateFin" : "2022-11-26",
      "complementHoraire" : { },
      "horaireOuverture" : "14:30:00",
      "horaireFermeture" : "15:30:00",
      "type" : "OUVERTURE_SEMAINE",
      "tousLesAns" : false,
      "ouverturesJournalieres" : [ {
        "jour" : "MERCREDI"
      }, {
        "jour" : "SAMEDI"
      } ],
      "identifiantTechnique" : 24657527
    } ]
  },
  "descriptionTarif" : {
    "indicationTarif" : "PAYANT",
    "gratuit" : false,
    "tarifsEnClair" : {
      "libelleFr" : "Gratuit pour les moins de 12 ans.\n\nAdultes : 5€ \r\nEnfants (- de 12 ans) : Gratuit.",
      "libelleEn" : "Free entry for children < 12 years.",
      "libelleEs" : "Gratuito para los niños menores de 12 años.",
      "libelleIt" : "Gratuito per i bambini di età inferiore a 12 anni.",
      "libelleDe" : "Kostenlos für Kinder unter 12 Jahren.",
      "libelleNl" : "Gratis voor kinderen onder de 12 jaar.",
      "libelleRu" : "Бесплатно для лицам младше 12 лет.",
      "libelleZh" : "儿童 < 12 岁自由进入.",
      "libellePtBR" : "Gratuito para menores de 12 anos.",
      "libelleJa" : "子供 < 12 歳 は入場無料."
    },
    "tarifsEnClairGenerationMode" : "AUTOMATIQUE",
    "complement" : {
      "libelleFr" : "Adultes : 5€ \r\nEnfants (- de 12 ans) : Gratuit"
    },
    "devise" : "EUR",
    "conditions" : {
      "gratuitPourLesMoinsDe" : 12
    }
  },
  "reservation" : { },
  "illustrations" : [ {
    "identifiant" : 10417744,
    "link" : false,
    "type" : "IMAGE",
    "nom" : {
      "libelleFr" : "Cinéma Eden Théâtre"
    },
    "legende" : {
      "libelleFr" : "Cinéma Eden Théâtre"
    },
    "copyright" : {
      "libelleFr" : "officedetourismedelaciotat"
    },
    "traductionFichiers" : [ {
      "locale" : "fr",
      "url" : "https://static.apidae-tourisme.com/filestore/objets-touristiques/images/191/148/10196159.jpg",
      "urlListe" : "https://static.apidae-tourisme.com/filestore/objets-touristiques/images/191/148/10196159-liste.jpg",
      "urlFiche" : "https://static.apidae-tourisme.com/filestore/objets-touristiques/images/191/148/10196159-fiche.jpg",
      "urlDiaporama" : "https://static.apidae-tourisme.com/filestore/objets-touristiques/images/191/148/10196159-diaporama.jpg",
      "extension" : "jpg",
      "fileName" : "Eden Théâtre (2)",
      "taille" : 3316383,
      "hauteur" : 3861,
      "largeur" : 6864,
      "lastModifiedDate" : "2021-07-05T14:47:35.000+0000"
    } ],
    "locked" : false
  } ],
  "territoires" : [ {
    "type" : "TERRITOIRE",
    "id" : 591381
  }, {
    "type" : "TERRITOIRE",
    "id" : 591419
  }, {
    "type" : "TERRITOIRE",
    "id" : 5127066
  }, {
    "type" : "TERRITOIRE",
    "id" : 5427637
  }, {
    "type" : "TERRITOIRE",
    "id" : 5693743
  }, {
    "type" : "TERRITOIRE",
    "id" : 5693903
  }, {
    "type" : "TERRITOIRE",
    "id" : 5853941
  } ],
  "datesOuverture" : [ "2022-11-02", "2022-11-05", "2022-11-09", "2022-11-12", "2022-11-16", "2022-11-19", "2022-11-23", "2022-11-26" ],
  "informationsFeteEtManifestation" : {
    "typesManifestation" : [ {
      "elementReferenceType" : "FeteEtManifestationType",
      "id" : 1958
    } ],
    "categories" : [ {
      "elementReferenceType" : "FeteEtManifestationCategorie",
      "id" : 2101
    } ],
    "themes" : [ {
      "elementReferenceType" : "FeteEtManifestationTheme",
      "id" : 2133
    }, {
      "elementReferenceType" : "FeteEtManifestationTheme",
      "id" : 2206
    } ],
    "portee" : {
      "elementReferenceType" : "FeteEtManifestationPortee",
      "id" : 2351
    },
    "nomLieu" : "Cinéma Eden-Théâtre"
  },
  "formatVersion" : "v002",
  "expiration" : {
    "dateExpiration" : "2022-11-26T00:00:00.000+0000",
    "expirationAction" : "MASQUER_AUTOMATIQUEMENT"
  },
  "enquete" : { },
  "donneesPrivees" : [ {
    "nomTechnique" : "1947_Id_patio",
    "libelleFr" : "Id_Patio",
    "ordre" : 1,
    "descriptif" : {
      "libelleFr" : "13EVT090390"
    }
  }, {
    "nomTechnique" : "1947_Source_patio",
    "libelleFr" : "Source_Patio",
    "ordre" : 2,
    "descriptif" : {
      "libelleFr" : "OT La Ciotat"
    }
  }, {
    "nomTechnique" : "1947_Url_patio",
    "libelleFr" : "URL_Patio",
    "ordre" : 3,
    "descriptif" : {
      "libelleFr" : "http://www.tourisme-laciotat.com"
    }
  } ]
}