{
  "type" : "FETE_ET_MANIFESTATION",
  "id" : 5471317,
  "nom" : {
    "libelleFr" : "Marché hebdomadaire",
    "libelleEn" : "Marché hebdomadaire",
    "libelleIt" : "Marché hebdomadaire",
    "libelleDe" : "Marché hebdomadaire",
    "libelleNl" : "Marché hebdomadaire"
  },
  "identifier" : "SITRA2_EVE_5471317",
  "state" : "PUBLISHED",
  "gestion" : {
    "dateCreation" : "2020-03-04T14:34:04.909+0000",
    "dateModification" : "2021-09-03T13:53:22.078+0000",
    "dateExportModification" : "2022-06-09T07:16:13.971+0000",
    "membreProprietaire" : {
      "type" : {
        "elementReferenceType" : "MembreSitraType",
        "id" : 233
      },
      "nom" : "Provence Tourisme",
      "dateCreation" : "2019-11-08T09:11:11.347+0000",
      "dateModification" : "2022-10-24T08:49:52.230+0000",
      "id" : 1947,
      "siteWeb" : "http://www.myprovence.fr"
    },
    "signalerUnProblemeMails" : [ "abartorello@myprovence.fr", "ccombrie@myprovence.fr" ]
  },
  "informations" : {
    "moyensCommunication" : [ {
      "identifiant" : 77096592,
      "type" : {
        "elementReferenceType" : "MoyenCommunicationType",
        "id" : 205
      },
      "coordonnees" : {
        "fr" : "http://www.chateauneuf-les-martigues.fr"
      }
    } ],
    "informationsLegales" : { },
    "structureGestion" : {
      "type" : "STRUCTURE",
      "id" : 5469686
    }
  },
  "presentation" : {
    "descriptifCourt" : {
      "libelleFr" : "Marché de Chateauneuf-lès-Martigues"
    },
    "descriptifDetaille" : {
      "libelleFr" : "En plein coeur de ville, la commune acceuille un marché forain traditionnel et gourmand le vendredi matin : fruits et légumes, boucherie, poissonnerie, habillement, mercerie, traiteur... \""
    }
  },
  "localisation" : {
    "adresse" : {
      "nomDuLieu" : "Centre Ville",
      "adresse1" : "Place des Résistants",
      "codePostal" : "13220",
      "commune" : {
        "id" : 4437
      }
    },
    "geolocalisation" : {
      "valide" : true,
      "geoJson" : {
        "type" : "Point",
        "coordinates" : [ 5.163496, 43.382072 ]
      }
    },
    "perimetreGeographique" : [ {
      "id" : 4437
    } ]
  },
  "liens" : { },
  "prestations" : {
    "animauxAcceptes" : "NON_DISPONIBLE",
    "animauxAcceptesSupplement" : "NON_DISPONIBLE",
    "complementAccueil" : {
      "libelleFr" : "Accessible pour handicapés\r\nParking public(A proximité)",
      "libelleEn" : "Accessible for disabled",
      "libelleIt" : "Accessibile ai disabili",
      "libelleDe" : "Zugänglich für Behinderte",
      "libelleNl" : "Toegankelijk voor mensen met een handicap"
    }
  },
  "ouverture" : {
    "periodeEnClair" : {
      "libelleFr" : "Toute l'année, tous les vendredis de 8h à 13h.",
      "libelleEn" : "All year round, every Friday between 8 am and 1 pm.",
      "libelleEs" : "Todo el año, todos los viernes de 8 a 13.",
      "libelleIt" : "Tutto l'anno, tutti i venerdì dalle 8 alle 13.",
      "libelleDe" : "Ganzjährig, jeden Freitag von 8 Uhr bis 13 Uhr.",
      "libelleNl" : "Het hele jaar, elke vrijdag van 8.00 tot en met 13.00 u.",
      "libelleRu" : "В течение всего года, каждый пятницы с 8h до 13h.",
      "libelleZh" : "全年, 每星期五 小时小时 和 小时小时 之间.",
      "libellePtBR" : "Todo o ano, todas as sextas-feiras de 8h a  13h.",
      "libelleJa" : "オールシーズン, 毎金曜日 8 午前 と 1 午後 の間."
    },
    "periodeEnClairGenerationMode" : "AUTOMATIQUE",
    "indicationsPeriode" : [ {
      "elementReferenceType" : "IndicationPeriode",
      "id" : 416
    }, {
      "elementReferenceType" : "IndicationPeriode",
      "id" : 418
    }, {
      "elementReferenceType" : "IndicationPeriode",
      "id" : 435
    }, {
      "elementReferenceType" : "IndicationPeriode",
      "id" : 436
    } ],
    "periodesOuvertures" : [ {
      "identifiant" : 19474669,
      "dateDebut" : "2020-01-01",
      "dateFin" : "2020-12-31",
      "horaireOuverture" : "08:00:00",
      "horaireFermeture" : "13:00:00",
      "type" : "OUVERTURE_SEMAINE",
      "tousLesAns" : true,
      "ouverturesJournalieres" : [ {
        "jour" : "VENDREDI"
      } ],
      "identifiantTechnique" : 21704660
    } ],
    "ouvertTouteLAnnee" : "OUVERT_TOUTE_L_ANNEE"
  },
  "descriptionTarif" : {
    "indicationTarif" : "ACCES_LIBRE",
    "gratuit" : true,
    "tarifsEnClair" : {
      "libelleFr" : "Accès libre.",
      "libelleEn" : "Free access.",
      "libelleEs" : "Acceso libre.",
      "libelleIt" : "Accesso libero.",
      "libelleDe" : "Freier Zugang.",
      "libelleNl" : "Gratis toegang.",
      "libelleRu" : "Вход свободный.",
      "libelleZh" : "自由访问.",
      "libellePtBR" : "Acesso livre.",
      "libelleJa" : "フリーアクセス."
    },
    "tarifsEnClairGenerationMode" : "AUTOMATIQUE",
    "devise" : "EUR",
    "conditions" : { }
  },
  "reservation" : {
    "organismes" : [ {
      "identifiant" : 5110002,
      "structureReference" : {
        "type" : "STRUCTURE",
        "id" : 5469686
      },
      "nom" : "Mairie de Châteauneuf-les-Martigues",
      "type" : {
        "elementReferenceType" : "ReservationType",
        "id" : 475
      },
      "moyensCommunication" : [ {
        "identifiant" : 80557993,
        "type" : {
          "elementReferenceType" : "MoyenCommunicationType",
          "id" : 201
        },
        "coordonnees" : {
          "fr" : "04 42 76 89 00"
        }
      }, {
        "identifiant" : 80557994,
        "type" : {
          "elementReferenceType" : "MoyenCommunicationType",
          "id" : 202
        },
        "coordonnees" : {
          "fr" : "04 42 79 80 25"
        }
      } ],
      "locked" : false
    } ]
  },
  "illustrations" : [ {
    "identifiant" : 8583055,
    "link" : false,
    "type" : "IMAGE",
    "nom" : {
      "libelleFr" : "13EVT101498_1_WEB.jpg"
    },
    "traductionFichiers" : [ {
      "locale" : "fr",
      "url" : "https://static.apidae-tourisme.com/filestore/objets-touristiques/images/8/90/8346120.jpg",
      "urlListe" : "https://static.apidae-tourisme.com/filestore/objets-touristiques/images/8/90/8346120-liste.jpg",
      "urlFiche" : "https://static.apidae-tourisme.com/filestore/objets-touristiques/images/8/90/8346120-fiche.jpg",
      "urlDiaporama" : "https://static.apidae-tourisme.com/filestore/objets-touristiques/images/8/90/8346120-diaporama.jpg",
      "extension" : "jpg",
      "fileName" : "full",
      "taille" : 52354,
      "hauteur" : 300,
      "largeur" : 400,
      "lastModifiedDate" : "2020-07-31T14:19:46.000+0000"
    } ],
    "locked" : false
  } ],
  "territoires" : [ {
    "type" : "TERRITOIRE",
    "id" : 591381
  }, {
    "type" : "TERRITOIRE",
    "id" : 591419
  }, {
    "type" : "TERRITOIRE",
    "id" : 5127066
  }, {
    "type" : "TERRITOIRE",
    "id" : 5427637
  }, {
    "type" : "TERRITOIRE",
    "id" : 5460459
  }, {
    "type" : "TERRITOIRE",
    "id" : 5693765
  }, {
    "type" : "TERRITOIRE",
    "id" : 5693903
  }, {
    "type" : "TERRITOIRE",
    "id" : 5853947
  } ],
  "datesOuverture" : [ "2022-10-21", "2022-10-28", "2022-11-04", "2022-11-11", "2022-11-18", "2022-11-25", "2022-12-02", "2022-12-09", "2022-12-16", "2022-12-23", "2022-12-30", "2023-01-06", "2023-01-13", "2023-01-20", "2023-01-27", "2023-02-03", "2023-02-10", "2023-02-17", "2023-02-24", "2023-03-03", "2023-03-10", "2023-03-17", "2023-03-24", "2023-03-31", "2023-04-07", "2023-04-14", "2023-04-21", "2023-04-28", "2023-05-05", "2023-05-12", "2023-05-19", "2023-05-26", "2023-06-02", "2023-06-09", "2023-06-16", "2023-06-23", "2023-06-30", "2023-07-07", "2023-07-14", "2023-07-21", "2023-07-28", "2023-08-04", "2023-08-11", "2023-08-18", "2023-08-25", "2023-09-01", "2023-09-08", "2023-09-15", "2023-09-22", "2023-09-29", "2023-10-06", "2023-10-13", "2023-10-20", "2023-10-27", "2023-11-03", "2023-11-10", "2023-11-17", "2023-11-24", "2023-12-01", "2023-12-08", "2023-12-15", "2023-12-22", "2023-12-29", "2024-01-05", "2024-01-12", "2024-01-19", "2024-01-26", "2024-02-02", "2024-02-09", "2024-02-16", "2024-02-23", "2024-03-01", "2024-03-08", "2024-03-15", "2024-03-22", "2024-03-29", "2024-04-05", "2024-04-12", "2024-04-19", "2024-04-26", "2024-05-03", "2024-05-10", "2024-05-17", "2024-05-24", "2024-05-31", "2024-06-07", "2024-06-14", "2024-06-21", "2024-06-28", "2024-07-05", "2024-07-12", "2024-07-19", "2024-07-26", "2024-08-02", "2024-08-09", "2024-08-16", "2024-08-23", "2024-08-30", "2024-09-06", "2024-09-13", "2024-09-20", "2024-09-27", "2024-10-04", "2024-10-11", "2024-10-18" ],
  "informationsFeteEtManifestation" : {
    "typesManifestation" : [ {
      "elementReferenceType" : "FeteEtManifestationType",
      "id" : 1962
    } ],
    "categories" : [ {
      "elementReferenceType" : "FeteEtManifestationCategorie",
      "id" : 2107
    } ],
    "themes" : [ {
      "elementReferenceType" : "FeteEtManifestationTheme",
      "id" : 2273
    }, {
      "elementReferenceType" : "FeteEtManifestationTheme",
      "id" : 2292
    } ],
    "portee" : {
      "elementReferenceType" : "FeteEtManifestationPortee",
      "id" : 2352
    },
    "nomLieu" : "Centre Ville"
  },
  "formatVersion" : "v002",
  "expiration" : { },
  "enquete" : { },
  "donneesPrivees" : [ {
    "nomTechnique" : "1947_Id_patio",
    "libelleFr" : "Id_Patio",
    "ordre" : 1,
    "descriptif" : {
      "libelleFr" : "13EVT101498"
    }
  }, {
    "nomTechnique" : "1947_Source_patio",
    "libelleFr" : "Source_Patio",
    "ordre" : 2,
    "descriptif" : {
      "libelleFr" : "OT Châteauneuf les Martigues"
    }
  }, {
    "nomTechnique" : "1947_Url_patio",
    "libelleFr" : "URL_Patio",
    "ordre" : 3,
    "descriptif" : {
      "libelleFr" : "http://www.chateauneuflesmartigues-tourisme.com"
    }
  } ]
}