{
  "type" : "FETE_ET_MANIFESTATION",
  "id" : 5480124,
  "nom" : {
    "libelleFr" : "Collection permanente du Muséum d'Histoire Naturelle de Marseille",
    "libelleEn" : "Salles d'expositions du Muséum de Marseille",
    "libelleIt" : "Salles d'expositions du Muséum de Marseille",
    "libelleDe" : "Salles d'expositions du Muséum de Marseille",
    "libelleNl" : "Salles d'expositions du Muséum de Marseille"
  },
  "identifier" : "SITRA2_EVE_5480124",
  "state" : "PUBLISHED",
  "gestion" : {
    "dateCreation" : "2020-03-05T18:53:08.981+0000",
    "dateModification" : "2022-04-27T13:47:10.688+0000",
    "dateExportModification" : "2022-06-09T07:16:13.971+0000",
    "membreProprietaire" : {
      "type" : {
        "elementReferenceType" : "MembreSitraType",
        "id" : 233
      },
      "nom" : "Ville de Marseille",
      "dateCreation" : "2017-01-24T06:54:50.567+0000",
      "dateModification" : "2022-10-24T08:49:51.518+0000",
      "id" : 1470,
      "siteWeb" : "http://www.marseille.fr/"
    },
    "signalerUnProblemeMails" : [ "narezki@marseille.fr", "sortir@marseille.fr" ]
  },
  "informations" : {
    "moyensCommunication" : [ {
      "identifiant" : 77175546,
      "type" : {
        "elementReferenceType" : "MoyenCommunicationType",
        "id" : 205
      },
      "coordonnees" : {
        "fr" : "http://musees.marseille.fr/"
      }
    }, {
      "identifiant" : 88863365,
      "type" : {
        "elementReferenceType" : "MoyenCommunicationType",
        "id" : 207
      },
      "coordonnees" : {
        "fr" : "https://www.facebook.com/museesmarseille"
      }
    } ],
    "informationsLegales" : { },
    "structureGestion" : {
      "type" : "STRUCTURE",
      "id" : 5222869
    }
  },
  "presentation" : {
    "descriptifCourt" : {
      "libelleFr" : "Un Muséum d'histoire naturelle à redécouvrir.\r\nN'oubliez pas que le premier dimanche de chaque mois, tous les musées de Marseille sont gratuits !"
    },
    "descriptifDetaille" : {
      "libelleFr" : "Le Muséum d'histoire naturelle de Marseille a fêté en 2019 ses 200 ans et les 150 ans de son installation au Palais Longchamp, inauguré en 1869. Ce double anniversaire a été l'occasion de repenser les espaces d'expositions permanentes du Muséum pour offrir aux visiteurs une vision résolument contemporaine du patrimoine naturel et scientifique.\r\n\r\nDes espaces repensés\r\n\r\nLes expositions permanentes du Muséum situées au niveau 1 dataient de 1986 pour la Salle Safari, avec quelques remaniements dans les années 2000.\r\n\"Les présentations n'étaient plus d'actualité et n'intégraient pas une vision globale de la biodiversité. Les parties préhistoire et évolution ont été également reprises dans le nouveau parcours en intégrant l'ensemble des êtres vivants.\" \"Par ailleurs, une part des objets archéologiques rejoignent un nouvel espace du Musée d'histoire\" indique son conservateur et directeur Anne MEDARD.\r\n\r\nLe nouveau parcours innovant \"Terre d'évolution\", qui a ouvert ses portes au public le vendredi 18 septembre, à la veille des journées européennes du patrimoine, propose sur les trois salles de découvrir l'histoire du vivant, toutes espèces animales et végétales et toutes périodes géologiques et actuelle confondues\r\n\"En une seule exposition, le public part à la découverte de la biodiversité autour de sept thématiques : \"Vivre là\", \"Se reproduire\", \"Se protéger\", \"Communiquer, percevoir\", \"Respirer ou pas\", \"Se nourrir\" et \"Évoluer\". \"Les collections emblématiques du Muséum sont toujours présentes, mais elles sont complétées par des acquisitions de ces 15 dernières années non encore présentées\" poursuit Anne MEDARD. Plus de 1 800 espèces sont exposées sur les 60 000 spécimens conservés dans les réserves du Muséum. \"Ce sera plus de 1 000 découvertes nouvelles pour les visiteurs du Muséum !\"\r\n\r\nLa salle de Provence magnifiée\r\n\r\nProtégée au titre des Monuments Historiques, la salle de Provence est une vitrine de la muséographie du XIXe siècle et offre un écrin unique aux spécimens fossiles et naturalisées de Provence, d'où de nombreuses espèces ont aujourd'hui disparu.\r\nElle regorge de nombreux détails historiques. Pas moins de 40 blasons provençaux accompagnent des fresques murales peintes en 1869 par Raphaël PONSON, représentant les principaux écosystèmes régionaux. \" Nous nous devions de conservé l'esprit de cette salle : c'est l'une des plus belles salles de France et d'Europe conservées dans son jus. Un \"musée du musée\" en quelque sorte. Mais nous en avons amélioré l'éclairage et, à l'entrée, nous proposons deux bornes interactives pour compléter la visite. \" indique le conservateur.\r\n\r\nSur les paliers des monumentaux escaliers en pierre, avec ses deux fresques de 1900 de Jean-François AUBURTIN, de nouveaux mobiliers complètent les vitrines historiques, conçues à l'origine de la création du Muséum, avec une présentation de la préhistoire régionale.\r\n\r\nUn Muséum d'histoire naturelle à redécouvrir.\r\nN'oubliez pas que le premier dimanche de chaque mois, tous les musées de Marseille sont gratuits !\r\n\r\n► Afin d'être certain(e) de pouvoir bénéficier de la visite complète de toutes nos salles d'exposition, nous vous invitons à contacter le Musée avant votre visite\r\n\r\n► Toutes les visites et activités autour de l'exposition sont disponibles sur le site musees.marseille.fr"
    },
    "descriptifsThematises" : [ {
      "dateDisponibilite" : null,
      "dateLimiteDePublication" : null,
      "theme" : {
        "elementReferenceType" : "DescriptifTheme",
        "id" : 6143
      },
      "description" : {
        "libelleFr" : "600 personnes par niveau"
      }
    } ]
  },
  "localisation" : {
    "adresse" : {
      "nomDuLieu" : "Muséum d'Histoire Naturelle",
      "adresse1" : "Palais Longchamp",
      "adresse2" : "Boulevard De Montricher",
      "adresse3" : "Aile droite",
      "codePostal" : "13004",
      "bureauDistribution" : "MARSEILLE",
      "commune" : {
        "id" : 4534
      }
    },
    "geolocalisation" : {
      "complement" : { },
      "valide" : true,
      "geoJson" : {
        "type" : "Point",
        "coordinates" : [ 5.394566, 43.303862 ]
      }
    },
    "perimetreGeographique" : [ {
      "id" : 4534
    } ]
  },
  "liens" : { },
  "prestations" : {
    "animauxAcceptes" : "NON_DISPONIBLE",
    "animauxAcceptesSupplement" : "NON_DISPONIBLE",
    "complementAccueil" : {
      "libelleEn" : "Accessible for disabled",
      "libelleIt" : "Accessibile ai disabili",
      "libelleDe" : "Zugänglich für Behinderte",
      "libelleNl" : "Toegankelijk voor mensen met een handicap"
    }
  },
  "ouverture" : {
    "periodeEnClair" : {
      "libelleFr" : "Du 01/01 au 31/12/2022 de 9h à 18h sauf les 1er janvier, 1er mai, 1er novembre, 11 novembre et 25 décembre.\nFermé le lundi.\nDu mardi au dimanche de 9h à 18h.\r\n\r\nOuvertures exceptionnelles : Lundi de Pâques, Jeudi de l'Ascension, Lundi de Pentecôte.",
      "libelleEn" : "From 01/01 to 31/12/2022 between 9 am and 6 pm except on January 1st, May 1st, November 1st, November 11th and December 25th.\nClosed on Monday.",
      "libelleEs" : "Del 01/01 al 31/12/2022 de 9 a 18 excepto los días 1er de enero, 1er de mayo, 1er de noviembre, 11 de noviembre y 25 de diciembre.\nCerrado los lunes.",
      "libelleIt" : "Dal 01/01 al 31/12/2022 dalle 9 alle 18 tranne 1° gennaio, 1° maggio, 1° novembre, 11 novembre e 25 dicembre.\nChiuso il lunedì.",
      "libelleDe" : "Vom 01/01 bis 31/12/2022 von 9 Uhr bis 18 Uhr (außer 1. Januar, 1. Mai, 1. November, 11. Dezember und 25. Dezember).\nMontag geschlossen.",
      "libelleNl" : "Van 01/01 tot en met 31/12/2022 van 9.00 tot en met 18.00 u m.u.v. 1 januari, 1 mei, 1er november, 11 november en 25 december.\nMaandag gesloten.",
      "libelleRu" : "С 01/01 до 31/12/2022 с 9h до 18h кроме 1 января, 1 мая, 1 ноября, 11 ноября и 25 декабря.\nНе работает понедельник.",
      "libelleZh" : "从 1月1日 到 2022年12月31日 小时小时 和 小时小时 之间 不包括 1月1日, 5月1日, 11月1日, 11月11日 和 12月25日.\n星期一 关闭.",
      "libellePtBR" : "De 01/01 a 31/12/2022 de 9h a  18h exceto em 1º de janeiro, 1º de maio, 1º de novembro, 11 de novembro e 25 de dezembro.\nFechado em segunda-feira.",
      "libelleJa" : "01/01 から 31/12/2022 まで 9 午前 と 6 午後 の間 1月1日, 5月1日, 11月1日, 11月11日 と 12月25日 を除き.\n月曜日 は休み."
    },
    "periodeEnClairGenerationMode" : "AUTOMATIQUE",
    "indicationsPeriode" : [ {
      "elementReferenceType" : "IndicationPeriode",
      "id" : 416
    }, {
      "elementReferenceType" : "IndicationPeriode",
      "id" : 418
    }, {
      "elementReferenceType" : "IndicationPeriode",
      "id" : 435
    }, {
      "elementReferenceType" : "IndicationPeriode",
      "id" : 436
    } ],
    "periodesOuvertures" : [ {
      "identifiant" : 22328750,
      "dateDebut" : "2022-01-01",
      "dateFin" : "2022-12-31",
      "complementHoraire" : {
        "libelleFr" : "Du mardi au dimanche de 9h à 18h.\r\n\r\nOuvertures exceptionnelles : Lundi de Pâques, Jeudi de l'Ascension, Lundi de Pentecôte"
      },
      "horaireOuverture" : "09:00:00",
      "horaireFermeture" : "18:00:00",
      "type" : "OUVERTURE_SAUF",
      "tousLesAns" : false,
      "ouverturesJournalieres" : [ {
        "jour" : "LUNDI"
      } ],
      "identifiantTechnique" : 23206406
    } ],
    "fermeturesExceptionnelles" : [ {
      "dateSpeciale" : "PREMIER_JANVIER"
    }, {
      "dateSpeciale" : "PREMIER_MAI"
    }, {
      "dateSpeciale" : "PREMIER_NOVEMBRE"
    }, {
      "dateSpeciale" : "ONZE_NOVEMBRE"
    }, {
      "dateSpeciale" : "VINGT_CINQ_DECEMBRE"
    } ]
  },
  "descriptionTarif" : {
    "indicationTarif" : "GRATUIT",
    "gratuit" : true,
    "tarifsEnClair" : {
      "libelleFr" : "Gratuit.",
      "libelleEn" : "Free of charge.",
      "libelleEs" : "Gratis.",
      "libelleIt" : "Gratuito.",
      "libelleDe" : "Kostenlos.",
      "libelleNl" : "Gratis.",
      "libelleRu" : "Бесплатно.",
      "libelleZh" : "免费.",
      "libellePtBR" : "Gratuito.",
      "libelleJa" : "無料."
    },
    "tarifsEnClairGenerationMode" : "AUTOMATIQUE",
    "complement" : { },
    "devise" : "EUR",
    "conditions" : { }
  },
  "reservation" : { },
  "illustrations" : [ {
    "identifiant" : 9420236,
    "link" : false,
    "type" : "IMAGE",
    "nom" : {
      "libelleFr" : "Collection permanente du Muséum d'Histoire Naturelle de Marseille"
    },
    "copyright" : {
      "libelleFr" : "DGAAPM Ville de Marseille - Muséum d'Histoire Naturelle de Marseille"
    },
    "traductionFichiers" : [ {
      "locale" : "fr",
      "url" : "https://static.apidae-tourisme.com/filestore/objets-touristiques/images/126/9/9177470.jpg",
      "urlListe" : "https://static.apidae-tourisme.com/filestore/objets-touristiques/images/126/9/9177470-liste.jpg",
      "urlFiche" : "https://static.apidae-tourisme.com/filestore/objets-touristiques/images/126/9/9177470-fiche.jpg",
      "urlDiaporama" : "https://static.apidae-tourisme.com/filestore/objets-touristiques/images/126/9/9177470-diaporama.jpg",
      "extension" : "jpg",
      "fileName" : "museum terre",
      "taille" : 82933,
      "hauteur" : 800,
      "largeur" : 600,
      "lastModifiedDate" : "2021-01-25T14:48:36.000+0000"
    } ],
    "locked" : false
  } ],
  "territoires" : [ {
    "type" : "TERRITOIRE",
    "id" : 591381
  }, {
    "type" : "TERRITOIRE",
    "id" : 591419
  }, {
    "type" : "TERRITOIRE",
    "id" : 5127066
  }, {
    "type" : "TERRITOIRE",
    "id" : 5427637
  }, {
    "type" : "TERRITOIRE",
    "id" : 5460436
  }, {
    "type" : "TERRITOIRE",
    "id" : 5693878
  }, {
    "type" : "TERRITOIRE",
    "id" : 5693903
  }, {
    "type" : "TERRITOIRE",
    "id" : 6008197
  } ],
  "datesOuverture" : [ "2022-10-19", "2022-10-20", "2022-10-21", "2022-10-22", "2022-10-23", "2022-10-25", "2022-10-26", "2022-10-27", "2022-10-28", "2022-10-29", "2022-10-30", "2022-11-02", "2022-11-03", "2022-11-04", "2022-11-05", "2022-11-06", "2022-11-08", "2022-11-09", "2022-11-10", "2022-11-12", "2022-11-13", "2022-11-15", "2022-11-16", "2022-11-17", "2022-11-18", "2022-11-19", "2022-11-20", "2022-11-22", "2022-11-23", "2022-11-24", "2022-11-25", "2022-11-26", "2022-11-27", "2022-11-29", "2022-11-30", "2022-12-01", "2022-12-02", "2022-12-03", "2022-12-04", "2022-12-06", "2022-12-07", "2022-12-08", "2022-12-09", "2022-12-10", "2022-12-11", "2022-12-13", "2022-12-14", "2022-12-15", "2022-12-16", "2022-12-17", "2022-12-18", "2022-12-20", "2022-12-21", "2022-12-22", "2022-12-23", "2022-12-24", "2022-12-27", "2022-12-28", "2022-12-29", "2022-12-30", "2022-12-31" ],
  "informationsFeteEtManifestation" : {
    "typesManifestation" : [ {
      "elementReferenceType" : "FeteEtManifestationType",
      "id" : 1958
    } ],
    "categories" : [ {
      "elementReferenceType" : "FeteEtManifestationCategorie",
      "id" : 2080
    } ],
    "themes" : [ {
      "elementReferenceType" : "FeteEtManifestationTheme",
      "id" : 2064
    }, {
      "elementReferenceType" : "FeteEtManifestationTheme",
      "id" : 2293
    } ],
    "portee" : {
      "elementReferenceType" : "FeteEtManifestationPortee",
      "id" : 2352
    },
    "nomLieu" : "Muséum d'Histoire Naturelle"
  },
  "formatVersion" : "v002",
  "expiration" : {
    "dateExpiration" : "2022-12-31T00:00:00.000+0000",
    "expirationAction" : "MASQUER_AUTOMATIQUEMENT"
  },
  "enquete" : { },
  "donneesPrivees" : [ {
    "nomTechnique" : "1947_Id_patio",
    "libelleFr" : "Id_Patio",
    "ordre" : 1,
    "descriptif" : {
      "libelleFr" : "13EVT046862"
    }
  }, {
    "nomTechnique" : "1947_Source_patio",
    "libelleFr" : "Source_Patio",
    "ordre" : 2,
    "descriptif" : {
      "libelleFr" : "Ville de Marseille"
    }
  }, {
    "nomTechnique" : "1947_Url_patio",
    "libelleFr" : "URL_Patio",
    "ordre" : 3,
    "descriptif" : {
      "libelleFr" : "http://www.marseille.fr"
    }
  } ]
}