{
  "type" : "PATRIMOINE_CULTUREL",
  "id" : 5538760,
  "nom" : {
    "libelleFr" : "Centre International de la Poésie",
    "libelleEn" : "Centre International de la Poésie",
    "libelleEs" : "Centre International de la Poésie",
    "libelleIt" : "Centre International de la Poésie",
    "libelleDe" : "Centre International de la Poésie",
    "libelleNl" : "Centre International de la Poésie"
  },
  "identifier" : "SITRA2_PCU_5538760",
  "state" : "PUBLISHED",
  "gestion" : {
    "dateCreation" : "2020-05-27T05:03:08.536+0000",
    "dateModification" : "2021-06-03T14:32:20.335+0000",
    "dateExportModification" : "2022-07-01T09:41:10.151+0000",
    "membreProprietaire" : {
      "type" : {
        "elementReferenceType" : "MembreSitraType",
        "id" : 233
      },
      "nom" : "Office Métropolitain de tourisme et des congrès de Marseille",
      "dateCreation" : "2017-02-13T09:29:30.842+0000",
      "dateModification" : "2022-10-24T08:49:48.642+0000",
      "id" : 1490,
      "siteWeb" : "http://www.marseille-tourisme.com"
    },
    "signalerUnProblemeMails" : [ "alegrand@marseille-tourisme.com", "hcochet@marseille-tourisme.com", "jorengo@marseille-tourisme.com", "lchavet@marseille-tourisme.com", "mamadier@marseille-tourisme.com", "sbenimeli@marseille-tourisme.com" ]
  },
  "informations" : {
    "moyensCommunication" : [ {
      "identifiant" : 79637196,
      "type" : {
        "elementReferenceType" : "MoyenCommunicationType",
        "id" : 201
      },
      "coordonnees" : {
        "fr" : "04 91 91 26 45"
      }
    }, {
      "identifiant" : 79637197,
      "type" : {
        "elementReferenceType" : "MoyenCommunicationType",
        "id" : 202
      },
      "coordonnees" : {
        "fr" : "04 91 90 99 51"
      }
    }, {
      "identifiant" : 79637198,
      "type" : {
        "elementReferenceType" : "MoyenCommunicationType",
        "id" : 204
      },
      "coordonnees" : {
        "fr" : "cipm@cipmarseille.com"
      }
    }, {
      "identifiant" : 79637199,
      "type" : {
        "elementReferenceType" : "MoyenCommunicationType",
        "id" : 205
      },
      "coordonnees" : {
        "fr" : "http://cipmarseille.fr/lecipm.php"
      }
    } ],
    "informationsLegales" : {
      "siret" : "38008571200020",
      "codeApeNaf" : "913E"
    },
    "structureGestion" : {
      "type" : "STRUCTURE",
      "id" : 5225485
    }
  },
  "presentation" : {
    "descriptifCourt" : {
      "libelleFr" : "Expositions temporaires, lectures, atelier d'écriture, revue, programme. Bibliothèque spécialisée en poésie, consultation sur place. Une salle de cinéma de 100 places. La bibliothèque est ouverte du mercredi au samedi de 14h à 19h.",
      "libelleEn" : "Temporary  exhibitions, readings, writing workshops, reviews. Library specializing with poetry, on the spot  consultation. A cinema with  100 seats.The Library is open from wednesday to saturday from 2 pm to 7 pm."
    },
    "descriptifDetaille" : { }
  },
  "localisation" : {
    "adresse" : {
      "adresse1" : "Centre de la Vieille Charité",
      "adresse2" : "2 Rue De la Charité",
      "codePostal" : "13002",
      "bureauDistribution" : "MARSEILLE",
      "commune" : {
        "id" : 4532
      }
    },
    "geolocalisation" : {
      "valide" : true,
      "geoJson" : {
        "type" : "Point",
        "coordinates" : [ 5.368016, 43.300082 ]
      }
    },
    "perimetreGeographique" : [ {
      "id" : 4532
    } ],
    "environnements" : [ {
      "elementReferenceType" : "Environnement",
      "id" : 183
    }, {
      "elementReferenceType" : "Environnement",
      "id" : 3976
    } ]
  },
  "liens" : { },
  "prestations" : {
    "equipements" : [ {
      "elementReferenceType" : "PrestationEquipement",
      "id" : 826
    }, {
      "elementReferenceType" : "PrestationEquipement",
      "id" : 1078
    } ],
    "animauxAcceptes" : "NON_DISPONIBLE",
    "animauxAcceptesSupplement" : "NON_DISPONIBLE",
    "activites" : [ {
      "elementReferenceType" : "PrestationActivite",
      "id" : 652
    } ],
    "complementAccueil" : {
      "libelleFr" : "Accessible pour handicapés",
      "libelleEn" : "Wheelchair access",
      "libelleIt" : "Accessibile ai disabili",
      "libelleDe" : "Zugänglich für Behinderte",
      "libelleNl" : "Toegankelijk voor mensen met een handicap"
    }
  },
  "ouverture" : {
    "periodeEnClair" : {
      "libelleFr" : "Du 19/01 au 31/12/2021, tous les mardis, mercredis, jeudis, vendredis et samedis.",
      "libelleEn" : "From 19/01 to 31/12/2021, every Tuesday, Wednesday, Thursday, Friday and Saturday.",
      "libelleEs" : "Del 19/01 al 31/12/2021, todos los martes, miércoles, jueves, viernes y sábados.",
      "libelleIt" : "Dal 19/01 al 31/12/2021, tutti i martedì, mercoledì, giovedì, venerdì e sabati.",
      "libelleDe" : "Vom 19/01 bis 31/12/2021, jeden Dienstag, Mittwoch, Donnerstag, Freitag und Samstag.",
      "libelleNl" : "Van 19/01 tot en met 31/12/2021, elke dinsdag, woensdag, donderdag, vrijdag en zaterdag.",
      "libelleRu" : "С 19/01 до 31/12/2021, каждый вторники, среды, четверги, пятницы и субботы.",
      "libelleZh" : "从 1月19日 到 2021年12月31日, 每星期二, 星期三, 星期四, 星期五 和 星期六.",
      "libellePtBR" : "De 19/01 a 31/12/2021, todas as terças-feiras, quartas-feiras, quintas-feiras, sextas-feiras e sábados.",
      "libelleJa" : "19/01 から 31/12/2021 まで, 毎火曜日, 水曜日, 木曜日, 金曜日 と 土曜日."
    },
    "periodeEnClairGenerationMode" : "AUTOMATIQUE",
    "indicationsPeriode" : [ {
      "elementReferenceType" : "IndicationPeriode",
      "id" : 416
    }, {
      "elementReferenceType" : "IndicationPeriode",
      "id" : 418
    }, {
      "elementReferenceType" : "IndicationPeriode",
      "id" : 435
    }, {
      "elementReferenceType" : "IndicationPeriode",
      "id" : 436
    } ],
    "periodesOuvertures" : [ {
      "identifiant" : 19374029,
      "dateDebut" : "2021-01-19",
      "dateFin" : "2021-12-31",
      "type" : "OUVERTURE_SEMAINE",
      "tousLesAns" : false,
      "ouverturesJournalieres" : [ {
        "jour" : "MARDI"
      }, {
        "jour" : "MERCREDI"
      }, {
        "jour" : "JEUDI"
      }, {
        "jour" : "VENDREDI"
      }, {
        "jour" : "SAMEDI"
      } ],
      "identifiantTechnique" : 21096385
    } ]
  },
  "descriptionTarif" : {
    "indicationTarif" : "GRATUIT",
    "gratuit" : true,
    "tarifsEnClair" : {
      "libelleFr" : "Gratuit.",
      "libelleEn" : "Free of charge.",
      "libelleEs" : "Gratis.",
      "libelleIt" : "Gratuito.",
      "libelleDe" : "Kostenlos.",
      "libelleNl" : "Gratis.",
      "libelleRu" : "Бесплатно.",
      "libelleZh" : "免费.",
      "libellePtBR" : "Gratuito.",
      "libelleJa" : "無料."
    },
    "tarifsEnClairGenerationMode" : "AUTOMATIQUE",
    "devise" : "EUR",
    "conditions" : { }
  },
  "reservation" : { },
  "criteresInternes" : [ {
    "id" : 16636
  } ],
  "contacts" : [ {
    "identifiant" : 17637781,
    "referent" : true,
    "civilite" : {
      "elementReferenceType" : "ContactCivilite",
      "id" : 443
    },
    "nom" : "BATALLA",
    "prenom" : "Michael",
    "fonction" : {
      "elementReferenceType" : "ContactFonction",
      "id" : 458
    }
  } ],
  "illustrations" : [ {
    "identifiant" : 8991591,
    "link" : false,
    "type" : "IMAGE",
    "nom" : {
      "libelleFr" : "13T2000037_1_WEB.jpg"
    },
    "traductionFichiers" : [ {
      "locale" : "fr",
      "url" : "https://static.apidae-tourisme.com/filestore/objets-touristiques/images/89/164/8758361.jpg",
      "urlListe" : "https://static.apidae-tourisme.com/filestore/objets-touristiques/images/89/164/8758361-liste.jpg",
      "urlFiche" : "https://static.apidae-tourisme.com/filestore/objets-touristiques/images/89/164/8758361-fiche.jpg",
      "urlDiaporama" : "https://static.apidae-tourisme.com/filestore/objets-touristiques/images/89/164/8758361-diaporama.jpg",
      "extension" : "jpg",
      "fileName" : "full",
      "taille" : 5605,
      "hauteur" : 215,
      "largeur" : 150,
      "lastModifiedDate" : "2020-10-31T05:08:23.000+0000"
    } ],
    "locked" : false
  } ],
  "tourismeAffaires" : {
    "tourismeAffairesEnabled" : true,
    "nombreSallesReunionEquipees" : 2,
    "capaciteMaxAccueil" : 100
  },
  "visites" : {
    "languesPanneauInformation" : [ {
      "elementReferenceType" : "Langue",
      "id" : 1197
    } ],
    "visitable" : true
  },
  "territoires" : [ {
    "type" : "TERRITOIRE",
    "id" : 591381
  }, {
    "type" : "TERRITOIRE",
    "id" : 591419
  }, {
    "type" : "TERRITOIRE",
    "id" : 5127066
  }, {
    "type" : "TERRITOIRE",
    "id" : 5427637
  }, {
    "type" : "TERRITOIRE",
    "id" : 5460436
  }, {
    "type" : "TERRITOIRE",
    "id" : 5693878
  }, {
    "type" : "TERRITOIRE",
    "id" : 5693903
  }, {
    "type" : "TERRITOIRE",
    "id" : 6008197
  } ],
  "informationsPatrimoineCulturel" : {
    "patrimoineCulturelType" : {
      "elementReferenceType" : "PatrimoineCulturelType",
      "id" : 3201
    },
    "themes" : [ {
      "elementReferenceType" : "PatrimoineCulturelTheme",
      "id" : 3393
    }, {
      "elementReferenceType" : "PatrimoineCulturelTheme",
      "id" : 3419
    }, {
      "elementReferenceType" : "PatrimoineCulturelTheme",
      "id" : 3451
    } ]
  },
  "formatVersion" : "v002",
  "expiration" : {
    "dateExpiration" : "2021-12-31T00:00:00.000+0000"
  },
  "informationsPrestataireActivites" : {
    "prestataireActivites" : true
  },
  "enquete" : { },
  "donneesPrivees" : [ {
    "nomTechnique" : "1947_Id_patio",
    "libelleFr" : "Id_Patio",
    "ordre" : 1,
    "descriptif" : {
      "libelleFr" : "13T2000037"
    }
  }, {
    "nomTechnique" : "1947_Source_patio",
    "libelleFr" : "Source_Patio",
    "ordre" : 2,
    "descriptif" : {
      "libelleFr" : "OT Marseille"
    }
  }, {
    "nomTechnique" : "1947_Url_patio",
    "libelleFr" : "URL_Patio",
    "ordre" : 3,
    "descriptif" : {
      "libelleFr" : "http://www.marseille-tourisme.com"
    }
  } ]
}