{
  "type" : "FETE_ET_MANIFESTATION",
  "id" : 5959345,
  "nom" : {
    "libelleFr" : "Trésors d’étoffes provençales - Circulation, fabrication et passion d’indiennes dans les collections du musée du Vieil Aix",
    "libelleEn" : "Trésors d’étoffes provençales - Circulation, fabrication et passion d’indiennes dans les collections du musée du Vieil Aix",
    "libelleEs" : "Trésors d’étoffes provençales - Circulation, fabrication et passion d’indiennes dans les collections du musée du Vieil Aix",
    "libelleIt" : "Trésors d’étoffes provençales - Circulation, fabrication et passion d’indiennes dans les collections du musée du Vieil Aix",
    "libelleDe" : "Trésors d’étoffes provençales - Circulation, fabrication et passion d’indiennes dans les collections du musée du Vieil Aix",
    "libelleNl" : "Trésors d’étoffes provençales - Circulation, fabrication et passion d’indiennes dans les collections du musée du Vieil Aix",
    "libelleRu" : "Trésors d’étoffes provençales - Circulation, fabrication et passion d’indiennes dans les collections du musée du Vieil Aix",
    "libelleZh" : "Trésors d’étoffes provençales - Circulation, fabrication et passion d’indiennes dans les collections du musée du Vieil Aix",
    "libellePtBR" : "Trésors d’étoffes provençales - Circulation, fabrication et passion d’indiennes dans les collections du musée du Vieil Aix",
    "libelleJa" : "Trésors d’étoffes provençales - Circulation, fabrication et passion d’indiennes dans les collections du musée du Vieil Aix"
  },
  "identifier" : "SITRA2_EVE_5959345",
  "state" : "PUBLISHED",
  "gestion" : {
    "dateCreation" : "2021-11-03T10:37:53.153+0000",
    "dateModification" : "2022-10-10T09:58:50.182+0000",
    "dateExportModification" : "2022-10-12T09:10:22.491+0000",
    "membreProprietaire" : {
      "type" : {
        "elementReferenceType" : "MembreSitraType",
        "id" : 233
      },
      "nom" : "Office de Tourisme d'Aix en Provence",
      "dateCreation" : "2020-02-14T10:34:37.912+0000",
      "dateModification" : "2022-10-24T08:49:34.452+0000",
      "id" : 1988,
      "siteWeb" : "http://www.aixenprovencetourism.com"
    },
    "signalerUnProblemeMails" : [ "jchevalier@aixenprovencetourism.com", "sdardenne@aixenprovencetourism.com", "vmontpellaz@aixenprovencetourism.com" ]
  },
  "informations" : {
    "moyensCommunication" : [ {
      "identifiant" : 93399004,
      "type" : {
        "elementReferenceType" : "MoyenCommunicationType",
        "id" : 201
      },
      "coordonnees" : {
        "fr" : "04 42 91 89 78"
      },
      "observation" : {
        "libelleFr" : "pour visite commentée"
      }
    }, {
      "identifiant" : 93399005,
      "type" : {
        "elementReferenceType" : "MoyenCommunicationType",
        "id" : 204
      },
      "coordonnees" : {
        "fr" : "ripollc@mairie-aixenprovence.fr"
      },
      "observation" : {
        "libelleFr" : "pour visite commentée"
      }
    }, {
      "identifiant" : 93399006,
      "type" : {
        "elementReferenceType" : "MoyenCommunicationType",
        "id" : 205
      },
      "coordonnees" : {
        "fr" : "https://aixenprovence.fr"
      }
    } ],
    "structureGestion" : {
      "type" : "STRUCTURE",
      "id" : 5222871
    }
  },
  "presentation" : {
    "descriptifCourt" : {
      "libelleFr" : "Tout au long du parcours l’exposition du musée du Vieil-Aix donnera aux visiteurs l’opportunité de découvrir des chefs-d’œuvre d’indiennes rarement montrés, voire inédits, en raison de leur grande préciosité et fragilité"
    },
    "descriptifDetaille" : {
      "libelleFr" : "De par son ouverture sur la Méditerranée le port de Marseille accueille très tôt des œuvres provenant d’Orient. Les indiennes, cotonnades peintes, teintes ou imprimées portant des motifs décoratifs floraux et animaliers, parviennent ainsi sur le sol européen dès le XVIe siècle. Elles connaissent un succès croissant tout au long du XVIIe siècle, en raison de leur beauté et solidité, d’abord dans le décor intérieur puis dans l’habillement. \r\nL’engouement est tel que l’importation et commerce d’indiennes sont frappés d’interdiction royale dès 1686, et ce jusqu’en 1759. C’est dans ce contexte de pénurie que la fabrication d’indiennes provençales apparaît, celles-ci devenant peu à peu un trait caractéristique du costume traditionnel local. Nombreuses sont les cités à se lancer dans la production de cette étoffe, comme Aix-en-Provence à partir du tournant des années 1760. En 1784 la ville compte une dizaine de fabriques, représentant jusqu’à mille employés/ées, la plus importante étant celle des Infirmeries qui prend place au bord de l’Arc, sur le site de l’ancienne bastide du roi René.\r\n\r\nUne des œuvres majeures, figurant un Arbre de vie, a ainsi fait l’objet d’une restauration spécialement pour l’événement. Le parcours permettra aux visiteurs de comprendre les conditions d’apparition d’un textile devenu iconique en Provence, ses techniques et évolutions, et d’en percevoir aussi tout l’héritage aujourd’hui. Ayant été réalisées lors d’une résidence chez les Olivades, des œuvres de l’artiste Victoire Barbot apporteront un regard contemporain sur ces collections patrimoniales. Cette plasticienne, diplômée de l’École nationale supérieure des beaux-arts de Paris, s’est immergée dans l’histoire de cette fabrication pour se l’approprier et en déconstruire les techniques, en proposant ainsi une relecture actuelle et personnelle.\r\n\r\nVernissage le 17 septembre à 12h dans le cadre des Journées européennes du patrimoine et de la saison automne de la biennale Une 5ème saison, en présence de Victoire Barbot.\r\n\r\nVisite commentée de l’exposition les jeudis 22 et 29 à 15h (sur réservation)"
    }
  },
  "localisation" : {
    "adresse" : {
      "nomDuLieu" : "Musée du Vieil Aix - Hôtel Estienne de Saint-Jean",
      "adresse1" : "17 Rue Gaston de Saporta",
      "codePostal" : "13100",
      "commune" : {
        "id" : 4412
      }
    },
    "geolocalisation" : {
      "valide" : true,
      "geoJson" : {
        "type" : "Point",
        "coordinates" : [ 5.447395, 43.530849 ]
      }
    },
    "perimetreGeographique" : [ {
      "id" : 4412
    } ]
  },
  "liens" : {
    "liensObjetsTouristiquesTypes" : [ {
      "type" : "SUR_PLACE",
      "libelleFr" : "Sur place",
      "libelleEn" : "On the premises",
      "libelleEs" : "In situ",
      "libelleIt" : "Sul posto",
      "libelleDe" : "Vor Ort",
      "libelleNl" : "Ter plaatse",
      "libelleRu" : "На месте",
      "libelleZh" : "堂食",
      "libellePtBR" : "No local",
      "libelleJa" : "現地で",
      "objetTouristique" : {
        "type" : "PATRIMOINE_CULTUREL",
        "id" : 5539049
      }
    }, {
      "type" : "ORGANISATEUR_PROGRAMME",
      "libelleFr" : "Programme l'animation...",
      "libelleEn" : "Schedules activities...",
      "libelleEs" : "Organiza la animación...",
      "libelleIt" : "Programma l’animazione",
      "libelleDe" : "Plant die Veranstaltung ...",
      "libelleNl" : "Programmeert de animatie ...",
      "libelleRu" : "Развлекательная программа...",
      "libelleZh" : "助兴活动",
      "libellePtBR" : "Programa a animação ...",
      "libelleJa" : "イベントを開催します",
      "objetTouristique" : {
        "type" : "FETE_ET_MANIFESTATION",
        "id" : 6293310
      }
    } ]
  },
  "prestations" : {
    "animauxAcceptes" : "NON_DISPONIBLE",
    "animauxAcceptesSupplement" : "NON_DISPONIBLE",
    "languesParlees" : [ {
      "elementReferenceType" : "Langue",
      "id" : 1197
    } ]
  },
  "ouverture" : {
    "periodeEnClair" : {
      "libelleFr" : "Du 15/04 au 15/10/2022 \nOuverture le lundi, mercredi, jeudi, vendredi, samedi et dimanche de 10h à 12h30 et de 13h30 à 18h.\n\nDu 16/10/2022 au 26/02/2023 \nOuverture le lundi, mercredi, jeudi, vendredi, samedi et dimanche de 10h à 12h30 et de 13h30 à 17h.",
      "libelleEn" : "From 15/04 to 15/10/2022 \nOpening hours on Monday, Wednesday, Thursday, Friday, Saturday and Sunday between 10 am and 12.30 pm and between 1.30 pm and 6 pm.\n\nFrom 16/10/2022 to 26/02/2023 \nOpening hours on Monday, Wednesday, Thursday, Friday, Saturday and Sunday between 10 am and 12.30 pm and between 1.30 pm and 5 pm.",
      "libelleEs" : "Del 15/04 al 15/10/2022 \nHorarios de apertura los lunes, miércoles, jueves, viernes, sábado y domingo de 10 a 12:30 y de 13:30 a 18.\n\nDel 16/10/2022 al 26/02/2023 \nHorarios de apertura los lunes, miércoles, jueves, viernes, sábado y domingo de 10 a 12:30 y de 13:30 a 17.",
      "libelleIt" : "Dal 15/04 al 15/10/2022 \nOrari di apertura il lunedì, mercoledì, giovedì, venerdì, sabato e domenica dalle 10 alle 12:30 e dalle 13:30 alle 18.\n\nDal 16/10/2022 al 26/02/2023 \nOrari di apertura il lunedì, mercoledì, giovedì, venerdì, sabato e domenica dalle 10 alle 12:30 e dalle 13:30 alle 17.",
      "libelleDe" : "Vom 15/04 bis 15/10/2022 \nÖffnungszeiten jeden Montag, Mittwoch, Donnerstag, Freitag, Samstag und Sonntag von 10 Uhr bis 12.30 Uhr und von 13.30 Uhr bis 18 Uhr.\n\nVom 16/10/2022 bis 26/02/2023 \nÖffnungszeiten jeden Montag, Mittwoch, Donnerstag, Freitag, Samstag und Sonntag von 10 Uhr bis 12.30 Uhr und von 13.30 Uhr bis 17 Uhr.",
      "libelleNl" : "Van 15/04 tot en met 15/10/2022 \nOpeningstijden op maandag, woensdag, donderdag, vrijdag, zaterdag en zondag van 10.00 tot en met 12.30 u en van 13.30 tot en met 18.00 u.\n\nVan 16/10/2022 tot en met 26/02/2023 \nOpeningstijden op maandag, woensdag, donderdag, vrijdag, zaterdag en zondag van 10.00 tot en met 12.30 u en van 13.30 tot en met 17.00 u.",
      "libelleRu" : "С 15/04 до 15/10/2022 \nЧасы открытия на понедельник, среда, четверг, пятница, суббота и воскресенье с 10h до 12h30 и с 13h30 до 18h.\n\nС 16/10/2022 до 26/02/2023 \nЧасы открытия на понедельник, среда, четверг, пятница, суббота и воскресенье с 10h до 12h30 и с 13h30 до 17h.",
      "libelleZh" : "从 4月15日 到 2022年10月15日 \n开放时间 上 星期一, 星期三, 星期四, 星期五, 星期六 和 星期日 小时小时 和 小时小时分钟  之间 和 小时小时分钟  和 小时小时 之间.\n\n从 2022年10月16日 到 2023年2月26日 \n开放时间 上 星期一, 星期三, 星期四, 星期五, 星期六 和 星期日 小时小时 和 小时小时分钟  之间 和 小时小时分钟  和 小时小时 之间.",
      "libellePtBR" : "De 15/04 a 15/10/2022 \nOuverture na segunda-feira, quarta-feira, quinta-feira, sexta-feira, sábado e domingo de 10h a  12h30 e de 13h30 a  18h.\n\nDe 16/10/2022 a 26/02/2023 \nOuverture na segunda-feira, quarta-feira, quinta-feira, sexta-feira, sábado e domingo de 10h a  12h30 e de 13h30 a  17h.",
      "libelleJa" : "15/04 から 15/10/2022 まで \n開館時間 月曜日, 水曜日, 木曜日, 金曜日, 土曜日 と 日曜日 に 10 午前 と 12.30 午後 の間 と 1.30 午後 と 6 午後 の間.\n\n16/10/2022 から 26/02/2023 まで \n開館時間 月曜日, 水曜日, 木曜日, 金曜日, 土曜日 と 日曜日 に 10 午前 と 12.30 午後 の間 と 1.30 午後 と 5 午後 の間."
    },
    "periodeEnClairGenerationMode" : "AUTOMATIQUE",
    "indicationsPeriode" : [ {
      "elementReferenceType" : "IndicationPeriode",
      "id" : 416
    }, {
      "elementReferenceType" : "IndicationPeriode",
      "id" : 418
    }, {
      "elementReferenceType" : "IndicationPeriode",
      "id" : 435
    }, {
      "elementReferenceType" : "IndicationPeriode",
      "id" : 436
    } ],
    "periodesOuvertures" : [ {
      "identifiant" : 23067473,
      "dateDebut" : "2022-04-15",
      "dateFin" : "2022-10-15",
      "complementHoraire" : { },
      "type" : "OUVERTURE_TOUS_LES_JOURS",
      "tousLesAns" : false,
      "identifiantTechnique" : 24463804
    }, {
      "identifiant" : 24068832,
      "dateDebut" : "2022-10-16",
      "dateFin" : "2023-02-26",
      "type" : "OUVERTURE_TOUS_LES_JOURS",
      "tousLesAns" : false,
      "identifiantTechnique" : 24463805
    } ]
  },
  "descriptionTarif" : {
    "indicationTarif" : "PAYANT",
    "gratuit" : false,
    "tarifsEnClair" : {
      "libelleFr" : "Plein tarif : à partir de 3,70 €.\n\n Gratuit pour la presse, les accompagnateurs guides, les demandeurs d'emploi, les enseignants.\n\nGratuits pour : les adhérents au dispositif City Pass Aix-en-Provence, les enseignants de l’Ecole Supérieure d’art Félix Ciccolini d’Aix-en-Provence, les bénéficiaires du RSA (justificatif datant de moins de 3 mois), les bénéficiaires de l’aide sociale(CAF), minimum vieillesse et invalidité, les détenteurs de cartes en cours de validité ICOM, ICOMOS, AGCCPF (Conservateurs), carte du Ministère de la Culture (en cours de validité), carte Culture Aix-Marseille Université, carte d’invalidité, carte du CCAS d’Aix, les adhérents de l’association des Amis des Musées d’Aix, de l’association Cultures du Cœur, de l’association de la Maison des Artistes, les Guides conférenciers nationaux, internationaux et régionaux agréés.\r\n\r\nVisites commentées : 5,30 euros (droit d'entrée inclus)\r\nGratuit 1er dimanche du mois.",
      "libelleEn" : "Full price: from 3.70 €.\n\n Free entry for press, accompanying guides, Job-seeker, teachers.",
      "libelleEs" : "Tarifa completa: a partir de 3,70 €.\n\n Gratuito para La prensa, guías turísticos, Los demandantes de empleo, los profesores.",
      "libelleIt" : "Tarrifa intera: a partire da 3,70 €.\n\n Gratuito per giornalista, guide turistiche, Disoccupati, insegnanti.",
      "libelleDe" : "Voller Preis: ab 3,70 €.\n\n Kostenlos für die Presse, Reiseleiter, Arbeitssuchende, Lehrer.",
      "libelleNl" : "Vol tarief: vanaf 3,70 €.\n\n Gratis voor pers, voor reisleiders, Werkzoekende, leraren.",
      "libelleRu" : "Полную цену : с 3,70 €.\n\n Бесплатно для пресса, гиды, соискатели работы, преподаватели.",
      "libelleZh" : "全额 : 从 3.70 €.\n\n 新闻工作者, 导游人员, 求职者, 教师自由进入.",
      "libellePtBR" : "Tarifa inteira: a partir de 3,70 €.\n\n Gratuito para pressione, os guias, Procurando emprego, os professores.",
      "libelleJa" : "通常料金: 3.70 €から.\n\n 新聞社, 観光案内人, 求職者, 教師 は入場無料."
    },
    "tarifsEnClairGenerationMode" : "AUTOMATIQUE",
    "complement" : {
      "libelleFr" : "Gratuits pour : les adhérents au dispositif City Pass Aix-en-Provence, les enseignants de l’Ecole Supérieure d’art Félix Ciccolini d’Aix-en-Provence, les bénéficiaires du RSA (justificatif datant de moins de 3 mois), les bénéficiaires de l’aide sociale(CAF), minimum vieillesse et invalidité, les détenteurs de cartes en cours de validité ICOM, ICOMOS, AGCCPF (Conservateurs), carte du Ministère de la Culture (en cours de validité), carte Culture Aix-Marseille Université, carte d’invalidité, carte du CCAS d’Aix, les adhérents de l’association des Amis des Musées d’Aix, de l’association Cultures du Cœur, de l’association de la Maison des Artistes, les Guides conférenciers nationaux, internationaux et régionaux agréés.\r\n\r\nVisites commentées : 5,30 euros (droit d'entrée inclus)\r\nGratuit 1er dimanche du mois"
    },
    "periodes" : [ {
      "identifiant" : 12587743,
      "dateDebut" : "2022-01-01",
      "dateFin" : "2023-04-14",
      "tarifs" : [ {
        "devise" : "EUR",
        "minimum" : 3.70,
        "precisionTarif" : { },
        "type" : {
          "elementReferenceType" : "TarifType",
          "id" : 5239
        }
      } ]
    } ],
    "modesPaiement" : [ {
      "elementReferenceType" : "ModePaiement",
      "id" : 1268
    }, {
      "elementReferenceType" : "ModePaiement",
      "id" : 1271
    }, {
      "elementReferenceType" : "ModePaiement",
      "id" : 1277
    } ],
    "devise" : "EUR",
    "conditions" : {
      "conditionsGratuite" : [ {
        "elementReferenceType" : "ConditionGratuite",
        "id" : 4250
      }, {
        "elementReferenceType" : "ConditionGratuite",
        "id" : 4257
      }, {
        "elementReferenceType" : "ConditionGratuite",
        "id" : 4772
      }, {
        "elementReferenceType" : "ConditionGratuite",
        "id" : 5076
      } ]
    }
  },
  "reservation" : {
    "organismes" : [ {
      "identifiant" : 6704604,
      "structureReference" : {
        "type" : "STRUCTURE",
        "id" : 5222871
      },
      "nom" : "Musée du Vieil Aix - Hôtel Estienne de Saint-Jean",
      "type" : {
        "elementReferenceType" : "ReservationType",
        "id" : 475
      },
      "moyensCommunication" : [ {
        "identifiant" : 70512140,
        "type" : {
          "elementReferenceType" : "MoyenCommunicationType",
          "id" : 201
        },
        "coordonnees" : {
          "fr" : "04 42 91 89 78"
        }
      }, {
        "identifiant" : 102133877,
        "type" : {
          "elementReferenceType" : "MoyenCommunicationType",
          "id" : 204
        },
        "coordonnees" : {
          "fr" : "ripollc@mairie-aixenprovence.fr"
        }
      } ],
      "locked" : false
    } ],
    "complement" : { }
  },
  "contacts" : [ {
    "identifiant" : 19862924,
    "referent" : true,
    "civilite" : {
      "elementReferenceType" : "ContactCivilite",
      "id" : 442
    },
    "nom" : "Ripoll",
    "prenom" : "Claudine",
    "fonction" : {
      "elementReferenceType" : "ContactFonction",
      "id" : 4196
    },
    "moyensCommunication" : [ {
      "identifiant" : 93399007,
      "type" : {
        "elementReferenceType" : "MoyenCommunicationType",
        "id" : 204
      },
      "coordonnees" : {
        "fr" : "ripollc@mairie-aixenprovence.fr"
      }
    }, {
      "identifiant" : 93399008,
      "type" : {
        "elementReferenceType" : "MoyenCommunicationType",
        "id" : 201
      },
      "coordonnees" : {
        "fr" : "04 42 91 89 78"
      }
    } ]
  } ],
  "illustrations" : [ {
    "identifiant" : 13978581,
    "link" : false,
    "type" : "IMAGE",
    "copyright" : {
      "libelleFr" : "Ville d'Aix"
    },
    "traductionFichiers" : [ {
      "locale" : "fr",
      "url" : "https://static.apidae-tourisme.com/filestore/objets-touristiques/images/32/139/14256928.jpg",
      "urlListe" : "https://static.apidae-tourisme.com/filestore/objets-touristiques/images/32/139/14256928-liste.jpg",
      "urlFiche" : "https://static.apidae-tourisme.com/filestore/objets-touristiques/images/32/139/14256928-fiche.jpg",
      "urlDiaporama" : "https://static.apidae-tourisme.com/filestore/objets-touristiques/images/32/139/14256928-diaporama.jpg",
      "extension" : "jpg",
      "fileName" : "tresors",
      "taille" : 777378,
      "hauteur" : 1702,
      "largeur" : 1200,
      "lastModifiedDate" : "2022-09-07T14:33:41.739+0000"
    } ],
    "locked" : false
  } ],
  "territoires" : [ {
    "type" : "TERRITOIRE",
    "id" : 591381
  }, {
    "type" : "TERRITOIRE",
    "id" : 591419
  }, {
    "type" : "TERRITOIRE",
    "id" : 5127066
  }, {
    "type" : "TERRITOIRE",
    "id" : 5427620
  }, {
    "type" : "TERRITOIRE",
    "id" : 5427637
  }, {
    "type" : "TERRITOIRE",
    "id" : 5460325
  }, {
    "type" : "TERRITOIRE",
    "id" : 5693839
  }, {
    "type" : "TERRITOIRE",
    "id" : 5775948
  }, {
    "type" : "TERRITOIRE",
    "id" : 5853930
  } ],
  "datesOuverture" : [ "2022-10-12", "2022-10-13", "2022-10-14", "2022-10-15", "2022-10-16", "2022-10-17", "2022-10-18", "2022-10-19", "2022-10-20", "2022-10-21", "2022-10-22", "2022-10-23", "2022-10-24", "2022-10-25", "2022-10-26", "2022-10-27", "2022-10-28", "2022-10-29", "2022-10-30", "2022-10-31", "2022-11-01", "2022-11-02", "2022-11-03", "2022-11-04", "2022-11-05", "2022-11-06", "2022-11-07", "2022-11-08", "2022-11-09", "2022-11-10", "2022-11-11", "2022-11-12", "2022-11-13", "2022-11-14", "2022-11-15", "2022-11-16", "2022-11-17", "2022-11-18", "2022-11-19", "2022-11-20", "2022-11-21", "2022-11-22", "2022-11-23", "2022-11-24", "2022-11-25", "2022-11-26", "2022-11-27", "2022-11-28", "2022-11-29", "2022-11-30", "2022-12-01", "2022-12-02", "2022-12-03", "2022-12-04", "2022-12-05", "2022-12-06", "2022-12-07", "2022-12-08", "2022-12-09", "2022-12-10", "2022-12-11", "2022-12-12", "2022-12-13", "2022-12-14", "2022-12-15", "2022-12-16", "2022-12-17", "2022-12-18", "2022-12-19", "2022-12-20", "2022-12-21", "2022-12-22", "2022-12-23", "2022-12-24", "2022-12-25", "2022-12-26", "2022-12-27", "2022-12-28", "2022-12-29", "2022-12-30", "2022-12-31", "2023-01-01", "2023-01-02", "2023-01-03", "2023-01-04", "2023-01-05", "2023-01-06", "2023-01-07", "2023-01-08", "2023-01-09", "2023-01-10", "2023-01-11", "2023-01-12", "2023-01-13", "2023-01-14", "2023-01-15", "2023-01-16", "2023-01-17", "2023-01-18", "2023-01-19", "2023-01-20", "2023-01-21", "2023-01-22", "2023-01-23", "2023-01-24", "2023-01-25", "2023-01-26", "2023-01-27", "2023-01-28", "2023-01-29", "2023-01-30", "2023-01-31", "2023-02-01", "2023-02-02", "2023-02-03", "2023-02-04", "2023-02-05", "2023-02-06", "2023-02-07", "2023-02-08", "2023-02-09", "2023-02-10", "2023-02-11", "2023-02-12", "2023-02-13", "2023-02-14", "2023-02-15", "2023-02-16", "2023-02-17", "2023-02-18", "2023-02-19", "2023-02-20", "2023-02-21", "2023-02-22", "2023-02-23", "2023-02-24", "2023-02-25", "2023-02-26" ],
  "informationsFeteEtManifestation" : {
    "typesManifestation" : [ {
      "elementReferenceType" : "FeteEtManifestationType",
      "id" : 1958
    } ],
    "categories" : [ {
      "elementReferenceType" : "FeteEtManifestationCategorie",
      "id" : 2080
    } ],
    "themes" : [ {
      "elementReferenceType" : "FeteEtManifestationTheme",
      "id" : 2278
    } ],
    "portee" : {
      "elementReferenceType" : "FeteEtManifestationPortee",
      "id" : 2351
    },
    "nomLieu" : "Musée du Vieil Aix - Hôtel Estienne de Saint-Jean"
  },
  "formatVersion" : "v002",
  "expiration" : {
    "dateExpiration" : "2023-02-26T00:00:00.000+0000",
    "expirationAction" : "MASQUER_AUTOMATIQUEMENT"
  },
  "enquete" : { }
}