{
  "type" : "FETE_ET_MANIFESTATION",
  "id" : 5961388,
  "nom" : {
    "libelleFr" : "Exposition \"André Marchand : Portraits et Paysages de Provence\""
  },
  "identifier" : "SITRA2_EVE_5961388",
  "state" : "PUBLISHED",
  "gestion" : {
    "dateCreation" : "2021-11-05T12:46:19.055+0000",
    "dateModification" : "2022-10-11T07:37:01.624+0000",
    "dateExportModification" : "2022-11-08T14:15:04.812+0000",
    "membreProprietaire" : {
      "type" : {
        "elementReferenceType" : "MembreSitraType",
        "id" : 233
      },
      "nom" : "Office de Tourisme Intercommunal de Terre de Provence",
      "dateCreation" : "2020-10-28T10:42:53.102+0000",
      "dateModification" : "2022-10-24T08:49:48.093+0000",
      "id" : 2119
    },
    "signalerUnProblemeMails" : [ "accueil.oti@terredeprovence-agglo.com", "accueil2.oti@terredeprovence-agglo.com", "espaceculturetourisme@orange.fr", "office.tourisme@st-andiol.fr", "office.tourisme@ville-graveson.fr", "ot-culture@maillane.fr", "promotion.oti@terredeprovence-agglo.com", "romain.pascal@ville-graveson.fr", "tourisme@noves.fr", "tourisme@terredeprovence-agglo.com" ]
  },
  "informations" : {
    "moyensCommunication" : [ {
      "identifiant" : 95058175,
      "type" : {
        "elementReferenceType" : "MoyenCommunicationType",
        "id" : 201
      },
      "coordonnees" : {
        "fr" : "04 90 90 53 02"
      }
    }, {
      "identifiant" : 95058180,
      "type" : {
        "elementReferenceType" : "MoyenCommunicationType",
        "id" : 204
      },
      "coordonnees" : {
        "fr" : "musee.chabaud@ville-graveson.fr"
      }
    }, {
      "identifiant" : 95058187,
      "type" : {
        "elementReferenceType" : "MoyenCommunicationType",
        "id" : 205
      },
      "coordonnees" : {
        "fr" : "https://www.museechabaud.com/musee"
      }
    }, {
      "identifiant" : 95058191,
      "type" : {
        "elementReferenceType" : "MoyenCommunicationType",
        "id" : 207
      },
      "coordonnees" : {
        "fr" : "https://www.facebook.com/museechabaud"
      }
    } ],
    "structureGestion" : {
      "type" : "STRUCTURE",
      "id" : 6000493
    }
  },
  "presentation" : {
    "descriptifCourt" : {
      "libelleFr" : "Exposition \"André Marchand : Portraits et Paysages de Provence\"."
    },
    "descriptifDetaille" : {
      "libelleFr" : "Dans le cadre de l’événement de cette année 2022 « Pays d’Arles Capitale Provençale de la culture », le Musée Auguste Chabaud en partenariat avec le Musée Estrine de St Rémy, rend hommage au peintre aixois et arlésien de cœur, André Marchand.\r\n\r\nL’exposition présentera une série de dessins et de peintures de l’artiste, qui illustrent son lien profond avec la Provence, les Alpilles, la Montagnette. Comme Auguste Chabaud avant lui, l’œuvre de Marchand est imprégnée par la figure de l’Arlésienne, les paysages des Alpilles et la culture provençale. Ces sujets récurrents témoignent du lien indéfectible qui unit le peintre à ce territoire, partie intégrante de sa vie et son œuvre.\r\n\r\nVernissage le Vendredi 28 Octobre à partir de 18h30."
    }
  },
  "localisation" : {
    "adresse" : {
      "nomDuLieu" : "Musée de Région Auguste Chabaud",
      "adresse1" : "41 Cours National",
      "codePostal" : "13690",
      "etat" : "France",
      "commune" : {
        "id" : 4456
      }
    },
    "geolocalisation" : {
      "valide" : true,
      "geoJson" : {
        "type" : "Point",
        "coordinates" : [ 4.772294, 43.850987 ]
      }
    },
    "perimetreGeographique" : [ {
      "id" : 4456
    } ]
  },
  "liens" : { },
  "prestations" : {
    "animauxAcceptes" : "NON_DISPONIBLE",
    "animauxAcceptesSupplement" : "NON_DISPONIBLE",
    "languesParlees" : [ {
      "elementReferenceType" : "Langue",
      "id" : 1197
    } ]
  },
  "ouverture" : {
    "periodeEnClair" : {
      "libelleFr" : "Du 29/10/2022 au 05/02/2023, tous les jours.\nDu Lundi au Vendredi de 10h à 12h et de 13h30 à 18h.\r\nWeek-ends et jours fériés : 13h30 à 18h.",
      "libelleEn" : "From 29/10/2022 to 05/02/2023, daily.",
      "libelleEs" : "Del 29/10/2022 al 05/02/2023, todos los dias.",
      "libelleIt" : "Dal 29/10/2022 al 05/02/2023, ogni giorno.",
      "libelleDe" : "Vom 29/10/2022 bis 05/02/2023, täglich.",
      "libelleNl" : "Van 29/10/2022 tot en met 05/02/2023, iedere dag.",
      "libelleRu" : "С 29/10/2022 до 05/02/2023, ежедневно.",
      "libelleZh" : "从 2022年10月29日 到 2023年2月5日, 日常.",
      "libellePtBR" : "De 29/10/2022 a 05/02/2023, todos os dias.",
      "libelleJa" : "29/10/2022 から 05/02/2023 まで, 毎日."
    },
    "periodeEnClairGenerationMode" : "AUTOMATIQUE",
    "indicationsPeriode" : [ {
      "elementReferenceType" : "IndicationPeriode",
      "id" : 416
    }, {
      "elementReferenceType" : "IndicationPeriode",
      "id" : 435
    } ],
    "periodesOuvertures" : [ {
      "identifiant" : 24420008,
      "dateDebut" : "2022-10-29",
      "dateFin" : "2023-02-05",
      "complementHoraire" : {
        "libelleFr" : "Du Lundi au Vendredi de 10h à 12h et de 13h30 à 18h.\r\nWeek-ends et jours fériés : 13h30 à 18h."
      },
      "type" : "OUVERTURE_TOUS_LES_JOURS",
      "tousLesAns" : false,
      "identifiantTechnique" : 24470220
    } ]
  },
  "descriptionTarif" : {
    "indicationTarif" : "PAYANT",
    "gratuit" : false,
    "tarifsEnClair" : {
      "libelleFr" : "Plein tarif : 5 €, Tarif réduit : 2,50 €.\n\n Gratuit pour la presse, les habitants.",
      "libelleEn" : "Full price: 5 €, Reduced price: 2.50 €.\n\n Free entry for press, residents.",
      "libelleEs" : "Tarifa completa: 5 €, Precio reducido: 2,50 €.\n\n Gratuito para La prensa, los habitantes.",
      "libelleIt" : "Tarrifa intera: 5 €, Prezzo ridotto: 2,50 €.\n\n Gratuito per giornalista, gli abitanti.",
      "libelleDe" : "Voller Preis: 5 €, Reduzierter Preis: 2,50 €.\n\n Kostenlos für die Presse, Einwohner.",
      "libelleNl" : "Vol tarief: € 5, Korting: € 2,50.\n\n Gratis voor pers, Inwoners.",
      "libelleRu" : "Полную цену : 5 €, Сниженная цена : 2,50 €.\n\n Бесплатно для пресса, Жители.",
      "libelleZh" : "全额 : 5 €, 减价 : 2.50 €.\n\n 新闻工作者, 居民自由进入.",
      "libellePtBR" : "Tarifa inteira: 5 €, Preço reduzido: 2,50 €.\n\n Gratuito para pressione, Os habitantes.",
      "libelleJa" : "通常料金: 5 €, 割引料金: 2.50 €.\n\n 新聞社, 居住者 は入場無料."
    },
    "tarifsEnClairGenerationMode" : "AUTOMATIQUE",
    "periodes" : [ {
      "identifiant" : 13705027,
      "dateDebut" : "2022-10-29",
      "dateFin" : "2023-02-06",
      "tarifs" : [ {
        "devise" : "EUR",
        "minimum" : 5.00,
        "maximum" : 5.00,
        "type" : {
          "elementReferenceType" : "TarifType",
          "id" : 5239
        }
      }, {
        "devise" : "EUR",
        "minimum" : 2.50,
        "maximum" : 2.50,
        "type" : {
          "elementReferenceType" : "TarifType",
          "id" : 5240
        }
      } ]
    } ],
    "devise" : "EUR",
    "conditions" : {
      "conditionsGratuite" : [ {
        "elementReferenceType" : "ConditionGratuite",
        "id" : 5076
      }, {
        "elementReferenceType" : "ConditionGratuite",
        "id" : 6124
      } ]
    }
  },
  "reservation" : { },
  "contacts" : [ {
    "identifiant" : 19874599,
    "referent" : true,
    "titre" : {
      "libelleFr" : "Musée de Région Auguste Chabaud"
    },
    "fonction" : {
      "elementReferenceType" : "ContactFonction",
      "id" : 459
    },
    "moyensCommunication" : [ {
      "identifiant" : 93477246,
      "type" : {
        "elementReferenceType" : "MoyenCommunicationType",
        "id" : 201
      },
      "coordonnees" : {
        "fr" : "04 90 90 53 02"
      }
    } ]
  } ],
  "illustrations" : [ {
    "identifiant" : 14283238,
    "link" : false,
    "type" : "IMAGE",
    "copyright" : {
      "libelleFr" : "© Musée Chabaud"
    },
    "traductionFichiers" : [ {
      "locale" : "fr",
      "url" : "https://static.apidae-tourisme.com/filestore/objets-touristiques/images/196/224/14606532.jpg",
      "urlListe" : "https://static.apidae-tourisme.com/filestore/objets-touristiques/images/196/224/14606532-liste.jpg",
      "urlFiche" : "https://static.apidae-tourisme.com/filestore/objets-touristiques/images/196/224/14606532-fiche.jpg",
      "urlDiaporama" : "https://static.apidae-tourisme.com/filestore/objets-touristiques/images/196/224/14606532-diaporama.jpg",
      "extension" : "jpg",
      "fileName" : "Graveson Exposition André Marchand",
      "taille" : 2228215,
      "hauteur" : 1772,
      "largeur" : 1255,
      "lastModifiedDate" : "2022-10-03T12:21:46.726+0000"
    } ],
    "locked" : false
  } ],
  "territoires" : [ {
    "type" : "TERRITOIRE",
    "id" : 591381
  }, {
    "type" : "TERRITOIRE",
    "id" : 591419
  }, {
    "type" : "TERRITOIRE",
    "id" : 658199
  }, {
    "type" : "TERRITOIRE",
    "id" : 4819487
  }, {
    "type" : "TERRITOIRE",
    "id" : 5127066
  }, {
    "type" : "TERRITOIRE",
    "id" : 5424410
  }, {
    "type" : "TERRITOIRE",
    "id" : 5447176
  }, {
    "type" : "TERRITOIRE",
    "id" : 5693779
  } ],
  "datesOuverture" : [ "2022-11-09", "2022-11-10", "2022-11-11", "2022-11-12", "2022-11-13", "2022-11-14", "2022-11-15", "2022-11-16", "2022-11-17", "2022-11-18", "2022-11-19", "2022-11-20", "2022-11-21", "2022-11-22", "2022-11-23", "2022-11-24", "2022-11-25", "2022-11-26", "2022-11-27", "2022-11-28", "2022-11-29", "2022-11-30", "2022-12-01", "2022-12-02", "2022-12-03", "2022-12-04", "2022-12-05", "2022-12-06", "2022-12-07", "2022-12-08", "2022-12-09", "2022-12-10", "2022-12-11", "2022-12-12", "2022-12-13", "2022-12-14", "2022-12-15", "2022-12-16", "2022-12-17", "2022-12-18", "2022-12-19", "2022-12-20", "2022-12-21", "2022-12-22", "2022-12-23", "2022-12-24", "2022-12-25", "2022-12-26", "2022-12-27", "2022-12-28", "2022-12-29", "2022-12-30", "2022-12-31", "2023-01-01", "2023-01-02", "2023-01-03", "2023-01-04", "2023-01-05", "2023-01-06", "2023-01-07", "2023-01-08", "2023-01-09", "2023-01-10", "2023-01-11", "2023-01-12", "2023-01-13", "2023-01-14", "2023-01-15", "2023-01-16", "2023-01-17", "2023-01-18", "2023-01-19", "2023-01-20", "2023-01-21", "2023-01-22", "2023-01-23", "2023-01-24", "2023-01-25", "2023-01-26", "2023-01-27", "2023-01-28", "2023-01-29", "2023-01-30", "2023-01-31", "2023-02-01", "2023-02-02", "2023-02-03", "2023-02-04", "2023-02-05" ],
  "informationsFeteEtManifestation" : {
    "typesManifestation" : [ {
      "elementReferenceType" : "FeteEtManifestationType",
      "id" : 1958
    } ],
    "categories" : [ {
      "elementReferenceType" : "FeteEtManifestationCategorie",
      "id" : 2080
    } ],
    "themes" : [ {
      "elementReferenceType" : "FeteEtManifestationTheme",
      "id" : 2232
    } ],
    "portee" : {
      "elementReferenceType" : "FeteEtManifestationPortee",
      "id" : 2352
    },
    "nomLieu" : "Musée de Région Auguste Chabaud"
  },
  "formatVersion" : "v002",
  "expiration" : {
    "dateExpiration" : "2023-02-05T00:00:00.000+0000",
    "expirationAction" : "MASQUER_AUTOMATIQUEMENT"
  },
  "enquete" : { }
}