{
  "type" : "FETE_ET_MANIFESTATION",
  "id" : 5811812,
  "nom" : {
    "libelleFr" : "Decouverte Du Vieux Village",
    "libelleEn" : "Découverte du vieux village",
    "libelleIt" : "Découverte du vieux village",
    "libelleDe" : "Découverte du vieux village",
    "libelleNl" : "Découverte du vieux village"
  },
  "identifier" : "SITRA2_EVE_5811812",
  "state" : "PUBLISHED",
  "gestion" : {
    "dateCreation" : "2021-05-26T08:41:11.855+0000",
    "dateModification" : "2022-10-17T13:40:10.901+0000",
    "dateExportModification" : "2022-10-17T13:49:21.071+0000",
    "membreProprietaire" : {
      "type" : {
        "elementReferenceType" : "MembreSitraType",
        "id" : 233
      },
      "nom" : "VITROLLES TOURISME Point info",
      "dateCreation" : "2020-11-26T13:15:13.649+0000",
      "dateModification" : "2022-10-24T08:49:52.006+0000",
      "id" : 2138,
      "siteWeb" : "http://www.vitrolles13.fr"
    },
    "signalerUnProblemeMails" : [ "pascale.campo@ville-vitrolles13.fr" ]
  },
  "informations" : {
    "moyensCommunication" : [ {
      "identifiant" : 70537243,
      "type" : {
        "elementReferenceType" : "MoyenCommunicationType",
        "id" : 201
      },
      "coordonnees" : {
        "fr" : "04 42 77 90 27"
      },
      "observation" : { }
    }, {
      "identifiant" : 70537245,
      "type" : {
        "elementReferenceType" : "MoyenCommunicationType",
        "id" : 204
      },
      "coordonnees" : {
        "fr" : "tourisme@ville-vitrolles13.fr"
      },
      "observation" : { }
    }, {
      "identifiant" : 77074271,
      "type" : {
        "elementReferenceType" : "MoyenCommunicationType",
        "id" : 205
      },
      "coordonnees" : {
        "fr" : "http://www.vitrolles13.fr"
      },
      "observation" : { }
    } ],
    "informationsLegales" : { },
    "structureGestion" : {
      "type" : "STRUCTURE",
      "id" : 5467200
    },
    "structureInformation" : {
      "type" : "STRUCTURE",
      "id" : 5228490
    }
  },
  "presentation" : {
    "descriptifCourt" : {
      "libelleFr" : "Vitrolles et ses pépites\nLoin du tumulte de la ville, direction « le vieux village », l'une des pépites du patrimoine vitrollais, mise en lumière grâce à un parcours pédagogique, à découvrir en famille.\n\n."
    },
    "descriptifDetaille" : {
      "libelleFr" : "Niché au pied d'un piton rocheux, dit « Le Roucas » visible à des kilomètres à la ronde, ce petit village provençal offre des trésors insoupçonnés.\nEmpruntez le parcours découverte pédestre en 15 panneaux illustrés de photos et d'images d'archives. Y sont présentés les monuments, l’architecture médiévale, ainsi que les personnages qui ont forgé son histoire. Au fil de la visite, on s'étonne de découvrir les nombreuses facettes de ce site pittoresque. Histoire, politique, religions tous les thèmes sont abordés parfois au travers d'anecdotes cocasses. \n\nAvant de suivre l'itinéraire indiqué depuis la mairie du village, il est conseillé de contempler la perspective offerte depuis le bas de l'avenue Camille Pelletan. \n\nL’église Saint-Gérard dédiée au fondateur de l’Ordre de Malte abrite un maître-autel en bois sculpté, qui serait attribué à Pierre Puget et de nombreuses toiles et vitraux du XIXe siècle. \n\nSur la place de la République prenez le temps d'écouter le frémissement de l'eau qui jaillit de la fontaine en pierre de Cassis et marbre de Vitrolles, surmontée d’un buste représentant Marianne, symbole de la république. \n\nPassé la porte Notre-Dame chacun peut alors déambuler à travers les ruelles en longeant les maisons bâties sur les remparts médiévaux. Que représente la statuette en inclusion sur cette façade ? C'est bien la reine Jeanne, reine de Naples, comtesse de Provence et de Forcalquier, une véritable héroïne de tragédie !\n\nVue dégagée imprenable !\nIl faudra être bien chaussé pour gravir ensuite les 96 marches taillées dans la roche qui mènent au sommet du rocher, sur lequel est érigé la Tour sarrasine, classée monument historique et la chapelle Notre-Dame-de-Vie, patronne des aviateurs. \nEn récompense de cet effort : un magnifique panorama sur l’étang de Berre et la Sainte-Victoire.\n\nRêverie sous les cèdres centenaires\nCe parcours découverte du village prend fin au parc Christine Gounelle. Cet écrin de verdure situé au cœur du vieux village est un havre de paix. En seul fond sonore : des chants d'oiseaux et le tintement des cloches de St Gérard. En tendant l'oreille on peut entendre les boules de pétanque qui s'entrechoquent sur la place de l'Aire, lieu de rencontre inter-générationnel. Dans ce parc aménagé en restanques un espace est dédié aux enfants prés d'un jardin à la française qui pousse à la rêverie. On peut aussi y découvrir les vestiges d'une glacière qui jadis permettaient de stocker les pains de glace en provenance de la Ste-Baume. \n\nAinsi prend fin le parcours découverte du village, consultable également via un QR code accessible à l'aide d'un téléphone portable. \nDe même, pour compléter cette visite demandez la carte de la biodiversité pour découvrir à pieds, à cheval ou en VTT les nombreux espaces naturels communaux, ainsi que les guides touristiques « Vitrolles en version originale » (VVO) où chacun pourra jouer au chercheur d'or en partant à la découverte des autres pépites du patrimoine vitrollais.\n\nInfos pratiques \nItinéraire : \nDe Marseille par l'autoroute / sortie \"Vitrolles Roucas\".\nSe garer au village : Place de l'Aire ou sur le parking du cimetière du Val d'Ambla. \nPour une visite de l'église St Gérard et de la chapelle Notre Dame de vie contactez à l'avance le Bureau Municipal du Tourisme. Idem pour connaitre les parcours accessibles aux personnes à mobilité réduite. \n\nContact, renseignements \nBureau Municipal du Tourisme \nTél : 04 42 77 90 27 \nSite officiel : www.ville-vitrolles13.fr"
    }
  },
  "localisation" : {
    "adresse" : {
      "adresse1" : "Mairie du village",
      "adresse2" : "Avenue Camille Pelletan",
      "adresse3" : "Vieux village",
      "codePostal" : "13127",
      "etat" : "France",
      "commune" : {
        "id" : 4528
      }
    },
    "geolocalisation" : {
      "complement" : { },
      "valide" : true,
      "geoJson" : {
        "type" : "Point",
        "coordinates" : [ 5.249513, 43.458479 ]
      }
    },
    "perimetreGeographique" : [ {
      "id" : 4528
    } ],
    "environnements" : [ {
      "elementReferenceType" : "Environnement",
      "id" : 141
    }, {
      "elementReferenceType" : "Environnement",
      "id" : 160
    }, {
      "elementReferenceType" : "Environnement",
      "id" : 176
    }, {
      "elementReferenceType" : "Environnement",
      "id" : 185
    }, {
      "elementReferenceType" : "Environnement",
      "id" : 4071
    } ]
  },
  "liens" : { },
  "prestations" : {
    "animauxAcceptes" : "NON_DISPONIBLE",
    "animauxAcceptesSupplement" : "NON_DISPONIBLE",
    "languesParlees" : [ {
      "elementReferenceType" : "Langue",
      "id" : 1197
    } ],
    "complementAccueil" : {
      "libelleFr" : "Parking auto : Place de l'Aire\r\nBus et auto : Rue de la paix prolongée",
      "libelleEn" : "Accessible for disabled",
      "libelleIt" : "Accessibile ai disabili",
      "libelleDe" : "Zugänglich für Behinderte",
      "libelleNl" : "Toegankelijk voor mensen met een handicap"
    }
  },
  "ouverture" : {
    "periodeEnClair" : {
      "libelleFr" : "Toute l'année. Tous les jours.\nFermé samedi et dimanche.\nOuverture possible le samedi pour les balades.",
      "libelleEn" : "Every day throughout the year.\nClosed Saturday and Sunday.",
      "libelleEs" : "Todo el año. Todos los dias.\nCerrado sábado y domingo.",
      "libelleIt" : "Tutto l'anno. Tutti i giorni.\nChiuso sabato e domenica.",
      "libelleDe" : "Ganzjährig. Täglich.\nSamstag und Sonntag geschlossen.",
      "libelleNl" : "Het hele jaar door.\nZaterdag en zondag gesloten.",
      "libelleRu" : "В течение всего года. Ежедневно.\nНе работает суббота и воскресенье.",
      "libelleZh" : "每天.\n星期六 和 星期日 关闭.",
      "libellePtBR" : "Todo o ano. Todos os dias.\nFechado em sábado e domingo.",
      "libelleJa" : "年間を通して毎日.\n土曜日 と 日曜日 は休み."
    },
    "periodeEnClairGenerationMode" : "AUTOMATIQUE",
    "indicationsPeriode" : [ {
      "elementReferenceType" : "IndicationPeriode",
      "id" : 416
    }, {
      "elementReferenceType" : "IndicationPeriode",
      "id" : 418
    }, {
      "elementReferenceType" : "IndicationPeriode",
      "id" : 435
    }, {
      "elementReferenceType" : "IndicationPeriode",
      "id" : 436
    } ],
    "periodesOuvertures" : [ {
      "identifiant" : 20495586,
      "dateDebut" : "2021-01-01",
      "dateFin" : "2021-12-31",
      "complementHoraire" : {
        "libelleFr" : "ouverture possible le samedi pour les balades"
      },
      "type" : "OUVERTURE_SAUF",
      "tousLesAns" : true,
      "ouverturesJournalieres" : [ {
        "jour" : "SAMEDI"
      }, {
        "jour" : "DIMANCHE"
      } ],
      "identifiantTechnique" : 24515834
    } ],
    "ouvertTouteLAnnee" : "OUVERT_TOUTE_L_ANNEE"
  },
  "descriptionTarif" : {
    "indicationTarif" : "ACCES_LIBRE",
    "gratuit" : true,
    "tarifsEnClair" : {
      "libelleFr" : "Accès libre.",
      "libelleEn" : "Free access.",
      "libelleEs" : "Acceso libre.",
      "libelleIt" : "Accesso libero.",
      "libelleDe" : "Freier Zugang.",
      "libelleNl" : "Gratis toegang.",
      "libelleRu" : "Вход свободный.",
      "libelleZh" : "自由访问.",
      "libellePtBR" : "Acesso livre.",
      "libelleJa" : "フリーアクセス."
    },
    "tarifsEnClairGenerationMode" : "AUTOMATIQUE",
    "devise" : "EUR",
    "conditions" : { }
  },
  "reservation" : { },
  "contacts" : [ {
    "identifiant" : 18916471,
    "referent" : true,
    "civilite" : {
      "elementReferenceType" : "ContactCivilite",
      "id" : 442
    },
    "nom" : "DASILVA",
    "prenom" : "Valérie",
    "fonction" : {
      "elementReferenceType" : "ContactFonction",
      "id" : 4196
    },
    "autresFonctions" : [ {
      "elementReferenceType" : "ContactFonction",
      "id" : 457
    } ]
  } ],
  "illustrations" : [ {
    "identifiant" : 9518162,
    "link" : false,
    "type" : "IMAGE",
    "nom" : {
      "libelleFr" : "Découverte du Vieux Village"
    },
    "legende" : {
      "libelleFr" : "Le Rocher  de Vitrolles, dit \" le Roucas\" vue d'ensemble"
    },
    "copyright" : {
      "libelleFr" : "Ville de Vitrolles"
    },
    "traductionFichiers" : [ {
      "locale" : "fr",
      "url" : "https://static.apidae-tourisme.com/filestore/objets-touristiques/images/47/142/9276975.jpg",
      "urlListe" : "https://static.apidae-tourisme.com/filestore/objets-touristiques/images/47/142/9276975-liste.jpg",
      "urlFiche" : "https://static.apidae-tourisme.com/filestore/objets-touristiques/images/47/142/9276975-fiche.jpg",
      "urlDiaporama" : "https://static.apidae-tourisme.com/filestore/objets-touristiques/images/47/142/9276975-diaporama.jpg",
      "extension" : "jpg",
      "fileName" : "rocher+village (2)",
      "taille" : 3194421,
      "hauteur" : 3168,
      "largeur" : 4752,
      "lastModifiedDate" : "2021-02-10T15:45:35.000+0000"
    } ],
    "locked" : false
  }, {
    "identifiant" : 9518157,
    "link" : false,
    "type" : "IMAGE",
    "nom" : {
      "libelleFr" : "Découverte du Vieux Village"
    },
    "legende" : {
      "libelleFr" : "La chapelle notre Dame de Vie sur le Rocher"
    },
    "copyright" : {
      "libelleFr" : "Ville de Vitrolles"
    },
    "traductionFichiers" : [ {
      "locale" : "fr",
      "url" : "https://static.apidae-tourisme.com/filestore/objets-touristiques/images/37/142/9276965.jpg",
      "urlListe" : "https://static.apidae-tourisme.com/filestore/objets-touristiques/images/37/142/9276965-liste.jpg",
      "urlFiche" : "https://static.apidae-tourisme.com/filestore/objets-touristiques/images/37/142/9276965-fiche.jpg",
      "urlDiaporama" : "https://static.apidae-tourisme.com/filestore/objets-touristiques/images/37/142/9276965-diaporama.jpg",
      "extension" : "jpg",
      "fileName" : "rocher chapelle_DSC_0312",
      "taille" : 8615222,
      "hauteur" : 2848,
      "largeur" : 4288,
      "lastModifiedDate" : "2021-02-10T15:45:26.000+0000"
    } ],
    "locked" : false
  }, {
    "identifiant" : 9518165,
    "link" : false,
    "type" : "IMAGE",
    "nom" : {
      "libelleFr" : "Découverte du Vieux Village"
    },
    "legende" : {
      "libelleFr" : "Petite pause fraicheur dans le vieux village"
    },
    "copyright" : {
      "libelleFr" : "Ville de Vitrolles"
    },
    "traductionFichiers" : [ {
      "locale" : "fr",
      "url" : "https://static.apidae-tourisme.com/filestore/objets-touristiques/images/50/142/9276978.jpg",
      "urlListe" : "https://static.apidae-tourisme.com/filestore/objets-touristiques/images/50/142/9276978-liste.jpg",
      "urlFiche" : "https://static.apidae-tourisme.com/filestore/objets-touristiques/images/50/142/9276978-fiche.jpg",
      "urlDiaporama" : "https://static.apidae-tourisme.com/filestore/objets-touristiques/images/50/142/9276978-diaporama.jpg",
      "extension" : "jpg",
      "fileName" : "cliente pl de la République",
      "taille" : 8189714,
      "hauteur" : 6000,
      "largeur" : 4000,
      "lastModifiedDate" : "2021-02-10T15:45:38.000+0000"
    } ],
    "locked" : false
  }, {
    "identifiant" : 9518170,
    "link" : false,
    "type" : "IMAGE",
    "nom" : {
      "libelleFr" : "Découverte du Vieux Village"
    },
    "legende" : {
      "libelleFr" : "La fontaine de la République - détail"
    },
    "copyright" : {
      "libelleFr" : "Ville de Vitrolles"
    },
    "traductionFichiers" : [ {
      "locale" : "fr",
      "url" : "https://static.apidae-tourisme.com/filestore/objets-touristiques/images/55/142/9276983.jpg",
      "urlListe" : "https://static.apidae-tourisme.com/filestore/objets-touristiques/images/55/142/9276983-liste.jpg",
      "urlFiche" : "https://static.apidae-tourisme.com/filestore/objets-touristiques/images/55/142/9276983-fiche.jpg",
      "urlDiaporama" : "https://static.apidae-tourisme.com/filestore/objets-touristiques/images/55/142/9276983-diaporama.jpg",
      "extension" : "jpg",
      "fileName" : "fontaine gros plan",
      "taille" : 7142819,
      "hauteur" : 4000,
      "largeur" : 6000,
      "lastModifiedDate" : "2021-02-10T15:45:05.000+0000"
    } ],
    "locked" : false
  }, {
    "identifiant" : 9518172,
    "link" : false,
    "type" : "IMAGE",
    "nom" : {
      "libelleFr" : "Découverte du Vieux Village"
    },
    "legende" : {
      "libelleFr" : "Façade au coeur du vieux village"
    },
    "copyright" : {
      "libelleFr" : "Ville de Vitrolles"
    },
    "traductionFichiers" : [ {
      "locale" : "fr",
      "url" : "https://static.apidae-tourisme.com/filestore/objets-touristiques/images/56/142/9276984.jpg",
      "urlListe" : "https://static.apidae-tourisme.com/filestore/objets-touristiques/images/56/142/9276984-liste.jpg",
      "urlFiche" : "https://static.apidae-tourisme.com/filestore/objets-touristiques/images/56/142/9276984-fiche.jpg",
      "urlDiaporama" : "https://static.apidae-tourisme.com/filestore/objets-touristiques/images/56/142/9276984-diaporama.jpg",
      "extension" : "jpg",
      "fileName" : "façade maison village 2",
      "taille" : 5697470,
      "hauteur" : 6000,
      "largeur" : 4000,
      "lastModifiedDate" : "2021-02-10T15:45:11.000+0000"
    } ],
    "locked" : false
  }, {
    "identifiant" : 9518180,
    "link" : false,
    "type" : "IMAGE",
    "nom" : {
      "libelleFr" : "Découverte du Vieux Village"
    },
    "legende" : {
      "libelleFr" : "rue du Vallon des roses, vieux village"
    },
    "copyright" : {
      "libelleFr" : "Ville de Vitrolles"
    },
    "traductionFichiers" : [ {
      "locale" : "fr",
      "url" : "https://static.apidae-tourisme.com/filestore/objets-touristiques/images/68/142/9276996.jpg",
      "urlListe" : "https://static.apidae-tourisme.com/filestore/objets-touristiques/images/68/142/9276996-liste.jpg",
      "urlFiche" : "https://static.apidae-tourisme.com/filestore/objets-touristiques/images/68/142/9276996-fiche.jpg",
      "urlDiaporama" : "https://static.apidae-tourisme.com/filestore/objets-touristiques/images/68/142/9276996-diaporama.jpg",
      "extension" : "jpg",
      "fileName" : "rue Vallon des Roses",
      "taille" : 8176524,
      "hauteur" : 6000,
      "largeur" : 4000,
      "lastModifiedDate" : "2021-02-10T15:45:17.000+0000"
    } ],
    "locked" : false
  }, {
    "identifiant" : 9518186,
    "link" : false,
    "type" : "IMAGE",
    "nom" : {
      "libelleFr" : "Découverte du Vieux Village"
    },
    "legende" : {
      "libelleFr" : "La place de la République"
    },
    "copyright" : {
      "libelleFr" : "Ville de Vitrolles"
    },
    "traductionFichiers" : [ {
      "locale" : "fr",
      "url" : "https://static.apidae-tourisme.com/filestore/objets-touristiques/images/75/142/9277003.jpg",
      "urlListe" : "https://static.apidae-tourisme.com/filestore/objets-touristiques/images/75/142/9277003-liste.jpg",
      "urlFiche" : "https://static.apidae-tourisme.com/filestore/objets-touristiques/images/75/142/9277003-fiche.jpg",
      "urlDiaporama" : "https://static.apidae-tourisme.com/filestore/objets-touristiques/images/75/142/9277003-diaporama.jpg",
      "extension" : "jpg",
      "fileName" : "vue d'ensemble pl de la République",
      "taille" : 8237231,
      "hauteur" : 6000,
      "largeur" : 4000,
      "lastModifiedDate" : "2021-02-10T15:45:21.000+0000"
    } ],
    "locked" : false
  }, {
    "identifiant" : 9518192,
    "link" : false,
    "type" : "IMAGE",
    "nom" : {
      "libelleFr" : "Découverte du Vieux Village"
    },
    "legende" : {
      "libelleFr" : "façade de l'ancien bar- PMU, rue de la Paix, Vieux village"
    },
    "copyright" : {
      "libelleFr" : "Ville de Vitrolles"
    },
    "traductionFichiers" : [ {
      "locale" : "fr",
      "url" : "https://static.apidae-tourisme.com/filestore/objets-touristiques/images/80/142/9277008.jpg",
      "urlListe" : "https://static.apidae-tourisme.com/filestore/objets-touristiques/images/80/142/9277008-liste.jpg",
      "urlFiche" : "https://static.apidae-tourisme.com/filestore/objets-touristiques/images/80/142/9277008-fiche.jpg",
      "urlDiaporama" : "https://static.apidae-tourisme.com/filestore/objets-touristiques/images/80/142/9277008-diaporama.jpg",
      "extension" : "jpg",
      "fileName" : "rue de la Paix",
      "taille" : 6335945,
      "hauteur" : 6000,
      "largeur" : 4000,
      "lastModifiedDate" : "2021-02-10T15:45:31.000+0000"
    } ],
    "locked" : false
  }, {
    "identifiant" : 9518210,
    "link" : false,
    "type" : "IMAGE",
    "nom" : {
      "libelleFr" : "Découverte du Vieux Village"
    },
    "legende" : {
      "libelleFr" : "L'escalier taillé dans la pierre qui mène au rocher"
    },
    "copyright" : {
      "libelleFr" : "Ville de Vitrolles"
    },
    "traductionFichiers" : [ {
      "locale" : "fr",
      "url" : "https://static.apidae-tourisme.com/filestore/objets-touristiques/images/103/142/9277031.jpg",
      "urlListe" : "https://static.apidae-tourisme.com/filestore/objets-touristiques/images/103/142/9277031-liste.jpg",
      "urlFiche" : "https://static.apidae-tourisme.com/filestore/objets-touristiques/images/103/142/9277031-fiche.jpg",
      "urlDiaporama" : "https://static.apidae-tourisme.com/filestore/objets-touristiques/images/103/142/9277031-diaporama.jpg",
      "extension" : "jpg",
      "fileName" : "jeu de piste",
      "taille" : 859983,
      "hauteur" : 1276,
      "largeur" : 900,
      "lastModifiedDate" : "2021-02-10T15:45:15.000+0000"
    } ],
    "locked" : false
  }, {
    "identifiant" : 9518231,
    "link" : false,
    "type" : "IMAGE",
    "nom" : {
      "libelleFr" : "Découverte du Vieux Village"
    },
    "legende" : {
      "libelleFr" : "Au sommet du \"Roucas\""
    },
    "copyright" : {
      "libelleFr" : "Ville de Vitrolles"
    },
    "traductionFichiers" : [ {
      "locale" : "fr",
      "url" : "https://static.apidae-tourisme.com/filestore/objets-touristiques/images/128/142/9277056.jpg",
      "urlListe" : "https://static.apidae-tourisme.com/filestore/objets-touristiques/images/128/142/9277056-liste.jpg",
      "urlFiche" : "https://static.apidae-tourisme.com/filestore/objets-touristiques/images/128/142/9277056-fiche.jpg",
      "urlDiaporama" : "https://static.apidae-tourisme.com/filestore/objets-touristiques/images/128/142/9277056-diaporama.jpg",
      "extension" : "jpg",
      "fileName" : "20170531_102720",
      "taille" : 3741185,
      "hauteur" : 3264,
      "largeur" : 2448,
      "lastModifiedDate" : "2021-02-10T15:45:03.000+0000"
    } ],
    "locked" : false
  }, {
    "identifiant" : 9518232,
    "link" : false,
    "type" : "IMAGE",
    "nom" : {
      "libelleFr" : "Découverte du Vieux Village"
    },
    "legende" : {
      "libelleFr" : "Jardin du Portalet"
    },
    "copyright" : {
      "libelleFr" : "Ville de Vitrolles"
    },
    "traductionFichiers" : [ {
      "locale" : "fr",
      "url" : "https://static.apidae-tourisme.com/filestore/objets-touristiques/images/129/142/9277057.jpg",
      "urlListe" : "https://static.apidae-tourisme.com/filestore/objets-touristiques/images/129/142/9277057-liste.jpg",
      "urlFiche" : "https://static.apidae-tourisme.com/filestore/objets-touristiques/images/129/142/9277057-fiche.jpg",
      "urlDiaporama" : "https://static.apidae-tourisme.com/filestore/objets-touristiques/images/129/142/9277057-diaporama.jpg",
      "extension" : "jpg",
      "fileName" : "DSC_0445",
      "taille" : 7178241,
      "hauteur" : 6000,
      "largeur" : 4000,
      "lastModifiedDate" : "2021-02-10T15:44:59.000+0000"
    } ],
    "locked" : false
  }, {
    "identifiant" : 9518233,
    "link" : false,
    "type" : "IMAGE",
    "nom" : {
      "libelleFr" : "Découverte du Vieux Village"
    },
    "legende" : {
      "libelleFr" : "Le Portalet, les remparts"
    },
    "copyright" : {
      "libelleFr" : "Ville de Vitrolles"
    },
    "traductionFichiers" : [ {
      "locale" : "fr",
      "url" : "https://static.apidae-tourisme.com/filestore/objets-touristiques/images/130/142/9277058.jpg",
      "urlListe" : "https://static.apidae-tourisme.com/filestore/objets-touristiques/images/130/142/9277058-liste.jpg",
      "urlFiche" : "https://static.apidae-tourisme.com/filestore/objets-touristiques/images/130/142/9277058-fiche.jpg",
      "urlDiaporama" : "https://static.apidae-tourisme.com/filestore/objets-touristiques/images/130/142/9277058-diaporama.jpg",
      "extension" : "jpg",
      "fileName" : "20170614_092441",
      "taille" : 4930247,
      "hauteur" : 3264,
      "largeur" : 2182,
      "lastModifiedDate" : "2021-02-10T15:45:09.000+0000"
    } ],
    "locked" : false
  }, {
    "identifiant" : 9518302,
    "link" : false,
    "type" : "IMAGE",
    "nom" : {
      "libelleFr" : "Découverte du Vieux Village"
    },
    "legende" : {
      "libelleFr" : "La rue de l'église -Vieux village de Vitrolles"
    },
    "copyright" : {
      "libelleFr" : "Ville de Vitrolles"
    },
    "traductionFichiers" : [ {
      "locale" : "fr",
      "url" : "https://static.apidae-tourisme.com/filestore/objets-touristiques/images/199/142/9277127.jpg",
      "urlListe" : "https://static.apidae-tourisme.com/filestore/objets-touristiques/images/199/142/9277127-liste.jpg",
      "urlFiche" : "https://static.apidae-tourisme.com/filestore/objets-touristiques/images/199/142/9277127-fiche.jpg",
      "urlDiaporama" : "https://static.apidae-tourisme.com/filestore/objets-touristiques/images/199/142/9277127-diaporama.jpg",
      "extension" : "jpg",
      "fileName" : "IMG_0644",
      "taille" : 1444523,
      "hauteur" : 2592,
      "largeur" : 1936,
      "lastModifiedDate" : "2021-02-10T15:45:14.000+0000"
    } ],
    "locked" : false
  }, {
    "identifiant" : 9518305,
    "link" : false,
    "type" : "IMAGE",
    "nom" : {
      "libelleFr" : "Découverte du Vieux Village"
    },
    "legende" : {
      "libelleFr" : "farniente féline dans le Vieux village"
    },
    "copyright" : {
      "libelleFr" : "Ville de Vitrolles"
    },
    "traductionFichiers" : [ {
      "locale" : "fr",
      "url" : "https://static.apidae-tourisme.com/filestore/objets-touristiques/images/202/142/9277130.jpg",
      "urlListe" : "https://static.apidae-tourisme.com/filestore/objets-touristiques/images/202/142/9277130-liste.jpg",
      "urlFiche" : "https://static.apidae-tourisme.com/filestore/objets-touristiques/images/202/142/9277130-fiche.jpg",
      "urlDiaporama" : "https://static.apidae-tourisme.com/filestore/objets-touristiques/images/202/142/9277130-diaporama.jpg",
      "extension" : "jpg",
      "fileName" : "chat sur les marches",
      "taille" : 563662,
      "hauteur" : 1280,
      "largeur" : 1936,
      "lastModifiedDate" : "2021-02-10T15:45:16.000+0000"
    } ],
    "locked" : false
  }, {
    "identifiant" : 9518314,
    "link" : false,
    "type" : "IMAGE",
    "nom" : {
      "libelleFr" : "Découverte du Vieux Village"
    },
    "legende" : {
      "libelleFr" : "Dans les ruelles du Vieux Village"
    },
    "copyright" : {
      "libelleFr" : "Ville de Vitrolles"
    },
    "traductionFichiers" : [ {
      "locale" : "fr",
      "url" : "https://static.apidae-tourisme.com/filestore/objets-touristiques/images/211/142/9277139.jpg",
      "urlListe" : "https://static.apidae-tourisme.com/filestore/objets-touristiques/images/211/142/9277139-liste.jpg",
      "urlFiche" : "https://static.apidae-tourisme.com/filestore/objets-touristiques/images/211/142/9277139-fiche.jpg",
      "urlDiaporama" : "https://static.apidae-tourisme.com/filestore/objets-touristiques/images/211/142/9277139-diaporama.jpg",
      "extension" : "jpg",
      "fileName" : "IMG_0647",
      "taille" : 1612757,
      "hauteur" : 1936,
      "largeur" : 1936,
      "lastModifiedDate" : "2021-02-10T15:45:24.000+0000"
    } ],
    "locked" : false
  }, {
    "identifiant" : 9518317,
    "link" : false,
    "type" : "IMAGE",
    "nom" : {
      "libelleFr" : "Découverte du Vieux Village"
    },
    "legende" : {
      "libelleFr" : "Vers le thêatre de Verdure Jean Giono"
    },
    "copyright" : {
      "libelleFr" : "Ville de Vitrolles"
    },
    "traductionFichiers" : [ {
      "locale" : "fr",
      "url" : "https://static.apidae-tourisme.com/filestore/objets-touristiques/images/214/142/9277142.jpg",
      "urlListe" : "https://static.apidae-tourisme.com/filestore/objets-touristiques/images/214/142/9277142-liste.jpg",
      "urlFiche" : "https://static.apidae-tourisme.com/filestore/objets-touristiques/images/214/142/9277142-fiche.jpg",
      "urlDiaporama" : "https://static.apidae-tourisme.com/filestore/objets-touristiques/images/214/142/9277142-diaporama.jpg",
      "extension" : "jpg",
      "fileName" : "IMG_0660",
      "taille" : 1793288,
      "hauteur" : 1936,
      "largeur" : 1936,
      "lastModifiedDate" : "2021-02-10T15:45:30.000+0000"
    } ],
    "locked" : false
  } ],
  "territoires" : [ {
    "type" : "TERRITOIRE",
    "id" : 591381
  }, {
    "type" : "TERRITOIRE",
    "id" : 591419
  }, {
    "type" : "TERRITOIRE",
    "id" : 5127066
  }, {
    "type" : "TERRITOIRE",
    "id" : 5427620
  }, {
    "type" : "TERRITOIRE",
    "id" : 5427637
  }, {
    "type" : "TERRITOIRE",
    "id" : 5693758
  }, {
    "type" : "TERRITOIRE",
    "id" : 5693839
  } ],
  "datesOuverture" : [ "2022-10-18", "2022-10-19", "2022-10-20", "2022-10-21", "2022-10-24", "2022-10-25", "2022-10-26", "2022-10-27", "2022-10-28", "2022-10-31", "2022-11-01", "2022-11-02", "2022-11-03", "2022-11-04", "2022-11-07", "2022-11-08", "2022-11-09", "2022-11-10", "2022-11-11", "2022-11-14", "2022-11-15", "2022-11-16", "2022-11-17", "2022-11-18", "2022-11-21", "2022-11-22", "2022-11-23", "2022-11-24", "2022-11-25", "2022-11-28", "2022-11-29", "2022-11-30", "2022-12-01", "2022-12-02", "2022-12-05", "2022-12-06", "2022-12-07", "2022-12-08", "2022-12-09", "2022-12-12", "2022-12-13", "2022-12-14", "2022-12-15", "2022-12-16", "2022-12-19", "2022-12-20", "2022-12-21", "2022-12-22", "2022-12-23", "2022-12-26", "2022-12-27", "2022-12-28", "2022-12-29", "2022-12-30", "2023-01-02", "2023-01-03", "2023-01-04", "2023-01-05", "2023-01-06", "2023-01-09", "2023-01-10", "2023-01-11", "2023-01-12", "2023-01-13", "2023-01-16", "2023-01-17", "2023-01-18", "2023-01-19", "2023-01-20", "2023-01-23", "2023-01-24", "2023-01-25", "2023-01-26", "2023-01-27", "2023-01-30", "2023-01-31", "2023-02-01", "2023-02-02", "2023-02-03", "2023-02-06", "2023-02-07", "2023-02-08", "2023-02-09", "2023-02-10", "2023-02-13", "2023-02-14", "2023-02-15", "2023-02-16", "2023-02-17", "2023-02-20", "2023-02-21", "2023-02-22", "2023-02-23", "2023-02-24", "2023-02-27", "2023-02-28", "2023-03-01", "2023-03-02", "2023-03-03", "2023-03-06", "2023-03-07", "2023-03-08", "2023-03-09", "2023-03-10", "2023-03-13", "2023-03-14", "2023-03-15", "2023-03-16", "2023-03-17", "2023-03-20", "2023-03-21", "2023-03-22", "2023-03-23", "2023-03-24", "2023-03-27", "2023-03-28", "2023-03-29", "2023-03-30", "2023-03-31", "2023-04-03", "2023-04-04", "2023-04-05", "2023-04-06", "2023-04-07", "2023-04-10", "2023-04-11", "2023-04-12", "2023-04-13", "2023-04-14", "2023-04-17", "2023-04-18", "2023-04-19", "2023-04-20", "2023-04-21", "2023-04-24", "2023-04-25", "2023-04-26", "2023-04-27", "2023-04-28", "2023-05-01", "2023-05-02", "2023-05-03", "2023-05-04", "2023-05-05", "2023-05-08", "2023-05-09", "2023-05-10", "2023-05-11", "2023-05-12", "2023-05-15", "2023-05-16", "2023-05-17", "2023-05-18", "2023-05-19", "2023-05-22", "2023-05-23", "2023-05-24", "2023-05-25", "2023-05-26", "2023-05-29", "2023-05-30", "2023-05-31", "2023-06-01", "2023-06-02", "2023-06-05", "2023-06-06", "2023-06-07", "2023-06-08", "2023-06-09", "2023-06-12", "2023-06-13", "2023-06-14", "2023-06-15", "2023-06-16", "2023-06-19", "2023-06-20", "2023-06-21", "2023-06-22", "2023-06-23", "2023-06-26", "2023-06-27", "2023-06-28", "2023-06-29", "2023-06-30", "2023-07-03", "2023-07-04", "2023-07-05", "2023-07-06", "2023-07-07", "2023-07-10", "2023-07-11", "2023-07-12", "2023-07-13", "2023-07-14", "2023-07-17", "2023-07-18", "2023-07-19", "2023-07-20", "2023-07-21", "2023-07-24", "2023-07-25", "2023-07-26", "2023-07-27", "2023-07-28", "2023-07-31", "2023-08-01", "2023-08-02", "2023-08-03", "2023-08-04", "2023-08-07", "2023-08-08", "2023-08-09", "2023-08-10", "2023-08-11", "2023-08-14", "2023-08-15", "2023-08-16", "2023-08-17", "2023-08-18", "2023-08-21", "2023-08-22", "2023-08-23", "2023-08-24", "2023-08-25", "2023-08-28", "2023-08-29", "2023-08-30", "2023-08-31", "2023-09-01", "2023-09-04", "2023-09-05", "2023-09-06", "2023-09-07", "2023-09-08", "2023-09-11", "2023-09-12", "2023-09-13", "2023-09-14", "2023-09-15", "2023-09-18", "2023-09-19", "2023-09-20", "2023-09-21", "2023-09-22", "2023-09-25", "2023-09-26", "2023-09-27", "2023-09-28", "2023-09-29", "2023-10-02", "2023-10-03", "2023-10-04", "2023-10-05", "2023-10-06", "2023-10-09", "2023-10-10", "2023-10-11", "2023-10-12", "2023-10-13", "2023-10-16", "2023-10-17", "2023-10-18", "2023-10-19", "2023-10-20", "2023-10-23", "2023-10-24", "2023-10-25", "2023-10-26", "2023-10-27", "2023-10-30", "2023-10-31", "2023-11-01", "2023-11-02", "2023-11-03", "2023-11-06", "2023-11-07", "2023-11-08", "2023-11-09", "2023-11-10", "2023-11-13", "2023-11-14", "2023-11-15", "2023-11-16", "2023-11-17", "2023-11-20", "2023-11-21", "2023-11-22", "2023-11-23", "2023-11-24", "2023-11-27", "2023-11-28", "2023-11-29", "2023-11-30", "2023-12-01", "2023-12-04", "2023-12-05", "2023-12-06", "2023-12-07", "2023-12-08", "2023-12-11", "2023-12-12", "2023-12-13", "2023-12-14", "2023-12-15", "2023-12-18", "2023-12-19", "2023-12-20", "2023-12-21", "2023-12-22", "2023-12-25", "2023-12-26", "2023-12-27", "2023-12-28", "2023-12-29", "2024-01-01", "2024-01-02", "2024-01-03", "2024-01-04", "2024-01-05", "2024-01-08", "2024-01-09", "2024-01-10", "2024-01-11", "2024-01-12", "2024-01-15", "2024-01-16", "2024-01-17", "2024-01-18", "2024-01-19", "2024-01-22", "2024-01-23", "2024-01-24", "2024-01-25", "2024-01-26", "2024-01-29", "2024-01-30", "2024-01-31", "2024-02-01", "2024-02-02", "2024-02-05", "2024-02-06", "2024-02-07", "2024-02-08", "2024-02-09", "2024-02-12", "2024-02-13", "2024-02-14", "2024-02-15", "2024-02-16", "2024-02-19", "2024-02-20", "2024-02-21", "2024-02-22", "2024-02-23", "2024-02-26", "2024-02-27", "2024-02-28", "2024-02-29", "2024-03-01", "2024-03-04", "2024-03-05", "2024-03-06", "2024-03-07", "2024-03-08", "2024-03-11", "2024-03-12", "2024-03-13", "2024-03-14", "2024-03-15", "2024-03-18", "2024-03-19", "2024-03-20", "2024-03-21", "2024-03-22", "2024-03-25", "2024-03-26", "2024-03-27", "2024-03-28", "2024-03-29", "2024-04-01", "2024-04-02", "2024-04-03", "2024-04-04", "2024-04-05", "2024-04-08", "2024-04-09", "2024-04-10", "2024-04-11", "2024-04-12", "2024-04-15", "2024-04-16", "2024-04-17", "2024-04-18", "2024-04-19", "2024-04-22", "2024-04-23", "2024-04-24", "2024-04-25", "2024-04-26", "2024-04-29", "2024-04-30", "2024-05-01", "2024-05-02", "2024-05-03", "2024-05-06", "2024-05-07", "2024-05-08", "2024-05-09", "2024-05-10", "2024-05-13", "2024-05-14", "2024-05-15", "2024-05-16", "2024-05-17", "2024-05-20", "2024-05-21", "2024-05-22", "2024-05-23", "2024-05-24", "2024-05-27", "2024-05-28", "2024-05-29", "2024-05-30", "2024-05-31", "2024-06-03", "2024-06-04", "2024-06-05", "2024-06-06", "2024-06-07", "2024-06-10", "2024-06-11", "2024-06-12", "2024-06-13", "2024-06-14", "2024-06-17", "2024-06-18", "2024-06-19", "2024-06-20", "2024-06-21", "2024-06-24", "2024-06-25", "2024-06-26", "2024-06-27", "2024-06-28", "2024-07-01", "2024-07-02", "2024-07-03", "2024-07-04", "2024-07-05", "2024-07-08", "2024-07-09", "2024-07-10", "2024-07-11", "2024-07-12", "2024-07-15", "2024-07-16", "2024-07-17", "2024-07-18", "2024-07-19", "2024-07-22", "2024-07-23", "2024-07-24", "2024-07-25", "2024-07-26", "2024-07-29", "2024-07-30", "2024-07-31", "2024-08-01", "2024-08-02", "2024-08-05", "2024-08-06", "2024-08-07", "2024-08-08", "2024-08-09", "2024-08-12", "2024-08-13", "2024-08-14", "2024-08-15", "2024-08-16", "2024-08-19", "2024-08-20", "2024-08-21", "2024-08-22", "2024-08-23", "2024-08-26", "2024-08-27", "2024-08-28", "2024-08-29", "2024-08-30", "2024-09-02", "2024-09-03", "2024-09-04", "2024-09-05", "2024-09-06", "2024-09-09", "2024-09-10", "2024-09-11", "2024-09-12", "2024-09-13", "2024-09-16", "2024-09-17", "2024-09-18", "2024-09-19", "2024-09-20", "2024-09-23", "2024-09-24", "2024-09-25", "2024-09-26", "2024-09-27", "2024-09-30", "2024-10-01", "2024-10-02", "2024-10-03", "2024-10-04", "2024-10-07", "2024-10-08", "2024-10-09", "2024-10-10", "2024-10-11", "2024-10-14", "2024-10-15", "2024-10-16", "2024-10-17" ],
  "informationsFeteEtManifestation" : {
    "typesManifestation" : [ {
      "elementReferenceType" : "FeteEtManifestationType",
      "id" : 1958
    } ],
    "categories" : [ {
      "elementReferenceType" : "FeteEtManifestationCategorie",
      "id" : 2101
    } ],
    "themes" : [ {
      "elementReferenceType" : "FeteEtManifestationTheme",
      "id" : 2206
    } ],
    "portee" : {
      "elementReferenceType" : "FeteEtManifestationPortee",
      "id" : 2351
    }
  },
  "formatVersion" : "v002",
  "expiration" : { },
  "enquete" : { }
}