{
  "type" : "PATRIMOINE_CULTUREL",
  "id" : 6039736,
  "nom" : {
    "libelleFr" : "Cosquer Méditerranée"
  },
  "identifier" : "SITRA2_PCU_6039736",
  "state" : "PUBLISHED",
  "gestion" : {
    "dateCreation" : "2022-02-21T16:14:10.667+0000",
    "dateModification" : "2022-08-23T08:05:36.613+0000",
    "dateExportModification" : "2022-11-07T15:33:23.966+0000",
    "membreProprietaire" : {
      "type" : {
        "elementReferenceType" : "MembreSitraType",
        "id" : 233
      },
      "nom" : "Office Métropolitain de tourisme et des congrès de Marseille",
      "dateCreation" : "2017-02-13T09:29:30.842+0000",
      "dateModification" : "2022-10-24T08:49:48.642+0000",
      "id" : 1490,
      "siteWeb" : "http://www.marseille-tourisme.com"
    },
    "signalerUnProblemeMails" : [ "alegrand@marseille-tourisme.com", "hcochet@marseille-tourisme.com", "jorengo@marseille-tourisme.com", "lchavet@marseille-tourisme.com", "mamadier@marseille-tourisme.com", "sbenimeli@marseille-tourisme.com" ]
  },
  "informations" : {
    "moyensCommunication" : [ {
      "identifiant" : 97023972,
      "type" : {
        "elementReferenceType" : "MoyenCommunicationType",
        "id" : 205
      },
      "coordonnees" : {
        "fr" : "https://www.grotte-cosquer.com/"
      }
    }, {
      "identifiant" : 97023984,
      "type" : {
        "elementReferenceType" : "MoyenCommunicationType",
        "id" : 207
      },
      "coordonnees" : {
        "fr" : "https://www.facebook.com/grottecosquer/"
      }
    }, {
      "identifiant" : 98283897,
      "type" : {
        "elementReferenceType" : "MoyenCommunicationType",
        "id" : 201
      },
      "coordonnees" : {
        "fr" : "04 91 312 312"
      }
    }, {
      "identifiant" : 101599567,
      "type" : {
        "elementReferenceType" : "MoyenCommunicationType",
        "id" : 205
      },
      "coordonnees" : {
        "fr" : "https://billetterie.grotte-cosquer.com/Exhibitions/Overview/?language=fr"
      }
    } ],
    "structureGestion" : {
      "type" : "STRUCTURE",
      "id" : 6039737
    }
  },
  "presentation" : {
    "descriptifCourt" : {
      "libelleFr" : "En juin 2022, Kléber Rossillon a ouvert une restitution de la grotte au sein de la Villa Méditerranée, propriété de la Région Sud, sur l’esplanade du J4 de Marseille, à quelques mètres du Mucem."
    },
    "descriptifDetaille" : {
      "libelleFr" : "Une restitution de la grotte Cosquer, chef d’œuvre de l’art pariétal, visitable dans des modules d’exploration (petits véhicules autonomes)\r\n\r\nUn parcours d’interprétation sur la Préhistoire, le rapport de l’Homme à la mer pendant le Paléolithique et la thématique de la montée des eaux, dont la grotte Cosquer est un témoin unique\r\n\r\nUne scénographie évoquant la plongée\r\n\r\nUn film sur l’histoire de la découverte dans l’amphithéâtre Jean Courtin"
    }
  },
  "localisation" : {
    "adresse" : {
      "adresse1" : "Villa Cosquer Méditerranée",
      "adresse2" : "Promenade Robert Laffont",
      "codePostal" : "13002",
      "etat" : "France",
      "commune" : {
        "id" : 4532
      }
    },
    "geolocalisation" : {
      "valide" : true,
      "geoJson" : {
        "type" : "Point",
        "coordinates" : [ 5.361979, 43.297127 ]
      }
    },
    "perimetreGeographique" : [ {
      "id" : 4532
    } ]
  },
  "liens" : {
    "liensObjetsTouristiquesTypes" : [ {
      "type" : "DEFAUT",
      "libelleFr" : "En lien avec",
      "libelleEn" : "Related to",
      "libelleEs" : "En relación con",
      "libelleIt" : "In collegamento con",
      "libelleDe" : "In Verbindung mit",
      "libelleNl" : "In verband met",
      "libelleRu" : "Применительно к",
      "libelleZh" : "与携手",
      "libellePtBR" : "Em relação com",
      "libelleJa" : "と関連して",
      "objetTouristique" : {
        "type" : "EQUIPEMENT",
        "id" : 5517710
      }
    } ]
  },
  "prestations" : {
    "equipements" : [ {
      "elementReferenceType" : "PrestationEquipement",
      "id" : 624
    }, {
      "elementReferenceType" : "PrestationEquipement",
      "id" : 648
    }, {
      "elementReferenceType" : "PrestationEquipement",
      "id" : 715
    }, {
      "elementReferenceType" : "PrestationEquipement",
      "id" : 741
    }, {
      "elementReferenceType" : "PrestationEquipement",
      "id" : 804
    }, {
      "elementReferenceType" : "PrestationEquipement",
      "id" : 822
    }, {
      "elementReferenceType" : "PrestationEquipement",
      "id" : 1298
    }, {
      "elementReferenceType" : "PrestationEquipement",
      "id" : 6118
    } ],
    "services" : [ {
      "elementReferenceType" : "PrestationService",
      "id" : 766
    }, {
      "elementReferenceType" : "PrestationService",
      "id" : 995
    }, {
      "elementReferenceType" : "PrestationService",
      "id" : 1088
    }, {
      "elementReferenceType" : "PrestationService",
      "id" : 1172
    }, {
      "elementReferenceType" : "PrestationService",
      "id" : 1177
    }, {
      "elementReferenceType" : "PrestationService",
      "id" : 1190
    }, {
      "elementReferenceType" : "PrestationService",
      "id" : 1212
    }, {
      "elementReferenceType" : "PrestationService",
      "id" : 4770
    }, {
      "elementReferenceType" : "PrestationService",
      "id" : 5081
    }, {
      "elementReferenceType" : "PrestationService",
      "id" : 6304
    } ],
    "animauxAcceptes" : "NON_DISPONIBLE",
    "animauxAcceptesSupplement" : "NON_DISPONIBLE",
    "activites" : [ {
      "elementReferenceType" : "PrestationActivite",
      "id" : 582
    }, {
      "elementReferenceType" : "PrestationActivite",
      "id" : 611
    }, {
      "elementReferenceType" : "PrestationActivite",
      "id" : 750
    }, {
      "elementReferenceType" : "PrestationActivite",
      "id" : 6032
    } ],
    "languesParlees" : [ {
      "elementReferenceType" : "Langue",
      "id" : 1192
    }, {
      "elementReferenceType" : "Langue",
      "id" : 1197
    } ],
    "tourismesAdaptes" : [ {
      "elementReferenceType" : "TourismeAdapte",
      "id" : 1191
    }, {
      "elementReferenceType" : "TourismeAdapte",
      "id" : 1196
    }, {
      "elementReferenceType" : "TourismeAdapte",
      "id" : 1199
    }, {
      "elementReferenceType" : "TourismeAdapte",
      "id" : 3652
    }, {
      "elementReferenceType" : "TourismeAdapte",
      "id" : 3653
    }, {
      "elementReferenceType" : "TourismeAdapte",
      "id" : 3657
    }, {
      "elementReferenceType" : "TourismeAdapte",
      "id" : 3676
    }, {
      "elementReferenceType" : "TourismeAdapte",
      "id" : 4218
    }, {
      "elementReferenceType" : "TourismeAdapte",
      "id" : 4219
    } ],
    "descriptifHandicapMoteur" : {
      "libelleFr" : "Fauteuils roulants mis à disposition sur demande à l’accueil, sous réserve de disponibilité.\r\nAmphithéâtre: 9 places réservées aux personnes à mobilité réduite et aux accompagnants.\r\nSanitaires adaptés et accessibles par ascenseur sont présents au R-1.\r\nTous les étages sont accessibles par ascenseur.\r\nLa visite de la grotte s’effectue en wagonnet\r\n2 wagonnets adaptés pour les personnes capables de transfert en autonomie, avec accoudoirs escamotables \r\n1 cabine spécifique à l'entrée permet de réaliser une visite virtuelle"
    },
    "descriptifHandicapAuditif" : {
      "libelleFr" : "La salle des Pas Perdus et les salles pédagogiques ont fait l’objet d’aménagements acoustiques.\r\nLivrets de visite embarqués à disposition en contrepartie d’une pièce d’identité en cours de validité.\r\nDans les espaces muséographiques le son des dispositifs audiovisuels est compensé par le livret de visite et par du sous-titrage."
    },
    "descriptifHandicapVisuel" : {
      "libelleFr" : "Il est recommandé de venir accompagné: les chiens-guides sont autorisés sur l’intégralité du site.\r\nAudioguide en audiodescription fourni \r\nLivrets visuels et tactiles mis à disposition en contrepartie d’une pièce d’identité en cours de validité.\r\nTextes des supports visuels en gros caractères contrastés (espaces muséographiques)"
    },
    "descriptifHandicapMental" : {
      "libelleFr" : "La grotte est sombre et la lumière viendra automatiquement mettre en évidence les œuvres d’art tout au long de la visite.\r\nLivrets de visite FALC (facile à lire et à comprendre) à disposition\r\nTous les dispositifs scénographiques et de médiation sont illustrés, synthétiques et accessibles\r\nNos équipes sont habituées à travailler avec des personnes en situation de handicap mental ou psychique.\r\nLes ateliers peuvent être aménagés sur demande."
    },
    "typesClientele" : [ {
      "elementReferenceType" : "TypeClientele",
      "id" : 496
    }, {
      "elementReferenceType" : "TypeClientele",
      "id" : 513
    }, {
      "elementReferenceType" : "TypeClientele",
      "id" : 593
    }, {
      "elementReferenceType" : "TypeClientele",
      "id" : 594
    } ]
  },
  "ouverture" : {
    "periodeEnClair" : {
      "libelleFr" : "Du 04/06/2022 au 30/06/2023, tous les jours.\nDu 4 juin au 25 septembre  : 9h-21h\r\nDu 26 septembre  au 11 novembre  : 9h30-19h30\r\nDu 12 novembre  au 31 mars 2023 : 10h-18h30\r\nDu 1er avril 2023 au 30 juin 2023 : 9h30-19h30.",
      "libelleEn" : "From 04/06/2022 to 30/06/2023, daily.",
      "libelleEs" : "Del 04/06/2022 al 30/06/2023, todos los dias.",
      "libelleIt" : "Dal 04/06/2022 al 30/06/2023, ogni giorno.",
      "libelleDe" : "Vom 04/06/2022 bis 30/06/2023, täglich.",
      "libelleNl" : "Van 04/06/2022 tot en met 30/06/2023, iedere dag.",
      "libelleRu" : "С 04/06/2022 до 30/06/2023, ежедневно.",
      "libelleZh" : "从 2022年6月4日 到 2023年6月30日, 日常.",
      "libellePtBR" : "De 04/06/2022 a 30/06/2023, todos os dias.",
      "libelleJa" : "04/06/2022 から 30/06/2023 まで, 毎日."
    },
    "periodeEnClairGenerationMode" : "AUTOMATIQUE",
    "indicationsPeriode" : [ {
      "elementReferenceType" : "IndicationPeriode",
      "id" : 416
    }, {
      "elementReferenceType" : "IndicationPeriode",
      "id" : 418
    }, {
      "elementReferenceType" : "IndicationPeriode",
      "id" : 435
    }, {
      "elementReferenceType" : "IndicationPeriode",
      "id" : 436
    } ],
    "periodesOuvertures" : [ {
      "identifiant" : 22748077,
      "dateDebut" : "2022-06-04",
      "dateFin" : "2023-06-30",
      "complementHoraire" : {
        "libelleFr" : "Du 4 juin au 25 septembre  : 9h-21h\r\nDu 26 septembre  au 11 novembre  : 9h30-19h30\r\nDu 12 novembre  au 31 mars 2023 : 10h-18h30\r\nDu 1er avril 2023 au 30 juin 2023 : 9h30-19h30"
      },
      "type" : "OUVERTURE_TOUS_LES_JOURS",
      "tousLesAns" : false,
      "identifiantTechnique" : 24139115
    } ]
  },
  "descriptionTarif" : {
    "indicationTarif" : "PAYANT",
    "gratuit" : false,
    "tarifsEnClair" : {
      "libelleFr" : "Plein tarif : 16 € (Tarif adulte à partir de 18 ans)\nEnfant : de 5 à 10 € (De 6 à 9 ans 5€\r\nDe 10 à 17 ans 10€).\n\n Gratuit pour les moins de 6 ans.",
      "libelleEn" : "Full price: 16 €\nChild: 5 to 10 €.\n\n Free entry for children < 6 years.",
      "libelleEs" : "Tarifa completa: 16 €\nNiño: de 5 a 10 €.\n\n Gratuito para los niños menores de 6 años.",
      "libelleIt" : "Tarrifa intera: 16 €\nBambino: da 5 a 10 €.\n\n Gratuito per i bambini di età inferiore a 6 anni.",
      "libelleDe" : "Voller Preis: 16 €\nKinder: von 5 bis 10 €.\n\n Kostenlos für Kinder unter 6 Jahren.",
      "libelleNl" : "Vol tarief: € 16\nKind: € 5 tot en met € 10.\n\n Gratis voor kinderen onder de 6 jaar.",
      "libelleRu" : "Полную цену : 16 €\nРебенок : с 5 до  10 €.\n\n Бесплатно для лицам младше 6 лет.",
      "libelleZh" : "全额 : 16 €\n儿童 : 从 5 到  10 €.\n\n 儿童 < 6 岁自由进入.",
      "libellePtBR" : "Tarifa inteira: 16 €\nCriança: de 5 a 10 €.\n\n Gratuito para menores de 6 anos.",
      "libelleJa" : "通常料金: 16 €\n子供: 5 から 10 €.\n\n 子供 < 6 歳 は入場無料."
    },
    "tarifsEnClairGenerationMode" : "AUTOMATIQUE",
    "periodes" : [ {
      "identifiant" : 13260848,
      "dateDebut" : "2022-06-04",
      "dateFin" : "2023-06-30",
      "tarifs" : [ {
        "devise" : "EUR",
        "minimum" : 16.00,
        "maximum" : 16.00,
        "precisionTarif" : {
          "libelleFr" : "Tarif adulte à partir de 18 ans"
        },
        "type" : {
          "elementReferenceType" : "TarifType",
          "id" : 5250
        }
      }, {
        "devise" : "EUR",
        "minimum" : 5.00,
        "maximum" : 10.00,
        "precisionTarif" : {
          "libelleFr" : "De 6 à 9 ans 5€\r\nDe 10 à 17 ans 10€"
        },
        "type" : {
          "elementReferenceType" : "TarifType",
          "id" : 1751
        }
      } ]
    } ],
    "modesPaiement" : [ {
      "elementReferenceType" : "ModePaiement",
      "id" : 1268
    }, {
      "elementReferenceType" : "ModePaiement",
      "id" : 1277
    }, {
      "elementReferenceType" : "ModePaiement",
      "id" : 5558
    } ],
    "devise" : "EUR",
    "conditions" : {
      "gratuitPourLesMoinsDe" : 6
    }
  },
  "reservation" : {
    "organismes" : [ {
      "identifiant" : 6667101,
      "nom" : "Billetterie en ligne",
      "type" : {
        "elementReferenceType" : "ReservationType",
        "id" : 475
      },
      "moyensCommunication" : [ {
        "identifiant" : 101599587,
        "type" : {
          "elementReferenceType" : "MoyenCommunicationType",
          "id" : 205
        },
        "coordonnees" : {
          "fr" : "https://billetterie.grotte-cosquer.com/Exhibitions/Overview/?language=fr"
        }
      } ],
      "locked" : false
    } ]
  },
  "contacts" : [ {
    "identifiant" : 20362497,
    "referent" : true,
    "civilite" : {
      "elementReferenceType" : "ContactCivilite",
      "id" : 443
    },
    "nom" : "PRADES",
    "prenom" : "Frédéric",
    "fonction" : {
      "elementReferenceType" : "ContactFonction",
      "id" : 458
    },
    "moyensCommunication" : [ {
      "identifiant" : 97024069,
      "type" : {
        "elementReferenceType" : "MoyenCommunicationType",
        "id" : 201
      },
      "coordonnees" : {
        "fr" : "07 77 51 33 83"
      }
    }, {
      "identifiant" : 97024094,
      "type" : {
        "elementReferenceType" : "MoyenCommunicationType",
        "id" : 204
      },
      "coordonnees" : {
        "fr" : "frederic.prades@grotte-cosquer.com"
      }
    } ]
  }, {
    "identifiant" : 20362523,
    "referent" : false,
    "civilite" : {
      "elementReferenceType" : "ContactCivilite",
      "id" : 442
    },
    "nom" : "SPAGNOLO",
    "prenom" : "Sophie",
    "fonction" : {
      "elementReferenceType" : "ContactFonction",
      "id" : 467
    },
    "moyensCommunication" : [ {
      "identifiant" : 97024220,
      "type" : {
        "elementReferenceType" : "MoyenCommunicationType",
        "id" : 201
      },
      "coordonnees" : {
        "fr" : "07 56 37 48 24"
      }
    }, {
      "identifiant" : 97024233,
      "type" : {
        "elementReferenceType" : "MoyenCommunicationType",
        "id" : 204
      },
      "coordonnees" : {
        "fr" : "sophie.spagnolo@kleber-rossillon.com"
      }
    } ]
  }, {
    "identifiant" : 20787744,
    "referent" : false,
    "civilite" : {
      "elementReferenceType" : "ContactCivilite",
      "id" : 444
    },
    "nom" : "ACCESSIBILITE",
    "prenom" : "Renseignement",
    "titre" : { },
    "fonction" : {
      "elementReferenceType" : "ContactFonction",
      "id" : 459
    },
    "moyensCommunication" : [ {
      "identifiant" : 99577534,
      "type" : {
        "elementReferenceType" : "MoyenCommunicationType",
        "id" : 204
      },
      "coordonnees" : {
        "fr" : "accessibilite@grotte-cosquer.com"
      }
    }, {
      "identifiant" : 99577557,
      "type" : {
        "elementReferenceType" : "MoyenCommunicationType",
        "id" : 201
      },
      "coordonnees" : {
        "fr" : "04 91 312 312"
      }
    } ]
  }, {
    "identifiant" : 20823005,
    "referent" : false,
    "civilite" : {
      "elementReferenceType" : "ContactCivilite",
      "id" : 443
    },
    "nom" : "COL",
    "prenom" : "Rémi",
    "titre" : {
      "libelleFr" : "Service groupes"
    },
    "moyensCommunication" : [ {
      "identifiant" : 99795203,
      "type" : {
        "elementReferenceType" : "MoyenCommunicationType",
        "id" : 204
      },
      "coordonnees" : {
        "fr" : "remi.col@grotte-cosquer.com"
      }
    } ]
  }, {
    "identifiant" : 20362503,
    "referent" : false,
    "civilite" : {
      "elementReferenceType" : "ContactCivilite",
      "id" : 443
    },
    "nom" : "DEPITOUT",
    "prenom" : "Sylvain",
    "titre" : {
      "libelleFr" : "Responsable commercial"
    },
    "fonction" : {
      "elementReferenceType" : "ContactFonction",
      "id" : 463
    },
    "moyensCommunication" : [ {
      "identifiant" : 97024154,
      "type" : {
        "elementReferenceType" : "MoyenCommunicationType",
        "id" : 201
      },
      "coordonnees" : {
        "fr" : "07 55 58 91 05"
      }
    }, {
      "identifiant" : 97916689,
      "type" : {
        "elementReferenceType" : "MoyenCommunicationType",
        "id" : 204
      },
      "coordonnees" : {
        "fr" : "sylvain.depitout@grotte-cosquer.com"
      }
    } ]
  } ],
  "illustrations" : [ {
    "identifiant" : 12792804,
    "link" : false,
    "type" : "IMAGE",
    "nom" : {
      "libelleFr" : "Exposition Cosquer Méditerranée"
    },
    "legende" : {
      "libelleFr" : "Exposition Cosquer Méditerranée"
    },
    "copyright" : {
      "libelleFr" : "Kleber Rossillon Marseille"
    },
    "traductionFichiers" : [ {
      "locale" : "fr",
      "url" : "https://static.apidae-tourisme.com/filestore/objets-touristiques/images/245/29/12983797.jpg",
      "urlListe" : "https://static.apidae-tourisme.com/filestore/objets-touristiques/images/245/29/12983797-liste.jpg",
      "urlFiche" : "https://static.apidae-tourisme.com/filestore/objets-touristiques/images/245/29/12983797-fiche.jpg",
      "urlDiaporama" : "https://static.apidae-tourisme.com/filestore/objets-touristiques/images/245/29/12983797-diaporama.jpg",
      "extension" : "jpg",
      "fileName" : "Kleber",
      "taille" : 114782,
      "hauteur" : 688,
      "largeur" : 1244,
      "lastModifiedDate" : "2022-04-05T11:27:02.114+0000"
    } ],
    "locked" : false
  }, {
    "identifiant" : 12521093,
    "link" : false,
    "type" : "IMAGE",
    "nom" : {
      "libelleFr" : "Expo musée grotte Cosquer Marseille"
    },
    "legende" : {
      "libelleFr" : "Détail restitution grotte Cosquer"
    },
    "copyright" : {
      "libelleFr" : "Kléber-Rossillon"
    },
    "traductionFichiers" : [ {
      "locale" : "fr",
      "url" : "https://static.apidae-tourisme.com/filestore/objets-touristiques/images/161/197/12699041.jpg",
      "urlListe" : "https://static.apidae-tourisme.com/filestore/objets-touristiques/images/161/197/12699041-liste.jpg",
      "urlFiche" : "https://static.apidae-tourisme.com/filestore/objets-touristiques/images/161/197/12699041-fiche.jpg",
      "urlDiaporama" : "https://static.apidae-tourisme.com/filestore/objets-touristiques/images/161/197/12699041-diaporama.jpg",
      "extension" : "jpg",
      "fileName" : "Cosquer1",
      "taille" : 58770,
      "hauteur" : 561,
      "largeur" : 599,
      "lastModifiedDate" : "2022-02-21T16:32:30.949+0000"
    } ],
    "locked" : false
  }, {
    "identifiant" : 12521094,
    "link" : false,
    "type" : "IMAGE",
    "nom" : {
      "libelleFr" : "Expo musée grotte Cosquer Marseille"
    },
    "legende" : {
      "libelleFr" : "Extérieur"
    },
    "copyright" : {
      "libelleFr" : "Kléber-Rossillon"
    },
    "traductionFichiers" : [ {
      "locale" : "fr",
      "url" : "https://static.apidae-tourisme.com/filestore/objets-touristiques/images/162/197/12699042.jpg",
      "urlListe" : "https://static.apidae-tourisme.com/filestore/objets-touristiques/images/162/197/12699042-liste.jpg",
      "urlFiche" : "https://static.apidae-tourisme.com/filestore/objets-touristiques/images/162/197/12699042-fiche.jpg",
      "urlDiaporama" : "https://static.apidae-tourisme.com/filestore/objets-touristiques/images/162/197/12699042-diaporama.jpg",
      "extension" : "jpg",
      "fileName" : "Cosquer2",
      "taille" : 125179,
      "hauteur" : 604,
      "largeur" : 905,
      "lastModifiedDate" : "2022-02-21T16:32:30.540+0000"
    } ],
    "locked" : false
  } ],
  "visites" : {
    "languesVisite" : [ {
      "elementReferenceType" : "Langue",
      "id" : 1192
    }, {
      "elementReferenceType" : "Langue",
      "id" : 1197
    } ],
    "visitable" : false,
    "prestationsVisitesIndividuelles" : [ {
      "elementReferenceType" : "PrestationVisiteIndividuelle",
      "id" : 480
    }, {
      "elementReferenceType" : "PrestationVisiteIndividuelle",
      "id" : 483
    } ],
    "prestationsVisitesGroupees" : [ {
      "elementReferenceType" : "PrestationVisiteGroupee",
      "id" : 489
    }, {
      "elementReferenceType" : "PrestationVisiteGroupee",
      "id" : 491
    } ]
  },
  "territoires" : [ {
    "type" : "TERRITOIRE",
    "id" : 591381
  }, {
    "type" : "TERRITOIRE",
    "id" : 591419
  }, {
    "type" : "TERRITOIRE",
    "id" : 5127066
  }, {
    "type" : "TERRITOIRE",
    "id" : 5427637
  }, {
    "type" : "TERRITOIRE",
    "id" : 5460436
  }, {
    "type" : "TERRITOIRE",
    "id" : 5693878
  }, {
    "type" : "TERRITOIRE",
    "id" : 5693903
  }, {
    "type" : "TERRITOIRE",
    "id" : 6008197
  } ],
  "datesOuverture" : [ "2022-11-08", "2022-11-09", "2022-11-10", "2022-11-11", "2022-11-12", "2022-11-13", "2022-11-14", "2022-11-15", "2022-11-16", "2022-11-17", "2022-11-18", "2022-11-19", "2022-11-20", "2022-11-21", "2022-11-22", "2022-11-23", "2022-11-24", "2022-11-25", "2022-11-26", "2022-11-27", "2022-11-28", "2022-11-29", "2022-11-30", "2022-12-01", "2022-12-02", "2022-12-03", "2022-12-04", "2022-12-05", "2022-12-06", "2022-12-07", "2022-12-08", "2022-12-09", "2022-12-10", "2022-12-11", "2022-12-12", "2022-12-13", "2022-12-14", "2022-12-15", "2022-12-16", "2022-12-17", "2022-12-18", "2022-12-19", "2022-12-20", "2022-12-21", "2022-12-22", "2022-12-23", "2022-12-24", "2022-12-25", "2022-12-26", "2022-12-27", "2022-12-28", "2022-12-29", "2022-12-30", "2022-12-31", "2023-01-01", "2023-01-02", "2023-01-03", "2023-01-04", "2023-01-05", "2023-01-06", "2023-01-07", "2023-01-08", "2023-01-09", "2023-01-10", "2023-01-11", "2023-01-12", "2023-01-13", "2023-01-14", "2023-01-15", "2023-01-16", "2023-01-17", "2023-01-18", "2023-01-19", "2023-01-20", "2023-01-21", "2023-01-22", "2023-01-23", "2023-01-24", "2023-01-25", "2023-01-26", "2023-01-27", "2023-01-28", "2023-01-29", "2023-01-30", "2023-01-31", "2023-02-01", "2023-02-02", "2023-02-03", "2023-02-04", "2023-02-05", "2023-02-06", "2023-02-07", "2023-02-08", "2023-02-09", "2023-02-10", "2023-02-11", "2023-02-12", "2023-02-13", "2023-02-14", "2023-02-15", "2023-02-16", "2023-02-17", "2023-02-18", "2023-02-19", "2023-02-20", "2023-02-21", "2023-02-22", "2023-02-23", "2023-02-24", "2023-02-25", "2023-02-26", "2023-02-27", "2023-02-28", "2023-03-01", "2023-03-02", "2023-03-03", "2023-03-04", "2023-03-05", "2023-03-06", "2023-03-07", "2023-03-08", "2023-03-09", "2023-03-10", "2023-03-11", "2023-03-12", "2023-03-13", "2023-03-14", "2023-03-15", "2023-03-16", "2023-03-17", "2023-03-18", "2023-03-19", "2023-03-20", "2023-03-21", "2023-03-22", "2023-03-23", "2023-03-24", "2023-03-25", "2023-03-26", "2023-03-27", "2023-03-28", "2023-03-29", "2023-03-30", "2023-03-31", "2023-04-01", "2023-04-02", "2023-04-03", "2023-04-04", "2023-04-05", "2023-04-06", "2023-04-07", "2023-04-08", "2023-04-09", "2023-04-10", "2023-04-11", "2023-04-12", "2023-04-13", "2023-04-14", "2023-04-15", "2023-04-16", "2023-04-17", "2023-04-18", "2023-04-19", "2023-04-20", "2023-04-21", "2023-04-22", "2023-04-23", "2023-04-24", "2023-04-25", "2023-04-26", "2023-04-27", "2023-04-28", "2023-04-29", "2023-04-30", "2023-05-01", "2023-05-02", "2023-05-03", "2023-05-04", "2023-05-05", "2023-05-06", "2023-05-07", "2023-05-08", "2023-05-09", "2023-05-10", "2023-05-11", "2023-05-12", "2023-05-13", "2023-05-14", "2023-05-15", "2023-05-16", "2023-05-17", "2023-05-18", "2023-05-19", "2023-05-20", "2023-05-21", "2023-05-22", "2023-05-23", "2023-05-24", "2023-05-25", "2023-05-26", "2023-05-27", "2023-05-28", "2023-05-29", "2023-05-30", "2023-05-31", "2023-06-01", "2023-06-02", "2023-06-03", "2023-06-04", "2023-06-05", "2023-06-06", "2023-06-07", "2023-06-08", "2023-06-09", "2023-06-10", "2023-06-11", "2023-06-12", "2023-06-13", "2023-06-14", "2023-06-15", "2023-06-16", "2023-06-17", "2023-06-18", "2023-06-19", "2023-06-20", "2023-06-21", "2023-06-22", "2023-06-23", "2023-06-24", "2023-06-25", "2023-06-26", "2023-06-27", "2023-06-28", "2023-06-29", "2023-06-30" ],
  "informationsPatrimoineCulturel" : {
    "patrimoineCulturelType" : {
      "elementReferenceType" : "PatrimoineCulturelType",
      "id" : 3201
    },
    "themes" : [ {
      "elementReferenceType" : "PatrimoineCulturelTheme",
      "id" : 3398
    }, {
      "elementReferenceType" : "PatrimoineCulturelTheme",
      "id" : 3424
    } ]
  },
  "formatVersion" : "v002",
  "expiration" : {
    "dateExpiration" : "2023-06-30T00:00:00.000+0000"
  },
  "informationsPrestataireActivites" : {
    "prestataireActivites" : false
  },
  "enquete" : { }
}