{
  "type" : "FETE_ET_MANIFESTATION",
  "id" : 5591854,
  "nom" : {
    "libelleFr" : "Visite libre de la Chapelle Saint-Sulpice",
    "libelleEn" : "Free visit of the Chapelle Saint-Sulpice",
    "libelleEs" : "Visite libre de la Chapelle Saint-Sulpice",
    "libelleIt" : "Visite libre de la Chapelle Saint-Sulpice",
    "libelleDe" : "Visite libre de la Chapelle Saint-Sulpice",
    "libelleNl" : "Visite libre de la Chapelle Saint-Sulpice"
  },
  "identifier" : "SITRA2_EVE_5591854",
  "state" : "PUBLISHED",
  "gestion" : {
    "dateCreation" : "2020-07-03T10:05:13.353+0000",
    "dateModification" : "2022-03-29T09:22:37.100+0000",
    "dateExportModification" : "2022-08-23T14:27:25.458+0000",
    "membreProprietaire" : {
      "type" : {
        "elementReferenceType" : "MembreSitraType",
        "id" : 233
      },
      "nom" : "Office de Tourisme d'Istres",
      "dateCreation" : "2020-02-18T15:09:26.099+0000",
      "dateModification" : "2022-10-24T08:49:35.836+0000",
      "id" : 1991,
      "siteWeb" : "http://www.istres-tourisme.com"
    },
    "signalerUnProblemeMails" : [ "bmeurin@istres.fr" ]
  },
  "informations" : {
    "moyensCommunication" : [ {
      "identifiant" : 70537444,
      "type" : {
        "elementReferenceType" : "MoyenCommunicationType",
        "id" : 201
      },
      "coordonnees" : {
        "fr" : "04 42 81 76 00"
      }
    }, {
      "identifiant" : 70537446,
      "type" : {
        "elementReferenceType" : "MoyenCommunicationType",
        "id" : 204
      },
      "coordonnees" : {
        "fr" : "tourisme@istres.fr"
      }
    }, {
      "identifiant" : 70537447,
      "type" : {
        "elementReferenceType" : "MoyenCommunicationType",
        "id" : 205
      },
      "coordonnees" : {
        "fr" : "http://www.istres-tourisme.com"
      }
    } ],
    "informationsLegales" : { },
    "structureGestion" : {
      "type" : "STRUCTURE",
      "id" : 5224655
    },
    "structureInformation" : {
      "type" : "STRUCTURE",
      "id" : 5228515
    }
  },
  "presentation" : {
    "descriptifCourt" : {
      "libelleFr" : "La chapelle Saint-Sulpice se visite gratuitement. Elle est inscrite à l'inventaire des Monuments Historiques. Elle accueille toute l'année des expositions de peintures et de sculptures."
    },
    "descriptifDetaille" : {
      "libelleFr" : "Fondée avant le IX ème siècle, elle servait uniquement à l'office religieux précédant l'inhumation des morts dans le cimetière voisin. Véritable joyau de l'art roman, elle présente une unité de style exemplaire : une voûte en berceau brisé couvrant la nef, une voûte d'arête avec une magnifique clef et une voûte en cul de four. Elle est dotée d'une lanterne des morts.",
      "libelleEn" : "Founded before the 9th century, it was only the religious office prior to the burial of the dead in the nearby cemetery. Jewel of Romanesque art, it presents an exemplary style unit: a barrel-vaulted broken covering the nave, a cross-vault with a beautiful key Vault oven ass. It is equipped with a lantern of the dead. It is included in the inventory of Historic Monuments. It hosts year-round exhibitions of paintings and sculptures.Free visit (afternoon only)",
      "libelleEs" : "Fundando antes del IX ème el siglo, únicamente servía para el oficio religioso que precedía la inhumación de los muertos en el cementerio vecino. Joya verdadera del arte románico, presenta una unidad de estilo ejemplar: una bóveda de cañón quebrantado cubriendo la nave, una bóveda por aristas con una llave magnífica y una bóveda en culo de horno. Es dotada de un farol de los muertos. Es inscrita en el inventario de los Monumentos Históricos. Acoge cada año de las exposiciones de pinturas y de esculturas.\r\nVisita gratuita (únicamente la tarde)"
    },
    "descriptifsThematises" : [ {
      "dateDisponibilite" : null,
      "dateLimiteDePublication" : null,
      "theme" : {
        "elementReferenceType" : "DescriptifTheme",
        "id" : 6143
      },
      "description" : {
        "libelleFr" : "Nombre de personnes autorisées à l’intérieur du bâtiment est réduit au strict minimum jusqu’au 1 juin inclus.\r\nA compter du 2 juin, 10 personnes sont autorisées simultanément dans le bâtiment avec port du masque obligatoire à l'intérieur de la chapelle et de respect de la distanciation sociale."
      }
    } ]
  },
  "localisation" : {
    "adresse" : {
      "nomDuLieu" : "Chapelle Saint-Sulpice",
      "adresse1" : "Chemin De Tivoli",
      "codePostal" : "13800",
      "bureauDistribution" : "ISTRES",
      "commune" : {
        "id" : 4458
      }
    },
    "geolocalisation" : {
      "complement" : {
        "libelleFr" : "SNCF : Gare ferroviaire à 1km\r\nMARSEILLE : Gare maritime à 50km\r\nMarignane : Aéroport/Aérodrome à 40km"
      },
      "valide" : true,
      "geoJson" : {
        "type" : "Point",
        "coordinates" : [ 4.986466, 43.516841 ]
      }
    },
    "perimetreGeographique" : [ {
      "id" : 4458
    } ],
    "lieu" : {
      "id" : 15435
    },
    "lieuObjetTouristique" : {
      "type" : "PATRIMOINE_CULTUREL",
      "id" : 5539549
    }
  },
  "liens" : {
    "liensObjetsTouristiquesTypes" : [ {
      "type" : "VISITE_ORGANISATEUR",
      "libelleFr" : "Est une visite guidée de ...",
      "libelleEn" : "Is a guided tour proposed by...",
      "libelleEs" : "Es una visita guiada de...",
      "libelleIt" : "È una visita guidata di...",
      "libelleDe" : "Ist eine Führung von ...",
      "libelleNl" : "Is een rondleiding door ...",
      "libelleRu" : "Является экскурсией",
      "libelleZh" : "是的导览参观",
      "libellePtBR" : "É uma visita guiada de...",
      "libelleJa" : "はガイド付きツアー",
      "objetTouristique" : {
        "type" : "PATRIMOINE_CULTUREL",
        "id" : 5539549
      }
    } ]
  },
  "prestations" : {
    "animauxAcceptes" : "NON_ACCEPTES",
    "animauxAcceptesSupplement" : "NON_DISPONIBLE",
    "tourismesAdaptes" : [ {
      "elementReferenceType" : "TourismeAdapte",
      "id" : 3651
    } ]
  },
  "ouverture" : {
    "periodeEnClair" : {
      "libelleFr" : "Toute l'année, tous les jours.",
      "libelleEn" : "All year round, daily.",
      "libelleEs" : "Todo el año, todos los dias.",
      "libelleIt" : "Tutto l'anno, ogni giorno.",
      "libelleDe" : "Ganzjährig, täglich.",
      "libelleNl" : "Het hele jaar, iedere dag.",
      "libelleRu" : "В течение всего года, ежедневно.",
      "libelleZh" : "全年, 日常.",
      "libellePtBR" : "Todo o ano, todos os dias.",
      "libelleJa" : "オールシーズン, 毎日."
    },
    "periodeEnClairGenerationMode" : "AUTOMATIQUE",
    "indicationsPeriode" : [ {
      "elementReferenceType" : "IndicationPeriode",
      "id" : 436
    }, {
      "elementReferenceType" : "IndicationPeriode",
      "id" : 418
    }, {
      "elementReferenceType" : "IndicationPeriode",
      "id" : 416
    }, {
      "elementReferenceType" : "IndicationPeriode",
      "id" : 435
    } ],
    "periodesOuvertures" : [ {
      "identifiant" : 20545909,
      "dateDebut" : "2021-01-01",
      "dateFin" : "2021-12-31",
      "type" : "OUVERTURE_TOUS_LES_JOURS",
      "tousLesAns" : true,
      "identifiantTechnique" : 22453617
    } ],
    "ouvertTouteLAnnee" : "OUVERT_TOUTE_L_ANNEE"
  },
  "descriptionTarif" : {
    "indicationTarif" : "GRATUIT",
    "gratuit" : true,
    "tarifsEnClair" : {
      "libelleFr" : "Gratuit.",
      "libelleEn" : "Free of charge.",
      "libelleEs" : "Gratis.",
      "libelleIt" : "Gratuito.",
      "libelleDe" : "Kostenlos.",
      "libelleNl" : "Gratis.",
      "libelleRu" : "Бесплатно.",
      "libelleZh" : "免费.",
      "libellePtBR" : "Gratuito.",
      "libelleJa" : "無料."
    },
    "tarifsEnClairGenerationMode" : "AUTOMATIQUE",
    "devise" : "EUR",
    "conditions" : { }
  },
  "reservation" : { },
  "criteresInternes" : [ {
    "id" : 17325
  } ],
  "illustrations" : [ {
    "identifiant" : 9129217,
    "link" : false,
    "type" : "IMAGE",
    "nom" : {
      "libelleFr" : "Chapelle Saint-Sulpice"
    },
    "traductionFichiers" : [ {
      "locale" : "fr",
      "url" : "https://static.apidae-tourisme.com/filestore/objets-touristiques/images/180/140/8883380.jpg",
      "urlListe" : "https://static.apidae-tourisme.com/filestore/objets-touristiques/images/180/140/8883380-liste.jpg",
      "urlFiche" : "https://static.apidae-tourisme.com/filestore/objets-touristiques/images/180/140/8883380-fiche.jpg",
      "urlDiaporama" : "https://static.apidae-tourisme.com/filestore/objets-touristiques/images/180/140/8883380-diaporama.jpg",
      "extension" : "jpg",
      "fileName" : "CHAPELLE SAINT-SULPICE (4)",
      "taille" : 4362580,
      "hauteur" : 2736,
      "largeur" : 3648,
      "lastModifiedDate" : "2020-11-25T10:14:05.000+0000"
    } ],
    "locked" : false
  }, {
    "identifiant" : 9129218,
    "link" : false,
    "type" : "IMAGE",
    "nom" : {
      "libelleFr" : "Chapelle Saint-Sulpice"
    },
    "traductionFichiers" : [ {
      "locale" : "fr",
      "url" : "https://static.apidae-tourisme.com/filestore/objets-touristiques/images/181/140/8883381.jpg",
      "urlListe" : "https://static.apidae-tourisme.com/filestore/objets-touristiques/images/181/140/8883381-liste.jpg",
      "urlFiche" : "https://static.apidae-tourisme.com/filestore/objets-touristiques/images/181/140/8883381-fiche.jpg",
      "urlDiaporama" : "https://static.apidae-tourisme.com/filestore/objets-touristiques/images/181/140/8883381-diaporama.jpg",
      "extension" : "jpg",
      "fileName" : "CHAPELLE SAINT-SULPICE (7)",
      "taille" : 4575508,
      "hauteur" : 3648,
      "largeur" : 2736,
      "lastModifiedDate" : "2020-11-25T10:14:03.000+0000"
    } ],
    "locked" : false
  }, {
    "identifiant" : 9129219,
    "link" : false,
    "type" : "IMAGE",
    "nom" : {
      "libelleFr" : "Chapelle Saint-Sulpice"
    },
    "traductionFichiers" : [ {
      "locale" : "fr",
      "url" : "https://static.apidae-tourisme.com/filestore/objets-touristiques/images/182/140/8883382.jpg",
      "urlListe" : "https://static.apidae-tourisme.com/filestore/objets-touristiques/images/182/140/8883382-liste.jpg",
      "urlFiche" : "https://static.apidae-tourisme.com/filestore/objets-touristiques/images/182/140/8883382-fiche.jpg",
      "urlDiaporama" : "https://static.apidae-tourisme.com/filestore/objets-touristiques/images/182/140/8883382-diaporama.jpg",
      "extension" : "jpg",
      "fileName" : "CHAPELLE SAINT-SULPICE (17)",
      "taille" : 3141867,
      "hauteur" : 2736,
      "largeur" : 3648,
      "lastModifiedDate" : "2020-11-25T10:14:08.000+0000"
    } ],
    "locked" : false
  } ],
  "territoires" : [ {
    "type" : "TERRITOIRE",
    "id" : 591381
  }, {
    "type" : "TERRITOIRE",
    "id" : 591419
  }, {
    "type" : "TERRITOIRE",
    "id" : 5127066
  }, {
    "type" : "TERRITOIRE",
    "id" : 5427637
  }, {
    "type" : "TERRITOIRE",
    "id" : 5693765
  }, {
    "type" : "TERRITOIRE",
    "id" : 5693899
  }, {
    "type" : "TERRITOIRE",
    "id" : 5853947
  } ],
  "datesOuverture" : [ "2022-10-25", "2022-10-26", "2022-10-27", "2022-10-28", "2022-10-29", "2022-10-30", "2022-10-31", "2022-11-01", "2022-11-02", "2022-11-03", "2022-11-04", "2022-11-05", "2022-11-06", "2022-11-07", "2022-11-08", "2022-11-09", "2022-11-10", "2022-11-11", "2022-11-12", "2022-11-13", "2022-11-14", "2022-11-15", "2022-11-16", "2022-11-17", "2022-11-18", "2022-11-19", "2022-11-20", "2022-11-21", "2022-11-22", "2022-11-23", "2022-11-24", "2022-11-25", "2022-11-26", "2022-11-27", "2022-11-28", "2022-11-29", "2022-11-30", "2022-12-01", "2022-12-02", "2022-12-03", "2022-12-04", "2022-12-05", "2022-12-06", "2022-12-07", "2022-12-08", "2022-12-09", "2022-12-10", "2022-12-11", "2022-12-12", "2022-12-13", "2022-12-14", "2022-12-15", "2022-12-16", "2022-12-17", "2022-12-18", "2022-12-19", "2022-12-20", "2022-12-21", "2022-12-22", "2022-12-23", "2022-12-24", "2022-12-25", "2022-12-26", "2022-12-27", "2022-12-28", "2022-12-29", "2022-12-30", "2022-12-31", "2023-01-01", "2023-01-02", "2023-01-03", "2023-01-04", "2023-01-05", "2023-01-06", "2023-01-07", "2023-01-08", "2023-01-09", "2023-01-10", "2023-01-11", "2023-01-12", "2023-01-13", "2023-01-14", "2023-01-15", "2023-01-16", "2023-01-17", "2023-01-18", "2023-01-19", "2023-01-20", "2023-01-21", "2023-01-22", "2023-01-23", "2023-01-24", "2023-01-25", "2023-01-26", "2023-01-27", "2023-01-28", "2023-01-29", "2023-01-30", "2023-01-31", "2023-02-01", "2023-02-02", "2023-02-03", "2023-02-04", "2023-02-05", "2023-02-06", "2023-02-07", "2023-02-08", "2023-02-09", "2023-02-10", "2023-02-11", "2023-02-12", "2023-02-13", "2023-02-14", "2023-02-15", "2023-02-16", "2023-02-17", "2023-02-18", "2023-02-19", "2023-02-20", "2023-02-21", "2023-02-22", "2023-02-23", "2023-02-24", "2023-02-25", "2023-02-26", "2023-02-27", "2023-02-28", "2023-03-01", "2023-03-02", "2023-03-03", "2023-03-04", "2023-03-05", "2023-03-06", "2023-03-07", "2023-03-08", "2023-03-09", "2023-03-10", "2023-03-11", "2023-03-12", "2023-03-13", "2023-03-14", "2023-03-15", "2023-03-16", "2023-03-17", "2023-03-18", "2023-03-19", "2023-03-20", "2023-03-21", "2023-03-22", "2023-03-23", "2023-03-24", "2023-03-25", "2023-03-26", "2023-03-27", "2023-03-28", "2023-03-29", "2023-03-30", "2023-03-31", "2023-04-01", "2023-04-02", "2023-04-03", "2023-04-04", "2023-04-05", "2023-04-06", "2023-04-07", "2023-04-08", "2023-04-09", "2023-04-10", "2023-04-11", "2023-04-12", "2023-04-13", "2023-04-14", "2023-04-15", "2023-04-16", "2023-04-17", "2023-04-18", "2023-04-19", "2023-04-20", "2023-04-21", "2023-04-22", "2023-04-23", "2023-04-24", "2023-04-25", "2023-04-26", "2023-04-27", "2023-04-28", "2023-04-29", "2023-04-30", "2023-05-01", "2023-05-02", "2023-05-03", "2023-05-04", "2023-05-05", "2023-05-06", "2023-05-07", "2023-05-08", "2023-05-09", "2023-05-10", "2023-05-11", "2023-05-12", "2023-05-13", "2023-05-14", "2023-05-15", "2023-05-16", "2023-05-17", "2023-05-18", "2023-05-19", "2023-05-20", "2023-05-21", "2023-05-22", "2023-05-23", "2023-05-24", "2023-05-25", "2023-05-26", "2023-05-27", "2023-05-28", "2023-05-29", "2023-05-30", "2023-05-31", "2023-06-01", "2023-06-02", "2023-06-03", "2023-06-04", "2023-06-05", "2023-06-06", "2023-06-07", "2023-06-08", "2023-06-09", "2023-06-10", "2023-06-11", "2023-06-12", "2023-06-13", "2023-06-14", "2023-06-15", "2023-06-16", "2023-06-17", "2023-06-18", "2023-06-19", "2023-06-20", "2023-06-21", "2023-06-22", "2023-06-23", "2023-06-24", "2023-06-25", "2023-06-26", "2023-06-27", "2023-06-28", "2023-06-29", "2023-06-30", "2023-07-01", "2023-07-02", "2023-07-03", "2023-07-04", "2023-07-05", "2023-07-06", "2023-07-07", "2023-07-08", "2023-07-09", "2023-07-10", "2023-07-11", "2023-07-12", "2023-07-13", "2023-07-14", "2023-07-15", "2023-07-16", "2023-07-17", "2023-07-18", "2023-07-19", "2023-07-20", "2023-07-21", "2023-07-22", "2023-07-23", "2023-07-24", "2023-07-25", "2023-07-26", "2023-07-27", "2023-07-28", "2023-07-29", "2023-07-30", "2023-07-31", "2023-08-01", "2023-08-02", "2023-08-03", "2023-08-04", "2023-08-05", "2023-08-06", "2023-08-07", "2023-08-08", "2023-08-09", "2023-08-10", "2023-08-11", "2023-08-12", "2023-08-13", "2023-08-14", "2023-08-15", "2023-08-16", "2023-08-17", "2023-08-18", "2023-08-19", "2023-08-20", "2023-08-21", "2023-08-22", "2023-08-23", "2023-08-24", "2023-08-25", "2023-08-26", "2023-08-27", "2023-08-28", "2023-08-29", "2023-08-30", "2023-08-31", "2023-09-01", "2023-09-02", "2023-09-03", "2023-09-04", "2023-09-05", "2023-09-06", "2023-09-07", "2023-09-08", "2023-09-09", "2023-09-10", "2023-09-11", "2023-09-12", "2023-09-13", "2023-09-14", "2023-09-15", "2023-09-16", "2023-09-17", "2023-09-18", "2023-09-19", "2023-09-20", "2023-09-21", "2023-09-22", "2023-09-23", "2023-09-24", "2023-09-25", "2023-09-26", "2023-09-27", "2023-09-28", "2023-09-29", "2023-09-30", "2023-10-01", "2023-10-02", "2023-10-03", "2023-10-04", "2023-10-05", "2023-10-06", "2023-10-07", "2023-10-08", "2023-10-09", "2023-10-10", "2023-10-11", "2023-10-12", "2023-10-13", "2023-10-14", "2023-10-15", "2023-10-16", "2023-10-17", "2023-10-18", "2023-10-19", "2023-10-20", "2023-10-21", "2023-10-22", "2023-10-23", "2023-10-24", "2023-10-25", "2023-10-26", "2023-10-27", "2023-10-28", "2023-10-29", "2023-10-30", "2023-10-31", "2023-11-01", "2023-11-02", "2023-11-03", "2023-11-04", "2023-11-05", "2023-11-06", "2023-11-07", "2023-11-08", "2023-11-09", "2023-11-10", "2023-11-11", "2023-11-12", "2023-11-13", "2023-11-14", "2023-11-15", "2023-11-16", "2023-11-17", "2023-11-18", "2023-11-19", "2023-11-20", "2023-11-21", "2023-11-22", "2023-11-23", "2023-11-24", "2023-11-25", "2023-11-26", "2023-11-27", "2023-11-28", "2023-11-29", "2023-11-30", "2023-12-01", "2023-12-02", "2023-12-03", "2023-12-04", "2023-12-05", "2023-12-06", "2023-12-07", "2023-12-08", "2023-12-09", "2023-12-10", "2023-12-11", "2023-12-12", "2023-12-13", "2023-12-14", "2023-12-15", "2023-12-16", "2023-12-17", "2023-12-18", "2023-12-19", "2023-12-20", "2023-12-21", "2023-12-22", "2023-12-23", "2023-12-24", "2023-12-25", "2023-12-26", "2023-12-27", "2023-12-28", "2023-12-29", "2023-12-30", "2023-12-31", "2024-01-01", "2024-01-02", "2024-01-03", "2024-01-04", "2024-01-05", "2024-01-06", "2024-01-07", "2024-01-08", "2024-01-09", "2024-01-10", "2024-01-11", "2024-01-12", "2024-01-13", "2024-01-14", "2024-01-15", "2024-01-16", "2024-01-17", "2024-01-18", "2024-01-19", "2024-01-20", "2024-01-21", "2024-01-22", "2024-01-23", "2024-01-24", "2024-01-25", "2024-01-26", "2024-01-27", "2024-01-28", "2024-01-29", "2024-01-30", "2024-01-31", "2024-02-01", "2024-02-02", "2024-02-03", "2024-02-04", "2024-02-05", "2024-02-06", "2024-02-07", "2024-02-08", "2024-02-09", "2024-02-10", "2024-02-11", "2024-02-12", "2024-02-13", "2024-02-14", "2024-02-15", "2024-02-16", "2024-02-17", "2024-02-18", "2024-02-19", "2024-02-20", "2024-02-21", "2024-02-22", "2024-02-23", "2024-02-24", "2024-02-25", "2024-02-26", "2024-02-27", "2024-02-28", "2024-02-29", "2024-03-01", "2024-03-02", "2024-03-03", "2024-03-04", "2024-03-05", "2024-03-06", "2024-03-07", "2024-03-08", "2024-03-09", "2024-03-10", "2024-03-11", "2024-03-12", "2024-03-13", "2024-03-14", "2024-03-15", "2024-03-16", "2024-03-17", "2024-03-18", "2024-03-19", "2024-03-20", "2024-03-21", "2024-03-22", "2024-03-23", "2024-03-24", "2024-03-25", "2024-03-26", "2024-03-27", "2024-03-28", "2024-03-29", "2024-03-30", "2024-03-31", "2024-04-01", "2024-04-02", "2024-04-03", "2024-04-04", "2024-04-05", "2024-04-06", "2024-04-07", "2024-04-08", "2024-04-09", "2024-04-10", "2024-04-11", "2024-04-12", "2024-04-13", "2024-04-14", "2024-04-15", "2024-04-16", "2024-04-17", "2024-04-18", "2024-04-19", "2024-04-20", "2024-04-21", "2024-04-22", "2024-04-23", "2024-04-24", "2024-04-25", "2024-04-26", "2024-04-27", "2024-04-28", "2024-04-29", "2024-04-30", "2024-05-01", "2024-05-02", "2024-05-03", "2024-05-04", "2024-05-05", "2024-05-06", "2024-05-07", "2024-05-08", "2024-05-09", "2024-05-10", "2024-05-11", "2024-05-12", "2024-05-13", "2024-05-14", "2024-05-15", "2024-05-16", "2024-05-17", "2024-05-18", "2024-05-19", "2024-05-20", "2024-05-21", "2024-05-22", "2024-05-23", "2024-05-24", "2024-05-25", "2024-05-26", "2024-05-27", "2024-05-28", "2024-05-29", "2024-05-30", "2024-05-31", "2024-06-01", "2024-06-02", "2024-06-03", "2024-06-04", "2024-06-05", "2024-06-06", "2024-06-07", "2024-06-08", "2024-06-09", "2024-06-10", "2024-06-11", "2024-06-12", "2024-06-13", "2024-06-14", "2024-06-15", "2024-06-16", "2024-06-17", "2024-06-18", "2024-06-19", "2024-06-20", "2024-06-21", "2024-06-22", "2024-06-23", "2024-06-24", "2024-06-25", "2024-06-26", "2024-06-27", "2024-06-28", "2024-06-29", "2024-06-30", "2024-07-01", "2024-07-02", "2024-07-03", "2024-07-04", "2024-07-05", "2024-07-06", "2024-07-07", "2024-07-08", "2024-07-09", "2024-07-10", "2024-07-11", "2024-07-12", "2024-07-13", "2024-07-14", "2024-07-15", "2024-07-16", "2024-07-17", "2024-07-18", "2024-07-19", "2024-07-20", "2024-07-21", "2024-07-22", "2024-07-23", "2024-07-24", "2024-07-25", "2024-07-26", "2024-07-27", "2024-07-28", "2024-07-29", "2024-07-30", "2024-07-31", "2024-08-01", "2024-08-02", "2024-08-03", "2024-08-04", "2024-08-05", "2024-08-06", "2024-08-07", "2024-08-08", "2024-08-09", "2024-08-10", "2024-08-11", "2024-08-12", "2024-08-13", "2024-08-14", "2024-08-15", "2024-08-16", "2024-08-17", "2024-08-18", "2024-08-19", "2024-08-20", "2024-08-21", "2024-08-22", "2024-08-23", "2024-08-24", "2024-08-25", "2024-08-26", "2024-08-27", "2024-08-28", "2024-08-29", "2024-08-30", "2024-08-31", "2024-09-01", "2024-09-02", "2024-09-03", "2024-09-04", "2024-09-05", "2024-09-06", "2024-09-07", "2024-09-08", "2024-09-09", "2024-09-10", "2024-09-11", "2024-09-12", "2024-09-13", "2024-09-14", "2024-09-15", "2024-09-16", "2024-09-17", "2024-09-18", "2024-09-19", "2024-09-20", "2024-09-21", "2024-09-22", "2024-09-23", "2024-09-24", "2024-09-25", "2024-09-26", "2024-09-27", "2024-09-28", "2024-09-29", "2024-09-30", "2024-10-01", "2024-10-02", "2024-10-03", "2024-10-04", "2024-10-05", "2024-10-06", "2024-10-07", "2024-10-08", "2024-10-09", "2024-10-10", "2024-10-11", "2024-10-12", "2024-10-13", "2024-10-14", "2024-10-15", "2024-10-16", "2024-10-17", "2024-10-18", "2024-10-19", "2024-10-20", "2024-10-21", "2024-10-22", "2024-10-23", "2024-10-24" ],
  "informationsFeteEtManifestation" : {
    "typesManifestation" : [ {
      "elementReferenceType" : "FeteEtManifestationType",
      "id" : 1958
    } ],
    "categories" : [ {
      "elementReferenceType" : "FeteEtManifestationCategorie",
      "id" : 2101
    } ],
    "themes" : [ {
      "elementReferenceType" : "FeteEtManifestationTheme",
      "id" : 2278
    } ],
    "portee" : {
      "elementReferenceType" : "FeteEtManifestationPortee",
      "id" : 2352
    },
    "nomLieu" : "Chapelle Saint-Sulpice"
  },
  "formatVersion" : "v002",
  "expiration" : {
    "dateExpiration" : "2023-01-09T00:00:00.000+0000",
    "expirationAction" : "MASQUER"
  },
  "enquete" : { },
  "donneesPrivees" : [ {
    "nomTechnique" : "1947_Id_patio",
    "libelleFr" : "Id_Patio",
    "ordre" : 1,
    "descriptif" : {
      "libelleFr" : "13VI001967"
    }
  }, {
    "nomTechnique" : "1947_Source_patio",
    "libelleFr" : "Source_Patio",
    "ordre" : 2,
    "descriptif" : {
      "libelleFr" : "OT Istres"
    }
  }, {
    "nomTechnique" : "1947_Url_patio",
    "libelleFr" : "URL_Patio",
    "ordre" : 3,
    "descriptif" : {
      "libelleFr" : "http://www.istres.fr"
    }
  } ]
}