{
  "type" : "PATRIMOINE_CULTUREL",
  "id" : 5538333,
  "nom" : {
    "libelleFr" : "Basilique Notre-Dame de la Garde",
    "libelleEn" : "Notre-Dame de la Garde",
    "libelleEs" : "Basilique Notre-Dame de la Garde",
    "libelleIt" : "Notre-Dame de la Garde",
    "libelleDe" : "Notre-Dame de la Garde",
    "libelleNl" : "Basilique Notre-Dame de la Garde"
  },
  "identifier" : "SITRA2_PCU_5538333",
  "state" : "PUBLISHED",
  "gestion" : {
    "dateCreation" : "2020-05-26T17:27:18.257+0000",
    "dateModification" : "2022-07-20T19:56:48.401+0000",
    "dateExportModification" : "2022-11-08T14:52:25.896+0000",
    "membreProprietaire" : {
      "type" : {
        "elementReferenceType" : "MembreSitraType",
        "id" : 233
      },
      "nom" : "Office Métropolitain de tourisme et des congrès de Marseille",
      "dateCreation" : "2017-02-13T09:29:30.842+0000",
      "dateModification" : "2022-10-24T08:49:48.642+0000",
      "id" : 1490,
      "siteWeb" : "http://www.marseille-tourisme.com"
    },
    "signalerUnProblemeMails" : [ "alegrand@marseille-tourisme.com", "hcochet@marseille-tourisme.com", "jorengo@marseille-tourisme.com", "lchavet@marseille-tourisme.com", "mamadier@marseille-tourisme.com", "sbenimeli@marseille-tourisme.com" ]
  },
  "informations" : {
    "moyensCommunication" : [ {
      "identifiant" : 79628584,
      "type" : {
        "elementReferenceType" : "MoyenCommunicationType",
        "id" : 201
      },
      "coordonnees" : {
        "fr" : "04 91 13 40 80"
      }
    }, {
      "identifiant" : 79628585,
      "type" : {
        "elementReferenceType" : "MoyenCommunicationType",
        "id" : 202
      },
      "coordonnees" : {
        "fr" : "04 91 37 28 99"
      }
    }, {
      "identifiant" : 79628586,
      "type" : {
        "elementReferenceType" : "MoyenCommunicationType",
        "id" : 204
      },
      "coordonnees" : {
        "fr" : "recteurnotredamedelagarde@gmail.com"
      }
    }, {
      "identifiant" : 79628587,
      "type" : {
        "elementReferenceType" : "MoyenCommunicationType",
        "id" : 205
      },
      "coordonnees" : {
        "fr" : "http://www.notredamedelagarde.com"
      }
    } ],
    "informationsLegales" : { },
    "structureGestion" : {
      "type" : "STRUCTURE",
      "id" : 5224487
    }
  },
  "presentation" : {
    "descriptifCourt" : {
      "libelleFr" : "Notre-Dame de la Garde \" La Bonne Mère \", figure emblématique de la ville veille sur les marins, les pêcheurs et tous les Marseillais.",
      "libelleEn" : "Notre-Dame de la Garde \" La Bonne Mère \", emblematic figure of the city, watches over the sailors, the fishermen and all the inhabitants of Marseilles.",
      "libelleEs" : "Notre-Dame de la Garde \"La Bonne Mère\", figura emblemática de la ciudad, vela por los marineros, los pescadores y todos los marselleses.",
      "libelleDe" : "Notre-Dame de la Garde \"Die Gute Mutter\", eine Symbolfigur der Stadt, wacht über die Seeleute, Fischer und alle Marseiller."
    },
    "descriptifDetaille" : {
      "libelleFr" : "Lors de votre séjour à Marseille, plusieurs jours ou simplement un weekend, allez lui rendre visite et admirez du haut de la colline, le panorama qui s'offre à vous. Un point de vue unique sur la ville, le Vieux-Port, le quartier du Panier, les îles du Frioul et d'If, le Nord de Marseille, les quartiers de la plage et les collines qui encerclent Marseille. La colline de la Garde (154 m) a toujours été un poste d'observation. On dit traditionnellement que la vigie existe depuis les temps préhistoriques et plus sûrement depuis l'époque romaine. Au XVe siècle une ordonnance de Charles II d'Anjou inscrit la colline de la Garde dans la liste des relais. Ce système de vigie va s'améliorer au fil des siècles et la fonction perdurera sur la colline jusqu'en 1978. Pour protéger Marseille des armées de Charles Quint par le Connétable de Bourbon, François Ier fait construire un fort en 1524 au sommet de la colline, qui constitue avec le château d'If à l'entrée du port, une défense maritime dont la ville était dépourvue. De nos jours, on peut encore constater la présence du fort servant d'assise à la basilique actuelle et deviner (de nos jours, elle est pratiquement effacée) au-dessus du porche nord la signature l'emblème du Roi : une salamandre. Mais la colline de la Garde prend toute sa signification : signal sacré, signal urbain, dans la construction de la basilique en 1853. Désormais la silhouette de l'édifice devient indissociable de l'image de Marseille. Cependant plusieurs églises chapelles ont précédé sa construction. La première en 1214, quand un ermite, maître Pierre, reçoit l'autorisation de construire sur ce terrain appartenant à l'abbaye Saint-Victor. A partir du XVIe siècle la chapelle se transforme peu à peu en un centre de dévotion des marins. De cette époque datent les premiers ex-voto qu'ils viennent y déposer. Ainsi la colline de la Garde a-t-elle dès lors une triple vocation: un poste de vigie, un ouvrage militaire, un lieu de culte et de pèlerinage. Au milieu du XIXe siècle, le sanctuaire s'avère trop petit pour les nombreux pèlerins qui le visitent. Monseigneur de Mazenod décide d'y construire une grande basilique Notre-Dame de la Garde. La première pierre est posée le 11 septembre 1853, les travaux sont confiés à l'architecte Espérandieu et la consécration a lieu le 5 juin 1864. De style romano-byzantin : coupoles, polychromie des pierres, ors, mosaïques, la basilique répond parfaitement au programme des grandes constructions entreprises à Marseille sous Napoléon III. L'édifice se compose de deux parties : une église basse, crypte voûtée qui abrite notamment un crucifix polychrome datant de l'église la chapelle du XVIe siècle, une \" Mater Dolorosa \" terre cuite de Carpeaux, une église haute, le sanctuaire, consacrée à la Vierge (fête et pèlerinage le 15 août) où abondent les mosaïques à fond d'or et les marbres polychromes lui donnant l'aspect d'un reliquaire. A signaler : les portes de bronze et le maître-autel dessinés par Révoil, co-architecte de la basilique, une Vierge en argent de Chanuel, une \" Annonciation \", bas-relief en faïence polychrome, oeuvre florentine du XVIe siècle. La présence de nombreux ex-votos ex-voto exposés sur les murs, suspendus entre les piles de la nef, constitue une véritable collection d'art naïf, chronique attachante de la société marseillaise, témoins éloquents de la foi populaire, dédiés à celle que les Marseillais de toutes confessions désignent comme \" la Bonne Mère \". Le campanile supporte une statue monumentale de la Vierge. Elle fut confiée au sculpteur Lequesne, exécutée en bronze doré à la feuille d'or par les ateliers Christofle à Paris, et mise en place en septembre 1870. Depuis l'esplanade, devant le sanctuaire, on découvre la vue la plus impressionnante de Marseille et de son site. \r\nEntre 2001 et 2008, les parties extérieures et le décor intérieur de mosaïques et de marbres de la basilique, ainsi que la crypte, ont été restaurés.\r\nLe buffet d'orgue en noyer de 1926 a été agrandi et modifié par la manufacture provençale d'orgues en 1981 en ne réutilisant qu'une partie de la tuyauterie de Merklin. L'harmonisation a été réalisé par Tricoteaux.",
      "libelleEn" : "The Garde hill (154 m) has always been an observation post.\r\nTradition has it, but there is no proof, that the look-out post exists since prehistorical times and more probably since the Roman era. In the 15th century decree of Charles II d'Anjou enumerates the Garde hill in the lists of relays. This look-out system is improved over the centuries and this function continues on the hill until 1978.\r\nTo protect Marseille from the armies of Charles the Fifth, led by the Constable of Bourbon, François the 1st has a fort built in 1524 on the top of the hill, which, together with the Châteay d'If, forms a maritime defense which serves as a foundaion for the present basilisa and find above the north porch the signature of the King l a salamander.\r\nBut the Garde hill acquires all its meaning as a sacred as well as an urban symbol with the construction of the basilica in 1853. From then on, the silhouette of the building becomes inseparable from the image of Marseille. However, several churches have preceded its construction. The first one was in 1241 when a hermit, master Pierre, received the authorization to build on this site which belonged to the Abbey of Saint Victor. From the 16th century onwards the church is gradually transformed into a center of religious devotion of the sailors. From this period date the first ex-votos which they deposit here.\r\nSince then the Garde hill has a triple function: look-out post, fortification and place of worship and pilgrimage. In thhe iddle of the 19th century, the sanctuary proves to be too small for the numeroux pilgrims who visit it. Monseigneur de Mazenod decides to buil a large basilica on this site. The foundation stone is laid on 11 september 1853, the building is entrusted to the architect Espérandieu and the consecration takes place on 5 june 1864.\r\nIn a Romanesque-byzantine style with domes, multicoloured stone, gold and mosaics, the basilica fits in perfectly in the programme of the large constructions undertaken in Marseille under Napoléon III.\r\nThe edifice consists of two parts: a lower cherch, a vaulted crypt which houses in particular a multi-coloured crucifix dating from the 16th century church and a \"mater dolorosa\" of marble of Carpeaux and an upper church, the sanctuary, dedicated to the Virgin (name day and pilgrimage on 15 August) where mosaics with a gold background and muli-coloured marbles abound, giving it the appearance o a reliquary. Of particular interest are the bronze doors and the high altar designed by Revoil, Virgin in silver by Chanuel, an Annunciation low relief in multi-coloured glazed earthenware, a Florentine work of the 16th cebtury.\r\nThe presence of numerous ex-votos exhibed on the walls, hung between the supports of the nave, are a true collection of naïve art, a charming chronicle of the community of Marseille, eloquent witnesses of popular faith, dedicated to \"la bonne mère\", the name given to her by all the marseillais, wathever their religion. The belfry supports a monumental statue of the virgin created by the sculptor Lequesne. It was executed in bronze, gilded with gold leaf, by the Christofle workshops and installed in september 1870.\r\nFrom the esplanade, in front of the sanctuary, there is a most impressive view of Marseille and its site.\r\nBetween 2001 and 2007, the part outside and the decor inside the church have been restored.",
      "libelleEs" : "La colina de la Garde (154 m) ha sido siempre un puesto de observación.\r\nSegún la tradición, se dice que el puesto de vigilancia existe desde tiempos prehistóricos, y con toda seguridad desde la época romana. En el siglo X una ley de Carlos II de Anjou incluye la colina de la Garde en la lista de paradas. Este sistema de vigilancia mejorará a lo largo de los siglos, y su función se mantendrá en la colina hasta 1978.\r\n\r\nPara proteger a Marsella de los ejércitos de Carlos V dirigidos por el condestable de Borbón, Francisco I hace construir en 1525 un fuerte en la cima de la colina, que constituye, junto con el Castillo de If en la entrada del puerto, una defensa marítima que le faltaba a la ciudad. En nuestros días aún puede comprobarse la presencia del fuerte que sirve de asiento a la basílica actual, y podemos encontrar, encima del soportal norte, la firma del rey: una salamandra.\r\nPero la colina de la Garde adquirirá toda su importancia -señal sagrada, señal urbana-, cuando se construye la basílica en el año 1853. Desde entonces en adelante, la silueta del edificio se hace inseparable de la imagen de Marsella.\r\nSin embargo, varias iglesias precedieron a la basílica. La primera de ellas en 1214, cuando un eremita, el maestro Pierre, consigue la autorización para construir en ese terreno que pertenecía a la Abadía de Saint Victor. A partir del siglo XVI la iglesia se transforma poco a poco en un centro de devoción de los marineros. De esta época datan los primeros exvotos, que los marineros empiezan a depositar allí.\r\nDe esta manera, la colina de la Garde tiene una triple vocación: como puesto de vigía, como construcción militar y como lugar de culto y de peregrinaje. A mediados del siglo XIX, el santuario se queda demasiado pequeño para los numerosos peregrinos que lo visitan. El Señor de Mazenod decide construir allí una gran basílica. La primera piedra se puso el 11 de septiembre de 1853, y las obras se confiaron al arquitecto Espérandieu  la consagración tuvo lugar el 5 de junio de 1864.\r\n\r\nDe estilo romano-bizantino – cúpulas, policromía de las piedras, oros, mosaicos – la basílica responde a la perfección al programa de las grandes construcciones que se llevan a cabo en Marsella bajo el dominio de Napoleón III.\r\nEl edificio se compone de dos partes: una iglesia baja, cripta, bóveda que acoge, en particular, un crucifijo policromado que data de la iglesia del siglo XVI, una «mater dolorosa», un mármol de Carpeaux  una iglesia alta, el santuario, consagrado a la Virgen (fiesta y peregrinación el 15 de agosto) en el que abundan los mosaicos con fondo de oro y los mármoles policromados que le dan un aspecto de relicario. Son reseñables las puertas de bronce y el altar mayor, diseñados por Revoil, que también fue co-arquitecto de la basílica  una virgen en plata de Chanuel  una Anunciación en bajo relieve de porcelana policromada  un Suvre florentino del siglo XVI.\r\nLa presencia de numerosos exvotos, expuestos en los muros y suspendidos entre los pilares de la nave, constituye una verdadera colección de Arte Naïf, una crónica enternecedora de la sociedad marsellesa, a través de estos testimonios tan elocuentes de la fe popular, dedicados a lo que los marselleses de todas las confesiones religiosas se refieren como “la buena madre”. El campanario soporta una estatua monumental de la Virgen  la realización de esta estatua se confió al escultor Lequesne, y fue ejecutada en bronce, metal que fue dorado con pan de oro por los talleres Christofle. La estatua fue colocada en su lugar en septiembre de 1870.\r\nDesde la explanada que se encuentra ante el santuario se despliega la vista panorámica más impresionante sobre Marsella y su área urbana.",
      "libelleIt" : "La collina della Garde (154 m.) è sempre stata un posto d’osservazione.\r\nSi dice tradizionalmente, che un posto di vedetta esiste dai tempi preistorici e più sicuramente dall’epoca romana. Nel XV° secolo un’ordinanza di Carlo II d’Angiò iscrive la collina della Garde nella lista delle stazioni di guardia. Questo sistema di vedetta va migliorando nel corso dei secoli e la sua funzione perdurerà sulla collina fino al 1978. Per fare proteggere Marsiglia dalle armate di Carlo Quinto dal Conestabile di Bourbon, Francesco I fa costruire un forte nel 1524 sulla sommità della collina, che costituisce con il Castello d’If all’ingresso del porto, una difesa marittima di cui la città era sprovvista. Ai giorni nostri si può ancora constatare la presenza del forte che è servito come base dell’attuale basilica e ritrovare al di sopra del portico nord la \"firma\" del Re: una Salamandra.\r\n\r\nMa la collina della Garde ha acquisito ormai un significato più ampio: quello di un simbolo sacro e di un simbolo urbano, con la costruzione della basilica nel 1853. Oggi la sagoma dell’edificio è indissociabile dall’immagine di Marsiglia. Eppure diverse chiese hanno preceduto la sua costruzione. La prima nel 1214, quando un eremita, Mastro Pierre, riceve l’autorizzazione a costruire su questo terreno appartenente all’Abbazia di Saint Victor a partire dal XVI° secolo la chiesa si trasforma poco a poco in un centro di devozione dei marinai. Datano da quest’ epoca i primi ex-voto che i marinai vengono a collocare qui.\r\nCosì la collina della Garde conserva da allora una tripla vocazione: posto di vedetta, fortificazione militare, e luogo di culto e pellegrinaggio. A metà de XIX° secolo, il santuario si rivela troppo piccolo per i numerosi pellegrini che lo visitano e Monsignor Mazenod decide di costruire una grande basilica. La prima pietra viene posata l’11 settembre 1853, i lavori sono affidati all’architetto Espérandieu e la consacrazione ha luogo il 5 giugno 1864.\r\nDi stile romanico - bizantino: cupole, policromia delle pietre, ori, mosaici, la basilica risponde prefettamente al programma delle grandi costruzioni intraprese a Marsiglia sotto Napoleone III. L’edificio si compone di due parti: una chiesa bassa, a cripta, con volta ad arco, che custodisce tra l’altro un crocifisso policromo che risale alla chiesa del XVI° secolo, una « mater dolorosa » in marmo di Carpeaux una chiesa alta, il santuario, consacrato alla Vergine (festa e pellegrinaggio il 15 agosto) dove abbondano i mosaici a sfondo d’oro e i marmi policromatici che le donano l’aspetto di un reliquiario. Da segnalare: le porte in bronzo e l’altare maggiore disegnato da Revoil, co – architetto della basilica, una Vergine in argento di Chanuel, un’Annunciazione in basso rilievo in maiolica policroma, opera fiorentina del XVI secolo. La presenza di numerosi ex-voto esposti sui muri, sospesi tra i piloni delle navate, costituisce una vera collezione d’Arte Naïf, una sorta di commovente cronaca della società marsigliese, testimonianza eloquente della fede popolare: ex voto tutti dedicati a colei che i marsigliesi di ogni confessione designano come la « buona madre ». Il campanile supporta una statua monumentale della Vergine essa fu affidata allo scultore Lequesne, eseguita in bronzo dorato laminato d’oro dagli atelier Christofle e sistemata nel settembre 1870.\r\nDal piazzale, davanti al santuario, si scorge la più spettacolare vista di Marsiglia e del suo paesaggio.",
      "libelleDe" : "Der Hügel \"La Garde\" (154 m), was nichts anderes als \"die Wache\" heißt, diente schon immer als Beobachtungsposten.\r\nDie Legende will, dass der Ausguck schon seit vorgeschichtlicher Zeit genutzt wird, mit Sicherheit jedoch seit der Römerzeit. Im 15. Jahrhundert wurde \"La Garde\" gemäß eines Erlasses von Karl II von Anjou in die Liste der Wachposten aufgenommen. Im Laufe der Jahrhunderte wurde das Überwachungssystem perfektioniert, und der Wachposten auf dem Hügel \"La Garde\" blieb bis ins Jahr 1978 in Betrieb.Um Marseille vor der vom Konnetabel von Bourbon angeführten Armee Karls V. zu beschützen, ließ Franz I. 1524 ein Festung auf dem Hügel erbauen. Gemeinsam mit dem vor dem Hafen gelegenen Château d'If sollte es der Verteidigung der Küste dienen, an der es Marseille bis dahin gemangelt hatte. Die Festung ist bis in unsere Zeit noch präsent. Auf den Grundmauern wurde die Basilika von Notre Dame de la Garde errichtet, und über dem Nordportal findet man noch heute das Signum des Königs: einen Salamander.\r\n\r\nMit dem 1852 begonnen Bau der Basilika wurde der Hügel \"La Garde\" nicht nur zu einem sakralen Symbol, sondern auch zu einem Wahrzeichen der Stadt. Die unverkennbare Silhouette der Kirche prägt das Stadtbild von Marseille.\r\nDie Basilika ist jedoch nicht die erste Kirche, die an diesem Ort errichtet wurde. Die erste wurde 1214 von einem Eremiten, Maître Pierre, erbaut, dessen Wunsch von der Abtei Saint Victor stattgegeben wurde, zu deren Ländereien der Hügel damals gehörte. Ab dem 16. Jahrhundert wurde die Kirche nach und nach zu einem Wallfahrtsort der Seeleute. Aus dieser Epoche stammen auch die ersten Votivgaben.\r\nVon da an erfüllt der \"La Garde\" also drei Bestimmungen: Wachposten, militärischer Stützpunkt sowie Wallfahrtsort und Kirche. Die heilige Stätte erweist sich Mitte des 19. Jahrhunderts der ständig steigenden Anzahl von Wallfahrern nicht mehr gewachsen, so dass der Bischof de Mazenod beschließt, eine größere Basilika zu bauen. Der Grundstein dieser Basilika wurde am 11. September 1853 gelegt. Der Architekt Espérandieu ist für die Arbeiten an dem Bau verantwortlich. Am 5. Juni 1864 wird die Kirche schließlich geweiht.\r\nDie Basilika wurde im römisch-byzantinischen Stil erbaut, der sich durch Kuppeln, mehrfarbiges Mauerwerk, Mosaike und Goldverzierungen auszeichnet. Die Basilika ist ein typisches Beispiel für die während der Zeit Napoléons III. errichteten großen Bauwerke. Das Bauwerk besteht eigentlich aus zwei Kirchen: einer im unteren Teil liegenden Krypta, in deren Gewölbe sich ein mehrfarbiges Kreuz aus der Kirche des 16. Jh. befindet, sowie eine von Carpeaux geschaffene \"Mater Dolorosa\" aus Marmor und der im oberen Teil befindlichen Basilika, der heiligen Jungfrau geweihten Stätte (Wallfahrtsfeier am 15. August), die aufgrund der reichen Verzierungen mit Mosaiken, Gold und farbigem Marmor an einen Reliquienschrein erinnert. Bemerkenswert sind u. a.: die Bronzetüren und der Hochaltar des Architekten Revoil entworfen, der an den Plänen der Basilika mitgearbeitet hat. Eine Silberstatue der heiligen Jungfrau von Chanuel, sowie ein Flachrelief der Verkündigung, ein florentinisches Kunstwerk aus dem 16. Jahrhundert.\r\nDie zahlreichen Votivtafeln und andere Gaben, selbstredende Zeugen des Volksglaubens an die \"Gute Mutter\" (Bonne Mère) aller Marseiller, ganz egal welcher Konfession, sind an den Wänden der Kirche und zwischen den Säulen des Kirchenschiffs aufgehängt, und stellen nicht nur eine eigene Sammlung naiver Kunst dar, sondern sind auch gleichzeitig eine interessante Chronik des Marseiller Lebens. Auf dem Glockenturm befindet sich eine monumental Statue der heiligen Jungfrau aus vergoldeter Bronze, die vom Bildhauer Lequesne kreiert wurde, und in den Ateliers Christofle vergoldet wurde. Sie wurde im September 1870 aufgestellt.\r\nVon der vor der Kirche liegenden Esplanade aus hat man einen atemberaubenden Blick über ganz Marseille und seine Umgebung."
    },
    "descriptifsThematises" : [ {
      "dateDisponibilite" : null,
      "dateLimiteDePublication" : null,
      "theme" : {
        "elementReferenceType" : "DescriptifTheme",
        "id" : 6143
      },
      "description" : {
        "libelleFr" : "Le port du masque est fortement recommandé sur l'ensemble du site et rendu obligatoire à l'intérieur des bâtiments ( crypte, basilique, magasin, couloirs etc)",
        "libelleEn" : "Wearing a mask is strongly recommended throughout the site and is mandatory inside the buildings (crypt, basilica, store, corridors etc.)",
        "libelleEs" : "Se recomienda encarecidamente el uso de mascarilla en todo el recinto y es obligatorio en el interior de los edificios (cripta, basílica, tienda, pasillos, etc.)",
        "libelleDe" : "Das Tragen einer Maske wird auf dem gesamten Gelände dringend empfohlen und ist in den Gebäuden (Krypta, Basilika, Lager, Flure usw.) Pflicht."
      }
    } ]
  },
  "localisation" : {
    "adresse" : {
      "adresse1" : "Rue Fort du Sanctuaire",
      "codePostal" : "13007",
      "bureauDistribution" : "MARSEILLE",
      "commune" : {
        "id" : 4537
      }
    },
    "geolocalisation" : {
      "complement" : {
        "libelleFr" : "Le port du masque est fortement recommandé sur l'ensemble du site et rendu obligatoire à l'intérieur des bâtiments ( crypte, basilique, magasin, couloirs etc)"
      },
      "valide" : true,
      "geoJson" : {
        "type" : "Point",
        "coordinates" : [ 5.371558, 43.284434 ]
      }
    },
    "perimetreGeographique" : [ {
      "id" : 4537
    } ],
    "environnements" : [ {
      "elementReferenceType" : "Environnement",
      "id" : 183
    }, {
      "elementReferenceType" : "Environnement",
      "id" : 3974
    } ]
  },
  "liens" : { },
  "prestations" : {
    "equipements" : [ {
      "elementReferenceType" : "PrestationEquipement",
      "id" : 972
    }, {
      "elementReferenceType" : "PrestationEquipement",
      "id" : 1321
    }, {
      "elementReferenceType" : "PrestationEquipement",
      "id" : 1322
    } ],
    "services" : [ {
      "elementReferenceType" : "PrestationService",
      "id" : 1026
    }, {
      "elementReferenceType" : "PrestationService",
      "id" : 1190
    } ],
    "animauxAcceptes" : "NON_ACCEPTES",
    "animauxAcceptesSupplement" : "NON_DISPONIBLE",
    "activites" : [ {
      "elementReferenceType" : "PrestationActivite",
      "id" : 6032
    } ],
    "languesParlees" : [ {
      "elementReferenceType" : "Langue",
      "id" : 1197
    } ],
    "complementAccueil" : {
      "libelleEn" : "Accessible for disabled",
      "libelleIt" : "Accessibile ai disabili",
      "libelleDe" : "Zugänglich für Behinderte",
      "libelleNl" : "Toegankelijk voor mensen met een handicap"
    },
    "typesClientele" : [ {
      "elementReferenceType" : "TypeClientele",
      "id" : 593
    } ]
  },
  "ouverture" : {
    "periodeEnClair" : {
      "libelleFr" : "Du 01/05 au 31/12, tous les lundis, mardis, mercredis, jeudis, vendredis, samedis et dimanches de 7h à 18h.\n7h ouverture, 18h fermeture de la crypte, de la basilique, et des terrasses, 18h15 fermeture des parkings.",
      "libelleEn" : "From 01/05 to 31/12, every Monday, Tuesday, Wednesday, Thursday, Friday, Saturday and Sunday between 7 am and 6 pm.\n7am opening, 6pm closing of the crypt, the basilica, and the terraces, 6:15pm closing of the parking lots.",
      "libelleEs" : "Del 01/05 al 31/12, todos los lunes, martes, miércoles, jueves, viernes, sábados y domingos de 7 a 18.\nApertura a las 7h, cierre a las 18h de la cripta, la basílica y las terrazas, cierre a las 18h15 de los aparcamientos.",
      "libelleIt" : "Dal 01/05 al 31/12, tutti i lunedì, martedì, mercoledì, giovedì, venerdì, sabati e domeniche dalle 7 alle 18.",
      "libelleDe" : "Vom 01/05 bis 31/12, jeden Montag, Dienstag, Mittwoch, Donnerstag, Freitag, Samstag und Sonntag von 7 Uhr bis 18 Uhr.\n7:00 Uhr Öffnung, 18:00 Uhr Schließung der Krypta, der Basilika und der Terrassen, 18:15 Uhr Schließung der Parkplätze.",
      "libelleNl" : "Van 01/05 tot en met 31/12, elke maandag, dinsdag, woensdag, donderdag, vrijdag, zaterdag en zondag van 7.00 tot en met 18.00 u.",
      "libelleRu" : "С 01/05 до 31/12, каждый понедельники, вторники, среды, четверги, пятницы, субботы и воскресенья с 7h до 18h.",
      "libelleZh" : "从 5月1日 到 12月31日, 每星期一, 星期二, 星期三, 星期四, 星期五, 星期六 和 星期日 小时小时 和 小时小时 之间.",
      "libellePtBR" : "De 01/05 a 31/12, todas as segundas-feiras, terças-feiras, quartas-feiras, quintas-feiras, sextas-feiras, sábados e domingos de 7h a  18h.",
      "libelleJa" : "01/05 から 31/12 まで, 毎月曜日, 火曜日, 水曜日, 木曜日, 金曜日, 土曜日 と 日曜日 7 午前 と 6 午後 の間."
    },
    "periodeEnClairGenerationMode" : "AUTOMATIQUE",
    "indicationsPeriode" : [ {
      "elementReferenceType" : "IndicationPeriode",
      "id" : 416
    }, {
      "elementReferenceType" : "IndicationPeriode",
      "id" : 418
    }, {
      "elementReferenceType" : "IndicationPeriode",
      "id" : 435
    }, {
      "elementReferenceType" : "IndicationPeriode",
      "id" : 436
    } ],
    "periodesOuvertures" : [ {
      "identifiant" : 19372251,
      "dateDebut" : "2022-05-01",
      "dateFin" : "2022-12-31",
      "complementHoraire" : {
        "libelleFr" : "7h ouverture, 18h fermeture de la crypte, de la basilique, et des terrasses, 18h15 fermeture des parkings.",
        "libelleEn" : "7am opening, 6pm closing of the crypt, the basilica, and the terraces, 6:15pm closing of the parking lots.",
        "libelleEs" : "Apertura a las 7h, cierre a las 18h de la cripta, la basílica y las terrazas, cierre a las 18h15 de los aparcamientos.",
        "libelleDe" : "7:00 Uhr Öffnung, 18:00 Uhr Schließung der Krypta, der Basilika und der Terrassen, 18:15 Uhr Schließung der Parkplätze."
      },
      "horaireOuverture" : "07:00:00",
      "horaireFermeture" : "18:00:00",
      "type" : "OUVERTURE_SEMAINE",
      "tousLesAns" : true,
      "ouverturesJournalieres" : [ {
        "jour" : "LUNDI"
      }, {
        "jour" : "MARDI"
      }, {
        "jour" : "MERCREDI"
      }, {
        "jour" : "JEUDI"
      }, {
        "jour" : "VENDREDI"
      }, {
        "jour" : "SAMEDI"
      }, {
        "jour" : "DIMANCHE"
      } ],
      "identifiantTechnique" : 23921479
    } ]
  },
  "descriptionTarif" : {
    "indicationTarif" : "GRATUIT",
    "gratuit" : true,
    "tarifsEnClair" : {
      "libelleFr" : "Gratuit.",
      "libelleEn" : "Free of charge.",
      "libelleEs" : "Gratis.",
      "libelleIt" : "Gratuito.",
      "libelleDe" : "Kostenlos.",
      "libelleNl" : "Gratis.",
      "libelleRu" : "Бесплатно.",
      "libelleZh" : "免费.",
      "libellePtBR" : "Gratuito.",
      "libelleJa" : "無料."
    },
    "tarifsEnClairGenerationMode" : "AUTOMATIQUE",
    "complement" : { },
    "devise" : "EUR",
    "conditions" : { }
  },
  "reservation" : { },
  "criteresInternes" : [ {
    "id" : 10234
  }, {
    "id" : 12888
  }, {
    "id" : 12889
  }, {
    "id" : 12890
  }, {
    "id" : 12891
  }, {
    "id" : 13198
  }, {
    "id" : 13246
  }, {
    "id" : 13248
  }, {
    "id" : 16636
  }, {
    "id" : 16775
  }, {
    "id" : 16903
  }, {
    "id" : 18002
  } ],
  "contacts" : [ {
    "identifiant" : 17636561,
    "referent" : true,
    "civilite" : {
      "elementReferenceType" : "ContactCivilite",
      "id" : 443
    },
    "nom" : "BOUCHET",
    "prenom" : "Jacques",
    "fonction" : {
      "elementReferenceType" : "ContactFonction",
      "id" : 456
    }
  } ],
  "illustrations" : [ {
    "identifiant" : 11923087,
    "link" : false,
    "type" : "IMAGE",
    "nom" : {
      "libelleFr" : "Colline Notre Dame de la Garde Marseille"
    },
    "legende" : {
      "libelleFr" : "Colline Notre Dame de la Garde Marseille"
    },
    "copyright" : {
      "libelleFr" : "SB Office de Tourisme Marseille"
    },
    "traductionFichiers" : [ {
      "locale" : "fr",
      "url" : "https://static.apidae-tourisme.com/filestore/objets-touristiques/images/206/75/12012494.jpg",
      "urlListe" : "https://static.apidae-tourisme.com/filestore/objets-touristiques/images/206/75/12012494-liste.jpg",
      "urlFiche" : "https://static.apidae-tourisme.com/filestore/objets-touristiques/images/206/75/12012494-fiche.jpg",
      "urlDiaporama" : "https://static.apidae-tourisme.com/filestore/objets-touristiques/images/206/75/12012494-diaporama.jpg",
      "extension" : "jpg",
      "fileName" : "Colline fleurie ND Garde 2 SB",
      "taille" : 8219837,
      "hauteur" : 5504,
      "largeur" : 3096,
      "lastModifiedDate" : "2021-12-28T15:54:25.000+0000"
    } ],
    "locked" : false
  }, {
    "identifiant" : 11664911,
    "link" : false,
    "type" : "IMAGE",
    "nom" : {
      "libelleFr" : "Basilique Notre Dame de la Garde"
    },
    "legende" : {
      "libelleFr" : "Basilique Notre Dame de la Garde"
    },
    "copyright" : {
      "libelleFr" : "Basilique Notre Dame de la Garde"
    },
    "traductionFichiers" : [ {
      "locale" : "fr",
      "url" : "https://static.apidae-tourisme.com/filestore/objets-touristiques/images/176/156/11705520.jpg",
      "urlListe" : "https://static.apidae-tourisme.com/filestore/objets-touristiques/images/176/156/11705520-liste.jpg",
      "urlFiche" : "https://static.apidae-tourisme.com/filestore/objets-touristiques/images/176/156/11705520-fiche.jpg",
      "urlDiaporama" : "https://static.apidae-tourisme.com/filestore/objets-touristiques/images/176/156/11705520-diaporama.jpg",
      "extension" : "jpg",
      "fileName" : "full",
      "taille" : 174992,
      "hauteur" : 600,
      "largeur" : 800,
      "lastModifiedDate" : "2021-11-29T16:32:56.000+0000"
    } ],
    "locked" : false
  } ],
  "tourismeAffaires" : {
    "tourismeAffairesEnabled" : true,
    "sallesRestauration" : [ {
      "elementReferenceType" : "SalleRestauration",
      "id" : 1230
    } ]
  },
  "visites" : {
    "languesPanneauInformation" : [ {
      "elementReferenceType" : "Langue",
      "id" : 1189
    }, {
      "elementReferenceType" : "Langue",
      "id" : 1192
    }, {
      "elementReferenceType" : "Langue",
      "id" : 1194
    }, {
      "elementReferenceType" : "Langue",
      "id" : 1197
    }, {
      "elementReferenceType" : "Langue",
      "id" : 1200
    }, {
      "elementReferenceType" : "Langue",
      "id" : 4602
    }, {
      "elementReferenceType" : "Langue",
      "id" : 4605
    } ],
    "visitable" : true,
    "prestationsVisitesIndividuelles" : [ {
      "elementReferenceType" : "PrestationVisiteIndividuelle",
      "id" : 480
    }, {
      "elementReferenceType" : "PrestationVisiteIndividuelle",
      "id" : 483
    } ],
    "prestationsVisitesGroupees" : [ {
      "elementReferenceType" : "PrestationVisiteGroupee",
      "id" : 488
    }, {
      "elementReferenceType" : "PrestationVisiteGroupee",
      "id" : 491
    } ]
  },
  "territoires" : [ {
    "type" : "TERRITOIRE",
    "id" : 591381
  }, {
    "type" : "TERRITOIRE",
    "id" : 591419
  }, {
    "type" : "TERRITOIRE",
    "id" : 5127066
  }, {
    "type" : "TERRITOIRE",
    "id" : 5427637
  }, {
    "type" : "TERRITOIRE",
    "id" : 5460436
  }, {
    "type" : "TERRITOIRE",
    "id" : 5693878
  }, {
    "type" : "TERRITOIRE",
    "id" : 5693903
  }, {
    "type" : "TERRITOIRE",
    "id" : 6008197
  } ],
  "datesOuverture" : [ "2022-11-09", "2022-11-10", "2022-11-11", "2022-11-12", "2022-11-13", "2022-11-14", "2022-11-15", "2022-11-16", "2022-11-17", "2022-11-18", "2022-11-19", "2022-11-20", "2022-11-21", "2022-11-22", "2022-11-23", "2022-11-24", "2022-11-25", "2022-11-26", "2022-11-27", "2022-11-28", "2022-11-29", "2022-11-30", "2022-12-01", "2022-12-02", "2022-12-03", "2022-12-04", "2022-12-05", "2022-12-06", "2022-12-07", "2022-12-08", "2022-12-09", "2022-12-10", "2022-12-11", "2022-12-12", "2022-12-13", "2022-12-14", "2022-12-15", "2022-12-16", "2022-12-17", "2022-12-18", "2022-12-19", "2022-12-20", "2022-12-21", "2022-12-22", "2022-12-23", "2022-12-24", "2022-12-25", "2022-12-26", "2022-12-27", "2022-12-28", "2022-12-29", "2022-12-30", "2022-12-31", "2023-05-01", "2023-05-02", "2023-05-03", "2023-05-04", "2023-05-05", "2023-05-06", "2023-05-07", "2023-05-08", "2023-05-09", "2023-05-10", "2023-05-11", "2023-05-12", "2023-05-13", "2023-05-14", "2023-05-15", "2023-05-16", "2023-05-17", "2023-05-18", "2023-05-19", "2023-05-20", "2023-05-21", "2023-05-22", "2023-05-23", "2023-05-24", "2023-05-25", "2023-05-26", "2023-05-27", "2023-05-28", "2023-05-29", "2023-05-30", "2023-05-31", "2023-06-01", "2023-06-02", "2023-06-03", "2023-06-04", "2023-06-05", "2023-06-06", "2023-06-07", "2023-06-08", "2023-06-09", "2023-06-10", "2023-06-11", "2023-06-12", "2023-06-13", "2023-06-14", "2023-06-15", "2023-06-16", "2023-06-17", "2023-06-18", "2023-06-19", "2023-06-20", "2023-06-21", "2023-06-22", "2023-06-23", "2023-06-24", "2023-06-25", "2023-06-26", "2023-06-27", "2023-06-28", "2023-06-29", "2023-06-30", "2023-07-01", "2023-07-02", "2023-07-03", "2023-07-04", "2023-07-05", "2023-07-06", "2023-07-07", "2023-07-08", "2023-07-09", "2023-07-10", "2023-07-11", "2023-07-12", "2023-07-13", "2023-07-14", "2023-07-15", "2023-07-16", "2023-07-17", "2023-07-18", "2023-07-19", "2023-07-20", "2023-07-21", "2023-07-22", "2023-07-23", "2023-07-24", "2023-07-25", "2023-07-26", "2023-07-27", "2023-07-28", "2023-07-29", "2023-07-30", "2023-07-31", "2023-08-01", "2023-08-02", "2023-08-03", "2023-08-04", "2023-08-05", "2023-08-06", "2023-08-07", "2023-08-08", "2023-08-09", "2023-08-10", "2023-08-11", "2023-08-12", "2023-08-13", "2023-08-14", "2023-08-15", "2023-08-16", "2023-08-17", "2023-08-18", "2023-08-19", "2023-08-20", "2023-08-21", "2023-08-22", "2023-08-23", "2023-08-24", "2023-08-25", "2023-08-26", "2023-08-27", "2023-08-28", "2023-08-29", "2023-08-30", "2023-08-31", "2023-09-01", "2023-09-02", "2023-09-03", "2023-09-04", "2023-09-05", "2023-09-06", "2023-09-07", "2023-09-08", "2023-09-09", "2023-09-10", "2023-09-11", "2023-09-12", "2023-09-13", "2023-09-14", "2023-09-15", "2023-09-16", "2023-09-17", "2023-09-18", "2023-09-19", "2023-09-20", "2023-09-21", "2023-09-22", "2023-09-23", "2023-09-24", "2023-09-25", "2023-09-26", "2023-09-27", "2023-09-28", "2023-09-29", "2023-09-30", "2023-10-01", "2023-10-02", "2023-10-03", "2023-10-04", "2023-10-05", "2023-10-06", "2023-10-07", "2023-10-08", "2023-10-09", "2023-10-10", "2023-10-11", "2023-10-12", "2023-10-13", "2023-10-14", "2023-10-15", "2023-10-16", "2023-10-17", "2023-10-18", "2023-10-19", "2023-10-20", "2023-10-21", "2023-10-22", "2023-10-23", "2023-10-24", "2023-10-25", "2023-10-26", "2023-10-27", "2023-10-28", "2023-10-29", "2023-10-30", "2023-10-31", "2023-11-01", "2023-11-02", "2023-11-03", "2023-11-04", "2023-11-05", "2023-11-06", "2023-11-07", "2023-11-08", "2023-11-09", "2023-11-10", "2023-11-11", "2023-11-12", "2023-11-13", "2023-11-14", "2023-11-15", "2023-11-16", "2023-11-17", "2023-11-18", "2023-11-19", "2023-11-20", "2023-11-21", "2023-11-22", "2023-11-23", "2023-11-24", "2023-11-25", "2023-11-26", "2023-11-27", "2023-11-28", "2023-11-29", "2023-11-30", "2023-12-01", "2023-12-02", "2023-12-03", "2023-12-04", "2023-12-05", "2023-12-06", "2023-12-07", "2023-12-08", "2023-12-09", "2023-12-10", "2023-12-11", "2023-12-12", "2023-12-13", "2023-12-14", "2023-12-15", "2023-12-16", "2023-12-17", "2023-12-18", "2023-12-19", "2023-12-20", "2023-12-21", "2023-12-22", "2023-12-23", "2023-12-24", "2023-12-25", "2023-12-26", "2023-12-27", "2023-12-28", "2023-12-29", "2023-12-30", "2023-12-31", "2024-05-01", "2024-05-02", "2024-05-03", "2024-05-04", "2024-05-05", "2024-05-06", "2024-05-07", "2024-05-08", "2024-05-09", "2024-05-10", "2024-05-11", "2024-05-12", "2024-05-13", "2024-05-14", "2024-05-15", "2024-05-16", "2024-05-17", "2024-05-18", "2024-05-19", "2024-05-20", "2024-05-21", "2024-05-22", "2024-05-23", "2024-05-24", "2024-05-25", "2024-05-26", "2024-05-27", "2024-05-28", "2024-05-29", "2024-05-30", "2024-05-31", "2024-06-01", "2024-06-02", "2024-06-03", "2024-06-04", "2024-06-05", "2024-06-06", "2024-06-07", "2024-06-08", "2024-06-09", "2024-06-10", "2024-06-11", "2024-06-12", "2024-06-13", "2024-06-14", "2024-06-15", "2024-06-16", "2024-06-17", "2024-06-18", "2024-06-19", "2024-06-20", "2024-06-21", "2024-06-22", "2024-06-23", "2024-06-24", "2024-06-25", "2024-06-26", "2024-06-27", "2024-06-28", "2024-06-29", "2024-06-30", "2024-07-01", "2024-07-02", "2024-07-03", "2024-07-04", "2024-07-05", "2024-07-06", "2024-07-07", "2024-07-08", "2024-07-09", "2024-07-10", "2024-07-11", "2024-07-12", "2024-07-13", "2024-07-14", "2024-07-15", "2024-07-16", "2024-07-17", "2024-07-18", "2024-07-19", "2024-07-20", "2024-07-21", "2024-07-22", "2024-07-23", "2024-07-24", "2024-07-25", "2024-07-26", "2024-07-27", "2024-07-28", "2024-07-29", "2024-07-30", "2024-07-31", "2024-08-01", "2024-08-02", "2024-08-03", "2024-08-04", "2024-08-05", "2024-08-06", "2024-08-07", "2024-08-08", "2024-08-09", "2024-08-10", "2024-08-11", "2024-08-12", "2024-08-13", "2024-08-14", "2024-08-15", "2024-08-16", "2024-08-17", "2024-08-18", "2024-08-19", "2024-08-20", "2024-08-21", "2024-08-22", "2024-08-23", "2024-08-24", "2024-08-25", "2024-08-26", "2024-08-27", "2024-08-28", "2024-08-29", "2024-08-30", "2024-08-31", "2024-09-01", "2024-09-02", "2024-09-03", "2024-09-04", "2024-09-05", "2024-09-06", "2024-09-07", "2024-09-08", "2024-09-09", "2024-09-10", "2024-09-11", "2024-09-12", "2024-09-13", "2024-09-14", "2024-09-15", "2024-09-16", "2024-09-17", "2024-09-18", "2024-09-19", "2024-09-20", "2024-09-21", "2024-09-22", "2024-09-23", "2024-09-24", "2024-09-25", "2024-09-26", "2024-09-27", "2024-09-28", "2024-09-29", "2024-09-30", "2024-10-01", "2024-10-02", "2024-10-03", "2024-10-04", "2024-10-05", "2024-10-06", "2024-10-07", "2024-10-08", "2024-10-09", "2024-10-10", "2024-10-11", "2024-10-12", "2024-10-13", "2024-10-14", "2024-10-15", "2024-10-16", "2024-10-17", "2024-10-18", "2024-10-19", "2024-10-20", "2024-10-21", "2024-10-22", "2024-10-23", "2024-10-24", "2024-10-25", "2024-10-26", "2024-10-27", "2024-10-28", "2024-10-29", "2024-10-30", "2024-10-31", "2024-11-01", "2024-11-02", "2024-11-03", "2024-11-04", "2024-11-05", "2024-11-06", "2024-11-07", "2024-11-08" ],
  "informationsPatrimoineCulturel" : {
    "patrimoineCulturelType" : {
      "elementReferenceType" : "PatrimoineCulturelType",
      "id" : 3203
    },
    "themes" : [ {
      "elementReferenceType" : "PatrimoineCulturelTheme",
      "id" : 3488
    }, {
      "elementReferenceType" : "PatrimoineCulturelTheme",
      "id" : 3527
    } ],
    "categories" : [ {
      "elementReferenceType" : "PatrimoineCulturelCategorie",
      "id" : 3365
    } ]
  },
  "formatVersion" : "v002",
  "expiration" : { },
  "informationsPrestataireActivites" : {
    "prestataireActivites" : true
  },
  "enquete" : { },
  "donneesPrivees" : [ {
    "nomTechnique" : "1947_Id_patio",
    "libelleFr" : "Id_Patio",
    "ordre" : 1,
    "descriptif" : {
      "libelleFr" : "13T2000019"
    }
  }, {
    "nomTechnique" : "1947_Source_patio",
    "libelleFr" : "Source_Patio",
    "ordre" : 2,
    "descriptif" : {
      "libelleFr" : "OT Marseille"
    }
  }, {
    "nomTechnique" : "1947_Url_patio",
    "libelleFr" : "URL_Patio",
    "ordre" : 3,
    "descriptif" : {
      "libelleFr" : "http://www.marseille-tourisme.com"
    }
  } ],
  "metadonnees" : [ {
    "noeudId" : "fairguest",
    "contenus" : [ {
      "cible" : "general",
      "metadonnee" : {
        "note" : 9.5,
        "label" : "Excellent",
        "couleur" : "#277712",
        "nombreAvis" : 20624,
        "dateMaj" : 1667918607027
      }
    } ]
  } ]
}