{
  "type" : "PATRIMOINE_CULTUREL",
  "id" : 5538575,
  "nom" : {
    "libelleFr" : "Lou Pitchoun Museon Dou Calissoun",
    "libelleEn" : "Lou Pitchoun Museon Dou Calissoun",
    "libelleEs" : "Lou Pitchoun Museon Dou Calissoun",
    "libelleIt" : "Lou Pitchoun Museon Dou Calissoun",
    "libelleDe" : "Lou Pitchoun Museon Dou Calissoun",
    "libelleNl" : "Lou Pitchoun Museon Dou Calissoun"
  },
  "identifier" : "SITRA2_PCU_5538575",
  "state" : "PUBLISHED",
  "gestion" : {
    "dateCreation" : "2020-05-26T19:55:27.862+0000",
    "dateModification" : "2022-02-16T16:45:37.836+0000",
    "dateExportModification" : "2022-10-17T12:22:42.408+0000",
    "membreProprietaire" : {
      "type" : {
        "elementReferenceType" : "MembreSitraType",
        "id" : 233
      },
      "nom" : "Office de Tourisme d'Aix en Provence",
      "dateCreation" : "2020-02-14T10:34:37.912+0000",
      "dateModification" : "2022-10-24T08:49:34.452+0000",
      "id" : 1988,
      "siteWeb" : "http://www.aixenprovencetourism.com"
    },
    "signalerUnProblemeMails" : [ "jchevalier@aixenprovencetourism.com", "sdardenne@aixenprovencetourism.com", "vmontpellaz@aixenprovencetourism.com" ]
  },
  "informations" : {
    "moyensCommunication" : [ {
      "identifiant" : 77136089,
      "type" : {
        "elementReferenceType" : "MoyenCommunicationType",
        "id" : 201
      },
      "coordonnees" : {
        "fr" : "06 17 42 17 91"
      }
    }, {
      "identifiant" : 77136090,
      "type" : {
        "elementReferenceType" : "MoyenCommunicationType",
        "id" : 204
      },
      "coordonnees" : {
        "fr" : "flopinrichard@orange.fr"
      }
    }, {
      "identifiant" : 77136091,
      "type" : {
        "elementReferenceType" : "MoyenCommunicationType",
        "id" : 204
      },
      "coordonnees" : {
        "fr" : "excalisson.com@gmail.com"
      }
    } ],
    "informationsLegales" : { },
    "structureGestion" : {
      "type" : "STRUCTURE",
      "id" : 5473219
    }
  },
  "presentation" : {
    "descriptifCourt" : {
      "libelleFr" : "Inauguré le 10 novembre 2018 par Serge Billet, MOF et Champion du monde de pâtisserie, le petit musée dédié à la friandise aixoise du XVe siècle le calisson se situe à deux pas de l'église Saint-Jean de Malte et du musée Granet, quartier Mazarin",
      "libelleEn" : "Inaugurated on November 10, 2018 by Serge Billet, MOF and World Pastry Champion, the small museum dedicated to the 15th century Aix delicacy the calisson is located just a stone's throw from the Saint-Jean de Malte church and the Granet museum, Mazarin district",
      "libelleEs" : "Inaugurado el 10 de noviembre de 2018 por Serge Billet, MOF y Campeón del Mundo de Pastelería, el pequeño museo dedicado al manjar de Aix del siglo XV, la calisson, está situado a dos pasos de la iglesia de Saint-Jean de Malte y del museo Granet, en el barrio de Mazarin",
      "libelleDe" : "Das am 10. November 2018 von Serge Billet, MOF und Weltmeister der Patisserie, eröffnete kleine Museum, das der Aachener Süßigkeit des 15. Jahrhunderts, dem Calisson, gewidmet ist, liegt nur wenige Schritte von der Kirche Saint-Jean de Malte und dem Musée Granet entfernt im Quartier Mazarin."
    },
    "descriptifDetaille" : {
      "libelleFr" : "Cet espace, (nouveau siège de la Confrérie des Compagnons du Calisson), est une visite touristique importante pour les amoureux de culture provençale et toute personne intéressée par l'histoire du calisson et de l'amande. N'oublions pas qu'Aix a été la capitale mondiale des amandes au siècle dernier. On peut y découvrir d'anciens outils de calissonniers et confiseurs comme un égouttoir pour fruits confits, un crible pour amandes, une machine à confectionner les calissons, une boudineuse à pâte d'amandes, ainsi que des archives d'époque telles l'ordre de réquisition des cloches de l'église Saint-Jean-de Malte par Bonaparte, l'historique du voeu Martelly de 1630 et de la légendaire bénédiction des calissons et autres documents retraçant l'histoire de cette friandise entrée dans le patrimoine gourmand de la ville d'Aix.\r\n\r\nDes visites guidées, destinées à des visiteurs individuels ou pour des groupes (20 personnes maximum) peuvent être programmées par le musée. Des conférences sur l'histoire du calisson peuvent également être organisées par le doyen des calissonniers aixois sur demande.\r\n\r\nBonne découverte ou redécouverte à tous !",
      "libelleEn" : "This space, (new headquarters of the Confrérie des Compagnons du Calisson), is an important tourist visit for lovers of Provencal culture and anyone interested in the history of the calisson and the almond. Let us not forget that Aix was the world capital of almonds in the last century. You can discover old tools of calissonniers and confectioners such as a drainer for candied fruits, a sieve for almonds, a machine to make calissons, a plodder for almond paste, as well as period archives such as the order of requisition of the bells of the Saint-Jean-de-Malte church by Bonaparte, the history of the Martelly vow of 1630 and the legendary blessing of the calissons and other documents retracing the history of this delicacy that has become part of the gourmet heritage of the city of Aix.\r\n\r\nGuided tours, intended for individual visitors or for groups (20 people maximum) can be scheduled by the museum. Conferences on the history of the calisson can also be organized by the dean of the calisson makers of Aix on request.\r\n\r\nGood discovery or rediscovery to all!",
      "libelleEs" : "Este espacio, (nueva sede de la Confrérie des Compagnons du Calisson), es una importante visita turística para los amantes de la cultura provenzal y cualquier persona interesada en la historia del calisson y la almendra. No olvidemos que Aix fue la capital mundial de la almendra en el siglo pasado. Podrá descubrir antiguos utensilios de calisoneros y pasteleros como un escurridor de frutas confitadas, un tamiz para almendras, una máquina para hacer calissons, una plodadora de pasta de almendras, así como archivos de época como la orden de requisición de las campanas de la iglesia de Saint-Jean-de Malte por parte de Bonaparte, la historia del voto Martelly de 1630 y la legendaria bendición de los calissons y otros documentos que recorren la historia de este manjar que ha pasado a formar parte del patrimonio gastronómico de la ciudad de Aix.\r\n\r\nEl museo puede programar visitas guiadas, destinadas a visitantes individuales o a grupos (20 personas como máximo). El decano de los calisoneros de Aix también puede organizar conferencias sobre la historia del calisón, previa solicitud.\r\n\r\n¡Feliz descubrimiento o redescubrimiento a todos!",
      "libelleDe" : "Dieser Bereich (neuer Sitz der Bruderschaft der Compagnons du Calisson) ist ein wichtiger touristischer Besuch für Liebhaber der provenzalischen Kultur und alle, die sich für die Geschichte des Calissons und der Mandel interessieren. Man darf nicht vergessen, dass Aix im letzten Jahrhundert die Welthauptstadt der Mandeln war. Zu sehen sind alte Werkzeuge der Calissonniers und Confiseure wie ein Abtropfgestell für kandierte Früchte, ein Sieb für Mandeln, eine Maschine zur Herstellung von Calissons, eine Strangpresse für Mandelpaste, sowie Archive aus der damaligen Zeit wie der Befehl Bonapartes zur Beschlagnahmung der Glocken der Kirche Saint-Jean-de Malte, die Geschichte des Martelly-Gelübdes von 1630 und der legendären Segnung der Calissons und andere Dokumente, die die Geschichte dieser Süßigkeit nachzeichnen, die in das lukullische Erbe der Stadt Aix eingegangen ist.\r\n\r\nFührungen, die sich an Einzelbesucher oder Gruppen (maximal 20 Personen) richten, können vom Museum geplant werden. Auf Anfrage können auch Vorträge über die Geschichte des Calissons vom Doyen der Calissonniers Aixois organisiert werden.\r\n\r\nWir wünschen allen viel Spaß beim Entdecken oder Wiederentdecken!"
    }
  },
  "localisation" : {
    "adresse" : {
      "adresse1" : "2 Rue Cardinale",
      "codePostal" : "13100",
      "bureauDistribution" : "AIX EN PROVENCE",
      "commune" : {
        "id" : 4412
      }
    },
    "geolocalisation" : {
      "valide" : true,
      "geoJson" : {
        "type" : "Point",
        "coordinates" : [ 5.452960, 43.525900 ]
      }
    },
    "perimetreGeographique" : [ {
      "id" : 4412
    } ]
  },
  "liens" : { },
  "prestations" : {
    "services" : [ {
      "elementReferenceType" : "PrestationService",
      "id" : 1190
    } ],
    "animauxAcceptes" : "NON_ACCEPTES",
    "animauxAcceptesSupplement" : "NON_DISPONIBLE",
    "complementAccueil" : {
      "libelleFr" : "Accessible pour handicapés",
      "libelleEn" : "Accessible for disabled",
      "libelleIt" : "Accessibile ai disabili",
      "libelleDe" : "Zugänglich für Behinderte",
      "libelleNl" : "Toegankelijk voor mensen met een handicap"
    }
  },
  "ouverture" : {
    "periodeEnClair" : {
      "libelleFr" : "Du 01/01 au 31/12/2022, tous les lundis, mardis, mercredis, jeudis, vendredis et samedis.\nSur rendez-vous.",
      "libelleEn" : "From 01/01 to 31/12/2022, every Monday, Tuesday, Wednesday, Thursday, Friday and Saturday.\nBy appointment.",
      "libelleEs" : "Del 01/01 al 31/12/2022, todos los lunes, martes, miércoles, jueves, viernes y sábados.\nCon cita previa.",
      "libelleIt" : "Dal 01/01 al 31/12/2022, tutti i lunedì, martedì, mercoledì, giovedì, venerdì e sabati.",
      "libelleDe" : "Vom 01/01 bis 31/12/2022, jeden Montag, Dienstag, Mittwoch, Donnerstag, Freitag und Samstag.\nNach Vereinbarung.",
      "libelleNl" : "Van 01/01 tot en met 31/12/2022, elke maandag, dinsdag, woensdag, donderdag, vrijdag en zaterdag.",
      "libelleRu" : "С 01/01 до 31/12/2022, каждый понедельники, вторники, среды, четверги, пятницы и субботы.",
      "libelleZh" : "从 1月1日 到 2022年12月31日, 每星期一, 星期二, 星期三, 星期四, 星期五 和 星期六.",
      "libellePtBR" : "De 01/01 a 31/12/2022, todas as segundas-feiras, terças-feiras, quartas-feiras, quintas-feiras, sextas-feiras e sábados.",
      "libelleJa" : "01/01 から 31/12/2022 まで, 毎月曜日, 火曜日, 水曜日, 木曜日, 金曜日 と 土曜日."
    },
    "periodeEnClairGenerationMode" : "AUTOMATIQUE",
    "indicationsPeriode" : [ {
      "elementReferenceType" : "IndicationPeriode",
      "id" : 416
    }, {
      "elementReferenceType" : "IndicationPeriode",
      "id" : 418
    }, {
      "elementReferenceType" : "IndicationPeriode",
      "id" : 435
    }, {
      "elementReferenceType" : "IndicationPeriode",
      "id" : 436
    } ],
    "periodesOuvertures" : [ {
      "identifiant" : 19628820,
      "dateDebut" : "2022-01-01",
      "dateFin" : "2022-12-31",
      "complementHoraire" : {
        "libelleFr" : "Sur rendez-vous",
        "libelleEn" : "By appointment",
        "libelleEs" : "Con cita previa",
        "libelleDe" : "Nach Vereinbarung"
      },
      "type" : "OUVERTURE_SEMAINE",
      "tousLesAns" : false,
      "ouverturesJournalieres" : [ {
        "jour" : "LUNDI"
      }, {
        "jour" : "MARDI"
      }, {
        "jour" : "MERCREDI"
      }, {
        "jour" : "JEUDI"
      }, {
        "jour" : "VENDREDI"
      }, {
        "jour" : "SAMEDI"
      } ],
      "identifiantTechnique" : 22720058
    } ]
  },
  "descriptionTarif" : {
    "indicationTarif" : "PARTICIPATION_LIBRE",
    "gratuit" : true,
    "tarifsEnClair" : {
      "libelleFr" : "Participation libre. Entrée gratuite sur rendez-vous.",
      "libelleEn" : "Free to participate. Free admission by appointment.",
      "libelleEs" : "Participación libre. Entrada gratuita con cita previa.",
      "libelleIt" : "Partecipazione libera.",
      "libelleDe" : "Teilnahme frei. Freier Eintritt nach Vereinbarung.",
      "libelleNl" : "Vrije bijdrage.",
      "libelleRu" : "��ход свободный.",
      "libelleZh" : "自由参加.",
      "libellePtBR" : "Participação livre.",
      "libelleJa" : "参加無料."
    },
    "tarifsEnClairGenerationMode" : "AUTOMATIQUE",
    "complement" : {
      "libelleFr" : "Entrée gratuite sur rendez-vous.",
      "libelleEn" : "Free admission by appointment.",
      "libelleEs" : "Entrada gratuita con cita previa.",
      "libelleDe" : "Freier Eintritt nach Vereinbarung."
    },
    "devise" : "EUR",
    "conditions" : { }
  },
  "reservation" : { },
  "criteresInternes" : [ {
    "id" : 18002
  } ],
  "contacts" : [ {
    "identifiant" : 20147795,
    "referent" : true,
    "civilite" : {
      "elementReferenceType" : "ContactCivilite",
      "id" : 443
    },
    "nom" : "Flopin",
    "prenom" : "Richard",
    "fonction" : {
      "elementReferenceType" : "ContactFonction",
      "id" : 460
    },
    "moyensCommunication" : [ {
      "identifiant" : 95498427,
      "type" : {
        "elementReferenceType" : "MoyenCommunicationType",
        "id" : 204
      },
      "coordonnees" : {
        "fr" : "flopinrichard@orange.fr"
      }
    } ]
  } ],
  "illustrations" : [ {
    "identifiant" : 8712657,
    "link" : false,
    "type" : "IMAGE",
    "nom" : {
      "libelleFr" : "13MUS000065_1_HD.jpg"
    },
    "copyright" : {
      "libelleFr" : "Jean-Claude Blanc"
    },
    "traductionFichiers" : [ {
      "locale" : "fr",
      "url" : "https://static.apidae-tourisme.com/filestore/objets-touristiques/images/121/77/8473977.jpg",
      "urlListe" : "https://static.apidae-tourisme.com/filestore/objets-touristiques/images/121/77/8473977-liste.jpg",
      "urlFiche" : "https://static.apidae-tourisme.com/filestore/objets-touristiques/images/121/77/8473977-fiche.jpg",
      "urlDiaporama" : "https://static.apidae-tourisme.com/filestore/objets-touristiques/images/121/77/8473977-diaporama.jpg",
      "extension" : "jpg",
      "fileName" : "full",
      "taille" : 140562,
      "hauteur" : 600,
      "largeur" : 800,
      "lastModifiedDate" : "2020-09-04T04:05:02.000+0000"
    } ],
    "locked" : false
  }, {
    "identifiant" : 8712658,
    "link" : false,
    "type" : "IMAGE",
    "nom" : {
      "libelleFr" : "13MUS000065_2_HD.jpg"
    },
    "copyright" : {
      "libelleFr" : "Jean-Claude Blanc"
    },
    "traductionFichiers" : [ {
      "locale" : "fr",
      "url" : "https://static.apidae-tourisme.com/filestore/objets-touristiques/images/122/77/8473978.jpg",
      "urlListe" : "https://static.apidae-tourisme.com/filestore/objets-touristiques/images/122/77/8473978-liste.jpg",
      "urlFiche" : "https://static.apidae-tourisme.com/filestore/objets-touristiques/images/122/77/8473978-fiche.jpg",
      "urlDiaporama" : "https://static.apidae-tourisme.com/filestore/objets-touristiques/images/122/77/8473978-diaporama.jpg",
      "extension" : "jpg",
      "fileName" : "full",
      "taille" : 107444,
      "hauteur" : 600,
      "largeur" : 800,
      "lastModifiedDate" : "2020-09-04T04:05:02.000+0000"
    } ],
    "locked" : false
  }, {
    "identifiant" : 8712659,
    "link" : false,
    "type" : "IMAGE",
    "nom" : {
      "libelleFr" : "13MUS000065_3_HD.jpg"
    },
    "copyright" : {
      "libelleFr" : "Jean-Claude Blanc"
    },
    "traductionFichiers" : [ {
      "locale" : "fr",
      "url" : "https://static.apidae-tourisme.com/filestore/objets-touristiques/images/123/77/8473979.jpg",
      "urlListe" : "https://static.apidae-tourisme.com/filestore/objets-touristiques/images/123/77/8473979-liste.jpg",
      "urlFiche" : "https://static.apidae-tourisme.com/filestore/objets-touristiques/images/123/77/8473979-fiche.jpg",
      "urlDiaporama" : "https://static.apidae-tourisme.com/filestore/objets-touristiques/images/123/77/8473979-diaporama.jpg",
      "extension" : "jpg",
      "fileName" : "full",
      "taille" : 110083,
      "hauteur" : 600,
      "largeur" : 800,
      "lastModifiedDate" : "2020-09-04T04:05:00.000+0000"
    } ],
    "locked" : false
  }, {
    "identifiant" : 8712660,
    "link" : false,
    "type" : "IMAGE",
    "nom" : {
      "libelleFr" : "13MUS000065_4_HD.jpg"
    },
    "copyright" : {
      "libelleFr" : "Jean-Claude Blanc"
    },
    "traductionFichiers" : [ {
      "locale" : "fr",
      "url" : "https://static.apidae-tourisme.com/filestore/objets-touristiques/images/124/77/8473980.jpg",
      "urlListe" : "https://static.apidae-tourisme.com/filestore/objets-touristiques/images/124/77/8473980-liste.jpg",
      "urlFiche" : "https://static.apidae-tourisme.com/filestore/objets-touristiques/images/124/77/8473980-fiche.jpg",
      "urlDiaporama" : "https://static.apidae-tourisme.com/filestore/objets-touristiques/images/124/77/8473980-diaporama.jpg",
      "extension" : "jpg",
      "fileName" : "full",
      "taille" : 112751,
      "hauteur" : 600,
      "largeur" : 800,
      "lastModifiedDate" : "2020-09-04T04:05:01.000+0000"
    } ],
    "locked" : false
  }, {
    "identifiant" : 8712661,
    "link" : false,
    "type" : "IMAGE",
    "nom" : {
      "libelleFr" : "13MUS000065_5_HD.jpg"
    },
    "copyright" : {
      "libelleFr" : "Jean-Claude Blanc"
    },
    "traductionFichiers" : [ {
      "locale" : "fr",
      "url" : "https://static.apidae-tourisme.com/filestore/objets-touristiques/images/125/77/8473981.jpg",
      "urlListe" : "https://static.apidae-tourisme.com/filestore/objets-touristiques/images/125/77/8473981-liste.jpg",
      "urlFiche" : "https://static.apidae-tourisme.com/filestore/objets-touristiques/images/125/77/8473981-fiche.jpg",
      "urlDiaporama" : "https://static.apidae-tourisme.com/filestore/objets-touristiques/images/125/77/8473981-diaporama.jpg",
      "extension" : "jpg",
      "fileName" : "full",
      "taille" : 128961,
      "hauteur" : 600,
      "largeur" : 800,
      "lastModifiedDate" : "2020-09-04T04:05:01.000+0000"
    } ],
    "locked" : false
  }, {
    "identifiant" : 8712662,
    "link" : false,
    "type" : "IMAGE",
    "nom" : {
      "libelleFr" : "13MUS000065_6_HD.jpg"
    },
    "copyright" : {
      "libelleFr" : "Jean-Claude Blanc"
    },
    "traductionFichiers" : [ {
      "locale" : "fr",
      "url" : "https://static.apidae-tourisme.com/filestore/objets-touristiques/images/126/77/8473982.jpg",
      "urlListe" : "https://static.apidae-tourisme.com/filestore/objets-touristiques/images/126/77/8473982-liste.jpg",
      "urlFiche" : "https://static.apidae-tourisme.com/filestore/objets-touristiques/images/126/77/8473982-fiche.jpg",
      "urlDiaporama" : "https://static.apidae-tourisme.com/filestore/objets-touristiques/images/126/77/8473982-diaporama.jpg",
      "extension" : "jpg",
      "fileName" : "full",
      "taille" : 113499,
      "hauteur" : 600,
      "largeur" : 800,
      "lastModifiedDate" : "2020-09-04T04:05:01.000+0000"
    } ],
    "locked" : false
  }, {
    "identifiant" : 8712663,
    "link" : false,
    "type" : "IMAGE",
    "nom" : {
      "libelleFr" : "13MUS000065_7_HD.jpg"
    },
    "copyright" : {
      "libelleFr" : "Jean-Claude Blanc"
    },
    "traductionFichiers" : [ {
      "locale" : "fr",
      "url" : "https://static.apidae-tourisme.com/filestore/objets-touristiques/images/127/77/8473983.jpg",
      "urlListe" : "https://static.apidae-tourisme.com/filestore/objets-touristiques/images/127/77/8473983-liste.jpg",
      "urlFiche" : "https://static.apidae-tourisme.com/filestore/objets-touristiques/images/127/77/8473983-fiche.jpg",
      "urlDiaporama" : "https://static.apidae-tourisme.com/filestore/objets-touristiques/images/127/77/8473983-diaporama.jpg",
      "extension" : "jpg",
      "fileName" : "full",
      "taille" : 137381,
      "hauteur" : 600,
      "largeur" : 800,
      "lastModifiedDate" : "2020-09-04T04:05:00.000+0000"
    } ],
    "locked" : false
  } ],
  "visites" : {
    "visitable" : false
  },
  "territoires" : [ {
    "type" : "TERRITOIRE",
    "id" : 591381
  }, {
    "type" : "TERRITOIRE",
    "id" : 591419
  }, {
    "type" : "TERRITOIRE",
    "id" : 5127066
  }, {
    "type" : "TERRITOIRE",
    "id" : 5427620
  }, {
    "type" : "TERRITOIRE",
    "id" : 5427637
  }, {
    "type" : "TERRITOIRE",
    "id" : 5460325
  }, {
    "type" : "TERRITOIRE",
    "id" : 5693839
  }, {
    "type" : "TERRITOIRE",
    "id" : 5775948
  }, {
    "type" : "TERRITOIRE",
    "id" : 5853930
  } ],
  "datesOuverture" : [ "2022-10-17", "2022-10-18", "2022-10-19", "2022-10-20", "2022-10-21", "2022-10-22", "2022-10-24", "2022-10-25", "2022-10-26", "2022-10-27", "2022-10-28", "2022-10-29", "2022-10-31", "2022-11-01", "2022-11-02", "2022-11-03", "2022-11-04", "2022-11-05", "2022-11-07", "2022-11-08", "2022-11-09", "2022-11-10", "2022-11-11", "2022-11-12", "2022-11-14", "2022-11-15", "2022-11-16", "2022-11-17", "2022-11-18", "2022-11-19", "2022-11-21", "2022-11-22", "2022-11-23", "2022-11-24", "2022-11-25", "2022-11-26", "2022-11-28", "2022-11-29", "2022-11-30", "2022-12-01", "2022-12-02", "2022-12-03", "2022-12-05", "2022-12-06", "2022-12-07", "2022-12-08", "2022-12-09", "2022-12-10", "2022-12-12", "2022-12-13", "2022-12-14", "2022-12-15", "2022-12-16", "2022-12-17", "2022-12-19", "2022-12-20", "2022-12-21", "2022-12-22", "2022-12-23", "2022-12-24", "2022-12-26", "2022-12-27", "2022-12-28", "2022-12-29", "2022-12-30", "2022-12-31" ],
  "informationsPatrimoineCulturel" : {
    "patrimoineCulturelType" : {
      "elementReferenceType" : "PatrimoineCulturelType",
      "id" : 3201
    }
  },
  "formatVersion" : "v002",
  "expiration" : {
    "dateExpiration" : "2022-12-31T00:00:00.000+0000"
  },
  "informationsPrestataireActivites" : {
    "prestataireActivites" : true
  },
  "enquete" : {
    "enquetes" : [ {
      "identifiant" : 1826638,
      "annee" : 2022,
      "retour" : true,
      "titre" : {
        "elementReferenceType" : "EnqueteTitre",
        "id" : 3934
      }
    } ]
  },
  "donneesPrivees" : [ {
    "nomTechnique" : "1947_Id_patio",
    "libelleFr" : "Id_Patio",
    "ordre" : 1,
    "descriptif" : {
      "libelleFr" : "13MUS000065"
    }
  }, {
    "nomTechnique" : "1947_Source_patio",
    "libelleFr" : "Source_Patio",
    "ordre" : 2,
    "descriptif" : {
      "libelleFr" : "OT Aix en Provence"
    }
  }, {
    "nomTechnique" : "1947_Url_patio",
    "libelleFr" : "URL_Patio",
    "ordre" : 3,
    "descriptif" : {
      "libelleFr" : "http://www.aixenprovencetourism.com"
    }
  } ]
}