{
  "type" : "PATRIMOINE_CULTUREL",
  "id" : 5538270,
  "nom" : {
    "libelleFr" : "Le Vieux Port",
    "libelleEn" : "The old port",
    "libelleEs" : "El Vieux Port",
    "libelleIt" : "Il Vecchio Porto",
    "libelleDe" : "Alter Hafen",
    "libelleNl" : "Le Vieux Port"
  },
  "identifier" : "SITRA2_PCU_5538270",
  "state" : "PUBLISHED",
  "gestion" : {
    "dateCreation" : "2020-05-26T17:22:15.246+0000",
    "dateModification" : "2022-02-22T14:40:42.725+0000",
    "dateExportModification" : "2022-07-01T09:40:18.765+0000",
    "membreProprietaire" : {
      "type" : {
        "elementReferenceType" : "MembreSitraType",
        "id" : 233
      },
      "nom" : "Office Métropolitain de tourisme et des congrès de Marseille",
      "dateCreation" : "2017-02-13T09:29:30.842+0000",
      "dateModification" : "2022-10-24T08:49:48.642+0000",
      "id" : 1490,
      "siteWeb" : "http://www.marseille-tourisme.com"
    },
    "signalerUnProblemeMails" : [ "alegrand@marseille-tourisme.com", "hcochet@marseille-tourisme.com", "jorengo@marseille-tourisme.com", "lchavet@marseille-tourisme.com", "mamadier@marseille-tourisme.com", "sbenimeli@marseille-tourisme.com" ]
  },
  "informations" : {
    "informationsLegales" : { },
    "structureGestion" : {
      "type" : "STRUCTURE",
      "id" : 5223955
    }
  },
  "presentation" : {
    "descriptifCourt" : {
      "libelleFr" : "Avec ses 2600 ans d’existence, Marseille est la doyenne des villes françaises. En effet, c’est en 600 avant J.-C. que des Grecs venus de Phocée (actuellement en Turquie) ont débarqué dans la calanque du Lacydon habitée par un peuple celto-ligure.",
      "libelleEn" : "Marseille can claim to have existed for 2,600 years and therefore qualifies as France's oldest city. In 600 B.C., Greeks from Phocaea (in present-day Turkey) arrived in the Lacydon creek which was then inhabited by people belonging to the Ligurian branch of the Celts.",
      "libelleEs" : "Con más de 2 600 años de existencia, Marsella es la ciudad francesa más antigua. En efecto, en el 600 antes de Jesucristo los Griegos procedentes de Focea en Asia Menor (actual Turquía) desembarcan en una cala de Lacidón habitada un pueblo celta-ligur.",
      "libelleDe" : "Mit 2 600 Jahren ist Marseille die älteste Stadt Frankreichs. Gegründet wurde sie 600 Jahre vor unserer Zeitrechnung von Griechen, die aus Phokäa kamen (heute zu Izmir in der Türkei gehörend), und sich in der von Keltoliguren besiedelten Calanque Lacydon niederließen."
    },
    "descriptifDetaille" : {
      "libelleFr" : "La légende raconte que Massalia est née d’une histoire d’amour, celle de Protis le grec et de Gyptis la fille du chef ligure. Dédaignant princes et héritiers elle choisit comme époux le bel aventurier.\r\nLe choix de ce site n’est pas innocent la rive nord sur laquelle fut établie la cité était protégée par trois collines (Saint-Laurent, les Moulins et les Carmes) et bénéficiait en outre de l’eau pure de la source du Lacydon. De plus, les îles de Pomègues et Ratonneau constituent une barrière défensive naturelle non négligeable. Durant tout l’Antiquité et le Moyen Age la ville grecque de Massalia, la ville romaine de Massilia et la ville médiévale de Masiho se développa sur cette rive nord jusqu’à ce que Louis XIV en 1666 ordonne son agrandissement vers le sud. L’entrée du port allait désormais être gardée par deux forts, le fort Saint-Nicolas au Sud et le fort Saint-Jean au Nord.\r\nUne des silhouettes symboles du Vieux-Port a été aussi le Pont transbordeur, ouvrage métallique commandé aux Ateliers Arnodin en 1903 et inauguré deux ans plus tard entre les forts Saint-Nicolas et Saint-Jean. Un des pylônes ayant été ébranlé en 1944 lors d’une explosion, le pont a été complètement détruit après la guerre. Cher au coeur des marseillais, le Pont Transbordeur a été immortalisée par la peinture, la photographie mais aussi par le cinéma.\r\nLe Ferry-boat.\r\nC’est au départ de l’Hôtel de Ville, que le Ferry-boat, bateau cher à Marcel Pagnol, effectue plusieurs fois par jour la traversée du Vieux-Port . Il est entré en service en juin 1880, inaugurant ainsi le célèbre trajet « mairie-place aux Huiles ». Aujourd'hui, il fait l'objet d'une restauration. Une navette assure les trajets durant cette période.\r\nL’église Saint-Ferréol\r\nA l’emplacement de l’église actuelle s’élevait, au XIIe siècle, la commanderie des Templiers. Après la suppression de l’Ordre du Temple et la dispersion de ses membres, les religieux augustins achetèrent en 1369 les bâtiments. Ils entreprennent la construction de l’église gothique, consacrée en 1542, mais complètement achevée en 1588. Le clocher, très italien, date du XVIIIe siècle. Pendant la Révolution, le couvent est vendu par lots et seule subsiste l’église. Elle est érigée en paroisse en 1803 sous le vocable de Saint-Ferréol en souvenir de la collégiale du même nom détruite en 1794 (à la place de l’actuelle préfecture, place Félix Baret). A l’origine l’édifice comportait 5 travées et 12 chapelles latérales, mais des travaux d’urbanisme devaient détruire en 1804 deux travées, ce qui déséquilibre l’harmonie du bâtiment. Après le percement de la rue Impériale (actuelle rue de la République), le cimentier Désiré Michel réalise la nouvelle façade néo-baroque.\r\nA l’intérieur sont conservées de belles oeuvres telles que la chaire classée Monument Historique, le maître-autel en marbre polychrome, le buste reliquaire de Saint-Ferréol et les tableaux du peintre provençal Michel Serre. L’église a longtemps conservé l’ossuaire de Saint-Louis d’Anjou dérobé par les Aragonnais lors du sac de la ville en 1423 et rendu enfin à Marseille en 1956 !",
      "libelleEn" : "According to legend, Massalia (as the Greeks named Marseille) was the result of a love story, that of Protis the Greek and Gyptis, daughter of the Ligurian chieftain. She rejected princes and fortune-hunters and chose the handsome adventurer.\r\nThe choice of setting was a calculated move: the North bank where the town was built was protected by three hills (Saint-Laurent, les Moulins and les Carmes) and, other natural advantages aside, was supplied with pure spring water from the Lacydon. Moreover, the islands of Pomègues and Ratonneau constitute a formidable natural defence barrier.\r\nThroughout Antiquity and the Middle Ages this city that the Greeks called Massalia, the Romans Massilia and that was known as Masiho in Medieval times, had its centre on the North bank. In 1666, however, Louis XIV gave instructions for the city to be extended southwards. Entrance to the port was henceforth protected by two forts: Fort Saint-Nicholas to the South and Fort Saint-Jean to the North.\r\nOne image that conjured up the Vieux-Port for many people was that of the Pont transbordeur (transporter ferry bridge), a metal structure that was commissioned from the Ateliers Arnodin in 1903 and opened two years later. It spanned the port between the Fort Saint-Nicholas and Fort Saint-Jean. One of the uprights was damaged in an explosion in 1944 and the bridge was demolished after the Second World War. The people of Marseille still have fond memories of the bridge and it has been immortalised in numerous paintings, photographs and films.\r\nThe Ferry-boat.\r\nso cherished by the Provençal writer and film director, Marcel Pagnol, leaves from the quay in front of the City Hall to make several daily crossings of the Vieux-Port. The crossings began in June 1880, thus opening the famous passage from the City hall to the Place aux Huiles, a square located on the opposite side of the port.\r\nSaint- Ferréol les augustins\r\nIn the 12th Century the Headquarters of the Knights Templar originally stood where the Church stands today. The Augustin monks bought the building in 1369 after the Order of the Templars was abolished and its members dispersed. Work was begun to build a Gothic church which was consecrated in 1542 but not completed until 1588. The Italian-style bell tower dates from the 18th Century. The monastery was divided up and sold during the Revolution and only the church remained. It was established as a parish in 1803 with Saint Ferréol as patron Saint in memory of the collegiate church of the same name that was destroyed in 1794 (the collegiate church originally stood where the present Prefecture stands today, in the Place Félix Baret).\r\nThe nave of the church originally comprised 5 bays and 12 side-chapels but 2 of the side-chapels were destroyed in 1804 when the city was subject to re-planning work and today the building lacks a sense of proportion and harmony. The craftsman builder Désiré Michel made the present neo-baroque façade when the Rue Impériale (now Rue de la République) was opened out into the area around the port.\r\nThe church contains a number of fine works of art such as the throne, now a National Heritage work of art, the high altar made of polychrome marble, the reliquary bust of Saint Ferréol and the paintings by the Provençal painter Michel Serre. The church also contains the ossuary of Saint Louis d'Anjou that had been stolen in 1423 when the city was pillaged  it was only returned to Marseille in 1956.",
      "libelleEs" : "La leyenda cuenta que Massalia nació de una historia de amor entre Protis el griego y Gyptis, hija del jefe ligur. Ésta última desdeñó a príncipes y herederos locales, y eligió como esposo al apuesto aventurero griego…\r\nSi eligieron este lugar, no fue por casualidad la orilla norte del puerto, en la que se implantó la ciudad, estaba protegida por tres colinas (Saint-Laurent, les Moulins y les Carmes) y además aprovechaban el agua dulce de la fuente de Lacydon. Por otra parte, las islas Pomègues y Ratonneau constituían una barrera defensiva natural muy apreciable. Durante la Antigüedad y la Edad Media la ciudad griega - Massalia -, más tarde Romana - Massilia – y medieval - Marsiho – creció únicamente en esta orilla del puerto. Tan sólo en 1666 , bajo las órdenes de Luis XIV, se decidió ampliar la ciudad hacia el sur. Para completar esta extensión urbana, Luis XIV ordenó también que se construyeran los dos fuertes que bordean la entrada del puerto: el fuerte Saint-Nicolas en la orilla sur y el fuerte Saint-Jean en la orilla norte.\r\nEmblemas del poder real, su función consistía en vigilar la ciudad y a los Marselleses, que durante mucho tiempo se mostraron rebeldes ante el poder real.\r\nUna de las siluetas simbólicas del Vieux- Port era el Puente Transbordador, preciosa construcción metálica, situada entre los fuertes Saint-Nicolas y Saint-Jean, que se encargó a los Talleres Arnodin en 1903 y se inauguró dos años más tarde. Uno de los pilones sufrió una sacudida en 1944 debido a una explosión y el puente quedó completamente destruido tras la guerra. Muy entrañable para los Marselleses, el Puente Transbordador ha sido inmortalizado en cuadros, fotografías y el cine.\r\nEl Ferry-boat.\r\nEs frente al Ayuntamiento desde donde el Ferry-boat, barco muy querido por el escritor Marcel Pagnol, efectúa varias veces al día la travesía del Puerto Viejo. Este barco entró en servicio en junio de 1880, inaugurando así el célebre trayecto \"alcaldía - place aux Huiles\".\r\nSaint Ferréol – los Agustinos\r\nEn el emplazamiento de la actual iglesia se levantaba, en el siglo XII, la comandancia de los Templarios. Tras la supresión de la Orden del Temple y la dispersión de sus miembros, los religiosos agustinos compraron en 1369 los edificios. Emprendieron entonces la construcción de la iglesia gótica, consagrada en 1542, pero que no se terminó completamente hasta 1588. El campanario, de estilo italiano, data del siglo XVIII. Durante la Revolución Francesa, el convento fue vendido por lotes, y sólo subsiste la iglesia. Se erigió como parroquia en 1803, bajo la advocación de Saint-Ferréol en recuerdo de la colegiata del mismo nombre que fue destruida en 1794 (que se situaba en el lugar en el que hoy se encuentra la actual prefectura, en la plaza de Félix Baret). Originalmente, el edificio tenía 5 traviesas y 12 capillas laterales, pero las obras de urbanización debieron destruir en 1804 dos traviesas, lo que desequilibra la armonía del edificio. Después de que se trazara la rue Impériale (en la actualidad, la rue de la République), Désiré Michel realizó la nueva fachada neo-barroca.\r\nEn el interior se conservan bellas obras tales como la silla considerada Monumento Histórico, el altar mayor de mármol policromado, el busto relicario de Saint-Ferréol y los cuadros del pintor provenzal Michel Serre. La iglesia conservó mucho tiempo el osario de San Luis de Anjou, robado por los aragoneses con ocasión del saqueo de la ciudad perpetrado en 1423, y devuelto por fin a Marsella en 1956.",
      "libelleIt" : "Con i suoi 2600 anni di esistenza, Marsiglia è la decana delle città francesi. In effetti, è nel 600 a.C. che alcuni Greci venuti da Focea (attualmente in Turchia) sono sbarcati nella cala del Lacydon abitata da una popolazione celtico – ligure. La leggenda racconta che Massalia è nata da una storia d’amore, quella tra Protis il greco e Gyptis la figlia di un capo ligure. Disdegnando principi ed eredi ella scelse come sposo il bell’avventuriero .....\r\nSaint Ferréol – gli Agostiniani\r\nAl posto dell’attuale chiesa si ergeva, nel XII° secolo, la Commenda dei Templari. Dopo la soppressione dell’Ordine dei Templari e la dispersione dei suoi membri, i religiosi agostiniani acquistarono nel 1369 gli edifici. Intrapresero la costruzione della chiesa gotica, consacrata nel 1542, ma completata solo nel 1588. Il campanile, prettamente di stile italiano, risale al XVIII° secolo. Durante la Rivoluzione, il convento viene venduto a lotti e sopravvive solo la chiesa. Viene eretta a parrocchia nel 1803 sotto il nome di Saint-Ferréol in ricordo della collegiale omonima distrutta nel 1794 (al posto dell’attuale prefettura, piazza Félix Baret). In origine l’edificio comprendeva 5 campate e 12 cappelle laterali, ma interventi di urbanistica distrussero nel 1804 due campate, e questo pose in squilibrio l’armonia della costruzione. Dopo l’apertura della rue Impériale (attuale rue de la République), il cementiere Désiré Michel realizza la nuova facciata neo – barocca.\r\nAll’interno vengono conservate bellissime opere come la sedia classificata come Monumento Storico, l’altare maggiore in marmo policromatico, il busto reliquiario di Saint-Ferréol e i dipinti del pittore provenzale Michel Serre. La chiesa ha per lungo tempo conservato l'ossario di Saint-Louis d’Anjou derubato dagli Aragonesi durante il saccheggio della città nel 1423 e reso infine a Marsiglia nel 1956 !\r\nLa scelta del sito non è casuale la riva nord sulla quale fu creata la città era protetta da tre colline (Saint-Laurent, i Moulins e le Carmes) e beneficiava inoltre i dell’acqua pura della sorgente del Lacydon. In più, le isole di Pomègues e Ratonneau costituivano una barriera difensiva naturale non trascurabile. Durante tutta l’Antichità ed il Medioevo la città greca di Massalia, la città romana di Massilia e la città medievale di Masiho si sviluppano su questa riva nord finché Luigi XIV nel 1666 ordina il suo ampliamento verso sud. L’ingresso del porto era all'epoca già sorvegliato da due forti, il forte Saint-Nicolas a sud e il forte Saint-Jean a nord.\r\nUno delle immagini-simbolo del Vecchio Porto è stato anche il Ponte di Trasbordo, opera metallica ordinata agli Atelier Arnodin nel 1903 e inaugurato due anni più tardi tra i forti di Saint-Nicolas e di Saint-Jean. Essendo stato reso vacillante uno dei piloni in seguito a un'esplosione nel 1944, il ponte venne completamente distrutto dopo la guerra. Caro al cuore dei marsigliesi, il Ponte di Trasbordo è stato immortalato dalla pittura, dalla fotografia e anche dal cinema.\r\nIl Ferry-boat.\r\nE’ in partenza dal municipio che il Ferry-boat, battello molto caro a Marcel Pagnol, effettua più volte durante il giorno la traversata del Vecchio Porto . Entrò in servizio nel 1880, inaugurando il celebre tragitto «Municipio - Place aux Huiles».",
      "libelleDe" : "Der Legende nach ist eine Liebesgeschichte zwischen Protis, dem Griechen, und Gyptis, der Tochter des keltoligurischen Häuptlings, der Anlass für die Gründung von Massalia. Gyptis verschmähte Prinzen und andere Hochgeborene, um ihren schönen Abenteurer zu heiraten....\r\nDer Ort wurde bewußt gewählt, denn die Nordseite der Calanque war durch drei Hügel geschützt, die heute unter dem Namen Saint-Laurent, Les Moulins und Les Carmes bekannt sind, und verfügte mit der Quelle des Lacydon zudem über Trinkwasser. Weiterhin bildeten die Inseln Pomègues und Ratonneau eine natürliche und nicht zu verachtende Schutzbarriere. Während der gesamten Antike und dem Mittelalter entwickelte sich die Stadt, die im Griechischen unter Massalia, im Lateinischen unter Massilia und im Provenzalischen unter Masiho bekannt war, auf der Nordseite des heutigen Hafens. Das änderte sich erst 1666 unter Ludwig XIV, der die Erweiterung der Stadt gen Süden angeordnet hatte. Seitdem wurde die Hafenzufahrt von zwei Festungen bewacht, dem Fort Saint-Nicolas im Süden und dem Fort Saint-Jean im Norden.\r\nDie Metallkonstruktion der Schwebefähre, die 1903 bei den Ateliers Arnodin in Auftrag gegeben und zwei Jahr später eingeweiht wurde, war ein weiteres Emblem des Alten Hafens. 1944 wurde einer der Träger der Schwebefähre durch eine Explosion beschädigt. Nach dem Krieg wurde sie vollständig abgerissen. Die den Marseillern teure Schwebefähre wurde jedoch glücklicherweise in Bildern, Fotografien und Filmen verewigt.\r\nDas Ferry-boat.\r\nMehrmals täglich fährt vor dem historischen Rathaus das den Alten Hafen überquerende Ferryboat ab, das Marcel Pagnol so sehr mochte. Im Juni 1880 machte es seine Jungfernfahrt auf der seither berühmten Strecke \"Rathaus - Place aux Huiles\".\r\nSaint Ferreol. Les Augustins\r\nAuf dem Platz der heutigen Kirche befand sich im 12. Jahrhundert die Kommende des Templerordens. Nach der Auflösung des Templerordens und der Zerstreuung seiner Mitglieder erwarben die Augustiner die Gebäude im Jahr 1369. Sie erbauten die gothische Kirche, die zwar im Jahr 1542 geweiht, jedoch erst im Jahr 1588 fertiggestellt wurde. Der äußerst italienisch anmutende Glockenturm stammt aus dem 18. Jahrhundert. Während der französischen Revolution wurden die Gebäude des Klosters einzeln verkauft und lediglich die Kirche blieb erhalten. 1803 wurde sie zur Pfarrkirche erklärt und im Gedenken an die 1794 zerstörte Stiftskirche Saint-Ferréol (die auf dem Platz der heutigen Präfektur stand, Place Félix Baret) dem gleichnamigen Heiligen geweiht. Ursprünglich bestand die Kirche aus 5 Schiffen und 12 Seitenkapellen. 1804 mussten jedoch 2 Kirchenschiffe städtebaulichen Maßnahmen weichen, wodurch die Harmonie des Kirchenbaus aus dem Gleichgewicht geriet. Nachdem die Rue Impériale (die heutige Rue de la République) angelegt wurde, schuf Désiré Michel eine neue Fassade im neo-barocken Stil.\r\nIm Inneren der Kirche ist Sehenswertes erhalten, wie die unter Denkmalschutz stehende Kanzel, der Hochaltar aus mehrfarbigem Marmor, die Reliquienbüste von Saint-Ferréol sowie die Gemälde des provenzalischen Malers Michel Serre. In der Kirche wurden lange Zeit die Gebeine des Heiligen Ludwig von Anjou aufbewahrt, die 1423 von den Aragoniern bei der Plünderung der Stadt geraubt, und erst 1956 wieder an Marseille zurückgegeben wurden."
    }
  },
  "localisation" : {
    "adresse" : {
      "codePostal" : "13001",
      "bureauDistribution" : "MARSEILLE",
      "commune" : {
        "id" : 4531
      }
    },
    "geolocalisation" : {
      "valide" : true,
      "geoJson" : {
        "type" : "Point",
        "coordinates" : [ 5.373816, 43.294918 ]
      }
    },
    "perimetreGeographique" : [ {
      "id" : 4531
    } ]
  },
  "liens" : {
    "liensObjetsTouristiquesTypes" : [ {
      "type" : "SUR_PLACE",
      "libelleFr" : "Sur place",
      "libelleEn" : "On the premises",
      "libelleEs" : "In situ",
      "libelleIt" : "Sul posto",
      "libelleDe" : "Vor Ort",
      "libelleNl" : "Ter plaatse",
      "libelleRu" : "На месте",
      "libelleZh" : "堂食",
      "libellePtBR" : "No local",
      "libelleJa" : "現地で",
      "objetTouristique" : {
        "type" : "PATRIMOINE_CULTUREL",
        "id" : 5539635
      }
    }, {
      "type" : "SUR_PLACE",
      "libelleFr" : "Sur place",
      "libelleEn" : "On the premises",
      "libelleEs" : "In situ",
      "libelleIt" : "Sul posto",
      "libelleDe" : "Vor Ort",
      "libelleNl" : "Ter plaatse",
      "libelleRu" : "На месте",
      "libelleZh" : "堂食",
      "libellePtBR" : "No local",
      "libelleJa" : "現地で",
      "objetTouristique" : {
        "type" : "PATRIMOINE_CULTUREL",
        "id" : 5539255
      }
    }, {
      "type" : "SUR_PLACE",
      "libelleFr" : "Sur place",
      "libelleEn" : "On the premises",
      "libelleEs" : "In situ",
      "libelleIt" : "Sul posto",
      "libelleDe" : "Vor Ort",
      "libelleNl" : "Ter plaatse",
      "libelleRu" : "На месте",
      "libelleZh" : "堂食",
      "libellePtBR" : "No local",
      "libelleJa" : "現地で",
      "objetTouristique" : {
        "type" : "COMMERCE_ET_SERVICE",
        "id" : 5561973
      }
    }, {
      "type" : "DEFAUT",
      "libelleFr" : "En lien avec",
      "libelleEn" : "Related to",
      "libelleEs" : "En relación con",
      "libelleIt" : "In collegamento con",
      "libelleDe" : "In Verbindung mit",
      "libelleNl" : "In verband met",
      "libelleRu" : "Применительно к",
      "libelleZh" : "与携手",
      "libellePtBR" : "Em relação com",
      "libelleJa" : "と関連して",
      "objetTouristique" : {
        "type" : "PATRIMOINE_NATUREL",
        "id" : 5940461
      }
    } ]
  },
  "prestations" : {
    "animauxAcceptes" : "NON_DISPONIBLE",
    "animauxAcceptesSupplement" : "NON_DISPONIBLE"
  },
  "ouverture" : {
    "periodeEnClair" : {
      "libelleFr" : "Toute l'année, tous les jours.",
      "libelleEn" : "All year round, daily.",
      "libelleEs" : "Todo el año, todos los dias.",
      "libelleIt" : "Tutto l'anno, ogni giorno.",
      "libelleDe" : "Ganzjährig, täglich.",
      "libelleNl" : "Het hele jaar, iedere dag.",
      "libelleRu" : "В течение всего года, ежедневно.",
      "libelleZh" : "全年, 日常.",
      "libellePtBR" : "Todo o ano, todos os dias.",
      "libelleJa" : "オールシーズン, 毎日."
    },
    "periodeEnClairGenerationMode" : "AUTOMATIQUE",
    "indicationsPeriode" : [ {
      "elementReferenceType" : "IndicationPeriode",
      "id" : 416
    }, {
      "elementReferenceType" : "IndicationPeriode",
      "id" : 418
    }, {
      "elementReferenceType" : "IndicationPeriode",
      "id" : 435
    }, {
      "elementReferenceType" : "IndicationPeriode",
      "id" : 436
    } ],
    "periodesOuvertures" : [ {
      "identifiant" : 22755772,
      "dateDebut" : "2022-01-01",
      "dateFin" : "2022-12-31",
      "type" : "OUVERTURE_TOUS_LES_JOURS",
      "tousLesAns" : true,
      "identifiantTechnique" : 22755772
    } ],
    "ouvertTouteLAnnee" : "OUVERT_TOUTE_L_ANNEE"
  },
  "descriptionTarif" : {
    "indicationTarif" : "PAYANT",
    "gratuit" : false,
    "tarifsEnClair" : { },
    "tarifsEnClairGenerationMode" : "AUTOMATIQUE",
    "devise" : "EUR",
    "conditions" : { }
  },
  "reservation" : { },
  "criteresInternes" : [ {
    "id" : 16775
  }, {
    "id" : 18002
  } ],
  "illustrations" : [ {
    "identifiant" : 10683081,
    "link" : false,
    "type" : "IMAGE",
    "nom" : {
      "libelleFr" : "Le Vieux port de Marseille.jpg"
    },
    "copyright" : {
      "libelleFr" : "Arnaud Durand Daubin pour l'OTCM"
    },
    "traductionFichiers" : [ {
      "locale" : "fr",
      "url" : "https://static.apidae-tourisme.com/filestore/objets-touristiques/images/83/138/10521171.jpg",
      "urlListe" : "https://static.apidae-tourisme.com/filestore/objets-touristiques/images/83/138/10521171-liste.jpg",
      "urlFiche" : "https://static.apidae-tourisme.com/filestore/objets-touristiques/images/83/138/10521171-fiche.jpg",
      "urlDiaporama" : "https://static.apidae-tourisme.com/filestore/objets-touristiques/images/83/138/10521171-diaporama.jpg",
      "extension" : "jpg",
      "fileName" : "full",
      "taille" : 46971,
      "hauteur" : 300,
      "largeur" : 400,
      "lastModifiedDate" : "2021-08-06T08:15:40.000+0000"
    } ],
    "locked" : false
  }, {
    "identifiant" : 10683083,
    "link" : false,
    "type" : "IMAGE",
    "nom" : {
      "libelleFr" : "Le Vieux Port de Marseille.jpg"
    },
    "copyright" : {
      "libelleFr" : "Arnaud Durand Daubin pour l'OTCM"
    },
    "traductionFichiers" : [ {
      "locale" : "fr",
      "url" : "https://static.apidae-tourisme.com/filestore/objets-touristiques/images/85/138/10521173.jpg",
      "urlListe" : "https://static.apidae-tourisme.com/filestore/objets-touristiques/images/85/138/10521173-liste.jpg",
      "urlFiche" : "https://static.apidae-tourisme.com/filestore/objets-touristiques/images/85/138/10521173-fiche.jpg",
      "urlDiaporama" : "https://static.apidae-tourisme.com/filestore/objets-touristiques/images/85/138/10521173-diaporama.jpg",
      "extension" : "jpg",
      "fileName" : "full",
      "taille" : 48986,
      "hauteur" : 300,
      "largeur" : 400,
      "lastModifiedDate" : "2021-08-06T08:15:40.000+0000"
    } ],
    "locked" : false
  }, {
    "identifiant" : 11865822,
    "link" : false,
    "type" : "IMAGE",
    "nom" : {
      "libelleFr" : "Vieux port Marseille au crépuscule"
    },
    "legende" : {
      "libelleFr" : "Vue aérienne du Vieux port"
    },
    "copyright" : {
      "libelleFr" : "Office de Tourisme et des Congrès Marseille"
    },
    "traductionFichiers" : [ {
      "locale" : "fr",
      "url" : "https://static.apidae-tourisme.com/filestore/objets-touristiques/images/89/60/11943001.jpg",
      "urlListe" : "https://static.apidae-tourisme.com/filestore/objets-touristiques/images/89/60/11943001-liste.jpg",
      "urlFiche" : "https://static.apidae-tourisme.com/filestore/objets-touristiques/images/89/60/11943001-fiche.jpg",
      "urlDiaporama" : "https://static.apidae-tourisme.com/filestore/objets-touristiques/images/89/60/11943001-diaporama.jpg",
      "extension" : "jpg",
      "fileName" : "Vieux-Port, grande roue(7)©cdOMTCM",
      "taille" : 3541930,
      "hauteur" : 2565,
      "largeur" : 3574,
      "lastModifiedDate" : "2021-12-21T08:58:50.000+0000"
    } ],
    "locked" : false
  } ],
  "visites" : {
    "visitable" : false
  },
  "territoires" : [ {
    "type" : "TERRITOIRE",
    "id" : 591381
  }, {
    "type" : "TERRITOIRE",
    "id" : 591419
  }, {
    "type" : "TERRITOIRE",
    "id" : 5127066
  }, {
    "type" : "TERRITOIRE",
    "id" : 5427637
  }, {
    "type" : "TERRITOIRE",
    "id" : 5460436
  }, {
    "type" : "TERRITOIRE",
    "id" : 5693878
  }, {
    "type" : "TERRITOIRE",
    "id" : 5693903
  }, {
    "type" : "TERRITOIRE",
    "id" : 6008197
  } ],
  "datesOuverture" : [ "2022-11-09", "2022-11-10", "2022-11-11", "2022-11-12", "2022-11-13", "2022-11-14", "2022-11-15", "2022-11-16", "2022-11-17", "2022-11-18", "2022-11-19", "2022-11-20", "2022-11-21", "2022-11-22", "2022-11-23", "2022-11-24", "2022-11-25", "2022-11-26", "2022-11-27", "2022-11-28", "2022-11-29", "2022-11-30", "2022-12-01", "2022-12-02", "2022-12-03", "2022-12-04", "2022-12-05", "2022-12-06", "2022-12-07", "2022-12-08", "2022-12-09", "2022-12-10", "2022-12-11", "2022-12-12", "2022-12-13", "2022-12-14", "2022-12-15", "2022-12-16", "2022-12-17", "2022-12-18", "2022-12-19", "2022-12-20", "2022-12-21", "2022-12-22", "2022-12-23", "2022-12-24", "2022-12-25", "2022-12-26", "2022-12-27", "2022-12-28", "2022-12-29", "2022-12-30", "2022-12-31", "2023-01-01", "2023-01-02", "2023-01-03", "2023-01-04", "2023-01-05", "2023-01-06", "2023-01-07", "2023-01-08", "2023-01-09", "2023-01-10", "2023-01-11", "2023-01-12", "2023-01-13", "2023-01-14", "2023-01-15", "2023-01-16", "2023-01-17", "2023-01-18", "2023-01-19", "2023-01-20", "2023-01-21", "2023-01-22", "2023-01-23", "2023-01-24", "2023-01-25", "2023-01-26", "2023-01-27", "2023-01-28", "2023-01-29", "2023-01-30", "2023-01-31", "2023-02-01", "2023-02-02", "2023-02-03", "2023-02-04", "2023-02-05", "2023-02-06", "2023-02-07", "2023-02-08", "2023-02-09", "2023-02-10", "2023-02-11", "2023-02-12", "2023-02-13", "2023-02-14", "2023-02-15", "2023-02-16", "2023-02-17", "2023-02-18", "2023-02-19", "2023-02-20", "2023-02-21", "2023-02-22", "2023-02-23", "2023-02-24", "2023-02-25", "2023-02-26", "2023-02-27", "2023-02-28", "2023-03-01", "2023-03-02", "2023-03-03", "2023-03-04", "2023-03-05", "2023-03-06", "2023-03-07", "2023-03-08", "2023-03-09", "2023-03-10", "2023-03-11", "2023-03-12", "2023-03-13", "2023-03-14", "2023-03-15", "2023-03-16", "2023-03-17", "2023-03-18", "2023-03-19", "2023-03-20", "2023-03-21", "2023-03-22", "2023-03-23", "2023-03-24", "2023-03-25", "2023-03-26", "2023-03-27", "2023-03-28", "2023-03-29", "2023-03-30", "2023-03-31", "2023-04-01", "2023-04-02", "2023-04-03", "2023-04-04", "2023-04-05", "2023-04-06", "2023-04-07", "2023-04-08", "2023-04-09", "2023-04-10", "2023-04-11", "2023-04-12", "2023-04-13", "2023-04-14", "2023-04-15", "2023-04-16", "2023-04-17", "2023-04-18", "2023-04-19", "2023-04-20", "2023-04-21", "2023-04-22", "2023-04-23", "2023-04-24", "2023-04-25", "2023-04-26", "2023-04-27", "2023-04-28", "2023-04-29", "2023-04-30", "2023-05-01", "2023-05-02", "2023-05-03", "2023-05-04", "2023-05-05", "2023-05-06", "2023-05-07", "2023-05-08", "2023-05-09", "2023-05-10", "2023-05-11", "2023-05-12", "2023-05-13", "2023-05-14", "2023-05-15", "2023-05-16", "2023-05-17", "2023-05-18", "2023-05-19", "2023-05-20", "2023-05-21", "2023-05-22", "2023-05-23", "2023-05-24", "2023-05-25", "2023-05-26", "2023-05-27", "2023-05-28", "2023-05-29", "2023-05-30", "2023-05-31", "2023-06-01", "2023-06-02", "2023-06-03", "2023-06-04", "2023-06-05", "2023-06-06", "2023-06-07", "2023-06-08", "2023-06-09", "2023-06-10", "2023-06-11", "2023-06-12", "2023-06-13", "2023-06-14", "2023-06-15", "2023-06-16", "2023-06-17", "2023-06-18", "2023-06-19", "2023-06-20", "2023-06-21", "2023-06-22", "2023-06-23", "2023-06-24", "2023-06-25", "2023-06-26", "2023-06-27", "2023-06-28", "2023-06-29", "2023-06-30", "2023-07-01", "2023-07-02", "2023-07-03", "2023-07-04", "2023-07-05", "2023-07-06", "2023-07-07", "2023-07-08", "2023-07-09", "2023-07-10", "2023-07-11", "2023-07-12", "2023-07-13", "2023-07-14", "2023-07-15", "2023-07-16", "2023-07-17", "2023-07-18", "2023-07-19", "2023-07-20", "2023-07-21", "2023-07-22", "2023-07-23", "2023-07-24", "2023-07-25", "2023-07-26", "2023-07-27", "2023-07-28", "2023-07-29", "2023-07-30", "2023-07-31", "2023-08-01", "2023-08-02", "2023-08-03", "2023-08-04", "2023-08-05", "2023-08-06", "2023-08-07", "2023-08-08", "2023-08-09", "2023-08-10", "2023-08-11", "2023-08-12", "2023-08-13", "2023-08-14", "2023-08-15", "2023-08-16", "2023-08-17", "2023-08-18", "2023-08-19", "2023-08-20", "2023-08-21", "2023-08-22", "2023-08-23", "2023-08-24", "2023-08-25", "2023-08-26", "2023-08-27", "2023-08-28", "2023-08-29", "2023-08-30", "2023-08-31", "2023-09-01", "2023-09-02", "2023-09-03", "2023-09-04", "2023-09-05", "2023-09-06", "2023-09-07", "2023-09-08", "2023-09-09", "2023-09-10", "2023-09-11", "2023-09-12", "2023-09-13", "2023-09-14", "2023-09-15", "2023-09-16", "2023-09-17", "2023-09-18", "2023-09-19", "2023-09-20", "2023-09-21", "2023-09-22", "2023-09-23", "2023-09-24", "2023-09-25", "2023-09-26", "2023-09-27", "2023-09-28", "2023-09-29", "2023-09-30", "2023-10-01", "2023-10-02", "2023-10-03", "2023-10-04", "2023-10-05", "2023-10-06", "2023-10-07", "2023-10-08", "2023-10-09", "2023-10-10", "2023-10-11", "2023-10-12", "2023-10-13", "2023-10-14", "2023-10-15", "2023-10-16", "2023-10-17", "2023-10-18", "2023-10-19", "2023-10-20", "2023-10-21", "2023-10-22", "2023-10-23", "2023-10-24", "2023-10-25", "2023-10-26", "2023-10-27", "2023-10-28", "2023-10-29", "2023-10-30", "2023-10-31", "2023-11-01", "2023-11-02", "2023-11-03", "2023-11-04", "2023-11-05", "2023-11-06", "2023-11-07", "2023-11-08", "2023-11-09", "2023-11-10", "2023-11-11", "2023-11-12", "2023-11-13", "2023-11-14", "2023-11-15", "2023-11-16", "2023-11-17", "2023-11-18", "2023-11-19", "2023-11-20", "2023-11-21", "2023-11-22", "2023-11-23", "2023-11-24", "2023-11-25", "2023-11-26", "2023-11-27", "2023-11-28", "2023-11-29", "2023-11-30", "2023-12-01", "2023-12-02", "2023-12-03", "2023-12-04", "2023-12-05", "2023-12-06", "2023-12-07", "2023-12-08", "2023-12-09", "2023-12-10", "2023-12-11", "2023-12-12", "2023-12-13", "2023-12-14", "2023-12-15", "2023-12-16", "2023-12-17", "2023-12-18", "2023-12-19", "2023-12-20", "2023-12-21", "2023-12-22", "2023-12-23", "2023-12-24", "2023-12-25", "2023-12-26", "2023-12-27", "2023-12-28", "2023-12-29", "2023-12-30", "2023-12-31", "2024-01-01", "2024-01-02", "2024-01-03", "2024-01-04", "2024-01-05", "2024-01-06", "2024-01-07", "2024-01-08", "2024-01-09", "2024-01-10", "2024-01-11", "2024-01-12", "2024-01-13", "2024-01-14", "2024-01-15", "2024-01-16", "2024-01-17", "2024-01-18", "2024-01-19", "2024-01-20", "2024-01-21", "2024-01-22", "2024-01-23", "2024-01-24", "2024-01-25", "2024-01-26", "2024-01-27", "2024-01-28", "2024-01-29", "2024-01-30", "2024-01-31", "2024-02-01", "2024-02-02", "2024-02-03", "2024-02-04", "2024-02-05", "2024-02-06", "2024-02-07", "2024-02-08", "2024-02-09", "2024-02-10", "2024-02-11", "2024-02-12", "2024-02-13", "2024-02-14", "2024-02-15", "2024-02-16", "2024-02-17", "2024-02-18", "2024-02-19", "2024-02-20", "2024-02-21", "2024-02-22", "2024-02-23", "2024-02-24", "2024-02-25", "2024-02-26", "2024-02-27", "2024-02-28", "2024-02-29", "2024-03-01", "2024-03-02", "2024-03-03", "2024-03-04", "2024-03-05", "2024-03-06", "2024-03-07", "2024-03-08", "2024-03-09", "2024-03-10", "2024-03-11", "2024-03-12", "2024-03-13", "2024-03-14", "2024-03-15", "2024-03-16", "2024-03-17", "2024-03-18", "2024-03-19", "2024-03-20", "2024-03-21", "2024-03-22", "2024-03-23", "2024-03-24", "2024-03-25", "2024-03-26", "2024-03-27", "2024-03-28", "2024-03-29", "2024-03-30", "2024-03-31", "2024-04-01", "2024-04-02", "2024-04-03", "2024-04-04", "2024-04-05", "2024-04-06", "2024-04-07", "2024-04-08", "2024-04-09", "2024-04-10", "2024-04-11", "2024-04-12", "2024-04-13", "2024-04-14", "2024-04-15", "2024-04-16", "2024-04-17", "2024-04-18", "2024-04-19", "2024-04-20", "2024-04-21", "2024-04-22", "2024-04-23", "2024-04-24", "2024-04-25", "2024-04-26", "2024-04-27", "2024-04-28", "2024-04-29", "2024-04-30", "2024-05-01", "2024-05-02", "2024-05-03", "2024-05-04", "2024-05-05", "2024-05-06", "2024-05-07", "2024-05-08", "2024-05-09", "2024-05-10", "2024-05-11", "2024-05-12", "2024-05-13", "2024-05-14", "2024-05-15", "2024-05-16", "2024-05-17", "2024-05-18", "2024-05-19", "2024-05-20", "2024-05-21", "2024-05-22", "2024-05-23", "2024-05-24", "2024-05-25", "2024-05-26", "2024-05-27", "2024-05-28", "2024-05-29", "2024-05-30", "2024-05-31", "2024-06-01", "2024-06-02", "2024-06-03", "2024-06-04", "2024-06-05", "2024-06-06", "2024-06-07", "2024-06-08", "2024-06-09", "2024-06-10", "2024-06-11", "2024-06-12", "2024-06-13", "2024-06-14", "2024-06-15", "2024-06-16", "2024-06-17", "2024-06-18", "2024-06-19", "2024-06-20", "2024-06-21", "2024-06-22", "2024-06-23", "2024-06-24", "2024-06-25", "2024-06-26", "2024-06-27", "2024-06-28", "2024-06-29", "2024-06-30", "2024-07-01", "2024-07-02", "2024-07-03", "2024-07-04", "2024-07-05", "2024-07-06", "2024-07-07", "2024-07-08", "2024-07-09", "2024-07-10", "2024-07-11", "2024-07-12", "2024-07-13", "2024-07-14", "2024-07-15", "2024-07-16", "2024-07-17", "2024-07-18", "2024-07-19", "2024-07-20", "2024-07-21", "2024-07-22", "2024-07-23", "2024-07-24", "2024-07-25", "2024-07-26", "2024-07-27", "2024-07-28", "2024-07-29", "2024-07-30", "2024-07-31", "2024-08-01", "2024-08-02", "2024-08-03", "2024-08-04", "2024-08-05", "2024-08-06", "2024-08-07", "2024-08-08", "2024-08-09", "2024-08-10", "2024-08-11", "2024-08-12", "2024-08-13", "2024-08-14", "2024-08-15", "2024-08-16", "2024-08-17", "2024-08-18", "2024-08-19", "2024-08-20", "2024-08-21", "2024-08-22", "2024-08-23", "2024-08-24", "2024-08-25", "2024-08-26", "2024-08-27", "2024-08-28", "2024-08-29", "2024-08-30", "2024-08-31", "2024-09-01", "2024-09-02", "2024-09-03", "2024-09-04", "2024-09-05", "2024-09-06", "2024-09-07", "2024-09-08", "2024-09-09", "2024-09-10", "2024-09-11", "2024-09-12", "2024-09-13", "2024-09-14", "2024-09-15", "2024-09-16", "2024-09-17", "2024-09-18", "2024-09-19", "2024-09-20", "2024-09-21", "2024-09-22", "2024-09-23", "2024-09-24", "2024-09-25", "2024-09-26", "2024-09-27", "2024-09-28", "2024-09-29", "2024-09-30", "2024-10-01", "2024-10-02", "2024-10-03", "2024-10-04", "2024-10-05", "2024-10-06", "2024-10-07", "2024-10-08", "2024-10-09", "2024-10-10", "2024-10-11", "2024-10-12", "2024-10-13", "2024-10-14", "2024-10-15", "2024-10-16", "2024-10-17", "2024-10-18", "2024-10-19", "2024-10-20", "2024-10-21", "2024-10-22", "2024-10-23", "2024-10-24", "2024-10-25", "2024-10-26", "2024-10-27", "2024-10-28", "2024-10-29", "2024-10-30", "2024-10-31", "2024-11-01", "2024-11-02", "2024-11-03", "2024-11-04", "2024-11-05", "2024-11-06", "2024-11-07", "2024-11-08" ],
  "informationsPatrimoineCulturel" : {
    "patrimoineCulturelType" : {
      "elementReferenceType" : "PatrimoineCulturelType",
      "id" : 3203
    },
    "themes" : [ {
      "elementReferenceType" : "PatrimoineCulturelTheme",
      "id" : 3486
    }, {
      "elementReferenceType" : "PatrimoineCulturelTheme",
      "id" : 6097
    } ]
  },
  "formatVersion" : "v002",
  "expiration" : { },
  "informationsPrestataireActivites" : {
    "prestataireActivites" : false
  },
  "enquete" : { },
  "donneesPrivees" : [ {
    "nomTechnique" : "1947_Id_patio",
    "libelleFr" : "Id_Patio",
    "ordre" : 1,
    "descriptif" : {
      "libelleFr" : "13SI000062"
    }
  }, {
    "nomTechnique" : "1947_Source_patio",
    "libelleFr" : "Source_Patio",
    "ordre" : 2,
    "descriptif" : {
      "libelleFr" : "OT Marseille"
    }
  }, {
    "nomTechnique" : "1947_Url_patio",
    "libelleFr" : "URL_Patio",
    "ordre" : 3,
    "descriptif" : {
      "libelleFr" : "http://www.marseille-tourisme.com"
    }
  } ]
}