{
  "type" : "PATRIMOINE_CULTUREL",
  "id" : 5538713,
  "nom" : {
    "libelleFr" : "Bastide du Jas de Bouffan",
    "libelleEn" : "Bastide du Jas de Bouffan",
    "libelleEs" : "Bastide du Jas de Bouffan",
    "libelleIt" : "Bastide du Jas de Bouffan",
    "libelleDe" : "Bastide du Jas de Bouffan",
    "libelleNl" : "Bastide du Jas de Bouffan"
  },
  "identifier" : "SITRA2_PCU_5538713",
  "state" : "PUBLISHED",
  "gestion" : {
    "dateCreation" : "2020-05-26T20:59:37.021+0000",
    "dateModification" : "2022-07-29T11:56:27.091+0000",
    "dateExportModification" : "2022-11-05T11:35:38.634+0000",
    "membreProprietaire" : {
      "type" : {
        "elementReferenceType" : "MembreSitraType",
        "id" : 233
      },
      "nom" : "Office de Tourisme d'Aix en Provence",
      "dateCreation" : "2020-02-14T10:34:37.912+0000",
      "dateModification" : "2022-10-24T08:49:34.452+0000",
      "id" : 1988,
      "siteWeb" : "http://www.aixenprovencetourism.com"
    },
    "signalerUnProblemeMails" : [ "jchevalier@aixenprovencetourism.com", "sdardenne@aixenprovencetourism.com", "vmontpellaz@aixenprovencetourism.com" ]
  },
  "informations" : {
    "moyensCommunication" : [ {
      "identifiant" : 79632951,
      "type" : {
        "elementReferenceType" : "MoyenCommunicationType",
        "id" : 201
      },
      "coordonnees" : {
        "fr" : "04 42 16 11 61"
      }
    }, {
      "identifiant" : 79632952,
      "type" : {
        "elementReferenceType" : "MoyenCommunicationType",
        "id" : 204
      },
      "coordonnees" : {
        "fr" : "accueil@aixenprovecetourism.com"
      }
    }, {
      "identifiant" : 79632953,
      "type" : {
        "elementReferenceType" : "MoyenCommunicationType",
        "id" : 205
      },
      "coordonnees" : {
        "fr" : "http://www.cezanne-en-provence.com/"
      }
    } ],
    "informationsLegales" : { },
    "structureGestion" : {
      "type" : "STRUCTURE",
      "id" : 5463105
    },
    "structureInformation" : {
      "type" : "STRUCTURE",
      "id" : 5228508
    }
  },
  "presentation" : {
    "descriptifCourt" : {
      "libelleFr" : "Classés monuments historiques, la bastide du Jas de Bouffan et son parc s’ouvrent à vous pour des visites à la rencontre de ce que fut cette propriété familiale pour le peintre : un lieu de vie, le théâtre de ses premières œuvres et un atelier de création",
      "libelleEn" : "Historical monuments, the Jas de Bouffan mansion and its park are open to you for guided tours to discover what the homestead was for the painter: a place to live, an anchor, a place for his early work and a painting studio.",
      "libelleEs" : "Clasificada como monumento histórico, la bastida Jas de Bouffan y su parque están abiertos a la visita para descubrir lo que esta propiedad familiar fue para el pintor: un lugar para vivir, el escenario de sus primeras obras y un taller de creación",
      "libelleDe" : "Declarada monumento histórico, la bastida Jas de Bouffan y su parque están abiertos a la visita para descubrir lo que esta propiedad familiar fue para el pintor: un lugar para vivir, el escenario de sus primeras obras y un taller de creación"
    },
    "descriptifDetaille" : {
      "libelleFr" : "La Bastide est fermée pour rénovation.\r\n\r\nLa construction de la Bastide date des années 1730-40. La propriété est achetée en 1859 par le père de Paul Cezanne, devenu banquier, à un de ses créanciers pour un montant de 65 000 francs. Dans le grand salon ovale du rez-de-chaussée, Paul Cezanne peindra directement sur les murs entre 1860 et 1870 douze grandes compositions (qui seront détachées vers 1912). Puis en 1885, M. Cezanne père fait refaire la toiture et aménager sous les toits un petit atelier pour son fils. En septembre 1899, deux ans après la mort de madame Cezanne, Paul et ses deux soeurs vendent le Jas de Bouffan à Louis Granel, ingénieur agronome polytechnicien originaire de Carcassonne. En 1994, le dernier propriétaire, André Corsy, vend la propriété à la Ville, sous réserve d'usufruit, exception faite de la ferme. Depuis fin 2002, la maison de maître et le parc, classés Monuments Historiques, sont propriétés de la Ville d'Aix-en-Provence.\r\n\r\n\r\nLa bastide du Jas de Bouffan est un des 3 sites de Cezanne.",
      "libelleEn" : "The Bastide is closed for refurbishment.\r\n\r\nFor lovers of Cezanne in France and around the world, as well as for the residents of Aix and Provence, the Jas de Bouffan estate, never before opened to the general public, is a fascinating attraction, a place which retains an aura of mystique despite its direct links with so many of the painter's celebrated works.\r\n\r\nThe XVIII century mansion belonged to Cezanne's family between 1859 and 1899.\r\n\r\nAt the age of 20, Paul Cezanne started out painting on the walls of the living room and outside in the park. A guided visit all around will let you see the different points of view taken by Cezanne himself while painting. As in the oval living room, a virtual recollection of his works can be seen.",
      "libelleEs" : "La Bastide está cerrada por reformas.\r\n\r\nLa construcción de la Bastida data de los años 1730-40. La propiedad fue comprada en 1859 por el padre de Paul Cezanne, ahora banquero, a uno de sus acreedores por 65.000 francos. En el gran salón ovalado de la planta baja, Paul Cezanne pintó doce grandes composiciones directamente en las paredes entre 1860 y 1870 (que fueron retiradas hacia 1912). Luego, en 1885, el Sr. Cezanne padre hizo rehacer el tejado y construir un pequeño estudio bajo el techo para su hijo. En septiembre de 1899, dos años después de la muerte de Madame Cezanne, Paul y sus dos hermanas venden el Jas de Bouffan a Louis Granel, ingeniero agrícola de Carcasona. En 1994, el último propietario, André Corsy, vendió la propiedad a la ciudad, a excepción de la granja, en usufructo. Desde finales de 2002, la mansión y el parque, clasificados como Monumentos Históricos, son propiedad de la ciudad de Aix-en-Provence.\r\n\r\n\r\nLa bastida de Jas de Bouffan es uno de los tres sitios de Cezanne.",
      "libelleDe" : "Die Bastide ist wegen Renovierungsarbeiten geschlossen.\r\n\r\nDer Bau der Bastide geht auf die Jahre 1730-40 zurück. Das Anwesen wurde 1859 von Paul Cezannes Vater, der Bankier geworden war, von einem seiner Gläubiger für 65.000 Francs gekauft. Im großen ovalen Salon im Erdgeschoss malte Paul Cezanne zwischen 1860 und 1870 zwölf große Kompositionen direkt an die Wände (die um 1912 abgetrennt wurden). Dann ließ M. Cezanne senior 1885 das Dach neu decken und unter dem Dach ein kleines Atelier für seinen Sohn einrichten. Im September 1899, zwei Jahre nach dem Tod von Madame Cezanne, verkauften Paul und seine beiden Schwestern Jas de Bouffan an Louis Granel, einen polytechnischen Agraringenieur aus Carcassonne. 1994 verkaufte der letzte Besitzer, André Corsy, das Anwesen an die Stadt, unter Vorbehalt des Nießbrauchs, mit Ausnahme des Bauernhofs. Seit Ende 2002 sind das Herrenhaus und der Park, die als historische Monumente klassifiziert sind, Eigentum der Stadt Aix-en-Provence.\r\n\r\n\r\nDie Bastide Jas de Bouffan ist einer der drei Orte, an denen Cezanne lebte."
    },
    "typologiesPromoSitra" : [ {
      "elementReferenceType" : "TypologiePromoSitra",
      "id" : 1604
    } ]
  },
  "localisation" : {
    "adresse" : {
      "adresse1" : "17 Route De Galice",
      "codePostal" : "13090",
      "bureauDistribution" : "AIX EN PROVENCE",
      "commune" : {
        "id" : 4412
      }
    },
    "geolocalisation" : {
      "valide" : true,
      "geoJson" : {
        "type" : "Point",
        "coordinates" : [ 5.429355, 43.528161 ]
      }
    },
    "perimetreGeographique" : [ {
      "id" : 4412
    } ],
    "environnements" : [ {
      "elementReferenceType" : "Environnement",
      "id" : 183
    }, {
      "elementReferenceType" : "Environnement",
      "id" : 3974
    } ]
  },
  "liens" : {
    "liensObjetsTouristiquesTypes" : [ {
      "type" : "COUPS_DE_COEUR_INCONTOURNABLES",
      "libelleFr" : "Coups de cœur / incontournables",
      "libelleEn" : "Firm favourites / must-sees",
      "libelleEs" : "Preferidos / imprescindibles",
      "libelleIt" : "Luogo d'eccezione/luogo da non perdere",
      "libelleDe" : "Highlights / Must-sees",
      "libelleNl" : "Favorieten / hoogtepunten",
      "libelleRu" : "Самые популярные места",
      "libelleZh" : "倾心推荐/不容错过的景点",
      "libellePtBR" : "Favoritos / indispensáveis",
      "libelleJa" : "おすすめ／お決まり",
      "objetTouristique" : {
        "type" : "PATRIMOINE_CULTUREL",
        "id" : 5538277
      }
    }, {
      "type" : "SUR_PLACE",
      "libelleFr" : "Sur place",
      "libelleEn" : "On the premises",
      "libelleEs" : "In situ",
      "libelleIt" : "Sul posto",
      "libelleDe" : "Vor Ort",
      "libelleNl" : "Ter plaatse",
      "libelleRu" : "На месте",
      "libelleZh" : "堂食",
      "libellePtBR" : "No local",
      "libelleJa" : "現地で",
      "objetTouristique" : {
        "type" : "PATRIMOINE_CULTUREL",
        "id" : 5538493
      }
    }, {
      "type" : "COUPS_DE_COEUR_INCONTOURNABLES",
      "libelleFr" : "Coups de cœur / incontournables",
      "libelleEn" : "Firm favourites / must-sees",
      "libelleEs" : "Preferidos / imprescindibles",
      "libelleIt" : "Luogo d'eccezione/luogo da non perdere",
      "libelleDe" : "Highlights / Must-sees",
      "libelleNl" : "Favorieten / hoogtepunten",
      "libelleRu" : "Самые популярные места",
      "libelleZh" : "倾心推荐/不容错过的景点",
      "libellePtBR" : "Favoritos / indispensáveis",
      "libelleJa" : "おすすめ／お決まり",
      "objetTouristique" : {
        "type" : "PATRIMOINE_CULTUREL",
        "id" : 5538426
      }
    }, {
      "type" : "COUPS_DE_COEUR_INCONTOURNABLES",
      "libelleFr" : "Coups de cœur / incontournables",
      "libelleEn" : "Firm favourites / must-sees",
      "libelleEs" : "Preferidos / imprescindibles",
      "libelleIt" : "Luogo d'eccezione/luogo da non perdere",
      "libelleDe" : "Highlights / Must-sees",
      "libelleNl" : "Favorieten / hoogtepunten",
      "libelleRu" : "Самые популярные места",
      "libelleZh" : "倾心推荐/不容错过的景点",
      "libellePtBR" : "Favoritos / indispensáveis",
      "libelleJa" : "おすすめ／お決まり",
      "objetTouristique" : {
        "type" : "PATRIMOINE_CULTUREL",
        "id" : 5538099
      }
    } ]
  },
  "prestations" : {
    "animauxAcceptes" : "NON_DISPONIBLE",
    "animauxAcceptesSupplement" : "NON_DISPONIBLE",
    "languesParlees" : [ {
      "elementReferenceType" : "Langue",
      "id" : 1192
    }, {
      "elementReferenceType" : "Langue",
      "id" : 1197
    } ],
    "complementAccueil" : {
      "libelleFr" : "Accessible pour handicapés",
      "libelleEn" : "Accessible for disabled",
      "libelleIt" : "Accessibile ai disabili",
      "libelleDe" : "Zugänglich für Behinderte",
      "libelleNl" : "Toegankelijk voor mensen met een handicap"
    }
  },
  "ouverture" : {
    "periodeEnClair" : {
      "libelleFr" : "Fermé temporairement.",
      "libelleEn" : "Closed temporarily.",
      "libelleEs" : "Cerrado temporalmente.",
      "libelleIt" : "Temporaneamente chiusa.",
      "libelleDe" : "Vorübergehend geschlossen.",
      "libelleNl" : "Tijdelijk gesloten.",
      "libelleRu" : "Учреждение временно не работает.",
      "libelleZh" : "机构暂时关闭.",
      "libellePtBR" : "Fechado temporariamente.",
      "libelleJa" : "一時閉鎖中."
    },
    "periodeEnClairGenerationMode" : "AUTOMATIQUE",
    "indicationsPeriode" : [ {
      "elementReferenceType" : "IndicationPeriode",
      "id" : 416
    }, {
      "elementReferenceType" : "IndicationPeriode",
      "id" : 418
    }, {
      "elementReferenceType" : "IndicationPeriode",
      "id" : 435
    }, {
      "elementReferenceType" : "IndicationPeriode",
      "id" : 436
    } ],
    "periodesOuvertures" : [ {
      "identifiant" : 18874370,
      "dateDebut" : "2017-01-01",
      "dateFin" : "2021-12-31",
      "complementHoraire" : {
        "libelleFr" : "Fermée pour travaux",
        "libelleEn" : "Closed for works",
        "libelleEs" : "Cerrado por trabajo",
        "libelleDe" : "Wegen Bauarbeiten geschlossen"
      },
      "type" : "OUVERTURE_TOUS_LES_JOURS",
      "tousLesAns" : true,
      "identifiantTechnique" : 23983264
    } ],
    "fermeTemporairement" : "FERME_TEMPORAIREMENT"
  },
  "descriptionTarif" : {
    "indicationTarif" : "PAYANT",
    "gratuit" : false,
    "tarifsEnClair" : { },
    "tarifsEnClairGenerationMode" : "AUTOMATIQUE",
    "devise" : "EUR",
    "conditions" : { }
  },
  "reservation" : {
    "organismes" : [ {
      "identifiant" : 5536332,
      "nom" : "Accueil, information et réservation de l'Office de Tourisme",
      "type" : {
        "elementReferenceType" : "ReservationType",
        "id" : 475
      },
      "moyensCommunication" : [ {
        "identifiant" : 85845556,
        "type" : {
          "elementReferenceType" : "MoyenCommunicationType",
          "id" : 201
        },
        "coordonnees" : {
          "fr" : "04 42 16 11 61"
        }
      }, {
        "identifiant" : 85845557,
        "type" : {
          "elementReferenceType" : "MoyenCommunicationType",
          "id" : 204
        },
        "coordonnees" : {
          "fr" : "resaix@aixenprovencetourism.com"
        }
      }, {
        "identifiant" : 85845558,
        "type" : {
          "elementReferenceType" : "MoyenCommunicationType",
          "id" : 205
        },
        "coordonnees" : {
          "fr" : "https://reservation.aixenprovencetourism.com/sites-de-cezanne.html",
          "en" : "https://booking.aixenprovencetourism.com/cezanne-sites.html"
        }
      } ],
      "locked" : false
    } ]
  },
  "criteresInternes" : [ {
    "id" : 16775
  }, {
    "id" : 18002
  }, {
    "id" : 23526
  } ],
  "illustrations" : [ {
    "identifiant" : 8819043,
    "link" : false,
    "type" : "IMAGE",
    "nom" : {
      "libelleFr" : "13T2001655_1_WEB.jpg"
    },
    "copyright" : {
      "libelleFr" : "JCC"
    },
    "traductionFichiers" : [ {
      "locale" : "fr",
      "url" : "https://static.apidae-tourisme.com/filestore/objets-touristiques/images/0/242/8581632.jpg",
      "urlListe" : "https://static.apidae-tourisme.com/filestore/objets-touristiques/images/0/242/8581632-liste.jpg",
      "urlFiche" : "https://static.apidae-tourisme.com/filestore/objets-touristiques/images/0/242/8581632-fiche.jpg",
      "urlDiaporama" : "https://static.apidae-tourisme.com/filestore/objets-touristiques/images/0/242/8581632-diaporama.jpg",
      "extension" : "jpg",
      "fileName" : "full",
      "taille" : 60121,
      "hauteur" : 300,
      "largeur" : 400,
      "lastModifiedDate" : "2020-09-25T04:05:48.000+0000"
    } ],
    "locked" : false
  }, {
    "identifiant" : 8819044,
    "link" : false,
    "type" : "IMAGE",
    "nom" : {
      "libelleFr" : "13T2001655_2_WEB.jpg"
    },
    "copyright" : {
      "libelleFr" : "GC"
    },
    "traductionFichiers" : [ {
      "locale" : "fr",
      "url" : "https://static.apidae-tourisme.com/filestore/objets-touristiques/images/1/242/8581633.jpg",
      "urlListe" : "https://static.apidae-tourisme.com/filestore/objets-touristiques/images/1/242/8581633-liste.jpg",
      "urlFiche" : "https://static.apidae-tourisme.com/filestore/objets-touristiques/images/1/242/8581633-fiche.jpg",
      "urlDiaporama" : "https://static.apidae-tourisme.com/filestore/objets-touristiques/images/1/242/8581633-diaporama.jpg",
      "extension" : "jpg",
      "fileName" : "full",
      "taille" : 46808,
      "hauteur" : 300,
      "largeur" : 400,
      "lastModifiedDate" : "2020-09-25T04:05:49.000+0000"
    } ],
    "locked" : false
  }, {
    "identifiant" : 8819045,
    "link" : false,
    "type" : "IMAGE",
    "nom" : {
      "libelleFr" : "13T2001655_3_WEB.jpg"
    },
    "copyright" : {
      "libelleFr" : "RCF"
    },
    "traductionFichiers" : [ {
      "locale" : "fr",
      "url" : "https://static.apidae-tourisme.com/filestore/objets-touristiques/images/2/242/8581634.jpg",
      "urlListe" : "https://static.apidae-tourisme.com/filestore/objets-touristiques/images/2/242/8581634-liste.jpg",
      "urlFiche" : "https://static.apidae-tourisme.com/filestore/objets-touristiques/images/2/242/8581634-fiche.jpg",
      "urlDiaporama" : "https://static.apidae-tourisme.com/filestore/objets-touristiques/images/2/242/8581634-diaporama.jpg",
      "extension" : "jpg",
      "fileName" : "full",
      "taille" : 54866,
      "hauteur" : 300,
      "largeur" : 400,
      "lastModifiedDate" : "2020-09-25T04:05:48.000+0000"
    } ],
    "locked" : false
  } ],
  "visites" : {
    "visitable" : true
  },
  "territoires" : [ {
    "type" : "TERRITOIRE",
    "id" : 591381
  }, {
    "type" : "TERRITOIRE",
    "id" : 591419
  }, {
    "type" : "TERRITOIRE",
    "id" : 5127066
  }, {
    "type" : "TERRITOIRE",
    "id" : 5427620
  }, {
    "type" : "TERRITOIRE",
    "id" : 5427637
  }, {
    "type" : "TERRITOIRE",
    "id" : 5460325
  }, {
    "type" : "TERRITOIRE",
    "id" : 5693839
  }, {
    "type" : "TERRITOIRE",
    "id" : 5775948
  }, {
    "type" : "TERRITOIRE",
    "id" : 5853930
  } ],
  "datesOuverture" : [ "2022-11-06", "2022-11-07", "2022-11-08", "2022-11-09", "2022-11-10", "2022-11-11", "2022-11-12", "2022-11-13", "2022-11-14", "2022-11-15", "2022-11-16", "2022-11-17", "2022-11-18", "2022-11-19", "2022-11-20", "2022-11-21", "2022-11-22", "2022-11-23", "2022-11-24", "2022-11-25", "2022-11-26", "2022-11-27", "2022-11-28", "2022-11-29", "2022-11-30", "2022-12-01", "2022-12-02", "2022-12-03", "2022-12-04", "2022-12-05", "2022-12-06", "2022-12-07", "2022-12-08", "2022-12-09", "2022-12-10", "2022-12-11", "2022-12-12", "2022-12-13", "2022-12-14", "2022-12-15", "2022-12-16", "2022-12-17", "2022-12-18", "2022-12-19", "2022-12-20", "2022-12-21", "2022-12-22", "2022-12-23", "2022-12-24", "2022-12-25", "2022-12-26", "2022-12-27", "2022-12-28", "2022-12-29", "2022-12-30", "2022-12-31", "2023-01-01", "2023-01-02", "2023-01-03", "2023-01-04", "2023-01-05", "2023-01-06", "2023-01-07", "2023-01-08", "2023-01-09", "2023-01-10", "2023-01-11", "2023-01-12", "2023-01-13", "2023-01-14", "2023-01-15", "2023-01-16", "2023-01-17", "2023-01-18", "2023-01-19", "2023-01-20", "2023-01-21", "2023-01-22", "2023-01-23", "2023-01-24", "2023-01-25", "2023-01-26", "2023-01-27", "2023-01-28", "2023-01-29", "2023-01-30", "2023-01-31", "2023-02-01", "2023-02-02", "2023-02-03", "2023-02-04", "2023-02-05", "2023-02-06", "2023-02-07", "2023-02-08", "2023-02-09", "2023-02-10", "2023-02-11", "2023-02-12", "2023-02-13", "2023-02-14", "2023-02-15", "2023-02-16", "2023-02-17", "2023-02-18", "2023-02-19", "2023-02-20", "2023-02-21", "2023-02-22", "2023-02-23", "2023-02-24", "2023-02-25", "2023-02-26", "2023-02-27", "2023-02-28", "2023-03-01", "2023-03-02", "2023-03-03", "2023-03-04", "2023-03-05", "2023-03-06", "2023-03-07", "2023-03-08", "2023-03-09", "2023-03-10", "2023-03-11", "2023-03-12", "2023-03-13", "2023-03-14", "2023-03-15", "2023-03-16", "2023-03-17", "2023-03-18", "2023-03-19", "2023-03-20", "2023-03-21", "2023-03-22", "2023-03-23", "2023-03-24", "2023-03-25", "2023-03-26", "2023-03-27", "2023-03-28", "2023-03-29", "2023-03-30", "2023-03-31", "2023-04-01", "2023-04-02", "2023-04-03", "2023-04-04", "2023-04-05", "2023-04-06", "2023-04-07", "2023-04-08", "2023-04-09", "2023-04-10", "2023-04-11", "2023-04-12", "2023-04-13", "2023-04-14", "2023-04-15", "2023-04-16", "2023-04-17", "2023-04-18", "2023-04-19", "2023-04-20", "2023-04-21", "2023-04-22", "2023-04-23", "2023-04-24", "2023-04-25", "2023-04-26", "2023-04-27", "2023-04-28", "2023-04-29", "2023-04-30", "2023-05-01", "2023-05-02", "2023-05-03", "2023-05-04", "2023-05-05", "2023-05-06", "2023-05-07", "2023-05-08", "2023-05-09", "2023-05-10", "2023-05-11", "2023-05-12", "2023-05-13", "2023-05-14", "2023-05-15", "2023-05-16", "2023-05-17", "2023-05-18", "2023-05-19", "2023-05-20", "2023-05-21", "2023-05-22", "2023-05-23", "2023-05-24", "2023-05-25", "2023-05-26", "2023-05-27", "2023-05-28", "2023-05-29", "2023-05-30", "2023-05-31", "2023-06-01", "2023-06-02", "2023-06-03", "2023-06-04", "2023-06-05", "2023-06-06", "2023-06-07", "2023-06-08", "2023-06-09", "2023-06-10", "2023-06-11", "2023-06-12", "2023-06-13", "2023-06-14", "2023-06-15", "2023-06-16", "2023-06-17", "2023-06-18", "2023-06-19", "2023-06-20", "2023-06-21", "2023-06-22", "2023-06-23", "2023-06-24", "2023-06-25", "2023-06-26", "2023-06-27", "2023-06-28", "2023-06-29", "2023-06-30", "2023-07-01", "2023-07-02", "2023-07-03", "2023-07-04", "2023-07-05", "2023-07-06", "2023-07-07", "2023-07-08", "2023-07-09", "2023-07-10", "2023-07-11", "2023-07-12", "2023-07-13", "2023-07-14", "2023-07-15", "2023-07-16", "2023-07-17", "2023-07-18", "2023-07-19", "2023-07-20", "2023-07-21", "2023-07-22", "2023-07-23", "2023-07-24", "2023-07-25", "2023-07-26", "2023-07-27", "2023-07-28", "2023-07-29", "2023-07-30", "2023-07-31", "2023-08-01", "2023-08-02", "2023-08-03", "2023-08-04", "2023-08-05", "2023-08-06", "2023-08-07", "2023-08-08", "2023-08-09", "2023-08-10", "2023-08-11", "2023-08-12", "2023-08-13", "2023-08-14", "2023-08-15", "2023-08-16", "2023-08-17", "2023-08-18", "2023-08-19", "2023-08-20", "2023-08-21", "2023-08-22", "2023-08-23", "2023-08-24", "2023-08-25", "2023-08-26", "2023-08-27", "2023-08-28", "2023-08-29", "2023-08-30", "2023-08-31", "2023-09-01", "2023-09-02", "2023-09-03", "2023-09-04", "2023-09-05", "2023-09-06", "2023-09-07", "2023-09-08", "2023-09-09", "2023-09-10", "2023-09-11", "2023-09-12", "2023-09-13", "2023-09-14", "2023-09-15", "2023-09-16", "2023-09-17", "2023-09-18", "2023-09-19", "2023-09-20", "2023-09-21", "2023-09-22", "2023-09-23", "2023-09-24", "2023-09-25", "2023-09-26", "2023-09-27", "2023-09-28", "2023-09-29", "2023-09-30", "2023-10-01", "2023-10-02", "2023-10-03", "2023-10-04", "2023-10-05", "2023-10-06", "2023-10-07", "2023-10-08", "2023-10-09", "2023-10-10", "2023-10-11", "2023-10-12", "2023-10-13", "2023-10-14", "2023-10-15", "2023-10-16", "2023-10-17", "2023-10-18", "2023-10-19", "2023-10-20", "2023-10-21", "2023-10-22", "2023-10-23", "2023-10-24", "2023-10-25", "2023-10-26", "2023-10-27", "2023-10-28", "2023-10-29", "2023-10-30", "2023-10-31", "2023-11-01", "2023-11-02", "2023-11-03", "2023-11-04", "2023-11-05", "2023-11-06", "2023-11-07", "2023-11-08", "2023-11-09", "2023-11-10", "2023-11-11", "2023-11-12", "2023-11-13", "2023-11-14", "2023-11-15", "2023-11-16", "2023-11-17", "2023-11-18", "2023-11-19", "2023-11-20", "2023-11-21", "2023-11-22", "2023-11-23", "2023-11-24", "2023-11-25", "2023-11-26", "2023-11-27", "2023-11-28", "2023-11-29", "2023-11-30", "2023-12-01", "2023-12-02", "2023-12-03", "2023-12-04", "2023-12-05", "2023-12-06", "2023-12-07", "2023-12-08", "2023-12-09", "2023-12-10", "2023-12-11", "2023-12-12", "2023-12-13", "2023-12-14", "2023-12-15", "2023-12-16", "2023-12-17", "2023-12-18", "2023-12-19", "2023-12-20", "2023-12-21", "2023-12-22", "2023-12-23", "2023-12-24", "2023-12-25", "2023-12-26", "2023-12-27", "2023-12-28", "2023-12-29", "2023-12-30", "2023-12-31", "2024-01-01", "2024-01-02", "2024-01-03", "2024-01-04", "2024-01-05", "2024-01-06", "2024-01-07", "2024-01-08", "2024-01-09", "2024-01-10", "2024-01-11", "2024-01-12", "2024-01-13", "2024-01-14", "2024-01-15", "2024-01-16", "2024-01-17", "2024-01-18", "2024-01-19", "2024-01-20", "2024-01-21", "2024-01-22", "2024-01-23", "2024-01-24", "2024-01-25", "2024-01-26", "2024-01-27", "2024-01-28", "2024-01-29", "2024-01-30", "2024-01-31", "2024-02-01", "2024-02-02", "2024-02-03", "2024-02-04", "2024-02-05", "2024-02-06", "2024-02-07", "2024-02-08", "2024-02-09", "2024-02-10", "2024-02-11", "2024-02-12", "2024-02-13", "2024-02-14", "2024-02-15", "2024-02-16", "2024-02-17", "2024-02-18", "2024-02-19", "2024-02-20", "2024-02-21", "2024-02-22", "2024-02-23", "2024-02-24", "2024-02-25", "2024-02-26", "2024-02-27", "2024-02-28", "2024-02-29", "2024-03-01", "2024-03-02", "2024-03-03", "2024-03-04", "2024-03-05", "2024-03-06", "2024-03-07", "2024-03-08", "2024-03-09", "2024-03-10", "2024-03-11", "2024-03-12", "2024-03-13", "2024-03-14", "2024-03-15", "2024-03-16", "2024-03-17", "2024-03-18", "2024-03-19", "2024-03-20", "2024-03-21", "2024-03-22", "2024-03-23", "2024-03-24", "2024-03-25", "2024-03-26", "2024-03-27", "2024-03-28", "2024-03-29", "2024-03-30", "2024-03-31", "2024-04-01", "2024-04-02", "2024-04-03", "2024-04-04", "2024-04-05", "2024-04-06", "2024-04-07", "2024-04-08", "2024-04-09", "2024-04-10", "2024-04-11", "2024-04-12", "2024-04-13", "2024-04-14", "2024-04-15", "2024-04-16", "2024-04-17", "2024-04-18", "2024-04-19", "2024-04-20", "2024-04-21", "2024-04-22", "2024-04-23", "2024-04-24", "2024-04-25", "2024-04-26", "2024-04-27", "2024-04-28", "2024-04-29", "2024-04-30", "2024-05-01", "2024-05-02", "2024-05-03", "2024-05-04", "2024-05-05", "2024-05-06", "2024-05-07", "2024-05-08", "2024-05-09", "2024-05-10", "2024-05-11", "2024-05-12", "2024-05-13", "2024-05-14", "2024-05-15", "2024-05-16", "2024-05-17", "2024-05-18", "2024-05-19", "2024-05-20", "2024-05-21", "2024-05-22", "2024-05-23", "2024-05-24", "2024-05-25", "2024-05-26", "2024-05-27", "2024-05-28", "2024-05-29", "2024-05-30", "2024-05-31", "2024-06-01", "2024-06-02", "2024-06-03", "2024-06-04", "2024-06-05", "2024-06-06", "2024-06-07", "2024-06-08", "2024-06-09", "2024-06-10", "2024-06-11", "2024-06-12", "2024-06-13", "2024-06-14", "2024-06-15", "2024-06-16", "2024-06-17", "2024-06-18", "2024-06-19", "2024-06-20", "2024-06-21", "2024-06-22", "2024-06-23", "2024-06-24", "2024-06-25", "2024-06-26", "2024-06-27", "2024-06-28", "2024-06-29", "2024-06-30", "2024-07-01", "2024-07-02", "2024-07-03", "2024-07-04", "2024-07-05", "2024-07-06", "2024-07-07", "2024-07-08", "2024-07-09", "2024-07-10", "2024-07-11", "2024-07-12", "2024-07-13", "2024-07-14", "2024-07-15", "2024-07-16", "2024-07-17", "2024-07-18", "2024-07-19", "2024-07-20", "2024-07-21", "2024-07-22", "2024-07-23", "2024-07-24", "2024-07-25", "2024-07-26", "2024-07-27", "2024-07-28", "2024-07-29", "2024-07-30", "2024-07-31", "2024-08-01", "2024-08-02", "2024-08-03", "2024-08-04", "2024-08-05", "2024-08-06", "2024-08-07", "2024-08-08", "2024-08-09", "2024-08-10", "2024-08-11", "2024-08-12", "2024-08-13", "2024-08-14", "2024-08-15", "2024-08-16", "2024-08-17", "2024-08-18", "2024-08-19", "2024-08-20", "2024-08-21", "2024-08-22", "2024-08-23", "2024-08-24", "2024-08-25", "2024-08-26", "2024-08-27", "2024-08-28", "2024-08-29", "2024-08-30", "2024-08-31", "2024-09-01", "2024-09-02", "2024-09-03", "2024-09-04", "2024-09-05", "2024-09-06", "2024-09-07", "2024-09-08", "2024-09-09", "2024-09-10", "2024-09-11", "2024-09-12", "2024-09-13", "2024-09-14", "2024-09-15", "2024-09-16", "2024-09-17", "2024-09-18", "2024-09-19", "2024-09-20", "2024-09-21", "2024-09-22", "2024-09-23", "2024-09-24", "2024-09-25", "2024-09-26", "2024-09-27", "2024-09-28", "2024-09-29", "2024-09-30", "2024-10-01", "2024-10-02", "2024-10-03", "2024-10-04", "2024-10-05", "2024-10-06", "2024-10-07", "2024-10-08", "2024-10-09", "2024-10-10", "2024-10-11", "2024-10-12", "2024-10-13", "2024-10-14", "2024-10-15", "2024-10-16", "2024-10-17", "2024-10-18", "2024-10-19", "2024-10-20", "2024-10-21", "2024-10-22", "2024-10-23", "2024-10-24", "2024-10-25", "2024-10-26", "2024-10-27", "2024-10-28", "2024-10-29", "2024-10-30", "2024-10-31", "2024-11-01", "2024-11-02", "2024-11-03", "2024-11-04", "2024-11-05" ],
  "informationsPatrimoineCulturel" : {
    "patrimoineCulturelType" : {
      "elementReferenceType" : "PatrimoineCulturelType",
      "id" : 3203
    },
    "themes" : [ {
      "elementReferenceType" : "PatrimoineCulturelTheme",
      "id" : 3468
    } ]
  },
  "formatVersion" : "v002",
  "expiration" : { },
  "informationsPrestataireActivites" : {
    "prestataireActivites" : true
  },
  "enquete" : { },
  "donneesPrivees" : [ {
    "nomTechnique" : "1947_Id_patio",
    "libelleFr" : "Id_Patio",
    "ordre" : 1,
    "descriptif" : {
      "libelleFr" : "13T2001655"
    }
  }, {
    "nomTechnique" : "1947_Url_patio",
    "libelleFr" : "URL_Patio",
    "ordre" : 3,
    "descriptif" : {
      "libelleFr" : "http://www.aixenprovencetourism.com"
    }
  }, {
    "nomTechnique" : "1947_Source_patio",
    "libelleFr" : "Source_Patio",
    "ordre" : 2,
    "descriptif" : {
      "libelleFr" : "OT Aix en Provence"
    }
  } ],
  "metadonnees" : [ {
    "noeudId" : "fairguest",
    "contenus" : [ {
      "cible" : "general",
      "metadonnee" : {
        "note" : 6.9,
        "label" : "Moyen",
        "couleur" : "#ffc001",
        "nombreAvis" : 34,
        "dateMaj" : 1667643489180
      }
    } ]
  } ]
}