{
  "type" : "FETE_ET_MANIFESTATION",
  "id" : 5881688,
  "nom" : {
    "libelleFr" : "Festival En Ribambelle !"
  },
  "identifier" : "SITRA2_EVE_5881688",
  "state" : "PUBLISHED",
  "gestion" : {
    "dateCreation" : "2021-07-29T14:03:00.150+0000",
    "dateModification" : "2022-10-14T13:23:33.098+0000",
    "dateExportModification" : "2022-10-24T13:37:47.831+0000",
    "membreProprietaire" : {
      "type" : {
        "elementReferenceType" : "MembreSitraType",
        "id" : 233
      },
      "nom" : "Ville de Marseille",
      "dateCreation" : "2017-01-24T06:54:50.567+0000",
      "dateModification" : "2022-10-24T08:49:51.518+0000",
      "id" : 1470,
      "siteWeb" : "http://www.marseille.fr/"
    },
    "signalerUnProblemeMails" : [ "narezki@marseille.fr", "sortir@marseille.fr" ]
  },
  "informations" : {
    "moyensCommunication" : [ {
      "identifiant" : 90834081,
      "type" : {
        "elementReferenceType" : "MoyenCommunicationType",
        "id" : 205
      },
      "coordonnees" : {
        "fr" : "https://www.festivalenribambelle.com"
      }
    } ],
    "structureGestion" : {
      "type" : "STRUCTURE",
      "id" : 5228822
    }
  },
  "presentation" : {
    "descriptifCourt" : {
      "libelleFr" : "Destiné aux familles et aux groupes, aux bébés, aux enfants, aux jeunes et aux adultes,le festival En Ribambelle  présente des spectacles"
    },
    "descriptifDetaille" : {
      "libelleFr" : "Marionnettes, théâtre d’objet, danse et objets, théâtre d’argile…\r\n\r\nImaginé par le Théâtre Massalia, scène conventionnée d'intérêt national Arts vivants, enfance et jeunesse et La Criée – Théâtre national de Marseille en 2014, le festival En Ribambelle ! s'articule autour des arts de la marionnette et de l'objet et s'adresse à tous à partir de 1 an. Depuis sa première édition, il débute pendant les vacances de la Toussaint et s'étend ensuite pendant une à deux semaines sur le temps scolaire.\r\n\r\nChaque édition propose une douzaine de spectacles, certains circulant d'un lieu à un autre, en particulier les créations auquel le festival propose une diffusion et une visibilité. Mais il offre aussi aux familles ou aux groupes, des ateliers, des programmations de films avec Cinémanimé, des expositions...\r\n\r\nDu 19 octobre au 22 novembre 2022, à Aubagne, Berre-l'Étang, CornillonConfoux, Fos-sur-mer, Grans, Istres, Marseille, Miramas, Port-de-Bouc, PortSaint-Louis-du-Rhône et Vitrolles, cette neuvième édition du festival témoignera encore une fois de la grande richesse des arts de la marionnette et de l’objet, lorsqu’ils s’adressent notamment à l’enfance et la jeunesse. \r\n\r\nEt comme les artistes aiment de plus en plus mêler les arts, la musique, la danse et théâtre se glisseront aussi dans ces 19 propositions, présentées dans un ou plusieurs lieux."
    }
  },
  "localisation" : {
    "adresse" : {
      "nomDuLieu" : "Différents lieux culturels à Marseille et aux alentours",
      "codePostal" : "13055",
      "bureauDistribution" : "MARSEILLE",
      "commune" : {
        "id" : 4466
      }
    },
    "geolocalisation" : {
      "valide" : true,
      "geoJson" : {
        "type" : "Point",
        "coordinates" : [ 5.390569, 43.310172 ]
      }
    },
    "perimetreGeographique" : [ {
      "id" : 4466
    } ]
  },
  "liens" : {
    "liensObjetsTouristiquesTypes" : [ {
      "type" : "ORGANISATEUR_PROGRAMME",
      "libelleFr" : "Programme l'animation...",
      "libelleEn" : "Schedules activities...",
      "libelleEs" : "Organiza la animación...",
      "libelleIt" : "Programma l’animazione",
      "libelleDe" : "Plant die Veranstaltung ...",
      "libelleNl" : "Programmeert de animatie ...",
      "libelleRu" : "Развлекательная программа...",
      "libelleZh" : "助兴活动",
      "libellePtBR" : "Programa a animação ...",
      "libelleJa" : "イベントを開催します",
      "objetTouristique" : {
        "type" : "FETE_ET_MANIFESTATION",
        "id" : 6189387
      }
    } ]
  },
  "prestations" : {
    "animauxAcceptes" : "NON_DISPONIBLE",
    "animauxAcceptesSupplement" : "NON_DISPONIBLE",
    "languesParlees" : [ {
      "elementReferenceType" : "Langue",
      "id" : 1197
    } ],
    "typesClientele" : [ {
      "elementReferenceType" : "TypeClientele",
      "id" : 594
    } ]
  },
  "ouverture" : {
    "periodeEnClair" : {
      "libelleFr" : "Du 19/10 au 22/11/2022, tous les jours.",
      "libelleEn" : "From 19/10 to 22/11/2022, daily.",
      "libelleEs" : "Del 19/10 al 22/11/2022, todos los dias.",
      "libelleIt" : "Dal 19/10 al 22/11/2022, ogni giorno.",
      "libelleDe" : "Vom 19/10 bis 22/11/2022, täglich.",
      "libelleNl" : "Van 19/10 tot en met 22/11/2022, iedere dag.",
      "libelleRu" : "С 19/10 до 22/11/2022, ежедневно.",
      "libelleZh" : "从 10月19日 到 2022年11月22日, 日常.",
      "libellePtBR" : "De 19/10 a 22/11/2022, todos os dias.",
      "libelleJa" : "19/10 から 22/11/2022 まで, 毎日."
    },
    "periodeEnClairGenerationMode" : "AUTOMATIQUE",
    "indicationsPeriode" : [ {
      "elementReferenceType" : "IndicationPeriode",
      "id" : 416
    } ],
    "periodesOuvertures" : [ {
      "identifiant" : 21519038,
      "dateDebut" : "2022-10-19",
      "dateFin" : "2022-11-22",
      "type" : "OUVERTURE_TOUS_LES_JOURS",
      "tousLesAns" : false,
      "identifiantTechnique" : 24501794
    } ]
  },
  "descriptionTarif" : {
    "indicationTarif" : "PAYANT",
    "gratuit" : false,
    "tarifsEnClair" : {
      "libelleFr" : "Plein tarif : de 3 à 13 €.\n",
      "libelleEn" : "Full price: 3 to 13 €.\n",
      "libelleEs" : "Tarifa completa: de 3 a 13 €.\n",
      "libelleIt" : "Tarrifa intera: da 3 a 13 €.\n",
      "libelleDe" : "Voller Preis: von 3 bis 13 €.\n",
      "libelleNl" : "Vol tarief: € 3 tot en met € 13.\n",
      "libelleRu" : "Полную цену : с 3 до  13 €.\n",
      "libelleZh" : "全额 : 从 3 到  13 €.\n",
      "libellePtBR" : "Tarifa inteira: de 3 a 13 €.\n",
      "libelleJa" : "通常料金: 3 から 13 €.\n"
    },
    "tarifsEnClairGenerationMode" : "AUTOMATIQUE",
    "periodes" : [ {
      "identifiant" : 13746597,
      "dateDebut" : "2022-10-19",
      "dateFin" : "2022-11-22",
      "tarifs" : [ {
        "devise" : "EUR",
        "minimum" : 3.00,
        "maximum" : 13.00,
        "type" : {
          "elementReferenceType" : "TarifType",
          "id" : 5239
        }
      } ]
    } ],
    "devise" : "EUR",
    "conditions" : { }
  },
  "reservation" : {
    "organismes" : [ {
      "identifiant" : 5939225,
      "structureReference" : {
        "type" : "STRUCTURE",
        "id" : 5228822
      },
      "nom" : "Théâtre Massalia",
      "type" : {
        "elementReferenceType" : "ReservationType",
        "id" : 475
      },
      "moyensCommunication" : [ {
        "identifiant" : 90835110,
        "type" : {
          "elementReferenceType" : "MoyenCommunicationType",
          "id" : 205
        },
        "coordonnees" : {
          "fr" : "https://festivalenribambelle.mapado.com/"
        }
      } ],
      "locked" : false
    } ]
  },
  "criteresInternes" : [ {
    "id" : 16541
  } ],
  "illustrations" : [ {
    "identifiant" : 13362788,
    "link" : false,
    "type" : "IMAGE",
    "nom" : {
      "libelleFr" : "Festival En ribambelle ! 2022"
    },
    "copyright" : {
      "libelleFr" : "Festival En ribambelle ! 2022"
    },
    "traductionFichiers" : [ {
      "locale" : "fr",
      "url" : "https://static.apidae-tourisme.com/filestore/objets-touristiques/images/3/127/13532931.jpg",
      "urlListe" : "https://static.apidae-tourisme.com/filestore/objets-touristiques/images/3/127/13532931-liste.jpg",
      "urlFiche" : "https://static.apidae-tourisme.com/filestore/objets-touristiques/images/3/127/13532931-fiche.jpg",
      "urlDiaporama" : "https://static.apidae-tourisme.com/filestore/objets-touristiques/images/3/127/13532931-diaporama.jpg",
      "extension" : "jpg",
      "fileName" : "ribambelle",
      "taille" : 88945,
      "hauteur" : 800,
      "largeur" : 600,
      "lastModifiedDate" : "2022-06-29T12:58:44.124+0000"
    } ],
    "locked" : false
  } ],
  "territoires" : [ {
    "type" : "TERRITOIRE",
    "id" : 591381
  }, {
    "type" : "TERRITOIRE",
    "id" : 591419
  }, {
    "type" : "TERRITOIRE",
    "id" : 5127066
  }, {
    "type" : "TERRITOIRE",
    "id" : 5427637
  }, {
    "type" : "TERRITOIRE",
    "id" : 5460436
  }, {
    "type" : "TERRITOIRE",
    "id" : 5693758
  }, {
    "type" : "TERRITOIRE",
    "id" : 5693878
  }, {
    "type" : "TERRITOIRE",
    "id" : 5693903
  }, {
    "type" : "TERRITOIRE",
    "id" : 6008197
  } ],
  "datesOuverture" : [ "2022-10-25", "2022-10-26", "2022-10-27", "2022-10-28", "2022-10-29", "2022-10-30", "2022-10-31", "2022-11-01", "2022-11-02", "2022-11-03", "2022-11-04", "2022-11-05", "2022-11-06", "2022-11-07", "2022-11-08", "2022-11-09", "2022-11-10", "2022-11-11", "2022-11-12", "2022-11-13", "2022-11-14", "2022-11-15", "2022-11-16", "2022-11-17", "2022-11-18", "2022-11-19", "2022-11-20", "2022-11-21", "2022-11-22" ],
  "informationsFeteEtManifestation" : {
    "typesManifestation" : [ {
      "elementReferenceType" : "FeteEtManifestationType",
      "id" : 1958
    } ],
    "categories" : [ {
      "elementReferenceType" : "FeteEtManifestationCategorie",
      "id" : 2081
    }, {
      "elementReferenceType" : "FeteEtManifestationCategorie",
      "id" : 2134
    } ],
    "themes" : [ {
      "elementReferenceType" : "FeteEtManifestationTheme",
      "id" : 2213
    } ],
    "portee" : {
      "elementReferenceType" : "FeteEtManifestationPortee",
      "id" : 2352
    },
    "nomLieu" : "Différents lieux culturels à Marseille et aux alentours"
  },
  "formatVersion" : "v002",
  "expiration" : {
    "dateExpiration" : "2022-11-22T00:00:00.000+0000",
    "expirationAction" : "MASQUER_AUTOMATIQUEMENT"
  },
  "enquete" : { }
}