{
  "type" : "FETE_ET_MANIFESTATION",
  "id" : 5466770,
  "nom" : {
    "libelleFr" : "Marché Provençal de Cassis",
    "libelleEn" : "Cassis Provencal market: between Calanques and Cape Canaille",
    "libelleEs" : "Mercado provenzal Cassis: entre calas y cabo Canaille",
    "libelleIt" : "Mercato provenzale di Cassis: tra calanchi e Capo Canaille",
    "libelleDe" : "Cassis provenzalischen Markt: zwischen Calanques und Cape Canaille",
    "libelleNl" : "Marché Provençal"
  },
  "identifier" : "SITRA2_EVE_5466770",
  "state" : "PUBLISHED",
  "gestion" : {
    "dateCreation" : "2020-03-04T07:54:56.754+0000",
    "dateModification" : "2021-03-09T09:13:21.929+0000",
    "dateExportModification" : "2022-04-06T08:48:28.543+0000",
    "membreProprietaire" : {
      "type" : {
        "elementReferenceType" : "MembreSitraType",
        "id" : 233
      },
      "nom" : "Office de Tourisme de Cassis",
      "dateCreation" : "2020-10-19T06:23:27.752+0000",
      "dateModification" : "2022-10-24T08:49:36.803+0000",
      "id" : 2108,
      "siteWeb" : "https://www.ot-cassis.com"
    },
    "signalerUnProblemeMails" : [ "a.rick@ot-cassis.com", "cgallo@ot-cassis.com", "direction@ot-cassis.com", "evillers@ot-cassis.com", "lbaille@ot-cassis.com", "lmichelini@ot-cassis.com", "m.vallet@ot-cassis.com", "patricia@ot-cassis.com", "presse@ot-cassis.com", "sdelage@ot-cassis.com" ]
  },
  "informations" : {
    "moyensCommunication" : [ {
      "identifiant" : 77073257,
      "type" : {
        "elementReferenceType" : "MoyenCommunicationType",
        "id" : 205
      },
      "coordonnees" : {
        "fr" : "http://www.ot-cassis.com"
      }
    }, {
      "identifiant" : 79713079,
      "type" : {
        "elementReferenceType" : "MoyenCommunicationType",
        "id" : 207
      },
      "coordonnees" : {
        "fr" : "http://www.facebook.com/4SaisonsaCassis/"
      }
    }, {
      "identifiant" : 79713080,
      "type" : {
        "elementReferenceType" : "MoyenCommunicationType",
        "id" : 205
      },
      "coordonnees" : {
        "fr" : "http://www.instagram.com/otcassis/"
      }
    }, {
      "identifiant" : 79713081,
      "type" : {
        "elementReferenceType" : "MoyenCommunicationType",
        "id" : 3789
      },
      "coordonnees" : {
        "fr" : "http://plus.google.com/106997220174687483630"
      }
    } ],
    "informationsLegales" : { },
    "structureGestion" : {
      "type" : "STRUCTURE",
      "id" : 5226638
    }
  },
  "presentation" : {
    "descriptifCourt" : {
      "libelleFr" : "Petit marché Provençal typique au centre du village de Cassis... Flânez dans une ambiance typique de la région !"
    },
    "descriptifDetaille" : {
      "libelleFr" : "Petit marché Provençal typique au centre du village de Cassis... Flânez dans une ambiance typique de la région !",
      "libelleEn" : "Small market typical Provençal in the center of the village of Cassis... Stroll in a typical atmosphere of the region.",
      "libelleEs" : "Pequeño mercado típico provenzal en el centro de la aldea de Cassis... Pasear en un ambiente típico de la región.",
      "libelleIt" : "Piccolo mercato tipico provenzale nel centro del villaggio di Cassis... Una passeggiata in un'atmosfera tipica della regione.",
      "libelleDe" : "Kleiner typisch provenzalischer Markt in der Mitte des Dorfes von Cassis... Schlendern Sie in einer typischen Atmosphäre der Region."
    }
  },
  "localisation" : {
    "adresse" : {
      "nomDuLieu" : "Place Baragnon",
      "adresse1" : "Place Baragnon",
      "codePostal" : "13260",
      "bureauDistribution" : "CASSIS",
      "commune" : {
        "id" : 4433
      }
    },
    "geolocalisation" : {
      "valide" : true,
      "geoJson" : {
        "type" : "Point",
        "coordinates" : [ 5.539588, 43.214286 ]
      }
    },
    "perimetreGeographique" : [ {
      "id" : 4433
    } ]
  },
  "liens" : { },
  "prestations" : {
    "animauxAcceptes" : "NON_DISPONIBLE",
    "animauxAcceptesSupplement" : "NON_DISPONIBLE"
  },
  "ouverture" : {
    "periodeEnClair" : {
      "libelleFr" : "Le mercredi et le vendredi"
    },
    "periodeEnClairGenerationMode" : "MANUEL",
    "indicationsPeriode" : [ {
      "elementReferenceType" : "IndicationPeriode",
      "id" : 416
    }, {
      "elementReferenceType" : "IndicationPeriode",
      "id" : 418
    }, {
      "elementReferenceType" : "IndicationPeriode",
      "id" : 435
    }, {
      "elementReferenceType" : "IndicationPeriode",
      "id" : 436
    } ],
    "periodesOuvertures" : [ {
      "identifiant" : 20096987,
      "dateDebut" : "2020-01-01",
      "dateFin" : "2020-12-31",
      "type" : "OUVERTURE_SEMAINE",
      "tousLesAns" : true,
      "ouverturesJournalieres" : [ {
        "jour" : "MERCREDI"
      }, {
        "jour" : "VENDREDI"
      } ],
      "identifiantTechnique" : 20619355
    } ]
  },
  "descriptionTarif" : {
    "indicationTarif" : "PAYANT",
    "gratuit" : false,
    "tarifsEnClair" : { },
    "tarifsEnClairGenerationMode" : "AUTOMATIQUE",
    "devise" : "EUR",
    "conditions" : { }
  },
  "reservation" : { },
  "illustrations" : [ {
    "identifiant" : 9162602,
    "link" : false,
    "type" : "IMAGE",
    "nom" : {
      "libelleFr" : "13EVT022318_2_HD.jpg"
    },
    "copyright" : {
      "libelleFr" : "otcassis"
    },
    "traductionFichiers" : [ {
      "locale" : "fr",
      "url" : "https://static.apidae-tourisme.com/filestore/objets-touristiques/images/197/15/8916933.jpg",
      "urlListe" : "https://static.apidae-tourisme.com/filestore/objets-touristiques/images/197/15/8916933-liste.jpg",
      "urlFiche" : "https://static.apidae-tourisme.com/filestore/objets-touristiques/images/197/15/8916933-fiche.jpg",
      "urlDiaporama" : "https://static.apidae-tourisme.com/filestore/objets-touristiques/images/197/15/8916933-diaporama.jpg",
      "extension" : "jpg",
      "fileName" : "full",
      "taille" : 641248,
      "hauteur" : 1440,
      "largeur" : 1920,
      "lastModifiedDate" : "2020-12-03T05:16:03.000+0000"
    } ],
    "locked" : false
  } ],
  "multimedias" : [ {
    "identifiant" : 9493144,
    "link" : false,
    "type" : "DOCUMENT",
    "traductionFichiers" : [ {
      "locale" : "fr",
      "url" : "https://static.apidae-tourisme.com/filestore/objets-touristiques/documents/54/47/9252662/IMG_9008.jpg",
      "urlListe" : "https://static.apidae-tourisme.com/filestore/objets-touristiques/documents/54/47/9252662-liste.jpg",
      "urlFiche" : "https://static.apidae-tourisme.com/filestore/objets-touristiques/documents/54/47/9252662-fiche.jpg",
      "urlDiaporama" : "https://static.apidae-tourisme.com/filestore/objets-touristiques/documents/54/47/9252662-diaporama.jpg",
      "extension" : "jpg",
      "fileName" : "IMG_9008",
      "taille" : 4943972,
      "hauteur" : 2592,
      "largeur" : 3888,
      "lastModifiedDate" : "2021-02-06T10:45:47.000+0000"
    } ],
    "locked" : false
  }, {
    "identifiant" : 9493145,
    "link" : false,
    "type" : "DOCUMENT",
    "traductionFichiers" : [ {
      "locale" : "fr",
      "url" : "https://static.apidae-tourisme.com/filestore/objets-touristiques/documents/55/47/9252663/IMG_9015+bis.jpg",
      "urlListe" : "https://static.apidae-tourisme.com/filestore/objets-touristiques/documents/55/47/9252663-liste.jpg",
      "urlFiche" : "https://static.apidae-tourisme.com/filestore/objets-touristiques/documents/55/47/9252663-fiche.jpg",
      "urlDiaporama" : "https://static.apidae-tourisme.com/filestore/objets-touristiques/documents/55/47/9252663-diaporama.jpg",
      "extension" : "jpg",
      "fileName" : "IMG_9015 bis",
      "taille" : 580241,
      "hauteur" : 1000,
      "largeur" : 1500,
      "lastModifiedDate" : "2021-02-06T10:45:49.000+0000"
    } ],
    "locked" : false
  }, {
    "identifiant" : 9493146,
    "link" : false,
    "type" : "DOCUMENT",
    "traductionFichiers" : [ {
      "locale" : "fr",
      "url" : "https://static.apidae-tourisme.com/filestore/objets-touristiques/documents/56/47/9252664/IMG_9023.jpg",
      "urlListe" : "https://static.apidae-tourisme.com/filestore/objets-touristiques/documents/56/47/9252664-liste.jpg",
      "urlFiche" : "https://static.apidae-tourisme.com/filestore/objets-touristiques/documents/56/47/9252664-fiche.jpg",
      "urlDiaporama" : "https://static.apidae-tourisme.com/filestore/objets-touristiques/documents/56/47/9252664-diaporama.jpg",
      "extension" : "jpg",
      "fileName" : "IMG_9023",
      "taille" : 3173612,
      "hauteur" : 2592,
      "largeur" : 3888,
      "lastModifiedDate" : "2021-02-06T10:45:50.000+0000"
    } ],
    "locked" : false
  } ],
  "territoires" : [ {
    "type" : "TERRITOIRE",
    "id" : 591381
  }, {
    "type" : "TERRITOIRE",
    "id" : 591419
  }, {
    "type" : "TERRITOIRE",
    "id" : 5127066
  }, {
    "type" : "TERRITOIRE",
    "id" : 5427637
  }, {
    "type" : "TERRITOIRE",
    "id" : 5460436
  }, {
    "type" : "TERRITOIRE",
    "id" : 5693743
  }, {
    "type" : "TERRITOIRE",
    "id" : 5693903
  }, {
    "type" : "TERRITOIRE",
    "id" : 5853941
  } ],
  "datesOuverture" : [ "2022-11-09", "2022-11-11", "2022-11-16", "2022-11-18", "2022-11-23", "2022-11-25", "2022-11-30", "2022-12-02", "2022-12-07", "2022-12-09", "2022-12-14", "2022-12-16", "2022-12-21", "2022-12-23", "2022-12-28", "2022-12-30", "2023-01-04", "2023-01-06", "2023-01-11", "2023-01-13", "2023-01-18", "2023-01-20", "2023-01-25", "2023-01-27", "2023-02-01", "2023-02-03", "2023-02-08", "2023-02-10", "2023-02-15", "2023-02-17", "2023-02-22", "2023-02-24", "2023-03-01", "2023-03-03", "2023-03-08", "2023-03-10", "2023-03-15", "2023-03-17", "2023-03-22", "2023-03-24", "2023-03-29", "2023-03-31", "2023-04-05", "2023-04-07", "2023-04-12", "2023-04-14", "2023-04-19", "2023-04-21", "2023-04-26", "2023-04-28", "2023-05-03", "2023-05-05", "2023-05-10", "2023-05-12", "2023-05-17", "2023-05-19", "2023-05-24", "2023-05-26", "2023-05-31", "2023-06-02", "2023-06-07", "2023-06-09", "2023-06-14", "2023-06-16", "2023-06-21", "2023-06-23", "2023-06-28", "2023-06-30", "2023-07-05", "2023-07-07", "2023-07-12", "2023-07-14", "2023-07-19", "2023-07-21", "2023-07-26", "2023-07-28", "2023-08-02", "2023-08-04", "2023-08-09", "2023-08-11", "2023-08-16", "2023-08-18", "2023-08-23", "2023-08-25", "2023-08-30", "2023-09-01", "2023-09-06", "2023-09-08", "2023-09-13", "2023-09-15", "2023-09-20", "2023-09-22", "2023-09-27", "2023-09-29", "2023-10-04", "2023-10-06", "2023-10-11", "2023-10-13", "2023-10-18", "2023-10-20", "2023-10-25", "2023-10-27", "2023-11-01", "2023-11-03", "2023-11-08", "2023-11-10", "2023-11-15", "2023-11-17", "2023-11-22", "2023-11-24", "2023-11-29", "2023-12-01", "2023-12-06", "2023-12-08", "2023-12-13", "2023-12-15", "2023-12-20", "2023-12-22", "2023-12-27", "2023-12-29", "2024-01-03", "2024-01-05", "2024-01-10", "2024-01-12", "2024-01-17", "2024-01-19", "2024-01-24", "2024-01-26", "2024-01-31", "2024-02-02", "2024-02-07", "2024-02-09", "2024-02-14", "2024-02-16", "2024-02-21", "2024-02-23", "2024-02-28", "2024-03-01", "2024-03-06", "2024-03-08", "2024-03-13", "2024-03-15", "2024-03-20", "2024-03-22", "2024-03-27", "2024-03-29", "2024-04-03", "2024-04-05", "2024-04-10", "2024-04-12", "2024-04-17", "2024-04-19", "2024-04-24", "2024-04-26", "2024-05-01", "2024-05-03", "2024-05-08", "2024-05-10", "2024-05-15", "2024-05-17", "2024-05-22", "2024-05-24", "2024-05-29", "2024-05-31", "2024-06-05", "2024-06-07", "2024-06-12", "2024-06-14", "2024-06-19", "2024-06-21", "2024-06-26", "2024-06-28", "2024-07-03", "2024-07-05", "2024-07-10", "2024-07-12", "2024-07-17", "2024-07-19", "2024-07-24", "2024-07-26", "2024-07-31", "2024-08-02", "2024-08-07", "2024-08-09", "2024-08-14", "2024-08-16", "2024-08-21", "2024-08-23", "2024-08-28", "2024-08-30", "2024-09-04", "2024-09-06", "2024-09-11", "2024-09-13", "2024-09-18", "2024-09-20", "2024-09-25", "2024-09-27", "2024-10-02", "2024-10-04", "2024-10-09", "2024-10-11", "2024-10-16", "2024-10-18", "2024-10-23", "2024-10-25", "2024-10-30", "2024-11-01", "2024-11-06", "2024-11-08" ],
  "informationsFeteEtManifestation" : {
    "typesManifestation" : [ {
      "elementReferenceType" : "FeteEtManifestationType",
      "id" : 1962
    } ],
    "categories" : [ {
      "elementReferenceType" : "FeteEtManifestationCategorie",
      "id" : 2107
    } ],
    "portee" : {
      "elementReferenceType" : "FeteEtManifestationPortee",
      "id" : 2351
    },
    "nomLieu" : "Place Baragnon"
  },
  "formatVersion" : "v002",
  "expiration" : { },
  "enquete" : { },
  "donneesPrivees" : [ {
    "nomTechnique" : "1947_Id_patio",
    "libelleFr" : "Id_Patio",
    "ordre" : 1,
    "descriptif" : {
      "libelleFr" : "13EVT022318"
    }
  }, {
    "nomTechnique" : "1947_Source_patio",
    "libelleFr" : "Source_Patio",
    "ordre" : 2,
    "descriptif" : {
      "libelleFr" : "OT Cassis"
    }
  }, {
    "nomTechnique" : "1947_Url_patio",
    "libelleFr" : "URL_Patio",
    "ordre" : 3,
    "descriptif" : {
      "libelleFr" : "http://www.ot-cassis.com"
    }
  } ]
}