{
  "type" : "PATRIMOINE_CULTUREL",
  "id" : 5538116,
  "nom" : {
    "libelleFr" : "Mucem",
    "libelleEn" : "Musée des Civilisations d'Europe et Méditerranée",
    "libelleEs" : "Musée des Civilisations d'Europe et Méditerranée",
    "libelleIt" : "Musée des Civilisations d'Europe et Méditerranée",
    "libelleDe" : "Musée des Civilisations d'Europe et Méditerranée",
    "libelleNl" : "Musée des Civilisations d'Europe et Méditerranée"
  },
  "identifier" : "SITRA2_PCU_5538116",
  "state" : "PUBLISHED",
  "gestion" : {
    "dateCreation" : "2020-05-26T17:11:50.376+0000",
    "dateModification" : "2022-11-07T12:52:27.099+0000",
    "dateExportModification" : "2022-11-08T15:52:46.168+0000",
    "membreProprietaire" : {
      "type" : {
        "elementReferenceType" : "MembreSitraType",
        "id" : 233
      },
      "nom" : "Office Métropolitain de tourisme et des congrès de Marseille",
      "dateCreation" : "2017-02-13T09:29:30.842+0000",
      "dateModification" : "2022-10-24T08:49:48.642+0000",
      "id" : 1490,
      "siteWeb" : "http://www.marseille-tourisme.com"
    },
    "signalerUnProblemeMails" : [ "alegrand@marseille-tourisme.com", "hcochet@marseille-tourisme.com", "jorengo@marseille-tourisme.com", "lchavet@marseille-tourisme.com", "mamadier@marseille-tourisme.com", "sbenimeli@marseille-tourisme.com" ]
  },
  "informations" : {
    "moyensCommunication" : [ {
      "identifiant" : 79627823,
      "type" : {
        "elementReferenceType" : "MoyenCommunicationType",
        "id" : 201
      },
      "coordonnees" : {
        "fr" : "04 84 35 13 13"
      }
    }, {
      "identifiant" : 79627824,
      "type" : {
        "elementReferenceType" : "MoyenCommunicationType",
        "id" : 202
      },
      "coordonnees" : {
        "fr" : "04 91 59 02 36"
      }
    }, {
      "identifiant" : 79627825,
      "type" : {
        "elementReferenceType" : "MoyenCommunicationType",
        "id" : 205
      },
      "coordonnees" : {
        "fr" : "https://www.mucem.org/"
      }
    } ],
    "informationsLegales" : {
      "siret" : "51744107700024",
      "codeApeNaf" : "9499Z"
    },
    "structureGestion" : {
      "type" : "STRUCTURE",
      "id" : 5527607
    }
  },
  "presentation" : {
    "descriptifCourt" : {
      "libelleFr" : "Trois sites, trois ambiances pour des propositions riches et surprenantes à découvrir sur 40 000 m2 : le Mucem est un vrai musée du XXIe siècle, capable de séduire un vaste public avec une large palette d'activités.",
      "libelleEn" : "Thee sites,  three different  athmospheres offering rewarding and  amazing proposals to be  discovered on 40 000 m2: the  Mucem is  a true  21 century  museum able to  seduce with  a wide range  of activities.",
      "libelleEs" : "Tres sedes, tres ambientes para descubrir propuestas ricas y sorprendentes en 40.000 m2: el Mucem es un verdadero museo del siglo XXI, capaz de seducir a un vasto público con una amplia gama de actividades.",
      "libelleDe" : "Drei Standorte, drei Atmosphären für reichhaltige und überraschende Angebote, die es auf 40 000 m2 zu entdecken gilt: Das Mucem ist ein echtes Museum des 21. Jahrhunderts, das mit einer breiten Palette von Aktivitäten ein breites Publikum ansprechen kann."
    },
    "descriptifDetaille" : {
      "libelleFr" : "Les uns pourront voyager grâce aux expositions, les autres profiter d'une lecture, d'un concert, d'un débat, d'une projection... ou plus simplement d'une promenade en plein air dans les jardins méditerranéens du fort Saint-Jean. \r\n\r\nLe J4 : 15 000 m2.\r\nLe nouveau musée, bâti sur l'ancien môle portuaire J4 par l'architecte Rudy Ricciotti, constituera le coeur palpitant du Mucem. Au rez-de-chaussée, une exposition de référence pour un parcours permanent sera dédiée à la présentation des étapes majeures de l'histoire des civilisations méditerranéennes. Au second étage, deux grandes expositions par an seront consacrées aux sociétés, aux villes, aux lieux ou aux hommes qui font la Méditerranée. \r\nLe fort Saint-Jean : 15 000 m2. \r\nLes salles voutées abritées dans les entrailles de pierre du fort Saint-Jean, monument historique du XIIe siècle, proposeront des galeries d'exposition sur les thèmes de la fête et des spectacles. \r\n\r\nExpositions permanentes: \r\n\r\nLa Galerie de la Méditerranée fait peau neuve : à partir de fin novembre 2017, sa deuxième section accueille une nouvelle exposition semi-permanente. \" Connectivités \" raconte une histoire des grandes cités portuaires de la Méditerranée des XVIe et XVIIe siècles : Istanbul, Alger, Venise, Gênes, Séville et Lisbonne sont alors les points stratégiques de pouvoir et d'échanges dans une Méditerranée qui voit naître la modernité entre grands empires et globalisation. \r\n\r\nLe Mucem conserve un patrimoine unique, regroupant une diversité d'objets originale dans le monde des musées : tableaux, estampes ou sculptures côtoient mobilier, outillage, véhicules, bijoux, décors de boutique, vêtements de fête ou traditionnels... \r\n\r\nLe Centre de conservation et de ressources : 10 000 m2. \r\nPlus haut dans la ville, à proximité de la gare Saint-Charles, dans le quartier de la Belle de Mai, un troisième site accueillera le Centre de conservation et de ressources (CCR), conçu par l'architecte Corinne Vezzoni. Lieu de conservation des collections, le CCR sera un lieu innovant et lui aussi largement ouvert au public.\r\nSurface de l'exposition permanente : 15000\r\nSurface de l'exposition temporaire : 4700",
      "libelleEn" : "Some would be able to travel thanks to exhibitions, the others will enjoy a reading, a concert,  a projection.. Or simply enjoy  an  open air  walk in  the Mediterranean gardens of the  Fort Saint-Jean. On the  ground floor, a  permanent exhibition dedicated to the main steps of the Mediteranean civilizations history. On the  second floor, two big exhibitions a year will be devoted to society, cities, places or  human beings playing a part in Mediteranean.\r\n\r\nSaint Jean fort: 15 000 m2.\r\n\r\nThe vaulted rooms in the  stone bowels of Fort saint Jean, a  12 th century historical monument will feature exhibition galleries on the themes of celebration  and performance.\r\n\r\nMucem retains a unique heritage bringing together a diversity of  objects that is original in the museum world: paintings, prints on sculptures alonside furniture, tools, vehicles, jewellery, shop decorations, festive on traditional clothing etc..\r\n\r\nThe  conservation and resources centre: 10 000 m 2.\r\n\r\n Nearby the train station in district of la Belle de mai, a third site houses the conservation centre designed by the  architect  Corinne Vezzoni. \r\nThe place of the collections' conservation is an innovative place and also open to the  public.\r\n\r\nPermanent exhibition surface: 15 000.\r\nTemporary exhibition surface : 4700.",
      "libelleEs" : "Algunos podrán viajar gracias a las exposiciones, otros disfrutarán de una lectura, un concierto, un debate, una proyección... o simplemente un paseo al aire libre por los jardines mediterráneos de Fort Saint-Jean. \r\n\r\nEl J4: 15.000 m2.\r\nEl nuevo museo, construido en la antigua mole portuaria J4 por el arquitecto Rudy Ricciotti, será el corazón del Mucem. En la planta baja, una exposición de referencia para una visita permanente estará dedicada a la presentación de las grandes etapas de la historia de las civilizaciones mediterráneas. En la segunda planta, se dedicarán dos grandes exposiciones al año a las sociedades, ciudades, lugares o personas que componen el Mediterráneo. \r\nFort Saint-Jean: 15.000 m2. \r\nLas salas abovedadas alojadas en las entrañas de piedra del Fuerte Saint-Jean, monumento histórico del siglo XII, ofrecerán galerías de exposición sobre los temas de las fiestas y los espectáculos. \r\n\r\nExposiciones permanentes: \r\n\r\nLa Galería del Mediterráneo se renueva: a partir de finales de noviembre de 2017, su segunda sección acogerá una nueva exposición semipermanente. \"Conectividades\" cuenta la historia de las grandes ciudades portuarias del Mediterráneo en los siglos XVI y XVII: Estambul, Argel, Venecia, Génova, Sevilla y Lisboa fueron los puntos estratégicos de poder e intercambio en un Mediterráneo que vio nacer la modernidad entre grandes imperios y la globalización. \r\n\r\nEl Mucem conserva un patrimonio único, reuniendo una diversidad de objetos inédita en el mundo de los museos: pinturas, grabados y esculturas se codean con muebles, herramientas, vehículos, joyas, adornos de tiendas, ropa festiva o tradicional... \r\n\r\nEl Centro de Conservación y Recursos: 10.000 m2. \r\nMás arriba, cerca de la estación de tren de Saint-Charles, en el barrio de Belle de Mai, un tercer emplazamiento albergará el Centro de Conservación y Recursos (CCR), diseñado por la arquitecta Corinne Vezzoni. El CCR será un lugar innovador para preservar las colecciones y también estará ampliamente abierto al público.\r\nSuperficie de la exposición permanente: 15.000\r\nSuperficie de la exposición temporal: 4700",
      "libelleDe" : "Die einen können dank der Ausstellungen reisen, die anderen eine Lesung, ein Konzert, eine Debatte, eine Filmvorführung... oder ganz einfach einen Spaziergang unter freiem Himmel in den mediterranen Gärten des Fort Saint-Jean genießen. \r\n\r\nDas J4: 15.000 m2.\r\nDas neue Museum, das vom Architekten Rudy Ricciotti auf der ehemaligen Hafenmole J4 errichtet wurde, wird das pulsierende Herz des Mucem bilden. Im Erdgeschoss wird eine Referenzausstellung für einen permanenten Rundgang die wichtigsten Etappen der Geschichte der Zivilisationen des Mittelmeerraums präsentieren. Im zweiten Stockwerk werden zwei große Ausstellungen pro Jahr den Gesellschaften, Städten, Orten oder Menschen gewidmet sein, die den Mittelmeerraum ausmachen. \r\nDas Fort Saint-Jean: 15.000 m2. \r\nDie Gewölberäume in den steinernen Eingeweiden des Forts Saint-Jean, einem historischen Bauwerk aus dem 12. Jahrhundert, bieten Ausstellungsgalerien zu den Themen Feste und Aufführungen. \r\n\r\nDauerhafte Ausstellungen: \r\n\r\nDie Galerie de Méditerranée erhält ein neues Gesicht: Ab Ende November 2017 wird in ihrem zweiten Abschnitt eine neue semipermanente Ausstellung zu sehen sein. \"Jahrhundert: Istanbul, Algier, Venedig, Genua, Sevilla und Lissabon waren damals die strategischen Punkte der Macht und des Handels in einem Mittelmeerraum, in dem die Moderne zwischen großen Imperien und Globalisierung entstand. \r\n\r\nDas Mucem bewahrt ein einzigartiges Erbe, das eine in der Museumswelt einzigartige Vielfalt an Objekten umfasst: Gemälde, Drucke oder Skulpturen stehen neben Möbeln, Werkzeugen, Fahrzeugen, Schmuck, Ladendekorationen, festlicher oder traditioneller Kleidung... \r\n\r\nDas Zentrum für Konservierung und Ressourcen: 10.000 m2. \r\nWeiter oben in der Stadt, in der Nähe des Bahnhofs Saint-Charles im Viertel Belle de Mai, wird ein dritter Standort das Centre de conservation et de ressources (CCR) beherbergen, das von der Architektin Corinne Vezzoni entworfen wurde. Als Ort der Aufbewahrung der Sammlungen wird das GFS ein innovativer Ort sein, der ebenfalls weitgehend der Öffentlichkeit zugänglich sein wird.\r\nFläche für die Dauerausstellung: 15000\r\nFläche der temporären Ausstellung: 4700"
    },
    "descriptifsThematises" : [ {
      "dateDisponibilite" : null,
      "dateLimiteDePublication" : null,
      "theme" : {
        "elementReferenceType" : "DescriptifTheme",
        "id" : 6143
      },
      "description" : {
        "libelleFr" : "1 - Les mesures préconisées par l'Agence Nationale de Santé Publique en\r\nmatière de gestes barrières\r\n \r\n2 - L'application des règles de distanciation sociale\r\n \r\n3 - La mise en oeuvre des chartes promulguées par les instances\r\nprofessionnelles (FNHPA, UMIH, GNC, Gîtes de France...)\r\n \r\n4 - La présence, dans chaque structure, d'un(e) référent(e) sécurité\r\nsanitaire au fait des procédures et des protocoles, et qui portera à la\r\nconnaissance de l'ensemble du personnel les mesures à respecter\r\n \r\n5 -La diffusion et la mise à disposition de toutes les informations\r\nsanitaires indispensables : marins pompiers, services médicaux,\r\nhôpitaux, centres de dépistage, urgences ...\r\n \r\n6 - L'établissement de règles de conduite en cas de suspicion Covid-19 :\r\ndisposer d'un protocole précis en ce qui concerne les employés qui\r\npourraient montrer des signes d'infection au Covid-10 et appliquer ces\r\nprotocoles sans délai \" dans la mesure du possible \", ces protocoles\r\ndoivent aussi être appliqués aux clients en cas de doute",
        "libelleEn" : "1 - The measures recommended by the National Public Health Agency in terms of\r\nin terms of barrier gestures\r\n \r\n2 - The application of the rules of social distancing\r\n \r\n3 - The implementation of the charters promulgated by the professional\r\n(FNHPA, UMIH, GNC, Gîtes de France...)\r\n \r\n4 - The presence, in each structure, of a health and safety referent\r\nprocedures and protocols, and who will inform all the staff of the\r\nto all the personnel the measures to be respected\r\n \r\n5 - The distribution and availability of all essential health information\r\ninformation: firemen, medical services, hospitals, screening centers\r\nhospitals, screening centers, emergency services, etc.\r\n \r\n6 - The establishment of rules of conduct in case of suspicion of Covid-19 :\r\nHave a clear protocol for employees who\r\nshow signs of Covid-10 infection and apply these protocols without delay\r\nprotocols without delay \"to the extent possible,\" these protocols should also be\r\nshould also be applied to clients when in doubt",
        "libelleEs" : "1 - Las medidas recomendadas por la Agencia Nacional de Salud Pública en cuanto a\r\nen el ámbito de los gestos de barrera\r\n \r\n2 - La aplicación de las normas de distanciamiento social\r\n \r\n3 - La aplicación de las cartas promulgadas por los organismos profesionales\r\n(FNHPA, UMIH, GNC, Gîtes de France...)\r\n \r\n4 - La presencia, en cada estructura, de un referente de salud y seguridad\r\nque conozca los procedimientos y protocolos y que ponga en conocimiento de\r\n4 - La presencia, en cada estructura, de un referente de seguridad sanitaria que conozca los procedimientos y protocolos, y que informe a todo el personal de las medidas a respetar\r\n \r\n5 -Difundir y poner a disposición toda la información sanitaria esencial\r\n5 -Difundir y poner a disposición toda la información sanitaria esencial: bomberos, servicios médicos, hospitales\r\nhospitales, centros de detección, servicios de emergencia, etc.\r\n \r\n6 - Establecer normas de conducta en caso de sospecha de Covid-19 :\r\ntener un protocolo preciso para los empleados que\r\nque puedan mostrar signos de infección por Covid-10 y aplicar estos protocolos sin\r\nprotocolos sin demora \"en la medida de lo posible\", estos protocolos también deben ser\r\ntambién debe aplicarse a los clientes en caso de duda",
        "libelleDe" : "1 - Die von der Nationalen Agentur für öffentliche Gesundheit empfohlenen Maßnahmen in Bezug auf\r\nin Bezug auf Barrieregesten\r\n \r\n2 - Die Anwendung der Regeln zur sozialen Distanzierung\r\n \r\n3 - Die Umsetzung der von den Instanzen verkündeten Chartas.\r\n(FNHPA, UMIH, GNC, Gîtes de France ...)\r\n \r\n4 - In jeder Einrichtung muss ein/e Referent/in für Sicherheit und Gesundheit vorhanden sein.\r\nder mit den Verfahren und Protokollen vertraut ist und der das Wissen um die\r\ndem gesamten Personal die einzuhaltenden Maßnahmen zur Kenntnis bringt.\r\n \r\n5 -Die Verbreitung und Bereitstellung aller Informationen.\r\nGesundheitsfürsorge: Feuerwehrleute, medizinische Dienste,\r\nKrankenhäuser, Screening-Zentren, Notfälle ...\r\n \r\n6 -Die Festlegung von Verhaltensregeln für den Fall eines Verdachts Covid-19 :\r\nÜber ein genaues Protokoll in Bezug auf Mitarbeiter verfügen, die\r\nAnzeichen einer Infektion mit Covid-10 zeigen könnten und diese Protokolle anwenden.\r\nProtokolle unverzüglich \"so weit wie möglich\" anwenden; diese Protokolle\r\nsollten im Zweifelsfall auch auf Kunden angewendet werden"
      }
    } ],
    "typologiesPromoSitra" : [ {
      "elementReferenceType" : "TypologiePromoSitra",
      "id" : 1593
    }, {
      "elementReferenceType" : "TypologiePromoSitra",
      "id" : 1621
    }, {
      "elementReferenceType" : "TypologiePromoSitra",
      "id" : 6199
    }, {
      "elementReferenceType" : "TypologiePromoSitra",
      "id" : 6756
    } ]
  },
  "localisation" : {
    "adresse" : {
      "adresse1" : "7 Promenade Robert Laffont",
      "codePostal" : "13002",
      "bureauDistribution" : "MARSEILLE",
      "commune" : {
        "id" : 4532
      }
    },
    "geolocalisation" : {
      "complement" : {
        "libelleFr" : "Métro : station Vieux Port ou Joliette \r\nTramway T2 : arrêt République/Dames ou Joliette \r\nBus : n° 83 et 60 ou City Navette (arrêt Fort Saint Jean ou MuCEM) n°49 (arrêt Église St Laurent) \r\nVoiture : parking Vieux Port/Fort St Jean\r\nLignes n° 83, 49 et 60 ou City Navette : Arrêt de bus à 0.2km\r\nSaint-Charles : Gare ferroviaire à 1km\r\nJoliette : Gare maritime à 0.5km\r\nSaint-Charles : Gare routière à 1km\r\nVieux Port : Port à 0.7km\r\nA55 et A51 Vieux Port : Sortie autoroute à 0.5km\r\nVieux Port ligne 1 ou Joliette : Station de métro à 0.4km"
      },
      "valide" : true,
      "geoJson" : {
        "type" : "Point",
        "coordinates" : [ 5.360963, 43.296761 ]
      }
    },
    "perimetreGeographique" : [ {
      "id" : 4532
    } ],
    "environnements" : [ {
      "elementReferenceType" : "Environnement",
      "id" : 141
    }, {
      "elementReferenceType" : "Environnement",
      "id" : 180
    }, {
      "elementReferenceType" : "Environnement",
      "id" : 183
    }, {
      "elementReferenceType" : "Environnement",
      "id" : 191
    }, {
      "elementReferenceType" : "Environnement",
      "id" : 3973
    }, {
      "elementReferenceType" : "Environnement",
      "id" : 3974
    }, {
      "elementReferenceType" : "Environnement",
      "id" : 3976
    } ]
  },
  "liens" : {
    "liensObjetsTouristiquesTypes" : [ {
      "type" : "SUR_PLACE",
      "libelleFr" : "Sur place",
      "libelleEn" : "On the premises",
      "libelleEs" : "In situ",
      "libelleIt" : "Sul posto",
      "libelleDe" : "Vor Ort",
      "libelleNl" : "Ter plaatse",
      "libelleRu" : "На месте",
      "libelleZh" : "堂食",
      "libellePtBR" : "No local",
      "libelleJa" : "現地で",
      "objetTouristique" : {
        "type" : "RESTAURATION",
        "id" : 5234256
      }
    }, {
      "type" : "SUR_PLACE",
      "libelleFr" : "Sur place",
      "libelleEn" : "On the premises",
      "libelleEs" : "In situ",
      "libelleIt" : "Sul posto",
      "libelleDe" : "Vor Ort",
      "libelleNl" : "Ter plaatse",
      "libelleRu" : "На месте",
      "libelleZh" : "堂食",
      "libellePtBR" : "No local",
      "libelleJa" : "現地で",
      "objetTouristique" : {
        "type" : "RESTAURATION",
        "id" : 5233767
      }
    }, {
      "type" : "SUR_PLACE",
      "libelleFr" : "Sur place",
      "libelleEn" : "On the premises",
      "libelleEs" : "In situ",
      "libelleIt" : "Sul posto",
      "libelleDe" : "Vor Ort",
      "libelleNl" : "Ter plaatse",
      "libelleRu" : "На месте",
      "libelleZh" : "堂食",
      "libellePtBR" : "No local",
      "libelleJa" : "現地で",
      "objetTouristique" : {
        "type" : "PATRIMOINE_CULTUREL",
        "id" : 5538413
      }
    }, {
      "type" : "SUR_PLACE",
      "libelleFr" : "Sur place",
      "libelleEn" : "On the premises",
      "libelleEs" : "In situ",
      "libelleIt" : "Sul posto",
      "libelleDe" : "Vor Ort",
      "libelleNl" : "Ter plaatse",
      "libelleRu" : "На месте",
      "libelleZh" : "堂食",
      "libellePtBR" : "No local",
      "libelleJa" : "現地で",
      "objetTouristique" : {
        "type" : "PATRIMOINE_CULTUREL",
        "id" : 5538701
      }
    }, {
      "type" : "SUR_PLACE",
      "libelleFr" : "Sur place",
      "libelleEn" : "On the premises",
      "libelleEs" : "In situ",
      "libelleIt" : "Sul posto",
      "libelleDe" : "Vor Ort",
      "libelleNl" : "Ter plaatse",
      "libelleRu" : "На месте",
      "libelleZh" : "堂食",
      "libellePtBR" : "No local",
      "libelleJa" : "現地で",
      "objetTouristique" : {
        "type" : "PATRIMOINE_CULTUREL",
        "id" : 5539450
      }
    }, {
      "type" : "SUR_PLACE",
      "libelleFr" : "Sur place",
      "libelleEn" : "On the premises",
      "libelleEs" : "In situ",
      "libelleIt" : "Sul posto",
      "libelleDe" : "Vor Ort",
      "libelleNl" : "Ter plaatse",
      "libelleRu" : "На месте",
      "libelleZh" : "堂食",
      "libellePtBR" : "No local",
      "libelleJa" : "現地で",
      "objetTouristique" : {
        "type" : "RESTAURATION",
        "id" : 5231793
      }
    }, {
      "type" : "SUR_PLACE",
      "libelleFr" : "Sur place",
      "libelleEn" : "On the premises",
      "libelleEs" : "In situ",
      "libelleIt" : "Sul posto",
      "libelleDe" : "Vor Ort",
      "libelleNl" : "Ter plaatse",
      "libelleRu" : "На месте",
      "libelleZh" : "堂食",
      "libellePtBR" : "No local",
      "libelleJa" : "現地で",
      "objetTouristique" : {
        "type" : "PATRIMOINE_CULTUREL",
        "id" : 5538701
      }
    }, {
      "type" : "SUR_PLACE",
      "libelleFr" : "Sur place",
      "libelleEn" : "On the premises",
      "libelleEs" : "In situ",
      "libelleIt" : "Sul posto",
      "libelleDe" : "Vor Ort",
      "libelleNl" : "Ter plaatse",
      "libelleRu" : "На месте",
      "libelleZh" : "堂食",
      "libellePtBR" : "No local",
      "libelleJa" : "現地で",
      "objetTouristique" : {
        "type" : "PATRIMOINE_CULTUREL",
        "id" : 5539450
      }
    }, {
      "type" : "SUR_PLACE",
      "libelleFr" : "Sur place",
      "libelleEn" : "On the premises",
      "libelleEs" : "In situ",
      "libelleIt" : "Sul posto",
      "libelleDe" : "Vor Ort",
      "libelleNl" : "Ter plaatse",
      "libelleRu" : "На месте",
      "libelleZh" : "堂食",
      "libellePtBR" : "No local",
      "libelleJa" : "現地で",
      "objetTouristique" : {
        "type" : "RESTAURATION",
        "id" : 5231793
      }
    }, {
      "type" : "DEFAUT",
      "libelleFr" : "En lien avec",
      "libelleEn" : "Related to",
      "libelleEs" : "En relación con",
      "libelleIt" : "In collegamento con",
      "libelleDe" : "In Verbindung mit",
      "libelleNl" : "In verband met",
      "libelleRu" : "Применительно к",
      "libelleZh" : "与携手",
      "libellePtBR" : "Em relação com",
      "libelleJa" : "と関連して",
      "objetTouristique" : {
        "type" : "PATRIMOINE_NATUREL",
        "id" : 5940461
      }
    }, {
      "type" : "OBJET_PACKAGE",
      "libelleFr" : "Est proposé par l'offre \"tout compris\"...",
      "libelleEn" : "Features in the “all-inclusive” offer...",
      "libelleEs" : "La propone la oferta «todo incluido»...",
      "libelleIt" : "È proposto dall’offerta “tutto incluso”...",
      "libelleDe" : "Wird vom „All-inclusive“-Angebot ... angeboten.",
      "libelleNl" : "Wordt aangeboden door de \"all-inclusive\"-aanbieding ...",
      "libelleRu" : "Предлагается по тарифу «всё включено»...",
      "libelleZh" : "由“全包”优惠提供",
      "libellePtBR" : "Está proposto pela oferta “all inclusive” ...",
      "libelleJa" : "は「全込み」オファーで提供されています",
      "objetTouristique" : {
        "type" : "SEJOUR_PACKAGE",
        "id" : 5857728
      }
    }, {
      "type" : "SUR_PLACE",
      "libelleFr" : "Sur place",
      "libelleEn" : "On the premises",
      "libelleEs" : "In situ",
      "libelleIt" : "Sul posto",
      "libelleDe" : "Vor Ort",
      "libelleNl" : "Ter plaatse",
      "libelleRu" : "На месте",
      "libelleZh" : "堂食",
      "libellePtBR" : "No local",
      "libelleJa" : "現地で",
      "objetTouristique" : {
        "type" : "FETE_ET_MANIFESTATION",
        "id" : 6056224
      }
    }, {
      "type" : "OBJET_PACKAGE",
      "libelleFr" : "Est proposé par l'offre \"tout compris\"...",
      "libelleEn" : "Features in the “all-inclusive” offer...",
      "libelleEs" : "La propone la oferta «todo incluido»...",
      "libelleIt" : "È proposto dall’offerta “tutto incluso”...",
      "libelleDe" : "Wird vom „All-inclusive“-Angebot ... angeboten.",
      "libelleNl" : "Wordt aangeboden door de \"all-inclusive\"-aanbieding ...",
      "libelleRu" : "Предлагается по тарифу «всё включено»...",
      "libelleZh" : "由“全包”优惠提供",
      "libellePtBR" : "Está proposto pela oferta “all inclusive” ...",
      "libelleJa" : "は「全込み」オファーで提供されています",
      "objetTouristique" : {
        "type" : "SEJOUR_PACKAGE",
        "id" : 5849954
      }
    } ]
  },
  "prestations" : {
    "equipements" : [ {
      "elementReferenceType" : "PrestationEquipement",
      "id" : 613
    }, {
      "elementReferenceType" : "PrestationEquipement",
      "id" : 804
    }, {
      "elementReferenceType" : "PrestationEquipement",
      "id" : 972
    }, {
      "elementReferenceType" : "PrestationEquipement",
      "id" : 1078
    }, {
      "elementReferenceType" : "PrestationEquipement",
      "id" : 1321
    }, {
      "elementReferenceType" : "PrestationEquipement",
      "id" : 1322
    } ],
    "services" : [ {
      "elementReferenceType" : "PrestationService",
      "id" : 916
    }, {
      "elementReferenceType" : "PrestationService",
      "id" : 1026
    }, {
      "elementReferenceType" : "PrestationService",
      "id" : 1115
    }, {
      "elementReferenceType" : "PrestationService",
      "id" : 1130
    }, {
      "elementReferenceType" : "PrestationService",
      "id" : 1190
    } ],
    "animauxAcceptes" : "NON_ACCEPTES",
    "animauxAcceptesSupplement" : "NON_DISPONIBLE",
    "activites" : [ {
      "elementReferenceType" : "PrestationActivite",
      "id" : 582
    }, {
      "elementReferenceType" : "PrestationActivite",
      "id" : 641
    }, {
      "elementReferenceType" : "PrestationActivite",
      "id" : 652
    }, {
      "elementReferenceType" : "PrestationActivite",
      "id" : 6032
    } ],
    "languesParlees" : [ {
      "elementReferenceType" : "Langue",
      "id" : 1189
    }, {
      "elementReferenceType" : "Langue",
      "id" : 1192
    }, {
      "elementReferenceType" : "Langue",
      "id" : 1194
    }, {
      "elementReferenceType" : "Langue",
      "id" : 1197
    }, {
      "elementReferenceType" : "Langue",
      "id" : 1200
    } ],
    "complementAccueil" : {
      "libelleFr" : "Accessible pour handicapés\r\nParking public(Hôtel de Ville, Fort St Jean)\r\nParking autocar(Fort Saint Jean)",
      "libelleEn" : "Accessible for disabled",
      "libelleIt" : "Accessibile ai disabili",
      "libelleDe" : "Zugänglich für Behinderte",
      "libelleNl" : "Toegankelijk voor mensen met een handicap"
    },
    "labelsTourismeHandicap" : [ {
      "elementReferenceType" : "LabelTourismeHandicap",
      "id" : 1224
    }, {
      "elementReferenceType" : "LabelTourismeHandicap",
      "id" : 1225
    }, {
      "elementReferenceType" : "LabelTourismeHandicap",
      "id" : 1226
    }, {
      "elementReferenceType" : "LabelTourismeHandicap",
      "id" : 1227
    } ],
    "descriptifHandicapMoteur" : {
      "libelleFr" : "Toutes les expositions sont accessibles. L'auditorium propose 325 places dont 10 réservées. WC adaptés. Des fauteuils roulants et sièges-cannes peuvent être empruntés aux vestiaires (J4)."
    },
    "descriptifHandicapAuditif" : {
      "libelleFr" : "Espaces d'accueil, guide multimédia et l'auditorium dotés d'un système d'amplification (colliers magnétiques ou BIM). Les commentaires des conférenciers peuvent être amplifiés. Parcours en Langue des Signes Française pour la Galerie de la Méditerranée sur le guide multimédia. Visites en LSF des collections permanentes et des expositions temporaires programmées."
    },
    "descriptifHandicapVisuel" : {
      "libelleFr" : "Guide multimédia avec une version en audiodescription du parcours tactile et sensoriel de la Galerie de la Méditerranée. Des loupes peuvent être empruntées aux vestiaires (J4). Plusieurs visites et ateliers sont adaptés aux personnes aveugles ou malvoyantes."
    },
    "descriptifHandicapMental" : {
      "libelleFr" : "Le musée propose des visites et ateliers adaptés."
    },
    "typesClientele" : [ {
      "elementReferenceType" : "TypeClientele",
      "id" : 593
    } ]
  },
  "ouverture" : {
    "periodeEnClair" : {
      "libelleFr" : "Du 07/11 au 31/12/2022 de 10h à 18h.\nFermé le mardi.\nFermé le mardi et le 25 décembre.\n\nDu 06/04 au 08/07/2023, tous les jours de 10h à 19h.\nFermé le mardi.",
      "libelleEn" : "From 07/11 to 31/12/2022 between 10 am and 6 pm.\nClosed on Tuesday.\n\nFrom 06/04 to 08/07/2023, daily between 10 am and 7 pm.",
      "libelleEs" : "Del 07/11 al 31/12/2022 de 10 a 18.\nCerrado los martes.\n\nDel 06/04 al 08/07/2023, todos los dias de 10 a 19.",
      "libelleIt" : "Dal 07/11 al 31/12/2022 dalle 10 alle 18.\nChiuso il martedì.\n\nDal 06/04 al 08/07/2023, ogni giorno dalle 10 alle 19.",
      "libelleDe" : "Vom 07/11 bis 31/12/2022 von 10 Uhr bis 18 Uhr.\nDienstag geschlossen.\n\nVom 06/04 bis 08/07/2023, täglich von 10 Uhr bis 19 Uhr.",
      "libelleNl" : "Van 07/11 tot en met 31/12/2022 van 10.00 tot en met 18.00 u.\nDinsdag gesloten.\n\nVan 06/04 tot en met 08/07/2023, iedere dag van 10.00 tot en met 19.00 u.",
      "libelleRu" : "С 07/11 до 31/12/2022 с 10h до 18h.\nНе работает вторник.\n\nС 06/04 до 08/07/2023, ежедневно с 10h до 19h.",
      "libelleZh" : "从 11月7日 到 2022年12月31日 小时小时 和 小时小时 之间.\n星期二 关闭.\n\n从 4月6日 到 2023年7月8日, 日常 小时小时 和 小时小时 之间.",
      "libellePtBR" : "De 07/11 a 31/12/2022 de 10h a  18h.\nFechado em terça-feira.\n\nDe 06/04 a 08/07/2023, todos os dias de 10h a  19h.",
      "libelleJa" : "07/11 から 31/12/2022 まで 10 午前 と 6 午後 の間.\n火曜日 は休み.\n\n06/04 から 08/07/2023 まで, 毎日 10 午前 と 7 午後 の間."
    },
    "periodeEnClairGenerationMode" : "AUTOMATIQUE",
    "indicationsPeriode" : [ {
      "elementReferenceType" : "IndicationPeriode",
      "id" : 416
    }, {
      "elementReferenceType" : "IndicationPeriode",
      "id" : 418
    }, {
      "elementReferenceType" : "IndicationPeriode",
      "id" : 435
    }, {
      "elementReferenceType" : "IndicationPeriode",
      "id" : 436
    } ],
    "periodesOuvertures" : [ {
      "identifiant" : 23418958,
      "dateDebut" : "2022-08-31",
      "dateFin" : "2022-11-06",
      "complementHoraire" : {
        "libelleFr" : "Fermé le mardi et le 1er novembre car c'est un mardi"
      },
      "horaireOuverture" : "10:00:00",
      "horaireFermeture" : "19:00:00",
      "type" : "OUVERTURE_SAUF",
      "tousLesAns" : false,
      "identifiantTechnique" : 24712456
    }, {
      "identifiant" : 23418971,
      "dateDebut" : "2022-11-07",
      "dateFin" : "2022-12-31",
      "complementHoraire" : {
        "libelleFr" : "Fermé le mardi et le 25 décembre"
      },
      "horaireOuverture" : "10:00:00",
      "horaireFermeture" : "18:00:00",
      "type" : "OUVERTURE_SAUF",
      "tousLesAns" : false,
      "ouverturesJournalieres" : [ {
        "jour" : "MARDI"
      } ],
      "identifiantTechnique" : 24712457
    }, {
      "identifiant" : 24061045,
      "dateDebut" : "2023-04-06",
      "dateFin" : "2023-07-08",
      "complementHoraire" : {
        "libelleFr" : "Fermé le mardi"
      },
      "horaireOuverture" : "10:00:00",
      "horaireFermeture" : "19:00:00",
      "type" : "OUVERTURE_TOUS_LES_JOURS",
      "tousLesAns" : false,
      "identifiantTechnique" : 24712458
    } ]
  },
  "descriptionTarif" : {
    "indicationTarif" : "PAYANT",
    "gratuit" : false,
    "tarifsEnClair" : {
      "libelleFr" : "Plein tarif : 11 €\nTarif réduit : 7,50 €\nHandicapé : à partir de 0 € (Gratuité handicapés et leur accompagnant pour expositions temporaires et permanentes\r\nRéduit : programmations artistiques et visites guidées.)\nGroupe adultes : 18 € (Tarif famille 5 enfants maximum et  2 adultes).\n",
      "libelleEn" : "Full price: 11 €\nReduced price: 7.50 €\nDisabled: from 0 € (Free admission for disabled people and their companions for temporary and permanent exhibitions\r\nReduced: artistic programs and guided tours.)\nGroup adults: 18 € (Family rate 5 children maximum and 2 adults).\n",
      "libelleEs" : "Tarifa completa: 11 €\nPrecio reducido: 7,50 €\nDiscapacitado: a partir de 0 € (Entrada gratuita para las personas con discapacidad y sus acompañantes a las exposiciones temporales y permanentes\r\nReducido: programas artísticos y visitas guiadas.)\nGrupo adultos: 18 € (Tarifa familiar 5 niños máximo y 2 adultos).\n",
      "libelleIt" : "Tarrifa intera: 11 €\nPrezzo ridotto: 7,50 €\nPersona con disabilità: a partire da 0 €\nGruppo adulti: 18 €.\n",
      "libelleDe" : "Voller Preis: 11 €\nReduzierter Preis: 7,50 €\nBehinderter: ab 0 € (Freier Eintritt für Behinderte und ihre Begleitpersonen in temporären und permanenten Ausstellungen.\r\nErmäßigt: Künstlerische Programme und Führungen.)\nErwachsene Gruppe: 18 € (Familientarif 5 Kinder maximal und 2 Erwachsene).\n",
      "libelleNl" : "Vol tarief: € 11\nKorting: € 7,50\nGehandicapte: vanaf 0 €\nGroep volwassenen: € 18.\n",
      "libelleRu" : "Полную цену : 11 €\nСниженная цена : 7,50 €\nИнвалид : с 0 €\nГруппа взрослых : 18 €.\n",
      "libelleZh" : "全额 : 11 €\n减价 : 7.50 €\n残疾人 : 从 0 €\n成人团体 : 18 €.\n",
      "libellePtBR" : "Tarifa inteira: 11 €\nPreço reduzido: 7,50 €\nDeficiente: a partir de 0 €\nGrupo de adultos: 18 €.\n",
      "libelleJa" : "通常料金: 11 €\n割引料金: 7.50 €\n障害者: 0 €から\n大人 グループ: 18 €.\n"
    },
    "tarifsEnClairGenerationMode" : "AUTOMATIQUE",
    "complement" : { },
    "periodes" : [ {
      "identifiant" : 11601009,
      "dateDebut" : "2021-05-19",
      "dateFin" : "2023-12-31",
      "tarifs" : [ {
        "devise" : "EUR",
        "minimum" : 11.00,
        "maximum" : 11.00,
        "type" : {
          "elementReferenceType" : "TarifType",
          "id" : 5250
        }
      }, {
        "devise" : "EUR",
        "minimum" : 7.50,
        "maximum" : 7.50,
        "type" : {
          "elementReferenceType" : "TarifType",
          "id" : 5251
        }
      }, {
        "devise" : "EUR",
        "minimum" : 0.00,
        "precisionTarif" : {
          "libelleFr" : "Gratuité handicapés et leur accompagnant pour expositions temporaires et permanentes\r\nRéduit : programmations artistiques et visites guidées.",
          "libelleEn" : "Free admission for disabled people and their companions for temporary and permanent exhibitions\r\nReduced: artistic programs and guided tours.",
          "libelleEs" : "Entrada gratuita para las personas con discapacidad y sus acompañantes a las exposiciones temporales y permanentes\r\nReducido: programas artísticos y visitas guiadas.",
          "libelleDe" : "Freier Eintritt für Behinderte und ihre Begleitpersonen in temporären und permanenten Ausstellungen.\r\nErmäßigt: Künstlerische Programme und Führungen."
        },
        "type" : {
          "elementReferenceType" : "TarifType",
          "id" : 4131
        }
      }, {
        "devise" : "EUR",
        "minimum" : 18.00,
        "maximum" : 18.00,
        "precisionTarif" : {
          "libelleFr" : "Tarif famille 5 enfants maximum et  2 adultes",
          "libelleEn" : "Family rate 5 children maximum and 2 adults",
          "libelleEs" : "Tarifa familiar 5 niños máximo y 2 adultos",
          "libelleDe" : "Familientarif 5 Kinder maximal und 2 Erwachsene"
        },
        "type" : {
          "elementReferenceType" : "TarifType",
          "id" : 1748
        }
      } ]
    } ],
    "modesPaiement" : [ {
      "elementReferenceType" : "ModePaiement",
      "id" : 1265
    }, {
      "elementReferenceType" : "ModePaiement",
      "id" : 1268
    }, {
      "elementReferenceType" : "ModePaiement",
      "id" : 1271
    }, {
      "elementReferenceType" : "ModePaiement",
      "id" : 1274
    }, {
      "elementReferenceType" : "ModePaiement",
      "id" : 1277
    }, {
      "elementReferenceType" : "ModePaiement",
      "id" : 1281
    }, {
      "elementReferenceType" : "ModePaiement",
      "id" : 5558
    } ],
    "devise" : "EUR",
    "conditions" : { }
  },
  "reservation" : {
    "organismes" : [ {
      "identifiant" : 5679974,
      "nom" : "Service réservation",
      "type" : {
        "elementReferenceType" : "ReservationType",
        "id" : 475
      },
      "moyensCommunication" : [ {
        "identifiant" : 87467603,
        "type" : {
          "elementReferenceType" : "MoyenCommunicationType",
          "id" : 201
        },
        "coordonnees" : {
          "fr" : "04 84 35 13 13"
        }
      }, {
        "identifiant" : 87467624,
        "type" : {
          "elementReferenceType" : "MoyenCommunicationType",
          "id" : 204
        },
        "coordonnees" : {
          "fr" : "reservation@mucem.org"
        }
      } ],
      "locked" : false
    } ]
  },
  "criteresInternes" : [ {
    "id" : 10234
  }, {
    "id" : 12888
  }, {
    "id" : 12889
  }, {
    "id" : 12890
  }, {
    "id" : 12891
  }, {
    "id" : 13198
  }, {
    "id" : 13246
  }, {
    "id" : 13248
  }, {
    "id" : 16646
  }, {
    "id" : 16775
  }, {
    "id" : 16903
  }, {
    "id" : 18002
  }, {
    "id" : 23500
  }, {
    "id" : 23526
  } ],
  "contacts" : [ {
    "identifiant" : 20654115,
    "referent" : false,
    "civilite" : {
      "elementReferenceType" : "ContactCivilite",
      "id" : 443
    },
    "nom" : "COSTA",
    "prenom" : "Pierre-Olivier",
    "fonction" : {
      "elementReferenceType" : "ContactFonction",
      "id" : 460
    },
    "moyensCommunication" : [ {
      "identifiant" : 98736915,
      "type" : {
        "elementReferenceType" : "MoyenCommunicationType",
        "id" : 204
      },
      "coordonnees" : {
        "fr" : "pierre-olivier.costa@mucem.org"
      }
    }, {
      "identifiant" : 98736918,
      "type" : {
        "elementReferenceType" : "MoyenCommunicationType",
        "id" : 201
      },
      "coordonnees" : {
        "fr" : "0484351482"
      }
    } ]
  }, {
    "identifiant" : 17636456,
    "referent" : false,
    "civilite" : {
      "elementReferenceType" : "ContactCivilite",
      "id" : 442
    },
    "nom" : "MECHAIN",
    "prenom" : "Céline",
    "titre" : {
      "libelleFr" : "Chargée de développement des publics adultes, tourisme"
    },
    "fonction" : {
      "elementReferenceType" : "ContactFonction",
      "id" : 463
    },
    "moyensCommunication" : [ {
      "identifiant" : 84063204,
      "type" : {
        "elementReferenceType" : "MoyenCommunicationType",
        "id" : 201
      },
      "coordonnees" : {
        "fr" : "04 84 35 13 45"
      }
    }, {
      "identifiant" : 84063205,
      "type" : {
        "elementReferenceType" : "MoyenCommunicationType",
        "id" : 204
      },
      "coordonnees" : {
        "fr" : "celine.mechain@mucem.org"
      }
    } ]
  }, {
    "identifiant" : 17636457,
    "referent" : false,
    "civilite" : {
      "elementReferenceType" : "ContactCivilite",
      "id" : 442
    },
    "nom" : "OGIEZ",
    "prenom" : "Cindy",
    "titre" : {
      "libelleFr" : "Responsable des ventes et de la relation clients"
    },
    "fonction" : {
      "elementReferenceType" : "ContactFonction",
      "id" : 4196
    },
    "moyensCommunication" : [ {
      "identifiant" : 84063206,
      "type" : {
        "elementReferenceType" : "MoyenCommunicationType",
        "id" : 201
      },
      "coordonnees" : {
        "fr" : "04 84 35 13 43"
      }
    }, {
      "identifiant" : 93032946,
      "type" : {
        "elementReferenceType" : "MoyenCommunicationType",
        "id" : 204
      },
      "coordonnees" : {
        "fr" : "cindy.ogiez@mucem.org"
      }
    } ]
  }, {
    "identifiant" : 19816359,
    "referent" : false,
    "civilite" : {
      "elementReferenceType" : "ContactCivilite",
      "id" : 442
    },
    "nom" : "BASQUIN",
    "prenom" : "Julie",
    "titre" : {
      "libelleFr" : "Responsable du département de la communication"
    },
    "fonction" : {
      "elementReferenceType" : "ContactFonction",
      "id" : 467
    },
    "moyensCommunication" : [ {
      "identifiant" : 93033314,
      "type" : {
        "elementReferenceType" : "MoyenCommunicationType",
        "id" : 201
      },
      "coordonnees" : {
        "fr" : "04 84 35 14 71"
      }
    }, {
      "identifiant" : 93033316,
      "type" : {
        "elementReferenceType" : "MoyenCommunicationType",
        "id" : 201
      },
      "coordonnees" : {
        "fr" : "06 10 63 15 27"
      }
    }, {
      "identifiant" : 93033324,
      "type" : {
        "elementReferenceType" : "MoyenCommunicationType",
        "id" : 204
      },
      "coordonnees" : {
        "fr" : "julie.basquin@mucem.org"
      }
    } ]
  }, {
    "identifiant" : 17636458,
    "referent" : true,
    "civilite" : {
      "elementReferenceType" : "ContactCivilite",
      "id" : 443
    },
    "nom" : "ZIMBOULAS",
    "prenom" : "Julien",
    "titre" : {
      "libelleFr" : "Adjoint chargé du pôle Gestion des Publics"
    },
    "fonction" : {
      "elementReferenceType" : "ContactFonction",
      "id" : 472
    },
    "moyensCommunication" : [ {
      "identifiant" : 84063208,
      "type" : {
        "elementReferenceType" : "MoyenCommunicationType",
        "id" : 204
      },
      "coordonnees" : {
        "fr" : "julien.zimboulas@mucem.org"
      }
    }, {
      "identifiant" : 93032995,
      "type" : {
        "elementReferenceType" : "MoyenCommunicationType",
        "id" : 201
      },
      "coordonnees" : {
        "fr" : "04 84 35 13 42"
      }
    } ]
  }, {
    "identifiant" : 19816323,
    "referent" : false,
    "civilite" : {
      "elementReferenceType" : "ContactCivilite",
      "id" : 442
    },
    "nom" : "DUMOULIN",
    "prenom" : "Cécile",
    "titre" : {
      "libelleFr" : "Responsable du département du Développement culturel et des Publics"
    },
    "fonction" : {
      "elementReferenceType" : "ContactFonction",
      "id" : 471
    },
    "moyensCommunication" : [ {
      "identifiant" : 93033147,
      "type" : {
        "elementReferenceType" : "MoyenCommunicationType",
        "id" : 201
      },
      "coordonnees" : {
        "fr" : "04 84 35 13 41"
      }
    }, {
      "identifiant" : 93033148,
      "type" : {
        "elementReferenceType" : "MoyenCommunicationType",
        "id" : 201
      },
      "coordonnees" : {
        "fr" : "06 11 41 05 16"
      }
    }, {
      "identifiant" : 93033151,
      "type" : {
        "elementReferenceType" : "MoyenCommunicationType",
        "id" : 204
      },
      "coordonnees" : {
        "fr" : "cecile.dumoulin@mucem.org"
      }
    } ]
  }, {
    "identifiant" : 20654136,
    "referent" : false,
    "civilite" : {
      "elementReferenceType" : "ContactCivilite",
      "id" : 443
    },
    "nom" : "MOLLE",
    "prenom" : "Florent",
    "fonction" : {
      "elementReferenceType" : "ContactFonction",
      "id" : 6026
    },
    "moyensCommunication" : [ {
      "identifiant" : 98737027,
      "type" : {
        "elementReferenceType" : "MoyenCommunicationType",
        "id" : 204
      },
      "coordonnees" : {
        "fr" : "florent.molle@mucem.org"
      }
    }, {
      "identifiant" : 98737035,
      "type" : {
        "elementReferenceType" : "MoyenCommunicationType",
        "id" : 201
      },
      "coordonnees" : {
        "fr" : "04 84 35 14 51"
      }
    } ]
  }, {
    "identifiant" : 19816344,
    "referent" : false,
    "civilite" : {
      "elementReferenceType" : "ContactCivilite",
      "id" : 442
    },
    "nom" : "FILLEUL",
    "prenom" : "Muriel",
    "titre" : {
      "libelleFr" : "Chargée de la presse et de l'information"
    },
    "fonction" : {
      "elementReferenceType" : "ContactFonction",
      "id" : 467
    },
    "moyensCommunication" : [ {
      "identifiant" : 93033230,
      "type" : {
        "elementReferenceType" : "MoyenCommunicationType",
        "id" : 201
      },
      "coordonnees" : {
        "fr" : "04 84 35 14 74"
      }
    }, {
      "identifiant" : 93033233,
      "type" : {
        "elementReferenceType" : "MoyenCommunicationType",
        "id" : 201
      },
      "coordonnees" : {
        "fr" : "06 37 59 29 36"
      }
    }, {
      "identifiant" : 93033242,
      "type" : {
        "elementReferenceType" : "MoyenCommunicationType",
        "id" : 204
      },
      "coordonnees" : {
        "fr" : "muriel.filleul@mucem.org"
      }
    } ]
  }, {
    "identifiant" : 19816357,
    "referent" : false,
    "civilite" : {
      "elementReferenceType" : "ContactCivilite",
      "id" : 442
    },
    "nom" : "BARBIER",
    "prenom" : "Sandra",
    "titre" : {
      "libelleFr" : "Chargée de communication digitale"
    },
    "fonction" : {
      "elementReferenceType" : "ContactFonction",
      "id" : 467
    },
    "moyensCommunication" : [ {
      "identifiant" : 93033262,
      "type" : {
        "elementReferenceType" : "MoyenCommunicationType",
        "id" : 201
      },
      "coordonnees" : {
        "fr" : "04 84 35 14 83"
      }
    }, {
      "identifiant" : 93033264,
      "type" : {
        "elementReferenceType" : "MoyenCommunicationType",
        "id" : 204
      },
      "coordonnees" : {
        "fr" : "sandra.barbier@mucem.org"
      }
    } ]
  }, {
    "identifiant" : 19816377,
    "referent" : false,
    "civilite" : {
      "elementReferenceType" : "ContactCivilite",
      "id" : 442
    },
    "nom" : "MANHES",
    "prenom" : "Louise",
    "titre" : {
      "libelleFr" : "Coordinatrice des outils de communication et d'information"
    },
    "fonction" : {
      "elementReferenceType" : "ContactFonction",
      "id" : 467
    },
    "moyensCommunication" : [ {
      "identifiant" : 93033391,
      "type" : {
        "elementReferenceType" : "MoyenCommunicationType",
        "id" : 201
      },
      "coordonnees" : {
        "fr" : "04 84 35 14 75"
      }
    }, {
      "identifiant" : 93033396,
      "type" : {
        "elementReferenceType" : "MoyenCommunicationType",
        "id" : 201
      },
      "coordonnees" : {
        "fr" : "06 42 10 27 38"
      }
    }, {
      "identifiant" : 93033434,
      "type" : {
        "elementReferenceType" : "MoyenCommunicationType",
        "id" : 204
      },
      "coordonnees" : {
        "fr" : "louise.manhes@mucem.org"
      }
    } ]
  }, {
    "identifiant" : 20066352,
    "referent" : false,
    "civilite" : {
      "elementReferenceType" : "ContactCivilite",
      "id" : 442
    },
    "nom" : "LEPAN",
    "prenom" : "Youna",
    "titre" : {
      "libelleFr" : "Commerciale Privatisation"
    },
    "fonction" : {
      "elementReferenceType" : "ContactFonction",
      "id" : 474
    },
    "autresFonctions" : [ {
      "elementReferenceType" : "ContactFonction",
      "id" : 463
    } ],
    "moyensCommunication" : [ {
      "identifiant" : 94859323,
      "type" : {
        "elementReferenceType" : "MoyenCommunicationType",
        "id" : 201
      },
      "coordonnees" : {
        "fr" : "04 84 35 14 85"
      }
    }, {
      "identifiant" : 94859331,
      "type" : {
        "elementReferenceType" : "MoyenCommunicationType",
        "id" : 204
      },
      "coordonnees" : {
        "fr" : "privatisation@mucem.org"
      }
    } ]
  }, {
    "identifiant" : 20066353,
    "referent" : false,
    "civilite" : {
      "elementReferenceType" : "ContactCivilite",
      "id" : 442
    },
    "nom" : "SAADA",
    "prenom" : "Joanna",
    "titre" : {
      "libelleFr" : "Coordinatrice"
    },
    "fonction" : {
      "elementReferenceType" : "ContactFonction",
      "id" : 474
    },
    "autresFonctions" : [ {
      "elementReferenceType" : "ContactFonction",
      "id" : 463
    } ],
    "moyensCommunication" : [ {
      "identifiant" : 94859349,
      "type" : {
        "elementReferenceType" : "MoyenCommunicationType",
        "id" : 201
      },
      "coordonnees" : {
        "fr" : "04 84 35 14 81"
      }
    }, {
      "identifiant" : 94859355,
      "type" : {
        "elementReferenceType" : "MoyenCommunicationType",
        "id" : 204
      },
      "coordonnees" : {
        "fr" : "privatisation@mucem.org"
      }
    } ]
  } ],
  "illustrations" : [ {
    "identifiant" : 11282579,
    "link" : false,
    "type" : "IMAGE",
    "nom" : {
      "libelleFr" : "Mucem Scenographie Connectivites"
    },
    "legende" : {
      "libelleFr" : "Mucem Scenographie Connectivites"
    },
    "copyright" : {
      "libelleFr" : "Francois Deladerriere Mucem"
    },
    "traductionFichiers" : [ {
      "locale" : "fr",
      "url" : "https://static.apidae-tourisme.com/filestore/objets-touristiques/images/120/145/11243896.jpg",
      "urlListe" : "https://static.apidae-tourisme.com/filestore/objets-touristiques/images/120/145/11243896-liste.jpg",
      "urlFiche" : "https://static.apidae-tourisme.com/filestore/objets-touristiques/images/120/145/11243896-fiche.jpg",
      "urlDiaporama" : "https://static.apidae-tourisme.com/filestore/objets-touristiques/images/120/145/11243896-diaporama.jpg",
      "extension" : "jpg",
      "fileName" : "2_Mucem_Scenographie_Connectivites_bGcstudio_Juin_2019©Francois_Deladerriere",
      "taille" : 6036976,
      "hauteur" : 3543,
      "largeur" : 4728,
      "lastModifiedDate" : "2021-10-21T09:48:43.000+0000"
    } ],
    "locked" : false
  }, {
    "identifiant" : 11283351,
    "link" : false,
    "type" : "IMAGE",
    "nom" : {
      "libelleFr" : "Le Grand Mezze Sceno Ch. Ilex Beinemeier"
    },
    "legende" : {
      "libelleFr" : "Le Grand Mezze Sceno Ch. Ilex Beinemeier"
    },
    "copyright" : {
      "libelleFr" : "Francois Deladerriere Mucem"
    },
    "traductionFichiers" : [ {
      "locale" : "fr",
      "url" : "https://static.apidae-tourisme.com/filestore/objets-touristiques/images/104/148/11244648.jpg",
      "urlListe" : "https://static.apidae-tourisme.com/filestore/objets-touristiques/images/104/148/11244648-liste.jpg",
      "urlFiche" : "https://static.apidae-tourisme.com/filestore/objets-touristiques/images/104/148/11244648-fiche.jpg",
      "urlDiaporama" : "https://static.apidae-tourisme.com/filestore/objets-touristiques/images/104/148/11244648-diaporama.jpg",
      "extension" : "jpg",
      "fileName" : "Mezze redimensionnee",
      "taille" : 145109,
      "hauteur" : 899,
      "largeur" : 1200,
      "lastModifiedDate" : "2021-10-21T09:48:48.000+0000"
    } ],
    "locked" : false
  }, {
    "identifiant" : 11283359,
    "link" : false,
    "type" : "IMAGE",
    "nom" : {
      "libelleFr" : "Mucem scénographie Connectivités bGStudio"
    },
    "legende" : {
      "libelleFr" : "Mucem scénographie Connectivités bGStudio"
    },
    "copyright" : {
      "libelleFr" : "Francois Deladerriere Mucem"
    },
    "traductionFichiers" : [ {
      "locale" : "fr",
      "url" : "https://static.apidae-tourisme.com/filestore/objets-touristiques/images/112/148/11244656.jpg",
      "urlListe" : "https://static.apidae-tourisme.com/filestore/objets-touristiques/images/112/148/11244656-liste.jpg",
      "urlFiche" : "https://static.apidae-tourisme.com/filestore/objets-touristiques/images/112/148/11244656-fiche.jpg",
      "urlDiaporama" : "https://static.apidae-tourisme.com/filestore/objets-touristiques/images/112/148/11244656-diaporama.jpg",
      "extension" : "jpg",
      "fileName" : "Mucem sceno redimensionnee",
      "taille" : 133970,
      "hauteur" : 899,
      "largeur" : 1200,
      "lastModifiedDate" : "2021-10-21T09:48:47.000+0000"
    } ],
    "locked" : false
  }, {
    "identifiant" : 11283418,
    "link" : false,
    "type" : "IMAGE",
    "nom" : {
      "libelleFr" : "Le Grand Mezze Sceno Ch. Ilex Beinemeier"
    },
    "legende" : {
      "libelleFr" : "Le Grand Mezze Sceno Ch. Ilex Beinemeier"
    },
    "copyright" : {
      "libelleFr" : "Francois Deladerriere Mucem"
    },
    "traductionFichiers" : [ {
      "locale" : "fr",
      "url" : "https://static.apidae-tourisme.com/filestore/objets-touristiques/images/171/148/11244715.jpg",
      "urlListe" : "https://static.apidae-tourisme.com/filestore/objets-touristiques/images/171/148/11244715-liste.jpg",
      "urlFiche" : "https://static.apidae-tourisme.com/filestore/objets-touristiques/images/171/148/11244715-fiche.jpg",
      "urlDiaporama" : "https://static.apidae-tourisme.com/filestore/objets-touristiques/images/171/148/11244715-diaporama.jpg",
      "extension" : "jpg",
      "fileName" : "Mezze Sceno redimensionnee7",
      "taille" : 280042,
      "hauteur" : 1584,
      "largeur" : 1200,
      "lastModifiedDate" : "2021-10-21T09:48:49.000+0000"
    } ],
    "locked" : false
  }, {
    "identifiant" : 11283463,
    "link" : false,
    "type" : "IMAGE",
    "nom" : {
      "libelleFr" : "Mucem Sceno Connectivités"
    },
    "legende" : {
      "libelleFr" : "Mucem Sceno Connectivité"
    },
    "copyright" : {
      "libelleFr" : "Francois Deladerriere Mucem"
    },
    "traductionFichiers" : [ {
      "locale" : "fr",
      "url" : "https://static.apidae-tourisme.com/filestore/objets-touristiques/images/216/148/11244760.jpg",
      "urlListe" : "https://static.apidae-tourisme.com/filestore/objets-touristiques/images/216/148/11244760-liste.jpg",
      "urlFiche" : "https://static.apidae-tourisme.com/filestore/objets-touristiques/images/216/148/11244760-fiche.jpg",
      "urlDiaporama" : "https://static.apidae-tourisme.com/filestore/objets-touristiques/images/216/148/11244760-diaporama.jpg",
      "extension" : "jpg",
      "fileName" : "Mucem Sceno Connect Francois Deladerriere Mucem",
      "taille" : 148001,
      "hauteur" : 899,
      "largeur" : 1200,
      "lastModifiedDate" : "2021-10-21T09:48:48.000+0000"
    } ],
    "locked" : false
  }, {
    "identifiant" : 10405702,
    "link" : false,
    "type" : "IMAGE",
    "nom" : {
      "libelleFr" : "Vue du Mucem Marseille"
    },
    "legende" : {
      "libelleFr" : "Vue du Mucem Marseille"
    },
    "copyright" : {
      "libelleFr" : "OTCM"
    },
    "traductionFichiers" : [ {
      "locale" : "fr",
      "url" : "https://static.apidae-tourisme.com/filestore/objets-touristiques/images/100/102/10184292.jpg",
      "urlListe" : "https://static.apidae-tourisme.com/filestore/objets-touristiques/images/100/102/10184292-liste.jpg",
      "urlFiche" : "https://static.apidae-tourisme.com/filestore/objets-touristiques/images/100/102/10184292-fiche.jpg",
      "urlDiaporama" : "https://static.apidae-tourisme.com/filestore/objets-touristiques/images/100/102/10184292-diaporama.jpg",
      "extension" : "jpg",
      "fileName" : "OTCM bis",
      "taille" : 104257,
      "hauteur" : 820,
      "largeur" : 619,
      "lastModifiedDate" : "2021-07-02T09:14:10.000+0000"
    } ],
    "locked" : false
  }, {
    "identifiant" : 10405698,
    "link" : false,
    "type" : "IMAGE",
    "nom" : {
      "libelleFr" : "Mucem Marseille.jpg"
    },
    "copyright" : {
      "libelleFr" : "DR. OTCM"
    },
    "traductionFichiers" : [ {
      "locale" : "fr",
      "url" : "https://static.apidae-tourisme.com/filestore/objets-touristiques/images/96/102/10184288.jpg",
      "urlListe" : "https://static.apidae-tourisme.com/filestore/objets-touristiques/images/96/102/10184288-liste.jpg",
      "urlFiche" : "https://static.apidae-tourisme.com/filestore/objets-touristiques/images/96/102/10184288-fiche.jpg",
      "urlDiaporama" : "https://static.apidae-tourisme.com/filestore/objets-touristiques/images/96/102/10184288-diaporama.jpg",
      "extension" : "jpg",
      "fileName" : "full",
      "taille" : 182728,
      "hauteur" : 600,
      "largeur" : 800,
      "lastModifiedDate" : "2021-07-02T09:14:11.000+0000"
    } ],
    "locked" : false
  } ],
  "tourismeAffaires" : {
    "tourismeAffairesEnabled" : true,
    "sallesEquipeesPour" : [ {
      "elementReferenceType" : "SalleEquipeePour",
      "id" : 1239
    } ],
    "sallesEquipement" : [ {
      "elementReferenceType" : "SalleEquipement",
      "id" : 1259
    } ],
    "sallesRestauration" : [ {
      "elementReferenceType" : "SalleRestauration",
      "id" : 1230
    } ],
    "nombreSallesReunionEquipees" : 3,
    "capaciteMaxAccueil" : 2000
  },
  "visites" : {
    "languesPanneauInformation" : [ {
      "elementReferenceType" : "Langue",
      "id" : 1189
    }, {
      "elementReferenceType" : "Langue",
      "id" : 1192
    }, {
      "elementReferenceType" : "Langue",
      "id" : 1194
    }, {
      "elementReferenceType" : "Langue",
      "id" : 1197
    }, {
      "elementReferenceType" : "Langue",
      "id" : 1200
    } ],
    "visitable" : true
  },
  "territoires" : [ {
    "type" : "TERRITOIRE",
    "id" : 591381
  }, {
    "type" : "TERRITOIRE",
    "id" : 591419
  }, {
    "type" : "TERRITOIRE",
    "id" : 5127066
  }, {
    "type" : "TERRITOIRE",
    "id" : 5427637
  }, {
    "type" : "TERRITOIRE",
    "id" : 5460436
  }, {
    "type" : "TERRITOIRE",
    "id" : 5693878
  }, {
    "type" : "TERRITOIRE",
    "id" : 5693903
  }, {
    "type" : "TERRITOIRE",
    "id" : 6008197
  } ],
  "datesOuverture" : [ "2022-11-09", "2022-11-10", "2022-11-11", "2022-11-12", "2022-11-13", "2022-11-14", "2022-11-16", "2022-11-17", "2022-11-18", "2022-11-19", "2022-11-20", "2022-11-21", "2022-11-23", "2022-11-24", "2022-11-25", "2022-11-26", "2022-11-27", "2022-11-28", "2022-11-30", "2022-12-01", "2022-12-02", "2022-12-03", "2022-12-04", "2022-12-05", "2022-12-07", "2022-12-08", "2022-12-09", "2022-12-10", "2022-12-11", "2022-12-12", "2022-12-14", "2022-12-15", "2022-12-16", "2022-12-17", "2022-12-18", "2022-12-19", "2022-12-21", "2022-12-22", "2022-12-23", "2022-12-24", "2022-12-25", "2022-12-26", "2022-12-28", "2022-12-29", "2022-12-30", "2022-12-31", "2023-04-06", "2023-04-07", "2023-04-08", "2023-04-09", "2023-04-10", "2023-04-11", "2023-04-12", "2023-04-13", "2023-04-14", "2023-04-15", "2023-04-16", "2023-04-17", "2023-04-18", "2023-04-19", "2023-04-20", "2023-04-21", "2023-04-22", "2023-04-23", "2023-04-24", "2023-04-25", "2023-04-26", "2023-04-27", "2023-04-28", "2023-04-29", "2023-04-30", "2023-05-01", "2023-05-02", "2023-05-03", "2023-05-04", "2023-05-05", "2023-05-06", "2023-05-07", "2023-05-08", "2023-05-09", "2023-05-10", "2023-05-11", "2023-05-12", "2023-05-13", "2023-05-14", "2023-05-15", "2023-05-16", "2023-05-17", "2023-05-18", "2023-05-19", "2023-05-20", "2023-05-21", "2023-05-22", "2023-05-23", "2023-05-24", "2023-05-25", "2023-05-26", "2023-05-27", "2023-05-28", "2023-05-29", "2023-05-30", "2023-05-31", "2023-06-01", "2023-06-02", "2023-06-03", "2023-06-04", "2023-06-05", "2023-06-06", "2023-06-07", "2023-06-08", "2023-06-09", "2023-06-10", "2023-06-11", "2023-06-12", "2023-06-13", "2023-06-14", "2023-06-15", "2023-06-16", "2023-06-17", "2023-06-18", "2023-06-19", "2023-06-20", "2023-06-21", "2023-06-22", "2023-06-23", "2023-06-24", "2023-06-25", "2023-06-26", "2023-06-27", "2023-06-28", "2023-06-29", "2023-06-30", "2023-07-01", "2023-07-02", "2023-07-03", "2023-07-04", "2023-07-05", "2023-07-06", "2023-07-07", "2023-07-08" ],
  "informationsPatrimoineCulturel" : {
    "patrimoineCulturelType" : {
      "elementReferenceType" : "PatrimoineCulturelType",
      "id" : 3201
    },
    "themes" : [ {
      "elementReferenceType" : "PatrimoineCulturelTheme",
      "id" : 3416
    }, {
      "elementReferenceType" : "PatrimoineCulturelTheme",
      "id" : 3440
    } ],
    "categories" : [ {
      "elementReferenceType" : "PatrimoineCulturelCategorie",
      "id" : 3226
    } ]
  },
  "formatVersion" : "v002",
  "expiration" : {
    "dateExpiration" : "2023-07-08T00:00:00.000+0000"
  },
  "informationsPrestataireActivites" : {
    "prestataireActivites" : true,
    "activitesCulturelles" : [ {
      "elementReferenceType" : "ActiviteCulturellePrestation",
      "id" : 1776
    }, {
      "elementReferenceType" : "ActiviteCulturellePrestation",
      "id" : 1796
    }, {
      "elementReferenceType" : "ActiviteCulturellePrestation",
      "id" : 1815
    }, {
      "elementReferenceType" : "ActiviteCulturellePrestation",
      "id" : 1816
    }, {
      "elementReferenceType" : "ActiviteCulturellePrestation",
      "id" : 1817
    }, {
      "elementReferenceType" : "ActiviteCulturellePrestation",
      "id" : 1820
    }, {
      "elementReferenceType" : "ActiviteCulturellePrestation",
      "id" : 1825
    }, {
      "elementReferenceType" : "ActiviteCulturellePrestation",
      "id" : 1845
    }, {
      "elementReferenceType" : "ActiviteCulturellePrestation",
      "id" : 1853
    }, {
      "elementReferenceType" : "ActiviteCulturellePrestation",
      "id" : 4598
    } ]
  },
  "enquete" : { },
  "donneesPrivees" : [ {
    "nomTechnique" : "1947_Id_patio",
    "libelleFr" : "Id_Patio",
    "ordre" : 1,
    "descriptif" : {
      "libelleFr" : "13T2001633"
    }
  }, {
    "nomTechnique" : "1947_Source_patio",
    "libelleFr" : "Source_Patio",
    "ordre" : 2,
    "descriptif" : {
      "libelleFr" : "OT Marseille"
    }
  }, {
    "nomTechnique" : "1947_Url_patio",
    "libelleFr" : "URL_Patio",
    "ordre" : 3,
    "descriptif" : {
      "libelleFr" : "http://www.marseille-tourisme.com"
    }
  } ],
  "prestationsList" : [ {
    "type" : "ACTIVITE",
    "id" : 5926652
  }, {
    "type" : "ACTIVITE",
    "id" : 6141041
  }, {
    "type" : "ACTIVITE",
    "id" : 6141194
  }, {
    "type" : "ACTIVITE",
    "id" : 6210442
  } ],
  "metadonnees" : [ {
    "noeudId" : "fairguest",
    "contenus" : [ {
      "cible" : "general",
      "metadonnee" : {
        "note" : 8.8,
        "label" : "Très bon",
        "couleur" : "#71a63e",
        "nombreAvis" : 6655,
        "dateMaj" : 1667918909189
      }
    } ]
  } ]
}