{
  "type" : "FETE_ET_MANIFESTATION",
  "id" : 5480025,
  "nom" : {
    "libelleFr" : "Le par­cours­ muséographique du Musée d'Histoire de Marseille",
    "libelleEn" : "Le par­cours­ muséographique du musée d'histoire de Marseille",
    "libelleIt" : "Le par­cours­ muséographique du musée d'histoire de Marseille",
    "libelleDe" : "Le par­cours­ muséographique du musée d'histoire de Marseille",
    "libelleNl" : "Le par­cours­ muséographique du musée d'histoire de Marseille"
  },
  "identifier" : "SITRA2_EVE_5480025",
  "state" : "PUBLISHED",
  "gestion" : {
    "dateCreation" : "2020-03-05T18:50:29.844+0000",
    "dateModification" : "2022-09-15T13:24:26.958+0000",
    "dateExportModification" : "2022-09-15T13:24:27.227+0000",
    "membreProprietaire" : {
      "type" : {
        "elementReferenceType" : "MembreSitraType",
        "id" : 233
      },
      "nom" : "Ville de Marseille",
      "dateCreation" : "2017-01-24T06:54:50.567+0000",
      "dateModification" : "2022-10-24T08:49:51.518+0000",
      "id" : 1470,
      "siteWeb" : "http://www.marseille.fr/"
    },
    "signalerUnProblemeMails" : [ "narezki@marseille.fr", "sortir@marseille.fr" ]
  },
  "informations" : {
    "moyensCommunication" : [ {
      "identifiant" : 77175300,
      "type" : {
        "elementReferenceType" : "MoyenCommunicationType",
        "id" : 205
      },
      "coordonnees" : {
        "fr" : "https://musees.marseille.fr/musee-dhistoire-de-marseille-mhm"
      }
    } ],
    "informationsLegales" : { },
    "structureGestion" : {
      "type" : "STRUCTURE",
      "id" : 5464061
    }
  },
  "presentation" : {
    "descriptifCourt" : {
      "libelleFr" : "Ce musée de la plus ancienne ville de France permet de découvrir 26 siècles d’histoire où se mêlent archéologie, beaux arts, objets du quotidien et architecture. Il est organisé en 13 séquences ponctuées de dispositifs numériques."
    },
    "descriptifDetaille" : {
      "libelleFr" : "Un musée d'Histoire pour un patrimoine vivant :\r\n\r\nMarseille se dote d'un musée d'Histoire en 1983. Véritable musée de site, il s'inscrit pleinement dans les aménagements du Centre Bourse dont le chantier permit aux archéologues de mettre au jour entre 1967 et 1983 les vestiges monumentaux de la cité grecque et romaine. Conservés in situ, ces vestiges forment une introduction idéale à la visite du musée.\r\n\r\nEn 2013, le Musée d'Histoire de Marseille rouvre ses portes dans un tout nouveau parcours muséographique, didactique et numérique, allant de la Préhistoire à nos jours. Cet ensemble patrimonial, musée et site, offre au public des clés de lecture pour comprendre la ville d'aujourd'hui et son évolution.\r\n\r\nUN MUSÉE D'HISTOIRE, UN MUSÉE DE VILLE\r\n\r\nMusée moderne et accessible à tous, il propose une offre culturelle innovante et pédagogique. Les dispositifs multimédia présents dans le musée, sur le site archéologique de la Bourse et à travers la ville – le long de l'ancienne voie grecque jusqu'au fort Saint-Jean – permettent aux visiteurs de partir à la rencontre de Marseille et de ses habitants d'hier et d'aujourd'hui. Les effets de la réalité augmentée, les reconstitutions en 3D, les ambiances sonores permettent d'embarquer dans une grande machine à voyager dans le temps.\r\n\r\n2 600 ANS D'HISTOIRE EN 13 SÉQUENCES\r\n\r\nLe parcours muséographique s'appuie sur deux idées fortes : Marseille est la plus ancienne ville de France et c'est une ville portuaire ouverte sur la mer Méditerranée. Partant de ces deux évidences, le visiteur découvre l'histoire de la ville grâce à un fil d'Ariane maritime reliant treize séquences chronologiques, des premières occupations préhistoriques aux développements urbains contemporains.\r\n\r\nExposition virtuelle - Big Bang Bourse\r\n\r\nUn parcours historique et ludique géolocalisé au coeur de Marseille, accessible gratuitement avec votre smartphone \r\n\r\nEmbarquez avec l'archéonaute pour un voyage insolite au coeur de Marseille et découvrez l'histoire incroyable du quartier de la Bourse, de l'Antiquité à nos jours.\r\n\r\nLe quartier dit \"de derrière la Bourse\", aujourd'hui disparu, était délimité par le Cours Belsunce à l'est, La Canebière au sud, la rue de la République à l'ouest et la rue Colbert au nord. \r\nSon histoire est marquée par plusieurs événements, qui ont bouleversé sa physionomie, depuis le percement de la rue Impériale en 1862 (actuelle rue de la République) jusqu'à sa totale destruction à la fin des années 1930. \r\n\r\nPlongez dans un récit original et parcourez plus de 30 contenus audiovisuels en déambulant dans les rues du quartier de la Bourse.\r\n\r\nInterviews, fictions, archives, témoignages, récits... \r\nApplication web réalisée par Tabasco Vidéo en partenariat avec le musée d'Histoire. Accessible sur https://bigbangbourse.com\r\n\r\n\r\nInfos pratiques :\r\n\r\nPour profiter de cette expérience in-situ dans les meilleures conditions, vérifiez que la batterie de votre téléphone est chargée, que vous avez des datas en 4G, et munissez-vous d'un casque audio.\r\n\r\nVous pouvez naviguer librement dans les contenus ou choisir de les découvrir dans le sens du récit. Le point de départ se situe alors sur la Canebière devant le Palais de la Bourse.\r\n\r\n\r\n\r\n► Afin d'être certain(e) de pouvoir bénéficier de la visite complète de toutes nos salles d'exposition, nous vous invitons à contacter le Musée avant votre visite.\r\n\r\n► Le Musée d'Histoire de Marseille dispose d'un centre de documentation.\r\nUniquement sur rendez-vous par mail : documentation-mhm@marseille.fr et au 04 91 55 36 20.\r\n\r\n► Toutes les visites et activités autour de l'exposition sont disponibles sur le site musees.marseille.fr"
    }
  },
  "localisation" : {
    "adresse" : {
      "nomDuLieu" : "Musée d'Histoire de Marseille - (MHM)",
      "adresse1" : "2 Rue Henri Barbusse",
      "adresse2" : "Centre Bourse",
      "codePostal" : "13001",
      "bureauDistribution" : "MARSEILLE",
      "commune" : {
        "id" : 4466
      }
    },
    "geolocalisation" : {
      "complement" : { },
      "valide" : true,
      "geoJson" : {
        "type" : "Point",
        "coordinates" : [ 5.374174, 43.297226 ]
      }
    },
    "perimetreGeographique" : [ {
      "id" : 4466
    } ]
  },
  "liens" : { },
  "prestations" : {
    "animauxAcceptes" : "NON_DISPONIBLE",
    "animauxAcceptesSupplement" : "NON_DISPONIBLE",
    "complementAccueil" : {
      "libelleEn" : "Accessible for disabled",
      "libelleIt" : "Accessibile ai disabili",
      "libelleDe" : "Zugänglich für Behinderte",
      "libelleNl" : "Toegankelijk voor mensen met een handicap"
    }
  },
  "ouverture" : {
    "periodeEnClair" : {
      "libelleFr" : "Du 01/01 au 31/12/2022 de 9h à 18h sauf les 1er janvier, 1er mai, 1er novembre, 11 novembre et 25 décembre.\nFermé le lundi.\nDu mardi au dimanche de 9h à 18h.\r\n\r\nOuvertures exceptionnelles : Lundi de Pâques, Jeudi de l'Ascension, Lundi de Pentecôte.",
      "libelleEn" : "From 01/01 to 31/12/2022 between 9 am and 6 pm except on January 1st, May 1st, November 1st, November 11th and December 25th.\nClosed on Monday.",
      "libelleEs" : "Del 01/01 al 31/12/2022 de 9 a 18 excepto los días 1er de enero, 1er de mayo, 1er de noviembre, 11 de noviembre y 25 de diciembre.\nCerrado los lunes.",
      "libelleIt" : "Dal 01/01 al 31/12/2022 dalle 9 alle 18 tranne 1° gennaio, 1° maggio, 1° novembre, 11 novembre e 25 dicembre.\nChiuso il lunedì.",
      "libelleDe" : "Vom 01/01 bis 31/12/2022 von 9 Uhr bis 18 Uhr (außer 1. Januar, 1. Mai, 1. November, 11. Dezember und 25. Dezember).\nMontag geschlossen.",
      "libelleNl" : "Van 01/01 tot en met 31/12/2022 van 9.00 tot en met 18.00 u m.u.v. 1 januari, 1 mei, 1er november, 11 november en 25 december.\nMaandag gesloten.",
      "libelleRu" : "С 01/01 до 31/12/2022 с 9h до 18h кроме 1 января, 1 мая, 1 ноября, 11 ноября и 25 декабря.\nНе работает понедельник.",
      "libelleZh" : "从 1月1日 到 2022年12月31日 小时小时 和 小时小时 之间 不包括 1月1日, 5月1日, 11月1日, 11月11日 和 12月25日.\n星期一 关闭.",
      "libellePtBR" : "De 01/01 a 31/12/2022 de 9h a  18h exceto em 1º de janeiro, 1º de maio, 1º de novembro, 11 de novembro e 25 de dezembro.\nFechado em segunda-feira.",
      "libelleJa" : "01/01 から 31/12/2022 まで 9 午前 と 6 午後 の間 1月1日, 5月1日, 11月1日, 11月11日 と 12月25日 を除き.\n月曜日 は休み."
    },
    "periodeEnClairGenerationMode" : "AUTOMATIQUE",
    "indicationsPeriode" : [ {
      "elementReferenceType" : "IndicationPeriode",
      "id" : 416
    }, {
      "elementReferenceType" : "IndicationPeriode",
      "id" : 418
    }, {
      "elementReferenceType" : "IndicationPeriode",
      "id" : 435
    }, {
      "elementReferenceType" : "IndicationPeriode",
      "id" : 436
    } ],
    "periodesOuvertures" : [ {
      "identifiant" : 22328704,
      "dateDebut" : "2022-01-01",
      "dateFin" : "2022-12-31",
      "complementHoraire" : {
        "libelleFr" : "Du mardi au dimanche de 9h à 18h.\r\n\r\nOuvertures exceptionnelles : Lundi de Pâques, Jeudi de l'Ascension, Lundi de Pentecôte"
      },
      "horaireOuverture" : "09:00:00",
      "horaireFermeture" : "18:00:00",
      "type" : "OUVERTURE_SAUF",
      "tousLesAns" : false,
      "ouverturesJournalieres" : [ {
        "jour" : "LUNDI"
      } ],
      "identifiantTechnique" : 24299501
    } ],
    "fermeturesExceptionnelles" : [ {
      "dateSpeciale" : "PREMIER_JANVIER"
    }, {
      "dateSpeciale" : "PREMIER_MAI"
    }, {
      "dateSpeciale" : "PREMIER_NOVEMBRE"
    }, {
      "dateSpeciale" : "ONZE_NOVEMBRE"
    }, {
      "dateSpeciale" : "VINGT_CINQ_DECEMBRE"
    } ]
  },
  "descriptionTarif" : {
    "indicationTarif" : "GRATUIT",
    "gratuit" : true,
    "tarifsEnClair" : {
      "libelleFr" : "Gratuit. Collections permanentes : gratuites.",
      "libelleEn" : "Free of charge.",
      "libelleEs" : "Gratis.",
      "libelleIt" : "Gratuito.",
      "libelleDe" : "Kostenlos.",
      "libelleNl" : "Gratis.",
      "libelleRu" : "Бесплатно.",
      "libelleZh" : "免费.",
      "libellePtBR" : "Gratuito.",
      "libelleJa" : "無料."
    },
    "tarifsEnClairGenerationMode" : "AUTOMATIQUE",
    "complement" : {
      "libelleFr" : "Collections permanentes : gratuites"
    },
    "devise" : "EUR",
    "conditions" : { }
  },
  "reservation" : { },
  "illustrations" : [ {
    "identifiant" : 9424488,
    "link" : false,
    "type" : "IMAGE",
    "nom" : {
      "libelleFr" : "Le par­cours­ muséographique du Musée d'Histoire de Marseille"
    },
    "copyright" : {
      "libelleFr" : "Ville de Marseille - Musée d'Histoire de Marseille"
    },
    "traductionFichiers" : [ {
      "locale" : "fr",
      "url" : "https://static.apidae-tourisme.com/filestore/objets-touristiques/images/2/26/9181698.jpg",
      "urlListe" : "https://static.apidae-tourisme.com/filestore/objets-touristiques/images/2/26/9181698-liste.jpg",
      "urlFiche" : "https://static.apidae-tourisme.com/filestore/objets-touristiques/images/2/26/9181698-fiche.jpg",
      "urlDiaporama" : "https://static.apidae-tourisme.com/filestore/objets-touristiques/images/2/26/9181698-diaporama.jpg",
      "extension" : "jpg",
      "fileName" : "musee histoire",
      "taille" : 92650,
      "hauteur" : 600,
      "largeur" : 800,
      "lastModifiedDate" : "2021-01-26T09:34:00.000+0000"
    } ],
    "locked" : false
  } ],
  "territoires" : [ {
    "type" : "TERRITOIRE",
    "id" : 591381
  }, {
    "type" : "TERRITOIRE",
    "id" : 591419
  }, {
    "type" : "TERRITOIRE",
    "id" : 5127066
  }, {
    "type" : "TERRITOIRE",
    "id" : 5427637
  }, {
    "type" : "TERRITOIRE",
    "id" : 5460436
  }, {
    "type" : "TERRITOIRE",
    "id" : 5693758
  }, {
    "type" : "TERRITOIRE",
    "id" : 5693878
  }, {
    "type" : "TERRITOIRE",
    "id" : 5693903
  }, {
    "type" : "TERRITOIRE",
    "id" : 6008197
  } ],
  "datesOuverture" : [ "2022-10-19", "2022-10-20", "2022-10-21", "2022-10-22", "2022-10-23", "2022-10-25", "2022-10-26", "2022-10-27", "2022-10-28", "2022-10-29", "2022-10-30", "2022-11-02", "2022-11-03", "2022-11-04", "2022-11-05", "2022-11-06", "2022-11-08", "2022-11-09", "2022-11-10", "2022-11-12", "2022-11-13", "2022-11-15", "2022-11-16", "2022-11-17", "2022-11-18", "2022-11-19", "2022-11-20", "2022-11-22", "2022-11-23", "2022-11-24", "2022-11-25", "2022-11-26", "2022-11-27", "2022-11-29", "2022-11-30", "2022-12-01", "2022-12-02", "2022-12-03", "2022-12-04", "2022-12-06", "2022-12-07", "2022-12-08", "2022-12-09", "2022-12-10", "2022-12-11", "2022-12-13", "2022-12-14", "2022-12-15", "2022-12-16", "2022-12-17", "2022-12-18", "2022-12-20", "2022-12-21", "2022-12-22", "2022-12-23", "2022-12-24", "2022-12-27", "2022-12-28", "2022-12-29", "2022-12-30", "2022-12-31" ],
  "informationsFeteEtManifestation" : {
    "typesManifestation" : [ {
      "elementReferenceType" : "FeteEtManifestationType",
      "id" : 1958
    } ],
    "categories" : [ {
      "elementReferenceType" : "FeteEtManifestationCategorie",
      "id" : 2080
    } ],
    "themes" : [ {
      "elementReferenceType" : "FeteEtManifestationTheme",
      "id" : 2206
    }, {
      "elementReferenceType" : "FeteEtManifestationTheme",
      "id" : 2293
    }, {
      "elementReferenceType" : "FeteEtManifestationTheme",
      "id" : 3831
    } ],
    "portee" : {
      "elementReferenceType" : "FeteEtManifestationPortee",
      "id" : 2352
    },
    "nomLieu" : "Musée d'Histoire de Marseille - (MHM)"
  },
  "formatVersion" : "v002",
  "expiration" : {
    "dateExpiration" : "2022-12-31T00:00:00.000+0000",
    "expirationAction" : "MASQUER_AUTOMATIQUEMENT"
  },
  "enquete" : { },
  "donneesPrivees" : [ {
    "nomTechnique" : "1947_Id_patio",
    "libelleFr" : "Id_Patio",
    "ordre" : 1,
    "descriptif" : {
      "libelleFr" : "13EVT046858"
    }
  }, {
    "nomTechnique" : "1947_Source_patio",
    "libelleFr" : "Source_Patio",
    "ordre" : 2,
    "descriptif" : {
      "libelleFr" : "Ville de Marseille"
    }
  }, {
    "nomTechnique" : "1947_Url_patio",
    "libelleFr" : "URL_Patio",
    "ordre" : 3,
    "descriptif" : {
      "libelleFr" : "http://www.marseille.fr"
    }
  } ]
}