{
  "type" : "PATRIMOINE_CULTUREL",
  "id" : 5538748,
  "nom" : {
    "libelleFr" : "Musée Frédéric Mistral",
    "libelleEn" : "Museum Frédéric Mistral",
    "libelleEs" : "Museum Frédéric Mistral",
    "libelleIt" : "Museum Frédéric Mistral",
    "libelleDe" : "Museum Frédéric Mistral",
    "libelleNl" : "Museum Frédéric Mistral"
  },
  "identifier" : "SITRA2_PCU_5538748",
  "state" : "PUBLISHED",
  "gestion" : {
    "dateCreation" : "2020-05-27T04:58:11.932+0000",
    "dateModification" : "2022-10-20T12:11:28.237+0000",
    "dateExportModification" : "2022-10-20T12:11:28.515+0000",
    "membreProprietaire" : {
      "type" : {
        "elementReferenceType" : "MembreSitraType",
        "id" : 233
      },
      "nom" : "Office de Tourisme Intercommunal de Terre de Provence",
      "dateCreation" : "2020-10-28T10:42:53.102+0000",
      "dateModification" : "2022-10-24T08:49:48.093+0000",
      "id" : 2119
    },
    "signalerUnProblemeMails" : [ "accueil.oti@terredeprovence-agglo.com", "accueil2.oti@terredeprovence-agglo.com", "espaceculturetourisme@orange.fr", "office.tourisme@st-andiol.fr", "office.tourisme@ville-graveson.fr", "ot-culture@maillane.fr", "promotion.oti@terredeprovence-agglo.com", "romain.pascal@ville-graveson.fr", "tourisme@noves.fr", "tourisme@terredeprovence-agglo.com" ]
  },
  "informations" : {
    "moyensCommunication" : [ {
      "identifiant" : 92752464,
      "type" : {
        "elementReferenceType" : "MoyenCommunicationType",
        "id" : 201
      },
      "coordonnees" : {
        "fr" : "04 90 95 84 19"
      }
    }, {
      "identifiant" : 92752465,
      "type" : {
        "elementReferenceType" : "MoyenCommunicationType",
        "id" : 204
      },
      "coordonnees" : {
        "fr" : "contact@museemistral.fr"
      }
    }, {
      "identifiant" : 92752466,
      "type" : {
        "elementReferenceType" : "MoyenCommunicationType",
        "id" : 205
      },
      "coordonnees" : {
        "fr" : "http://www.museemistral.fr"
      }
    }, {
      "identifiant" : 92752467,
      "type" : {
        "elementReferenceType" : "MoyenCommunicationType",
        "id" : 207
      },
      "coordonnees" : {
        "fr" : "http://www.facebook.com/musee.fmistral"
      }
    } ],
    "informationsLegales" : { },
    "structureGestion" : {
      "type" : "STRUCTURE",
      "id" : 5940290
    }
  },
  "presentation" : {
    "descriptifCourt" : {
      "libelleFr" : "Musée Frédéric Mistral vous invite à découvrir l'intimité du célèbre poète provençal.\r\nMusée labellisé Maison des Illustres et Maison des écrivains."
    },
    "descriptifDetaille" : {
      "libelleFr" : "C'est à Maillane que vécut le poète Frédéric Mistral (1830-1914), où il composa toute son oeuvre, couronnée en 1904 par le Prix Nobel de Littérature, créateur du Félibrige. La maison où il résida de 1876 jusqu'à sa mort (25 mars 1914) a conservé depuis l'aspect authentique du temps de Mistral, grâce aux travaux de restauration réalisés de 1992 à 1995 par le service des Monuments Historiques. En effet, après la mort de Madame Mistral en 1943 la maison devint musée en 1944. On peut y découvrir tous les souvenirs et oeuvres d'art offertes au poète tout au long de sa vie (objets, livres, photos..), conservant ainsi l'atmosphère que Mistral a su créer dans sa maison, donnée à la commune par testament en 1907. Le bâtiment est classé au titre des Monuments Historiques le 10 novembre 1930. De plus, le Musée bénéficie désormais de plusieurs distinctions le label Maison d'Illustres et il fait partie également de la fédération des Maisons d'écrivains.\r\nCharmante demeure bourgeoise en forme de bastide aixoise à un étage, un bandeau sépare les deux niveaux. Les fenêtres sont à encadrement à crossettes, et au-dessus des ouvertures du rez-de-chaussée sont sculptées les figures de Mireille et Esterelle (les héroïnes des oeuvres de Mistral : Mireille et Calendal), et des étoiles du Félibrige. La maison présente un important fronton sculpté, composé des symboles de la culture régionale : fruits, légumes, trident de gardian, ancre,... On y observe aussi les initiales VM (Vincent et Mireille) et EC (Esterelle et Calendal), ainsi que la devise du poète : \"Le soleil me fait chanter\". \r\nPas de visite libre. Visites guidées et commentées.\r\nSurface de l'exposition permanente : 200\r\nSurface de l'exposition temporaire : 70",
      "libelleEn" : "The poet Frédéric Mistral (1830-1914) lived in Maillane, where he composed all his work; in 1904 he was awarded the Nobel Prize for Literature. He was also the founder of the Félibrige association. The house where he lived from 1876 until his death on 25 March 1914 has retained the authentic look of Mistral's time, thanks to restoration work carried out from 1992 to 1995 by the Historic Monuments service. The house became a museum in 1944, following the death of Mme Mistral in 1943. Visitors can discover all the souvenirs and works of art which were given to the poet throughout his life (objects, books, photos, etc.) and which help to conserve the atmosphere that Mistral created in his home, which was given to the commune under a will in 1907. The building was listed as a Historic Monument on 10 November 1930.\r\nIt is a charming bourgeois residence in the form of a two-storey Aix batide, with a string course separating the two levels. The windows have grip frames and above the ground floor windows are sculpted figures of Mireille and Esterelle (the heroines of Mistral's works, Mireille and Calendal), and of the stars of the Félibrige association. The house has a large sculpted fronton composed of symbols of regional culture, such as fruit, vegetables, the three-pronged fork of the guardians and an anchor. The initials VM (Vincent and Mireille) and EC (Esterelle and Calendal) can be seen, as well as the poet's motto, 'The sun makes me sing'.\r\nNo independent visits. Guided, commented visits.",
      "libelleEs" : "Es en Maillane donde vivió el poeta Frédéric Mistral (1830-1914), donde compuso toda su obra, coronada en 1904 por el Premio Nobel de Literatura, creador del Félibrige.  La casa en la que residió de 1876 hasta su muerte (25 de marzo de 1914) ha conservado desde entonces el aspecto auténtico de los tiempos de Mistral, gracias a las obras de restauración realizadas de 1992 a 1995 por el servicio de Monumentos Históricos. Efectivamente, tras la muerte de la Señora Mistral en 1943 la casa se convirtió en museo en 1944. Allí se pueden descubrir los recuerdos y las obras de arte regaladas al poeta a lo largo de su vida (objetos, libros, fotos, etc.), conservando de ese modo el ambiente que Mistral supo crear en su casa, legada al municipio por testamento en 1907. El edificio fue catalogado como Monumento Histórico el 10 de noviembre de 1930.\r\nEncantadora vivienda burguesa en forma de bastida de Aix con una planta, un ventanal separa los dos niveles. Las ventanas están enmarcadas y encima de las aperturas de la planta baja están esculpidas las figuras de Mireille y Esterelle (la heroínas de las obras de Mistral: Mireille y Calendal), y de las estrellas del Félibrige. La casa presenta un importante frontal esculpido, compuesto por símbolos de la cultura regional: frutas, verduras, tridente de gardian, ancla, etc. También se observan las iniciales VM (Vincent y Mireille) y EC (Esterelle y Calendal), así como el lema del poeta:  \"El sol me hace cantar\".\r\nNo hay visita libre. Visitas guiadas y comentadas.",
      "libelleIt" : "Maillane è il paese in cui visse il poeta Frédéric Mistral (1830-1914), fondatore del Félibrige; qui compose tutta la sua opera, coronata nel 1904 dal Premio Nobel di letteratura. La casa in cui risiedette dal 1876 fino alla morte, avvenuta il 25 marzo 1914, conserva ancora l'aspetto autentico dei tempi di Mistral, grazie ai lavori di restauro realizzati tra il 1992 e il 1995 dal servizio preposto ai monumenti storici. Dopo la morte della moglie (nel 1943), nel 1944 la casa divenne un museo. Vi si possono scoprire tutti i ricordi e le opere d'arte offerte al poeta nel corso della sua vita (oggetti, libri, fotografie..), che conservano intatta l'atmosfera che Mistral seppe creare nella sua casa, donata al comune tramite un testamento nel 1907. L'edificio è stato dichiarato monumento storico il 10 novembre 1930.\r\nIncantevole dimora borghese, secondo la struttura tipica delle case di campagna di Aix-en-Provence; una striscia separa il piano terra dal primo piano. Le cornici delle finestre sono decorate con motivi architettonici e, sopra all'apertura del piano terra, sono scolpite le figure di Mirèio ed Esterello (eroine delle opere di Mistral: Mirèio e Calendau), e alcune stelle del Félibrige. La casa presenta un imponente frontone scolpito, composto da simboli della cultura regionale: frutta, verdura, il tridente del mandriano, l'ancora... Vi si possono osservare le iniziali VM (Vincèn e Mirèio) ed EC (Esterello e Calendau), e il motto del poeta: \"Il sole mi fa cantare\".\r\nNon si effettuano visite libere. Visite guidate e commentate.",
      "libelleDe" : "In Maillane lebte der Dichter und Gründer der Félibrige-Bewegung Frédéric Mistral (1830-1914). Dort schuf er sein gesamtes Wert, das 1904 durch den Literatur-Nobelpreis gekrönt wurde. Das Haus, das Mistral von 1876 bis zu seinem Tod (25. März 1914) bewohnte, hat dank der zwischen 1992 und 1995 von den zuständigen Stellen der historischen Monumente durchgeführten Restaurierungsarbeiten sein ursprüngliches Aussehen behalten. Das Haus wurde 1944 nach dem Tod von Frau Mistral im Jahre 1943 zum Museum. Man kann dort alle Andenken und Kunstwerke ansehen, die dem Dichter Zeit seines Lebens geschenkt worden waren (Gegenstände, Bücher, Fotos u.s.w.), und die zur Erhaltung der Atmosphäre beitragen, die Mistral diesem Haus gegeben hat, das er 1907 mit einem Testament der Gemeinde vermachte. Das Gebäude ist seit dem 10. November 1930 offiziell als historisches Monument Frankreichs (Monument Historique) verzeichnet.\r\nEin zauberhaftes Herrenhaus, wie sie in der Gegend von Aix üblich sind, mit einer Querblende auf der Fassade, die das Erdgeschoss vom ersten Stock teilt. Die Fenster haben Verkröpfungen und über den Öffnungen des Erdgeschosses sind die Gestalten Mireilles und Esterelles (der Heldinnen der Werke des Dichters: Mireille und Calendal) sowie die Sterne der Félibrige-Bewegung in den Stein gehauen. Das Haus hat einen reich verzierten Giebel: Früchte, Obst, Trident des Stierhirten, Anker. Man beachte auch die Initialen VM (Vincent und Mireille) und EC (Esterelle und Calendal), sowie die Devise des Dichters: „Die Sonne lässt mich singen“.\r\nBesichtigung nur mit Führung und Erklärungen.",
      "libelleNl" : "De dichter Frédéric Mistral (1830-1914) woonde in Maillane, waar hij zijn volledige oeuvre schreef, dat in 1904 onderscheiden werd met de Nobelprijs voor de literatuur. Hij was oprichter van de Félibrige, een vereniging tot behoud van de Zuid-Franse (occitaanse) taal en cultuur. Het huis waar hij van 1976 tot aan zijn dood op 25 maart 1914 woonde, heeft het authentieke aspect uit de tijd van Mistral behouden, dankzij de restauratie die van 1992 tot 1995 werd uitgevoerd door de Franse monumentenzorg. In 1944 werd het huis een museum, nadat mevrouw Mistral in 1943 was overleden. Hier zijn alle souvenirs en kunstwerken te vinden die de dichter gedurende zijn hele leven kreeg aangeboden (voorwerpen, boeken en foto's). In het huis, dat Mistral in 1907 per testament aan de gemeente naliet, blijft zo de sfeer bewaard die er tijdens zijn leven hing. Het gebouw werd op 10 november 1930 op de monumentenlijst geplaatst.\r\nCharmant huis in de stijl van een hoeve in Aix-en-Provence met één verdieping; de niveaus worden gescheiden door een lijst. De ramen hebben versierde lijsten en boven de openingen op de begane grond zijn de gezichten van Mireille en Esterelle (de heldinnen uit de werken van Mistral: (Mireille en Calendal) en de sterren van de Félibrige uitgehouwen. Op de gevel van het huis is een groot fronton aangebracht met de gebeeldhouwde symbolen van de regionale cultuur: fruit, groenten, hooivork, en anker. Tevens zien we de initialen VM (Vincent en Mireille) en EC (Esterelle en Calendal) en de lijfspreuk van de dichter: \"Le soleil me fait chanter\" (Van de zon ga ik zingen).\r\nGeen vrij bezoek. Rondleidingen."
    },
    "descriptifsThematises" : [ {
      "dateDisponibilite" : null,
      "dateLimiteDePublication" : null,
      "theme" : {
        "elementReferenceType" : "DescriptifTheme",
        "id" : 6143
      },
      "description" : {
        "libelleFr" : "Rez de chaussée, salle d'expo et jardin.\nVisite accessible en fauteuil roulant pour les personnes handicapées.\nPort du masque obligatoire."
      }
    } ]
  },
  "localisation" : {
    "adresse" : {
      "adresse1" : "11 Avenue Lamartine",
      "codePostal" : "13910",
      "bureauDistribution" : "MAILLANE",
      "commune" : {
        "id" : 4463
      }
    },
    "geolocalisation" : {
      "complement" : {
        "libelleFr" : "Centre du village, face à l'Office de Tourisme de Maillane."
      },
      "valide" : true,
      "geoJson" : {
        "type" : "Point",
        "coordinates" : [ 4.782482, 43.830922 ]
      }
    },
    "perimetreGeographique" : [ {
      "id" : 4463
    } ],
    "environnements" : [ {
      "elementReferenceType" : "Environnement",
      "id" : 143
    }, {
      "elementReferenceType" : "Environnement",
      "id" : 185
    } ]
  },
  "liens" : { },
  "prestations" : {
    "equipements" : [ {
      "elementReferenceType" : "PrestationEquipement",
      "id" : 1321
    } ],
    "services" : [ {
      "elementReferenceType" : "PrestationService",
      "id" : 1026
    }, {
      "elementReferenceType" : "PrestationService",
      "id" : 1190
    } ],
    "animauxAcceptes" : "NON_ACCEPTES",
    "animauxAcceptesSupplement" : "NON_DISPONIBLE",
    "activites" : [ {
      "elementReferenceType" : "PrestationActivite",
      "id" : 641
    }, {
      "elementReferenceType" : "PrestationActivite",
      "id" : 652
    } ],
    "languesParlees" : [ {
      "elementReferenceType" : "Langue",
      "id" : 1192
    }, {
      "elementReferenceType" : "Langue",
      "id" : 1194
    }, {
      "elementReferenceType" : "Langue",
      "id" : 1197
    }, {
      "elementReferenceType" : "Langue",
      "id" : 1202
    } ],
    "languesDocumentation" : [ {
      "elementReferenceType" : "Langue",
      "id" : 1189
    }, {
      "elementReferenceType" : "Langue",
      "id" : 1192
    }, {
      "elementReferenceType" : "Langue",
      "id" : 1194
    }, {
      "elementReferenceType" : "Langue",
      "id" : 1197
    }, {
      "elementReferenceType" : "Langue",
      "id" : 1200
    }, {
      "elementReferenceType" : "Langue",
      "id" : 1202
    } ],
    "complementAccueil" : {
      "libelleFr" : "Accessible pour handicapés\r\nParking public(Espace Garcin et Place Gounod)\r\nParking public(Place de l'Eglise)",
      "libelleEn" : "Accessible for disabled",
      "libelleIt" : "Accessibile ai disabili",
      "libelleDe" : "Zugänglich für Behinderte",
      "libelleNl" : "Toegankelijk voor mensen met een handicap"
    },
    "typesClientele" : [ {
      "elementReferenceType" : "TypeClientele",
      "id" : 593
    } ]
  },
  "ouverture" : {
    "periodeEnClair" : {
      "libelleFr" : "Du 01/01 au 24/03, tous les jours.\nSur réservation pour les groupes uniquement.\n\nDu 25/03 au 14/10, tous les mardis, mercredis, jeudis, vendredis, samedis et dimanches.\nDu Mardi au Dimanche de 9h30 à 12h et de 13h30 à 18h.\n\nDu 15/10 au 31/12, tous les jours.\nSur réservation pour les groupes uniquement.",
      "libelleEn" : "From 01/01 to 24/03, daily.\n\nFrom 25/03 to 14/10, every Tuesday, Wednesday, Thursday, Friday, Saturday and Sunday.\n\nFrom 15/10 to 31/12, daily.",
      "libelleEs" : "Del 01/01 al 24/03, todos los dias.\n\nDel 25/03 al 14/10, todos los martes, miércoles, jueves, viernes, sábados y domingos.\n\nDel 15/10 al 31/12, todos los dias.",
      "libelleIt" : "Dal 01/01 al 24/03, ogni giorno.\n\nDal 25/03 al 14/10, tutti i martedì, mercoledì, giovedì, venerdì, sabati e domeniche.\n\nDal 15/10 al 31/12, ogni giorno.",
      "libelleDe" : "Vom 01/01 bis 24/03, täglich.\n\nVom 25/03 bis 14/10, jeden Dienstag, Mittwoch, Donnerstag, Freitag, Samstag und Sonntag.\n\nVom 15/10 bis 31/12, täglich.",
      "libelleNl" : "Van 01/01 tot en met 24/03, iedere dag.\n\nVan 25/03 tot en met 14/10, elke dinsdag, woensdag, donderdag, vrijdag, zaterdag en zondag.\n\nVan 15/10 tot en met 31/12, iedere dag.",
      "libelleRu" : "С 01/01 до 24/03, ежедневно.\n\nС 25/03 до 14/10, каждый вторники, среды, четверги, пятницы, субботы и воскресенья.\n\nС 15/10 до 31/12, ежедневно.",
      "libelleZh" : "从 1月1日 到 3月24日, 日常.\n\n从 3月25日 到 10月14日, 每星期二, 星期三, 星期四, 星期五, 星期六 和 星期日.\n\n从 10月15日 到 12月31日, 日常.",
      "libellePtBR" : "De 01/01 a 24/03, todos os dias.\n\nDe 25/03 a 14/10, todas as terças-feiras, quartas-feiras, quintas-feiras, sextas-feiras, sábados e domingos.\n\nDe 15/10 a 31/12, todos os dias.",
      "libelleJa" : "01/01 から 24/03 まで, 毎日.\n\n25/03 から 14/10 まで, 毎火曜日, 水曜日, 木曜日, 金曜日, 土曜日 と 日曜日.\n\n15/10 から 31/12 まで, 毎日."
    },
    "periodeEnClairGenerationMode" : "AUTOMATIQUE",
    "indicationsPeriode" : [ {
      "elementReferenceType" : "IndicationPeriode",
      "id" : 416
    }, {
      "elementReferenceType" : "IndicationPeriode",
      "id" : 418
    }, {
      "elementReferenceType" : "IndicationPeriode",
      "id" : 435
    }, {
      "elementReferenceType" : "IndicationPeriode",
      "id" : 436
    } ],
    "periodesOuvertures" : [ {
      "identifiant" : 24361739,
      "dateDebut" : "2023-01-01",
      "dateFin" : "2023-03-24",
      "complementHoraire" : {
        "libelleFr" : "Sur réservation pour les groupes uniquement."
      },
      "type" : "OUVERTURE_TOUS_LES_JOURS",
      "tousLesAns" : true,
      "identifiantTechnique" : 24545052
    }, {
      "identifiant" : 19934379,
      "dateDebut" : "2022-03-25",
      "dateFin" : "2022-10-14",
      "complementHoraire" : {
        "libelleFr" : "Du Mardi au Dimanche de 9h30 à 12h et de 13h30 à 18h."
      },
      "type" : "OUVERTURE_SEMAINE",
      "tousLesAns" : true,
      "ouverturesJournalieres" : [ {
        "jour" : "MARDI"
      }, {
        "jour" : "MERCREDI"
      }, {
        "jour" : "JEUDI"
      }, {
        "jour" : "VENDREDI"
      }, {
        "jour" : "SAMEDI"
      }, {
        "jour" : "DIMANCHE"
      } ],
      "identifiantTechnique" : 24545053
    }, {
      "identifiant" : 24361734,
      "dateDebut" : "2022-10-15",
      "dateFin" : "2022-12-31",
      "complementHoraire" : {
        "libelleFr" : "Sur réservation pour les groupes uniquement."
      },
      "type" : "OUVERTURE_TOUS_LES_JOURS",
      "tousLesAns" : true,
      "identifiantTechnique" : 24545054
    } ]
  },
  "descriptionTarif" : {
    "indicationTarif" : "PAYANT",
    "gratuit" : false,
    "tarifsEnClair" : {
      "libelleFr" : "Du 15/10 au 31/12/2022\nPlein tarif : 4 €\nTarif réduit : 3 € ((étudiants, groupe de plus de 10 personnes))\nGroupe enfants : 2 €.\n\nDu 01/01 au 24/03/2023\nPlein tarif : 4 €\nTarif réduit : 3 € ((étudiants, groupe de plus de 10 personnes))\nGroupe enfants : 2 €.\n\nDu 25/03 au 14/10/2023\nPlein tarif : 4 €\nTarif réduit : 3 € ((étudiants, groupe de plus de 10 personnes))\nGroupe enfants : 2 €.\n\n Gratuit pour les moins de 12 ans.",
      "libelleEn" : "From 15/10 to 31/12/2022\nFull price: 4 €\nReduced price: 3 €\nGroup children: 2 €.\n\nFrom 01/01 to 24/03/2023\nFull price: 4 €\nReduced price: 3 €\nGroup children: 2 €.\n\nFrom 25/03 to 14/10/2023\nFull price: 4 €\nReduced price: 3 €\nGroup children: 2 €.\n\n Free entry for children < 12 years.",
      "libelleEs" : "Del 15/10 al 31/12/2022\nTarifa completa: 4 €\nPrecio reducido: 3 €\nGrupo niños: 2 €.\n\nDel 01/01 al 24/03/2023\nTarifa completa: 4 €\nPrecio reducido: 3 €\nGrupo niños: 2 €.\n\nDel 25/03 al 14/10/2023\nTarifa completa: 4 €\nPrecio reducido: 3 €\nGrupo niños: 2 €.\n\n Gratuito para los niños menores de 12 años.",
      "libelleIt" : "Dal 15/10 al 31/12/2022\nTarrifa intera: 4 €\nPrezzo ridotto: 3 €\nGruppo bambini: 2 €.\n\nDal 01/01 al 24/03/2023\nTarrifa intera: 4 €\nPrezzo ridotto: 3 €\nGruppo bambini: 2 €.\n\nDal 25/03 al 14/10/2023\nTarrifa intera: 4 €\nPrezzo ridotto: 3 €\nGruppo bambini: 2 €.\n\n Gratuito per i bambini di età inferiore a 12 anni.",
      "libelleDe" : "Vom 15/10 bis 31/12/2022\nVoller Preis: 4 €\nReduzierter Preis: 3 €\nKinder Gruppenkarte: 2 €.\n\nVom 01/01 bis 24/03/2023\nVoller Preis: 4 €\nReduzierter Preis: 3 €\nKinder Gruppenkarte: 2 €.\n\nVom 25/03 bis 14/10/2023\nVoller Preis: 4 €\nReduzierter Preis: 3 €\nKinder Gruppenkarte: 2 €.\n\n Kostenlos für Kinder unter 12 Jahren.",
      "libelleNl" : "Van 15/10 tot en met 31/12/2022\nVol tarief: € 4\nKorting: € 3\nGroep kinderen: € 2.\n\nVan 01/01 tot en met 24/03/2023\nVol tarief: € 4\nKorting: € 3\nGroep kinderen: € 2.\n\nVan 25/03 tot en met 14/10/2023\nVol tarief: € 4\nKorting: € 3\nGroep kinderen: € 2.\n\n Gratis voor kinderen onder de 12 jaar.",
      "libelleRu" : "С 15/10 до 31/12/2022\nполную цену : 4 €\nСниженная цена : 3 €\nДетская группа : 2 €.\n\nС 01/01 до 24/03/2023\nполную цену : 4 €\nСниженная цена : 3 €\nДетская группа : 2 €.\n\nС 25/03 до 14/10/2023\nполную цену : 4 €\nСниженная цена : 3 €\nДетская группа : 2 €.\n\n Бесплатно для лицам младше 12 лет.",
      "libelleZh" : "从 10月15日 到 2022年12月31日\n全额 : 4 €\n减价 : 3 €\n儿童团体 : 2 €.\n\n从 1月1日 到 2023年3月24日\n全额 : 4 €\n减价 : 3 €\n儿童团体 : 2 €.\n\n从 3月25日 到 2023年10月14日\n全额 : 4 €\n减价 : 3 €\n儿童团体 : 2 €.\n\n 儿童 < 12 岁自由进入.",
      "libellePtBR" : "De 15/10 a 31/12/2022\nTarifa inteira: 4 €\nPreço reduzido: 3 €\nGrupo de crianças: 2 €.\n\nDe 01/01 a 24/03/2023\nTarifa inteira: 4 €\nPreço reduzido: 3 €\nGrupo de crianças: 2 €.\n\nDe 25/03 a 14/10/2023\nTarifa inteira: 4 €\nPreço reduzido: 3 €\nGrupo de crianças: 2 €.\n\n Gratuito para menores de 12 anos.",
      "libelleJa" : "15/10 から 31/12/2022 まで\n通常料金: 4 €\n割引料金: 3 €\n子供 グループ: 2 €.\n\n01/01 から 24/03/2023 まで\n通常料金: 4 €\n割引料金: 3 €\n子供 グループ: 2 €.\n\n25/03 から 14/10/2023 まで\n通常料金: 4 €\n割引料金: 3 €\n子供 グループ: 2 €.\n\n 子供 < 12 歳 は入場無料."
    },
    "tarifsEnClairGenerationMode" : "AUTOMATIQUE",
    "complement" : { },
    "periodes" : [ {
      "identifiant" : 13677364,
      "dateDebut" : "2022-10-15",
      "dateFin" : "2022-12-31",
      "tarifs" : [ {
        "devise" : "EUR",
        "minimum" : 4.00,
        "maximum" : 4.00,
        "type" : {
          "elementReferenceType" : "TarifType",
          "id" : 5250
        }
      }, {
        "devise" : "EUR",
        "minimum" : 3.00,
        "maximum" : 3.00,
        "precisionTarif" : {
          "libelleFr" : "(étudiants, groupe de plus de 10 personnes)"
        },
        "type" : {
          "elementReferenceType" : "TarifType",
          "id" : 5251
        }
      }, {
        "devise" : "EUR",
        "minimum" : 2.00,
        "maximum" : 2.00,
        "type" : {
          "elementReferenceType" : "TarifType",
          "id" : 1749
        }
      } ]
    }, {
      "identifiant" : 13677357,
      "dateDebut" : "2023-01-01",
      "dateFin" : "2023-03-24",
      "tarifs" : [ {
        "devise" : "EUR",
        "minimum" : 4.00,
        "maximum" : 4.00,
        "type" : {
          "elementReferenceType" : "TarifType",
          "id" : 5250
        }
      }, {
        "devise" : "EUR",
        "minimum" : 3.00,
        "maximum" : 3.00,
        "precisionTarif" : {
          "libelleFr" : "(étudiants, groupe de plus de 10 personnes)"
        },
        "type" : {
          "elementReferenceType" : "TarifType",
          "id" : 5251
        }
      }, {
        "devise" : "EUR",
        "minimum" : 2.00,
        "maximum" : 2.00,
        "type" : {
          "elementReferenceType" : "TarifType",
          "id" : 1749
        }
      } ]
    }, {
      "identifiant" : 13772445,
      "dateDebut" : "2023-03-25",
      "dateFin" : "2023-10-14",
      "tarifs" : [ {
        "devise" : "EUR",
        "minimum" : 4.00,
        "maximum" : 4.00,
        "type" : {
          "elementReferenceType" : "TarifType",
          "id" : 5250
        }
      }, {
        "devise" : "EUR",
        "minimum" : 3.00,
        "maximum" : 3.00,
        "precisionTarif" : {
          "libelleFr" : "(étudiants, groupe de plus de 10 personnes)"
        },
        "type" : {
          "elementReferenceType" : "TarifType",
          "id" : 5251
        }
      }, {
        "devise" : "EUR",
        "minimum" : 2.00,
        "maximum" : 2.00,
        "type" : {
          "elementReferenceType" : "TarifType",
          "id" : 1749
        }
      } ]
    } ],
    "modesPaiement" : [ {
      "elementReferenceType" : "ModePaiement",
      "id" : 1271
    }, {
      "elementReferenceType" : "ModePaiement",
      "id" : 1277
    } ],
    "devise" : "EUR",
    "conditions" : {
      "gratuitPourLesMoinsDe" : 12
    }
  },
  "reservation" : {
    "organismes" : [ {
      "identifiant" : 5086905,
      "structureReference" : {
        "type" : "STRUCTURE",
        "id" : 5222996
      },
      "nom" : "Jardin du Musée Frédéric Mistral",
      "type" : {
        "elementReferenceType" : "ReservationType",
        "id" : 475
      },
      "moyensCommunication" : [ {
        "identifiant" : 80397614,
        "type" : {
          "elementReferenceType" : "MoyenCommunicationType",
          "id" : 201
        },
        "coordonnees" : {
          "fr" : "04 90 95 84 19"
        }
      }, {
        "identifiant" : 80397615,
        "type" : {
          "elementReferenceType" : "MoyenCommunicationType",
          "id" : 202
        },
        "coordonnees" : {
          "fr" : "04 32 62 85 34"
        }
      }, {
        "identifiant" : 80397616,
        "type" : {
          "elementReferenceType" : "MoyenCommunicationType",
          "id" : 204
        },
        "coordonnees" : {
          "fr" : "ot.maillane@wanadoo.fr"
        }
      } ],
      "locked" : false
    } ]
  },
  "criteresInternes" : [ {
    "id" : 16775
  }, {
    "id" : 16902
  } ],
  "contacts" : [ {
    "identifiant" : 19771614,
    "referent" : true,
    "civilite" : {
      "elementReferenceType" : "ContactCivilite",
      "id" : 442
    },
    "nom" : "DENICOLAÏ",
    "prenom" : "Miranda",
    "fonction" : {
      "elementReferenceType" : "ContactFonction",
      "id" : 459
    },
    "moyensCommunication" : [ {
      "identifiant" : 92752477,
      "type" : {
        "elementReferenceType" : "MoyenCommunicationType",
        "id" : 201
      },
      "coordonnees" : {
        "fr" : "04 90 95 84 19"
      }
    }, {
      "identifiant" : 92752479,
      "type" : {
        "elementReferenceType" : "MoyenCommunicationType",
        "id" : 201
      },
      "coordonnees" : {
        "fr" : "04 32 61 93 86"
      }
    }, {
      "identifiant" : 92752490,
      "type" : {
        "elementReferenceType" : "MoyenCommunicationType",
        "id" : 204
      },
      "coordonnees" : {
        "fr" : "contact@museemistral.fr"
      }
    }, {
      "identifiant" : 92752494,
      "type" : {
        "elementReferenceType" : "MoyenCommunicationType",
        "id" : 204
      },
      "coordonnees" : {
        "fr" : "ot-culture@mairiemaillane.fr"
      }
    } ]
  } ],
  "illustrations" : [ {
    "identifiant" : 9001338,
    "link" : false,
    "type" : "IMAGE",
    "nom" : {
      "libelleFr" : "13T2000648_3_WEB.jpg"
    },
    "traductionFichiers" : [ {
      "locale" : "fr",
      "url" : "https://static.apidae-tourisme.com/filestore/objets-touristiques/images/44/202/8768044.jpg",
      "urlListe" : "https://static.apidae-tourisme.com/filestore/objets-touristiques/images/44/202/8768044-liste.jpg",
      "urlFiche" : "https://static.apidae-tourisme.com/filestore/objets-touristiques/images/44/202/8768044-fiche.jpg",
      "urlDiaporama" : "https://static.apidae-tourisme.com/filestore/objets-touristiques/images/44/202/8768044-diaporama.jpg",
      "extension" : "jpg",
      "fileName" : "full",
      "taille" : 26486,
      "hauteur" : 300,
      "largeur" : 400,
      "lastModifiedDate" : "2020-11-04T05:07:42.000+0000"
    } ],
    "locked" : false
  }, {
    "identifiant" : 9001339,
    "link" : false,
    "type" : "IMAGE",
    "nom" : {
      "libelleFr" : "13T2000648_4_WEB.jpg"
    },
    "traductionFichiers" : [ {
      "locale" : "fr",
      "url" : "https://static.apidae-tourisme.com/filestore/objets-touristiques/images/45/202/8768045.jpg",
      "urlListe" : "https://static.apidae-tourisme.com/filestore/objets-touristiques/images/45/202/8768045-liste.jpg",
      "urlFiche" : "https://static.apidae-tourisme.com/filestore/objets-touristiques/images/45/202/8768045-fiche.jpg",
      "urlDiaporama" : "https://static.apidae-tourisme.com/filestore/objets-touristiques/images/45/202/8768045-diaporama.jpg",
      "extension" : "jpg",
      "fileName" : "full",
      "taille" : 48119,
      "hauteur" : 300,
      "largeur" : 400,
      "lastModifiedDate" : "2020-11-04T05:07:43.000+0000"
    } ],
    "locked" : false
  }, {
    "identifiant" : 9001340,
    "link" : false,
    "type" : "IMAGE",
    "nom" : {
      "libelleFr" : "13T2000648_5_HD.jpg"
    },
    "copyright" : {
      "libelleFr" : "Christophe Aubry"
    },
    "traductionFichiers" : [ {
      "locale" : "fr",
      "url" : "https://static.apidae-tourisme.com/filestore/objets-touristiques/images/46/202/8768046.jpg",
      "urlListe" : "https://static.apidae-tourisme.com/filestore/objets-touristiques/images/46/202/8768046-liste.jpg",
      "urlFiche" : "https://static.apidae-tourisme.com/filestore/objets-touristiques/images/46/202/8768046-fiche.jpg",
      "urlDiaporama" : "https://static.apidae-tourisme.com/filestore/objets-touristiques/images/46/202/8768046-diaporama.jpg",
      "extension" : "jpg",
      "fileName" : "full",
      "taille" : 172222,
      "hauteur" : 600,
      "largeur" : 800,
      "lastModifiedDate" : "2020-11-04T05:07:43.000+0000"
    } ],
    "locked" : false
  } ],
  "tourismeAffaires" : {
    "tourismeAffairesEnabled" : true,
    "sallesEquipeesPour" : [ {
      "elementReferenceType" : "SalleEquipeePour",
      "id" : 1239
    } ],
    "nombreSallesReunionEquipees" : 6,
    "capaciteMaxAccueil" : 20
  },
  "visites" : {
    "languesPanneauInformation" : [ {
      "elementReferenceType" : "Langue",
      "id" : 1189
    }, {
      "elementReferenceType" : "Langue",
      "id" : 1192
    }, {
      "elementReferenceType" : "Langue",
      "id" : 1194
    }, {
      "elementReferenceType" : "Langue",
      "id" : 1197
    }, {
      "elementReferenceType" : "Langue",
      "id" : 1200
    }, {
      "elementReferenceType" : "Langue",
      "id" : 5991
    } ],
    "visitable" : true
  },
  "territoires" : [ {
    "type" : "TERRITOIRE",
    "id" : 591381
  }, {
    "type" : "TERRITOIRE",
    "id" : 591419
  }, {
    "type" : "TERRITOIRE",
    "id" : 658199
  }, {
    "type" : "TERRITOIRE",
    "id" : 4819487
  }, {
    "type" : "TERRITOIRE",
    "id" : 5127066
  }, {
    "type" : "TERRITOIRE",
    "id" : 5424410
  }, {
    "type" : "TERRITOIRE",
    "id" : 5447176
  } ],
  "datesOuverture" : [ "2023-01-01", "2023-01-02", "2023-01-03", "2023-01-04", "2023-01-05", "2023-01-06", "2023-01-07", "2023-01-08", "2023-01-09", "2023-01-10", "2023-01-11", "2023-01-12", "2023-01-13", "2023-01-14", "2023-01-15", "2023-01-16", "2023-01-17", "2023-01-18", "2023-01-19", "2023-01-20", "2023-01-21", "2023-01-22", "2023-01-23", "2023-01-24", "2023-01-25", "2023-01-26", "2023-01-27", "2023-01-28", "2023-01-29", "2023-01-30", "2023-01-31", "2023-02-01", "2023-02-02", "2023-02-03", "2023-02-04", "2023-02-05", "2023-02-06", "2023-02-07", "2023-02-08", "2023-02-09", "2023-02-10", "2023-02-11", "2023-02-12", "2023-02-13", "2023-02-14", "2023-02-15", "2023-02-16", "2023-02-17", "2023-02-18", "2023-02-19", "2023-02-20", "2023-02-21", "2023-02-22", "2023-02-23", "2023-02-24", "2023-02-25", "2023-02-26", "2023-02-27", "2023-02-28", "2023-03-01", "2023-03-02", "2023-03-03", "2023-03-04", "2023-03-05", "2023-03-06", "2023-03-07", "2023-03-08", "2023-03-09", "2023-03-10", "2023-03-11", "2023-03-12", "2023-03-13", "2023-03-14", "2023-03-15", "2023-03-16", "2023-03-17", "2023-03-18", "2023-03-19", "2023-03-20", "2023-03-21", "2023-03-22", "2023-03-23", "2023-03-24", "2024-01-01", "2024-01-02", "2024-01-03", "2024-01-04", "2024-01-05", "2024-01-06", "2024-01-07", "2024-01-08", "2024-01-09", "2024-01-10", "2024-01-11", "2024-01-12", "2024-01-13", "2024-01-14", "2024-01-15", "2024-01-16", "2024-01-17", "2024-01-18", "2024-01-19", "2024-01-20", "2024-01-21", "2024-01-22", "2024-01-23", "2024-01-24", "2024-01-25", "2024-01-26", "2024-01-27", "2024-01-28", "2024-01-29", "2024-01-30", "2024-01-31", "2024-02-01", "2024-02-02", "2024-02-03", "2024-02-04", "2024-02-05", "2024-02-06", "2024-02-07", "2024-02-08", "2024-02-09", "2024-02-10", "2024-02-11", "2024-02-12", "2024-02-13", "2024-02-14", "2024-02-15", "2024-02-16", "2024-02-17", "2024-02-18", "2024-02-19", "2024-02-20", "2024-02-21", "2024-02-22", "2024-02-23", "2024-02-24", "2024-02-25", "2024-02-26", "2024-02-27", "2024-02-28", "2024-02-29", "2024-03-01", "2024-03-02", "2024-03-03", "2024-03-04", "2024-03-05", "2024-03-06", "2024-03-07", "2024-03-08", "2024-03-09", "2024-03-10", "2024-03-11", "2024-03-12", "2024-03-13", "2024-03-14", "2024-03-15", "2024-03-16", "2024-03-17", "2024-03-18", "2024-03-19", "2024-03-20", "2024-03-21", "2024-03-22", "2024-03-23", "2024-03-24", "2023-03-25", "2023-03-26", "2023-03-28", "2023-03-29", "2023-03-30", "2023-03-31", "2023-04-01", "2023-04-02", "2023-04-04", "2023-04-05", "2023-04-06", "2023-04-07", "2023-04-08", "2023-04-09", "2023-04-11", "2023-04-12", "2023-04-13", "2023-04-14", "2023-04-15", "2023-04-16", "2023-04-18", "2023-04-19", "2023-04-20", "2023-04-21", "2023-04-22", "2023-04-23", "2023-04-25", "2023-04-26", "2023-04-27", "2023-04-28", "2023-04-29", "2023-04-30", "2023-05-02", "2023-05-03", "2023-05-04", "2023-05-05", "2023-05-06", "2023-05-07", "2023-05-09", "2023-05-10", "2023-05-11", "2023-05-12", "2023-05-13", "2023-05-14", "2023-05-16", "2023-05-17", "2023-05-18", "2023-05-19", "2023-05-20", "2023-05-21", "2023-05-23", "2023-05-24", "2023-05-25", "2023-05-26", "2023-05-27", "2023-05-28", "2023-05-30", "2023-05-31", "2023-06-01", "2023-06-02", "2023-06-03", "2023-06-04", "2023-06-06", "2023-06-07", "2023-06-08", "2023-06-09", "2023-06-10", "2023-06-11", "2023-06-13", "2023-06-14", "2023-06-15", "2023-06-16", "2023-06-17", "2023-06-18", "2023-06-20", "2023-06-21", "2023-06-22", "2023-06-23", "2023-06-24", "2023-06-25", "2023-06-27", "2023-06-28", "2023-06-29", "2023-06-30", "2023-07-01", "2023-07-02", "2023-07-04", "2023-07-05", "2023-07-06", "2023-07-07", "2023-07-08", "2023-07-09", "2023-07-11", "2023-07-12", "2023-07-13", "2023-07-14", "2023-07-15", "2023-07-16", "2023-07-18", "2023-07-19", "2023-07-20", "2023-07-21", "2023-07-22", "2023-07-23", "2023-07-25", "2023-07-26", "2023-07-27", "2023-07-28", "2023-07-29", "2023-07-30", "2023-08-01", "2023-08-02", "2023-08-03", "2023-08-04", "2023-08-05", "2023-08-06", "2023-08-08", "2023-08-09", "2023-08-10", "2023-08-11", "2023-08-12", "2023-08-13", "2023-08-15", "2023-08-16", "2023-08-17", "2023-08-18", "2023-08-19", "2023-08-20", "2023-08-22", "2023-08-23", "2023-08-24", "2023-08-25", "2023-08-26", "2023-08-27", "2023-08-29", "2023-08-30", "2023-08-31", "2023-09-01", "2023-09-02", "2023-09-03", "2023-09-05", "2023-09-06", "2023-09-07", "2023-09-08", "2023-09-09", "2023-09-10", "2023-09-12", "2023-09-13", "2023-09-14", "2023-09-15", "2023-09-16", "2023-09-17", "2023-09-19", "2023-09-20", "2023-09-21", "2023-09-22", "2023-09-23", "2023-09-24", "2023-09-26", "2023-09-27", "2023-09-28", "2023-09-29", "2023-09-30", "2023-10-01", "2023-10-03", "2023-10-04", "2023-10-05", "2023-10-06", "2023-10-07", "2023-10-08", "2023-10-10", "2023-10-11", "2023-10-12", "2023-10-13", "2023-10-14", "2024-03-26", "2024-03-27", "2024-03-28", "2024-03-29", "2024-03-30", "2024-03-31", "2024-04-02", "2024-04-03", "2024-04-04", "2024-04-05", "2024-04-06", "2024-04-07", "2024-04-09", "2024-04-10", "2024-04-11", "2024-04-12", "2024-04-13", "2024-04-14", "2024-04-16", "2024-04-17", "2024-04-18", "2024-04-19", "2024-04-20", "2024-04-21", "2024-04-23", "2024-04-24", "2024-04-25", "2024-04-26", "2024-04-27", "2024-04-28", "2024-04-30", "2024-05-01", "2024-05-02", "2024-05-03", "2024-05-04", "2024-05-05", "2024-05-07", "2024-05-08", "2024-05-09", "2024-05-10", "2024-05-11", "2024-05-12", "2024-05-14", "2024-05-15", "2024-05-16", "2024-05-17", "2024-05-18", "2024-05-19", "2024-05-21", "2024-05-22", "2024-05-23", "2024-05-24", "2024-05-25", "2024-05-26", "2024-05-28", "2024-05-29", "2024-05-30", "2024-05-31", "2024-06-01", "2024-06-02", "2024-06-04", "2024-06-05", "2024-06-06", "2024-06-07", "2024-06-08", "2024-06-09", "2024-06-11", "2024-06-12", "2024-06-13", "2024-06-14", "2024-06-15", "2024-06-16", "2024-06-18", "2024-06-19", "2024-06-20", "2024-06-21", "2024-06-22", "2024-06-23", "2024-06-25", "2024-06-26", "2024-06-27", "2024-06-28", "2024-06-29", "2024-06-30", "2024-07-02", "2024-07-03", "2024-07-04", "2024-07-05", "2024-07-06", "2024-07-07", "2024-07-09", "2024-07-10", "2024-07-11", "2024-07-12", "2024-07-13", "2024-07-14", "2024-07-16", "2024-07-17", "2024-07-18", "2024-07-19", "2024-07-20", "2024-07-21", "2024-07-23", "2024-07-24", "2024-07-25", "2024-07-26", "2024-07-27", "2024-07-28", "2024-07-30", "2024-07-31", "2024-08-01", "2024-08-02", "2024-08-03", "2024-08-04", "2024-08-06", "2024-08-07", "2024-08-08", "2024-08-09", "2024-08-10", "2024-08-11", "2024-08-13", "2024-08-14", "2024-08-15", "2024-08-16", "2024-08-17", "2024-08-18", "2024-08-20", "2024-08-21", "2024-08-22", "2024-08-23", "2024-08-24", "2024-08-25", "2024-08-27", "2024-08-28", "2024-08-29", "2024-08-30", "2024-08-31", "2024-09-01", "2024-09-03", "2024-09-04", "2024-09-05", "2024-09-06", "2024-09-07", "2024-09-08", "2024-09-10", "2024-09-11", "2024-09-12", "2024-09-13", "2024-09-14", "2024-09-15", "2024-09-17", "2024-09-18", "2024-09-19", "2024-09-20", "2024-09-21", "2024-09-22", "2024-09-24", "2024-09-25", "2024-09-26", "2024-09-27", "2024-09-28", "2024-09-29", "2024-10-01", "2024-10-02", "2024-10-03", "2024-10-04", "2024-10-05", "2024-10-06", "2024-10-08", "2024-10-09", "2024-10-10", "2024-10-11", "2024-10-12", "2024-10-13", "2022-10-21", "2022-10-22", "2022-10-23", "2022-10-24", "2022-10-25", "2022-10-26", "2022-10-27", "2022-10-28", "2022-10-29", "2022-10-30", "2022-10-31", "2022-11-01", "2022-11-02", "2022-11-03", "2022-11-04", "2022-11-05", "2022-11-06", "2022-11-07", "2022-11-08", "2022-11-09", "2022-11-10", "2022-11-11", "2022-11-12", "2022-11-13", "2022-11-14", "2022-11-15", "2022-11-16", "2022-11-17", "2022-11-18", "2022-11-19", "2022-11-20", "2022-11-21", "2022-11-22", "2022-11-23", "2022-11-24", "2022-11-25", "2022-11-26", "2022-11-27", "2022-11-28", "2022-11-29", "2022-11-30", "2022-12-01", "2022-12-02", "2022-12-03", "2022-12-04", "2022-12-05", "2022-12-06", "2022-12-07", "2022-12-08", "2022-12-09", "2022-12-10", "2022-12-11", "2022-12-12", "2022-12-13", "2022-12-14", "2022-12-15", "2022-12-16", "2022-12-17", "2022-12-18", "2022-12-19", "2022-12-20", "2022-12-21", "2022-12-22", "2022-12-23", "2022-12-24", "2022-12-25", "2022-12-26", "2022-12-27", "2022-12-28", "2022-12-29", "2022-12-30", "2022-12-31", "2023-10-15", "2023-10-16", "2023-10-17", "2023-10-18", "2023-10-19", "2023-10-20", "2023-10-21", "2023-10-22", "2023-10-23", "2023-10-24", "2023-10-25", "2023-10-26", "2023-10-27", "2023-10-28", "2023-10-29", "2023-10-30", "2023-10-31", "2023-11-01", "2023-11-02", "2023-11-03", "2023-11-04", "2023-11-05", "2023-11-06", "2023-11-07", "2023-11-08", "2023-11-09", "2023-11-10", "2023-11-11", "2023-11-12", "2023-11-13", "2023-11-14", "2023-11-15", "2023-11-16", "2023-11-17", "2023-11-18", "2023-11-19", "2023-11-20", "2023-11-21", "2023-11-22", "2023-11-23", "2023-11-24", "2023-11-25", "2023-11-26", "2023-11-27", "2023-11-28", "2023-11-29", "2023-11-30", "2023-12-01", "2023-12-02", "2023-12-03", "2023-12-04", "2023-12-05", "2023-12-06", "2023-12-07", "2023-12-08", "2023-12-09", "2023-12-10", "2023-12-11", "2023-12-12", "2023-12-13", "2023-12-14", "2023-12-15", "2023-12-16", "2023-12-17", "2023-12-18", "2023-12-19", "2023-12-20", "2023-12-21", "2023-12-22", "2023-12-23", "2023-12-24", "2023-12-25", "2023-12-26", "2023-12-27", "2023-12-28", "2023-12-29", "2023-12-30", "2023-12-31", "2024-10-15", "2024-10-16", "2024-10-17", "2024-10-18", "2024-10-19", "2024-10-20" ],
  "informationsPatrimoineCulturel" : {
    "patrimoineCulturelType" : {
      "elementReferenceType" : "PatrimoineCulturelType",
      "id" : 3201
    },
    "themes" : [ {
      "elementReferenceType" : "PatrimoineCulturelTheme",
      "id" : 3419
    }, {
      "elementReferenceType" : "PatrimoineCulturelTheme",
      "id" : 3456
    } ],
    "categories" : [ {
      "elementReferenceType" : "PatrimoineCulturelCategorie",
      "id" : 3226
    } ]
  },
  "formatVersion" : "v002",
  "expiration" : { },
  "informationsPrestataireActivites" : {
    "prestataireActivites" : true
  },
  "enquete" : { },
  "donneesPrivees" : [ {
    "nomTechnique" : "1947_Id_patio",
    "libelleFr" : "Id_Patio",
    "ordre" : 1,
    "descriptif" : {
      "libelleFr" : "13T2000648"
    }
  }, {
    "nomTechnique" : "1947_Url_patio",
    "libelleFr" : "URL_Patio",
    "ordre" : 3,
    "descriptif" : {
      "libelleFr" : "http://www.myterredeprovence.fr/"
    }
  }, {
    "nomTechnique" : "1947_Source_patio",
    "libelleFr" : "Source_Patio",
    "ordre" : 2,
    "descriptif" : {
      "libelleFr" : "OT Terre de Provence"
    }
  } ]
}