{
  "type" : "FETE_ET_MANIFESTATION",
  "id" : 5467030,
  "nom" : {
    "libelleFr" : "Marché d'Auriol",
    "libelleEn" : "Marché d'Auriol",
    "libelleEs" : "Marché d'Auriol",
    "libelleIt" : "Marché d'Auriol",
    "libelleDe" : "Marché d'Auriol",
    "libelleNl" : "Marché d'Auriol"
  },
  "identifier" : "SITRA2_EVE_5467030",
  "state" : "PUBLISHED",
  "gestion" : {
    "dateCreation" : "2020-03-04T08:04:34.789+0000",
    "dateModification" : "2021-04-06T13:14:21.674+0000",
    "dateExportModification" : "2022-06-09T07:16:13.971+0000",
    "membreProprietaire" : {
      "type" : {
        "elementReferenceType" : "MembreSitraType",
        "id" : 233
      },
      "nom" : "Office de Tourisme du Pays d’Aubagne et de l’Étoile",
      "dateCreation" : "2020-09-22T14:10:27.011+0000",
      "dateModification" : "2022-10-24T08:49:46.508+0000",
      "id" : 2083,
      "siteWeb" : "http://www.tourisme-paysdaubagne.fr"
    },
    "signalerUnProblemeMails" : [ "anne-laure.r@tourisme-paysdaubagne.fr", "cedric.f@tourisme-paysdaubagne.fr", "christine.g@tourisme-paysdaubagne.fr", "damien.d@tourisme-paysdaubagne.fr", "marianne.g@tourisme-paysdaubagne.fr" ]
  },
  "informations" : {
    "moyensCommunication" : [ {
      "identifiant" : 77073811,
      "type" : {
        "elementReferenceType" : "MoyenCommunicationType",
        "id" : 205
      },
      "coordonnees" : {
        "fr" : "http://www.mairie-auriol.fr"
      }
    } ],
    "informationsLegales" : { },
    "structureGestion" : {
      "type" : "STRUCTURE",
      "id" : 5348377
    }
  },
  "presentation" : {
    "descriptifDetaille" : {
      "libelleFr" : "Marché tout produit"
    }
  },
  "localisation" : {
    "adresse" : {
      "nomDuLieu" : "Cours du 4 Septembre",
      "codePostal" : "13390",
      "commune" : {
        "id" : 4418
      }
    },
    "geolocalisation" : {
      "valide" : true,
      "geoJson" : {
        "type" : "Point",
        "coordinates" : [ 5.633450, 43.370242 ]
      }
    },
    "perimetreGeographique" : [ {
      "id" : 4418
    } ]
  },
  "liens" : { },
  "prestations" : {
    "animauxAcceptes" : "NON_DISPONIBLE",
    "animauxAcceptesSupplement" : "NON_DISPONIBLE"
  },
  "ouverture" : {
    "periodeEnClair" : {
      "libelleFr" : "Toute l'année, tous les jeudis et samedis de 9h à 12h.",
      "libelleEn" : "All year round, every Thursday and Saturday between 9 am and 12 pm.",
      "libelleEs" : "Todo el año, todos los jueves y sábados de 9 a 12.",
      "libelleIt" : "Tutto l'anno, tutti i giovedì e sabati dalle 9 alle 12.",
      "libelleDe" : "Ganzjährig, jeden Donnerstag und Samstag von 9 Uhr bis 12 Uhr.",
      "libelleNl" : "Het hele jaar, elke donderdag en zaterdag van 9.00 tot en met 12.00 u.",
      "libelleRu" : "В течение всего года, каждый четверги и субботы с 9h до 12h.",
      "libelleZh" : "全年, 每星期四 和 星期六 小时小时 和 小时小时 之间.",
      "libellePtBR" : "Todo o ano, todas as quintas-feiras e sábados de 9h a  12h.",
      "libelleJa" : "オールシーズン, 毎木曜日 と 土曜日 9 午前 と 12 午後 の間."
    },
    "periodeEnClairGenerationMode" : "AUTOMATIQUE",
    "indicationsPeriode" : [ {
      "elementReferenceType" : "IndicationPeriode",
      "id" : 416
    }, {
      "elementReferenceType" : "IndicationPeriode",
      "id" : 418
    }, {
      "elementReferenceType" : "IndicationPeriode",
      "id" : 435
    }, {
      "elementReferenceType" : "IndicationPeriode",
      "id" : 436
    } ],
    "periodesOuvertures" : [ {
      "identifiant" : 19872974,
      "dateDebut" : "2020-01-01",
      "dateFin" : "2020-12-31",
      "horaireOuverture" : "09:00:00",
      "horaireFermeture" : "12:00:00",
      "type" : "OUVERTURE_SEMAINE",
      "tousLesAns" : true,
      "ouverturesJournalieres" : [ {
        "jour" : "JEUDI"
      }, {
        "jour" : "SAMEDI"
      } ],
      "identifiantTechnique" : 20772627
    } ],
    "ouvertTouteLAnnee" : "OUVERT_TOUTE_L_ANNEE"
  },
  "descriptionTarif" : {
    "indicationTarif" : "GRATUIT",
    "gratuit" : true,
    "tarifsEnClair" : {
      "libelleFr" : "Gratuit.",
      "libelleEn" : "Free of charge.",
      "libelleEs" : "Gratis.",
      "libelleIt" : "Gratuito.",
      "libelleDe" : "Kostenlos.",
      "libelleNl" : "Gratis.",
      "libelleRu" : "Бесплатно.",
      "libelleZh" : "免费.",
      "libellePtBR" : "Gratuito.",
      "libelleJa" : "無料."
    },
    "tarifsEnClairGenerationMode" : "AUTOMATIQUE",
    "devise" : "EUR",
    "conditions" : { }
  },
  "reservation" : {
    "organismes" : [ {
      "identifiant" : 5110795,
      "structureReference" : {
        "type" : "STRUCTURE",
        "id" : 5348377
      },
      "nom" : "Mairie d'Auriol",
      "type" : {
        "elementReferenceType" : "ReservationType",
        "id" : 475
      },
      "moyensCommunication" : [ {
        "identifiant" : 80562193,
        "type" : {
          "elementReferenceType" : "MoyenCommunicationType",
          "id" : 201
        },
        "coordonnees" : {
          "fr" : "04 42 04 70 06"
        }
      }, {
        "identifiant" : 80562194,
        "type" : {
          "elementReferenceType" : "MoyenCommunicationType",
          "id" : 202
        },
        "coordonnees" : {
          "fr" : "04 42 04 70 75"
        }
      } ],
      "locked" : false
    } ]
  },
  "illustrations" : [ {
    "identifiant" : 9527709,
    "link" : false,
    "type" : "IMAGE",
    "copyright" : {
      "libelleFr" : "jp vallorani"
    },
    "traductionFichiers" : [ {
      "locale" : "fr",
      "url" : "https://static.apidae-tourisme.com/filestore/objets-touristiques/images/94/179/9286494.jpg",
      "urlListe" : "https://static.apidae-tourisme.com/filestore/objets-touristiques/images/94/179/9286494-liste.jpg",
      "urlFiche" : "https://static.apidae-tourisme.com/filestore/objets-touristiques/images/94/179/9286494-fiche.jpg",
      "urlDiaporama" : "https://static.apidae-tourisme.com/filestore/objets-touristiques/images/94/179/9286494-diaporama.jpg",
      "extension" : "jpg",
      "fileName" : "Marche_Auriol_JPVallorani001",
      "taille" : 7522995,
      "hauteur" : 3456,
      "largeur" : 5184,
      "lastModifiedDate" : "2021-02-13T10:56:24.000+0000"
    } ],
    "locked" : false
  } ],
  "territoires" : [ {
    "type" : "TERRITOIRE",
    "id" : 591381
  }, {
    "type" : "TERRITOIRE",
    "id" : 591419
  }, {
    "type" : "TERRITOIRE",
    "id" : 5127066
  }, {
    "type" : "TERRITOIRE",
    "id" : 5427370
  }, {
    "type" : "TERRITOIRE",
    "id" : 5427637
  }, {
    "type" : "TERRITOIRE",
    "id" : 5495125
  }, {
    "type" : "TERRITOIRE",
    "id" : 5693743
  }, {
    "type" : "TERRITOIRE",
    "id" : 5693911
  }, {
    "type" : "TERRITOIRE",
    "id" : 5853958
  } ],
  "datesOuverture" : [ "2022-10-27", "2022-10-29", "2022-11-03", "2022-11-05", "2022-11-10", "2022-11-12", "2022-11-17", "2022-11-19", "2022-11-24", "2022-11-26", "2022-12-01", "2022-12-03", "2022-12-08", "2022-12-10", "2022-12-15", "2022-12-17", "2022-12-22", "2022-12-24", "2022-12-29", "2022-12-31", "2023-01-05", "2023-01-07", "2023-01-12", "2023-01-14", "2023-01-19", "2023-01-21", "2023-01-26", "2023-01-28", "2023-02-02", "2023-02-04", "2023-02-09", "2023-02-11", "2023-02-16", "2023-02-18", "2023-02-23", "2023-02-25", "2023-03-02", "2023-03-04", "2023-03-09", "2023-03-11", "2023-03-16", "2023-03-18", "2023-03-23", "2023-03-25", "2023-03-30", "2023-04-01", "2023-04-06", "2023-04-08", "2023-04-13", "2023-04-15", "2023-04-20", "2023-04-22", "2023-04-27", "2023-04-29", "2023-05-04", "2023-05-06", "2023-05-11", "2023-05-13", "2023-05-18", "2023-05-20", "2023-05-25", "2023-05-27", "2023-06-01", "2023-06-03", "2023-06-08", "2023-06-10", "2023-06-15", "2023-06-17", "2023-06-22", "2023-06-24", "2023-06-29", "2023-07-01", "2023-07-06", "2023-07-08", "2023-07-13", "2023-07-15", "2023-07-20", "2023-07-22", "2023-07-27", "2023-07-29", "2023-08-03", "2023-08-05", "2023-08-10", "2023-08-12", "2023-08-17", "2023-08-19", "2023-08-24", "2023-08-26", "2023-08-31", "2023-09-02", "2023-09-07", "2023-09-09", "2023-09-14", "2023-09-16", "2023-09-21", "2023-09-23", "2023-09-28", "2023-09-30", "2023-10-05", "2023-10-07", "2023-10-12", "2023-10-14", "2023-10-19", "2023-10-21", "2023-10-26", "2023-10-28", "2023-11-02", "2023-11-04", "2023-11-09", "2023-11-11", "2023-11-16", "2023-11-18", "2023-11-23", "2023-11-25", "2023-11-30", "2023-12-02", "2023-12-07", "2023-12-09", "2023-12-14", "2023-12-16", "2023-12-21", "2023-12-23", "2023-12-28", "2023-12-30", "2024-01-04", "2024-01-06", "2024-01-11", "2024-01-13", "2024-01-18", "2024-01-20", "2024-01-25", "2024-01-27", "2024-02-01", "2024-02-03", "2024-02-08", "2024-02-10", "2024-02-15", "2024-02-17", "2024-02-22", "2024-02-24", "2024-02-29", "2024-03-02", "2024-03-07", "2024-03-09", "2024-03-14", "2024-03-16", "2024-03-21", "2024-03-23", "2024-03-28", "2024-03-30", "2024-04-04", "2024-04-06", "2024-04-11", "2024-04-13", "2024-04-18", "2024-04-20", "2024-04-25", "2024-04-27", "2024-05-02", "2024-05-04", "2024-05-09", "2024-05-11", "2024-05-16", "2024-05-18", "2024-05-23", "2024-05-25", "2024-05-30", "2024-06-01", "2024-06-06", "2024-06-08", "2024-06-13", "2024-06-15", "2024-06-20", "2024-06-22", "2024-06-27", "2024-06-29", "2024-07-04", "2024-07-06", "2024-07-11", "2024-07-13", "2024-07-18", "2024-07-20", "2024-07-25", "2024-07-27", "2024-08-01", "2024-08-03", "2024-08-08", "2024-08-10", "2024-08-15", "2024-08-17", "2024-08-22", "2024-08-24", "2024-08-29", "2024-08-31", "2024-09-05", "2024-09-07", "2024-09-12", "2024-09-14", "2024-09-19", "2024-09-21", "2024-09-26", "2024-09-28", "2024-10-03", "2024-10-05", "2024-10-10", "2024-10-12", "2024-10-17", "2024-10-19" ],
  "informationsFeteEtManifestation" : {
    "typesManifestation" : [ {
      "elementReferenceType" : "FeteEtManifestationType",
      "id" : 1962
    } ],
    "categories" : [ {
      "elementReferenceType" : "FeteEtManifestationCategorie",
      "id" : 2107
    } ],
    "themes" : [ {
      "elementReferenceType" : "FeteEtManifestationTheme",
      "id" : 2292
    } ],
    "portee" : {
      "elementReferenceType" : "FeteEtManifestationPortee",
      "id" : 2352
    },
    "nomLieu" : "Cours du 4 Septembre"
  },
  "formatVersion" : "v002",
  "expiration" : { },
  "enquete" : { },
  "donneesPrivees" : [ {
    "nomTechnique" : "1947_Id_patio",
    "libelleFr" : "Id_Patio",
    "ordre" : 1,
    "descriptif" : {
      "libelleFr" : "13EV023551"
    }
  }, {
    "nomTechnique" : "1947_Source_patio",
    "libelleFr" : "Source_Patio",
    "ordre" : 2,
    "descriptif" : {
      "libelleFr" : "OT Pays d'Aubagne"
    }
  }, {
    "nomTechnique" : "1947_Url_patio",
    "libelleFr" : "URL_Patio",
    "ordre" : 3,
    "descriptif" : {
      "libelleFr" : "http://www.tourisme-paysdaubagne.fr/fr"
    }
  } ]
}