{
  "type" : "FETE_ET_MANIFESTATION",
  "id" : 5728898,
  "nom" : {
    "libelleFr" : "Balade au vieux village de Vitrolles",
    "libelleEn" : "Vieux village de Vitrolles",
    "libelleEs" : "Vieux village de Vitrolles",
    "libelleIt" : "Vieux village de Vitrolles",
    "libelleDe" : "Vieux village de Vitrolles",
    "libelleNl" : "Vieux village de Vitrolles"
  },
  "identifier" : "SITRA2_EVE_5728898",
  "state" : "PUBLISHED",
  "gestion" : {
    "dateCreation" : "2021-02-26T09:24:17.518+0000",
    "dateModification" : "2022-10-17T13:40:18.858+0000",
    "dateExportModification" : "2022-10-17T13:49:21.071+0000",
    "membreProprietaire" : {
      "type" : {
        "elementReferenceType" : "MembreSitraType",
        "id" : 233
      },
      "nom" : "VITROLLES TOURISME Point info",
      "dateCreation" : "2020-11-26T13:15:13.649+0000",
      "dateModification" : "2022-10-24T08:49:52.006+0000",
      "id" : 2138,
      "siteWeb" : "http://www.vitrolles13.fr"
    },
    "signalerUnProblemeMails" : [ "pascale.campo@ville-vitrolles13.fr" ]
  },
  "informations" : {
    "moyensCommunication" : [ {
      "identifiant" : 70537243,
      "type" : {
        "elementReferenceType" : "MoyenCommunicationType",
        "id" : 201
      },
      "coordonnees" : {
        "fr" : "04 42 77 90 27"
      },
      "observation" : { }
    }, {
      "identifiant" : 70537245,
      "type" : {
        "elementReferenceType" : "MoyenCommunicationType",
        "id" : 204
      },
      "coordonnees" : {
        "fr" : "tourisme@ville-vitrolles13.fr"
      },
      "observation" : { }
    }, {
      "identifiant" : 70537246,
      "type" : {
        "elementReferenceType" : "MoyenCommunicationType",
        "id" : 205
      },
      "coordonnees" : {
        "fr" : "http://www.vitrolles13.fr"
      },
      "observation" : { }
    }, {
      "identifiant" : 87021356,
      "type" : {
        "elementReferenceType" : "MoyenCommunicationType",
        "id" : 201
      },
      "coordonnees" : {
        "fr" : "04 42 77 90 88"
      },
      "observation" : { }
    } ],
    "informationsLegales" : { },
    "structureGestion" : {
      "type" : "STRUCTURE",
      "id" : 5228490
    }
  },
  "presentation" : {
    "descriptifCourt" : {
      "libelleFr" : "A voir à pied et à votre rythme : la chapelle Notre-Dame-de Vie construite sur le Rocher, la Tour Sarrasine, les ruelles médiévales...\nCircuit historique (15 panneaux avenue Camille Pelletan, départ devant la mairie du Vieux Village)  :  durée 1h30"
    },
    "descriptifDetaille" : {
      "libelleFr" : "A voir à pied et à votre rythme : la chapelle Notre-Dame-de Vie construite sur le Rocher, la Tour Sarrasine, les ruelles médiévales, l'église Saint-Gérard, le parc Christine Gounelle...  La montée du Rocher n'est pas accessible aux personnes à mobilité réduite. Durée : 1h30 Traduction de la visite en anglais et en allemand disponible en scannant le flash code inséré sur chaque panneau avec un smartphone. \n\nVous aimez la Provence, l'Histoire et les décors d'épopées médiévales fantastiques? alors partez à la découverte du vieux village et de son Rocher autour duquel, jadis, les villageois se regroupèrent pour se protéger des invasions barbares..."
    }
  },
  "localisation" : {
    "adresse" : {
      "adresse1" : "Avenue Camille Pelletan",
      "codePostal" : "13127",
      "bureauDistribution" : "VITROLLES",
      "commune" : {
        "id" : 4528
      }
    },
    "geolocalisation" : {
      "complement" : { },
      "valide" : true,
      "geoJson" : {
        "type" : "Point",
        "coordinates" : [ 5.249547, 43.458645 ]
      }
    },
    "perimetreGeographique" : [ {
      "id" : 4528
    } ],
    "environnements" : [ {
      "elementReferenceType" : "Environnement",
      "id" : 141
    }, {
      "elementReferenceType" : "Environnement",
      "id" : 143
    }, {
      "elementReferenceType" : "Environnement",
      "id" : 183
    }, {
      "elementReferenceType" : "Environnement",
      "id" : 185
    }, {
      "elementReferenceType" : "Environnement",
      "id" : 3973
    }, {
      "elementReferenceType" : "Environnement",
      "id" : 3974
    } ]
  },
  "liens" : { },
  "prestations" : {
    "services" : [ {
      "elementReferenceType" : "PrestationService",
      "id" : 687
    } ],
    "animauxAcceptes" : "ACCEPTES",
    "animauxAcceptesSupplement" : "NON_DISPONIBLE",
    "descriptifAnimauxAcceptes" : {
      "libelleFr" : "Animaux acceptés en laisse uniquement"
    },
    "languesParlees" : [ {
      "elementReferenceType" : "Langue",
      "id" : 1192
    }, {
      "elementReferenceType" : "Langue",
      "id" : 1197
    } ],
    "complementAccueil" : {
      "libelleFr" : "Parking autocar(Bus : quartier du Val d'Ambla (rue de la paix prolongée))\r\nParking public(Autos : place de l'Aire)",
      "libelleEn" : "Accessible for disabled",
      "libelleIt" : "Accessibile ai disabili",
      "libelleDe" : "Zugänglich für Behinderte",
      "libelleNl" : "Toegankelijk voor mensen met een handicap"
    },
    "descriptifHandicapMoteur" : {
      "libelleFr" : "Difficultés dans certaines rues comportant des changements de niveaux et/ou escaliers. (rue de la Tour, rue du Portalet...)\r\nA noter : Sommet du rocher accessible par un escalier taillé dans la roche. \r\nSe renseigner au préalable pour connaître les voies accessibles en fauteuil roulant."
    }
  },
  "ouverture" : {
    "periodeEnClair" : {
      "libelleFr" : "Toute l'année, tous les jours.",
      "libelleEn" : "All year round, daily.",
      "libelleEs" : "Todo el año, todos los dias.",
      "libelleIt" : "Tutto l'anno, ogni giorno.",
      "libelleDe" : "Ganzjährig, täglich.",
      "libelleNl" : "Het hele jaar, iedere dag.",
      "libelleRu" : "В течение всего года, ежедневно.",
      "libelleZh" : "全年, 日常.",
      "libellePtBR" : "Todo o ano, todos os dias.",
      "libelleJa" : "オールシーズン, 毎日."
    },
    "periodeEnClairGenerationMode" : "AUTOMATIQUE",
    "indicationsPeriode" : [ {
      "elementReferenceType" : "IndicationPeriode",
      "id" : 416
    }, {
      "elementReferenceType" : "IndicationPeriode",
      "id" : 418
    }, {
      "elementReferenceType" : "IndicationPeriode",
      "id" : 435
    }, {
      "elementReferenceType" : "IndicationPeriode",
      "id" : 436
    } ],
    "periodesOuvertures" : [ {
      "identifiant" : 20706016,
      "dateDebut" : "2021-01-01",
      "dateFin" : "2021-12-31",
      "complementHoraire" : { },
      "type" : "OUVERTURE_TOUS_LES_JOURS",
      "tousLesAns" : true,
      "identifiantTechnique" : 24515887
    } ],
    "ouvertTouteLAnnee" : "OUVERT_TOUTE_L_ANNEE"
  },
  "descriptionTarif" : {
    "indicationTarif" : "GRATUIT",
    "gratuit" : true,
    "tarifsEnClair" : {
      "libelleFr" : "Gratuit.",
      "libelleEn" : "Free of charge.",
      "libelleEs" : "Gratis.",
      "libelleIt" : "Gratuito.",
      "libelleDe" : "Kostenlos.",
      "libelleNl" : "Gratis.",
      "libelleRu" : "Бесплатно.",
      "libelleZh" : "免费.",
      "libellePtBR" : "Gratuito.",
      "libelleJa" : "無料."
    },
    "tarifsEnClairGenerationMode" : "AUTOMATIQUE",
    "devise" : "EUR",
    "conditions" : { }
  },
  "reservation" : { },
  "criteresInternes" : [ {
    "id" : 16775
  } ],
  "illustrations" : [ {
    "identifiant" : 9419788,
    "link" : false,
    "type" : "IMAGE",
    "nom" : {
      "libelleFr" : "Vieux village de Vitrolles 13"
    },
    "legende" : {
      "libelleFr" : "La fontaine de la place de la République"
    },
    "copyright" : {
      "libelleFr" : "Ville de Vitrolles"
    },
    "traductionFichiers" : [ {
      "locale" : "fr",
      "url" : "https://static.apidae-tourisme.com/filestore/objets-touristiques/images/193/7/9177025.jpg",
      "urlListe" : "https://static.apidae-tourisme.com/filestore/objets-touristiques/images/193/7/9177025-liste.jpg",
      "urlFiche" : "https://static.apidae-tourisme.com/filestore/objets-touristiques/images/193/7/9177025-fiche.jpg",
      "urlDiaporama" : "https://static.apidae-tourisme.com/filestore/objets-touristiques/images/193/7/9177025-diaporama.jpg",
      "extension" : "jpg",
      "fileName" : "fontaine gros plan",
      "taille" : 7142819,
      "hauteur" : 4000,
      "largeur" : 6000,
      "lastModifiedDate" : "2021-01-25T15:29:59.000+0000"
    } ],
    "locked" : false
  }, {
    "identifiant" : 9419856,
    "link" : false,
    "type" : "IMAGE",
    "nom" : {
      "libelleFr" : "Vieux village de Vitrolles"
    },
    "legende" : {
      "libelleFr" : "rue du vallon des roses"
    },
    "copyright" : {
      "libelleFr" : "Ville de Vitrolles"
    },
    "traductionFichiers" : [ {
      "locale" : "fr",
      "url" : "https://static.apidae-tourisme.com/filestore/objets-touristiques/images/4/8/9177092.jpg",
      "urlListe" : "https://static.apidae-tourisme.com/filestore/objets-touristiques/images/4/8/9177092-liste.jpg",
      "urlFiche" : "https://static.apidae-tourisme.com/filestore/objets-touristiques/images/4/8/9177092-fiche.jpg",
      "urlDiaporama" : "https://static.apidae-tourisme.com/filestore/objets-touristiques/images/4/8/9177092-diaporama.jpg",
      "extension" : "jpg",
      "fileName" : "rue Vallon des Roses",
      "taille" : 8176524,
      "hauteur" : 6000,
      "largeur" : 4000,
      "lastModifiedDate" : "2021-01-25T15:29:48.000+0000"
    } ],
    "locked" : false
  }, {
    "identifiant" : 9419901,
    "link" : false,
    "type" : "IMAGE",
    "nom" : {
      "libelleFr" : "L'escalier du rocher de Vitrolles"
    },
    "copyright" : {
      "libelleFr" : "Ville de Vitrolles"
    },
    "traductionFichiers" : [ {
      "locale" : "fr",
      "url" : "https://static.apidae-tourisme.com/filestore/objets-touristiques/images/49/8/9177137.jpg",
      "urlListe" : "https://static.apidae-tourisme.com/filestore/objets-touristiques/images/49/8/9177137-liste.jpg",
      "urlFiche" : "https://static.apidae-tourisme.com/filestore/objets-touristiques/images/49/8/9177137-fiche.jpg",
      "urlDiaporama" : "https://static.apidae-tourisme.com/filestore/objets-touristiques/images/49/8/9177137-diaporama.jpg",
      "extension" : "jpg",
      "fileName" : "Rude est l'escalier",
      "taille" : 1003955,
      "hauteur" : 1276,
      "largeur" : 900,
      "lastModifiedDate" : "2021-01-25T15:30:09.000+0000"
    } ],
    "locked" : false
  }, {
    "identifiant" : 9419983,
    "link" : false,
    "type" : "IMAGE",
    "nom" : {
      "libelleFr" : "Vitrolles Vieux village"
    },
    "legende" : {
      "libelleFr" : "Place de la République"
    },
    "copyright" : {
      "libelleFr" : "Ville de Vitrolles"
    },
    "traductionFichiers" : [ {
      "locale" : "fr",
      "url" : "https://static.apidae-tourisme.com/filestore/objets-touristiques/images/131/8/9177219.jpg",
      "urlListe" : "https://static.apidae-tourisme.com/filestore/objets-touristiques/images/131/8/9177219-liste.jpg",
      "urlFiche" : "https://static.apidae-tourisme.com/filestore/objets-touristiques/images/131/8/9177219-fiche.jpg",
      "urlDiaporama" : "https://static.apidae-tourisme.com/filestore/objets-touristiques/images/131/8/9177219-diaporama.jpg",
      "extension" : "jpg",
      "fileName" : "vue d'ensemble pl de la République",
      "taille" : 8237231,
      "hauteur" : 6000,
      "largeur" : 4000,
      "lastModifiedDate" : "2021-01-25T15:29:51.000+0000"
    } ],
    "locked" : false
  }, {
    "identifiant" : 9419996,
    "link" : false,
    "type" : "IMAGE",
    "nom" : {
      "libelleFr" : "Vitrolles village"
    },
    "legende" : {
      "libelleFr" : "l'Ancienne école des filles"
    },
    "copyright" : {
      "libelleFr" : "Ville de Vitrolles"
    },
    "traductionFichiers" : [ {
      "locale" : "fr",
      "url" : "https://static.apidae-tourisme.com/filestore/objets-touristiques/images/144/8/9177232.jpg",
      "urlListe" : "https://static.apidae-tourisme.com/filestore/objets-touristiques/images/144/8/9177232-liste.jpg",
      "urlFiche" : "https://static.apidae-tourisme.com/filestore/objets-touristiques/images/144/8/9177232-fiche.jpg",
      "urlDiaporama" : "https://static.apidae-tourisme.com/filestore/objets-touristiques/images/144/8/9177232-diaporama.jpg",
      "extension" : "jpg",
      "fileName" : "façade foyer Bouillac",
      "taille" : 6553846,
      "hauteur" : 6000,
      "largeur" : 4000,
      "lastModifiedDate" : "2021-01-25T15:30:10.000+0000"
    } ],
    "locked" : false
  }, {
    "identifiant" : 9420211,
    "link" : false,
    "type" : "IMAGE",
    "nom" : {
      "libelleFr" : "Le Rocher de Vitrolles"
    },
    "copyright" : {
      "libelleFr" : "Ville de Vitrolles"
    },
    "traductionFichiers" : [ {
      "locale" : "fr",
      "url" : "https://static.apidae-tourisme.com/filestore/objets-touristiques/images/102/9/9177446.jpg",
      "urlListe" : "https://static.apidae-tourisme.com/filestore/objets-touristiques/images/102/9/9177446-liste.jpg",
      "urlFiche" : "https://static.apidae-tourisme.com/filestore/objets-touristiques/images/102/9/9177446-fiche.jpg",
      "urlDiaporama" : "https://static.apidae-tourisme.com/filestore/objets-touristiques/images/102/9/9177446-diaporama.jpg",
      "extension" : "jpg",
      "fileName" : "DSC_0311",
      "taille" : 6717802,
      "hauteur" : 4288,
      "largeur" : 2848,
      "lastModifiedDate" : "2021-01-25T15:29:43.000+0000"
    } ],
    "locked" : false
  }, {
    "identifiant" : 9420237,
    "link" : false,
    "type" : "IMAGE",
    "nom" : {
      "libelleFr" : "Le vieux village de Vitrolles"
    },
    "legende" : {
      "libelleFr" : "Jardin du Portalet - au fond la porte Notre Dame"
    },
    "copyright" : {
      "libelleFr" : "Ville de Vitrolles"
    },
    "traductionFichiers" : [ {
      "locale" : "fr",
      "url" : "https://static.apidae-tourisme.com/filestore/objets-touristiques/images/127/9/9177471.jpg",
      "urlListe" : "https://static.apidae-tourisme.com/filestore/objets-touristiques/images/127/9/9177471-liste.jpg",
      "urlFiche" : "https://static.apidae-tourisme.com/filestore/objets-touristiques/images/127/9/9177471-fiche.jpg",
      "urlDiaporama" : "https://static.apidae-tourisme.com/filestore/objets-touristiques/images/127/9/9177471-diaporama.jpg",
      "extension" : "jpg",
      "fileName" : "DSC_0445",
      "taille" : 7178241,
      "hauteur" : 6000,
      "largeur" : 4000,
      "lastModifiedDate" : "2021-01-25T15:29:55.000+0000"
    } ],
    "locked" : false
  }, {
    "identifiant" : 9420242,
    "link" : false,
    "type" : "IMAGE",
    "nom" : {
      "libelleFr" : "Le ieux village de Vitrolles"
    },
    "legende" : {
      "libelleFr" : "Le Portalet vestige des remparts - statuette de la reine Jeanne"
    },
    "copyright" : {
      "libelleFr" : "Ville de Vitrolles"
    },
    "traductionFichiers" : [ {
      "locale" : "fr",
      "url" : "https://static.apidae-tourisme.com/filestore/objets-touristiques/images/132/9/9177476.jpg",
      "urlListe" : "https://static.apidae-tourisme.com/filestore/objets-touristiques/images/132/9/9177476-liste.jpg",
      "urlFiche" : "https://static.apidae-tourisme.com/filestore/objets-touristiques/images/132/9/9177476-fiche.jpg",
      "urlDiaporama" : "https://static.apidae-tourisme.com/filestore/objets-touristiques/images/132/9/9177476-diaporama.jpg",
      "extension" : "jpg",
      "fileName" : "20170614_092441",
      "taille" : 4930247,
      "hauteur" : 3264,
      "largeur" : 2182,
      "lastModifiedDate" : "2021-01-25T15:29:45.000+0000"
    } ],
    "locked" : false
  }, {
    "identifiant" : 9420252,
    "link" : false,
    "type" : "IMAGE",
    "nom" : {
      "libelleFr" : "Vieux village de Vitrolles"
    },
    "legende" : {
      "libelleFr" : "Rue de la Tour vers le théatre de Verdure Jean Giono"
    },
    "copyright" : {
      "libelleFr" : "Ville de Vitrolles"
    },
    "traductionFichiers" : [ {
      "locale" : "fr",
      "url" : "https://static.apidae-tourisme.com/filestore/objets-touristiques/images/142/9/9177486.jpg",
      "urlListe" : "https://static.apidae-tourisme.com/filestore/objets-touristiques/images/142/9/9177486-liste.jpg",
      "urlFiche" : "https://static.apidae-tourisme.com/filestore/objets-touristiques/images/142/9/9177486-fiche.jpg",
      "urlDiaporama" : "https://static.apidae-tourisme.com/filestore/objets-touristiques/images/142/9/9177486-diaporama.jpg",
      "extension" : "jpg",
      "fileName" : "chat sur les marches",
      "taille" : 563662,
      "hauteur" : 1280,
      "largeur" : 1936,
      "lastModifiedDate" : "2021-01-25T15:30:13.000+0000"
    } ],
    "locked" : false
  }, {
    "identifiant" : 9420254,
    "link" : false,
    "type" : "IMAGE",
    "nom" : {
      "libelleFr" : "Vieux village de Vitrolles"
    },
    "legende" : {
      "libelleFr" : "Rue de l'Eglise, au fond l'église St Gérard"
    },
    "copyright" : {
      "libelleFr" : "Ville de Vitrolles"
    },
    "traductionFichiers" : [ {
      "locale" : "fr",
      "url" : "https://static.apidae-tourisme.com/filestore/objets-touristiques/images/143/9/9177487.jpg",
      "urlListe" : "https://static.apidae-tourisme.com/filestore/objets-touristiques/images/143/9/9177487-liste.jpg",
      "urlFiche" : "https://static.apidae-tourisme.com/filestore/objets-touristiques/images/143/9/9177487-fiche.jpg",
      "urlDiaporama" : "https://static.apidae-tourisme.com/filestore/objets-touristiques/images/143/9/9177487-diaporama.jpg",
      "extension" : "jpg",
      "fileName" : "IMG_0644",
      "taille" : 1444523,
      "hauteur" : 2592,
      "largeur" : 1936,
      "lastModifiedDate" : "2021-01-25T15:30:07.000+0000"
    } ],
    "locked" : false
  }, {
    "identifiant" : 9420256,
    "link" : false,
    "type" : "IMAGE",
    "nom" : {
      "libelleFr" : "Vieux village de Vitrolles"
    },
    "legende" : {
      "libelleFr" : "circuit dans le village, rue du Portalet"
    },
    "copyright" : {
      "libelleFr" : "Ville de Vitrolles"
    },
    "traductionFichiers" : [ {
      "locale" : "fr",
      "url" : "https://static.apidae-tourisme.com/filestore/objets-touristiques/images/145/9/9177489.jpg",
      "urlListe" : "https://static.apidae-tourisme.com/filestore/objets-touristiques/images/145/9/9177489-liste.jpg",
      "urlFiche" : "https://static.apidae-tourisme.com/filestore/objets-touristiques/images/145/9/9177489-fiche.jpg",
      "urlDiaporama" : "https://static.apidae-tourisme.com/filestore/objets-touristiques/images/145/9/9177489-diaporama.jpg",
      "extension" : "jpg",
      "fileName" : "IMG_0647",
      "taille" : 1612757,
      "hauteur" : 1936,
      "largeur" : 1936,
      "lastModifiedDate" : "2021-01-25T15:30:06.000+0000"
    } ],
    "locked" : false
  }, {
    "identifiant" : 9420257,
    "link" : false,
    "type" : "IMAGE",
    "nom" : {
      "libelleFr" : "Vieux village de Vitrolles"
    },
    "legende" : {
      "libelleFr" : "Théâtre de Verdure Jean Giono"
    },
    "copyright" : {
      "libelleFr" : "Ville de Vitrolles"
    },
    "traductionFichiers" : [ {
      "locale" : "fr",
      "url" : "https://static.apidae-tourisme.com/filestore/objets-touristiques/images/146/9/9177490.jpg",
      "urlListe" : "https://static.apidae-tourisme.com/filestore/objets-touristiques/images/146/9/9177490-liste.jpg",
      "urlFiche" : "https://static.apidae-tourisme.com/filestore/objets-touristiques/images/146/9/9177490-fiche.jpg",
      "urlDiaporama" : "https://static.apidae-tourisme.com/filestore/objets-touristiques/images/146/9/9177490-diaporama.jpg",
      "extension" : "jpg",
      "fileName" : "IMG_0654",
      "taille" : 802532,
      "hauteur" : 1936,
      "largeur" : 1936,
      "lastModifiedDate" : "2021-01-25T15:30:04.000+0000"
    } ],
    "locked" : false
  } ],
  "territoires" : [ {
    "type" : "TERRITOIRE",
    "id" : 591381
  }, {
    "type" : "TERRITOIRE",
    "id" : 591419
  }, {
    "type" : "TERRITOIRE",
    "id" : 5127066
  }, {
    "type" : "TERRITOIRE",
    "id" : 5427620
  }, {
    "type" : "TERRITOIRE",
    "id" : 5427637
  }, {
    "type" : "TERRITOIRE",
    "id" : 5693758
  }, {
    "type" : "TERRITOIRE",
    "id" : 5693839
  } ],
  "datesOuverture" : [ "2022-10-18", "2022-10-19", "2022-10-20", "2022-10-21", "2022-10-22", "2022-10-23", "2022-10-24", "2022-10-25", "2022-10-26", "2022-10-27", "2022-10-28", "2022-10-29", "2022-10-30", "2022-10-31", "2022-11-01", "2022-11-02", "2022-11-03", "2022-11-04", "2022-11-05", "2022-11-06", "2022-11-07", "2022-11-08", "2022-11-09", "2022-11-10", "2022-11-11", "2022-11-12", "2022-11-13", "2022-11-14", "2022-11-15", "2022-11-16", "2022-11-17", "2022-11-18", "2022-11-19", "2022-11-20", "2022-11-21", "2022-11-22", "2022-11-23", "2022-11-24", "2022-11-25", "2022-11-26", "2022-11-27", "2022-11-28", "2022-11-29", "2022-11-30", "2022-12-01", "2022-12-02", "2022-12-03", "2022-12-04", "2022-12-05", "2022-12-06", "2022-12-07", "2022-12-08", "2022-12-09", "2022-12-10", "2022-12-11", "2022-12-12", "2022-12-13", "2022-12-14", "2022-12-15", "2022-12-16", "2022-12-17", "2022-12-18", "2022-12-19", "2022-12-20", "2022-12-21", "2022-12-22", "2022-12-23", "2022-12-24", "2022-12-25", "2022-12-26", "2022-12-27", "2022-12-28", "2022-12-29", "2022-12-30", "2022-12-31", "2023-01-01", "2023-01-02", "2023-01-03", "2023-01-04", "2023-01-05", "2023-01-06", "2023-01-07", "2023-01-08", "2023-01-09", "2023-01-10", "2023-01-11", "2023-01-12", "2023-01-13", "2023-01-14", "2023-01-15", "2023-01-16", "2023-01-17", "2023-01-18", "2023-01-19", "2023-01-20", "2023-01-21", "2023-01-22", "2023-01-23", "2023-01-24", "2023-01-25", "2023-01-26", "2023-01-27", "2023-01-28", "2023-01-29", "2023-01-30", "2023-01-31", "2023-02-01", "2023-02-02", "2023-02-03", "2023-02-04", "2023-02-05", "2023-02-06", "2023-02-07", "2023-02-08", "2023-02-09", "2023-02-10", "2023-02-11", "2023-02-12", "2023-02-13", "2023-02-14", "2023-02-15", "2023-02-16", "2023-02-17", "2023-02-18", "2023-02-19", "2023-02-20", "2023-02-21", "2023-02-22", "2023-02-23", "2023-02-24", "2023-02-25", "2023-02-26", "2023-02-27", "2023-02-28", "2023-03-01", "2023-03-02", "2023-03-03", "2023-03-04", "2023-03-05", "2023-03-06", "2023-03-07", "2023-03-08", "2023-03-09", "2023-03-10", "2023-03-11", "2023-03-12", "2023-03-13", "2023-03-14", "2023-03-15", "2023-03-16", "2023-03-17", "2023-03-18", "2023-03-19", "2023-03-20", "2023-03-21", "2023-03-22", "2023-03-23", "2023-03-24", "2023-03-25", "2023-03-26", "2023-03-27", "2023-03-28", "2023-03-29", "2023-03-30", "2023-03-31", "2023-04-01", "2023-04-02", "2023-04-03", "2023-04-04", "2023-04-05", "2023-04-06", "2023-04-07", "2023-04-08", "2023-04-09", "2023-04-10", "2023-04-11", "2023-04-12", "2023-04-13", "2023-04-14", "2023-04-15", "2023-04-16", "2023-04-17", "2023-04-18", "2023-04-19", "2023-04-20", "2023-04-21", "2023-04-22", "2023-04-23", "2023-04-24", "2023-04-25", "2023-04-26", "2023-04-27", "2023-04-28", "2023-04-29", "2023-04-30", "2023-05-01", "2023-05-02", "2023-05-03", "2023-05-04", "2023-05-05", "2023-05-06", "2023-05-07", "2023-05-08", "2023-05-09", "2023-05-10", "2023-05-11", "2023-05-12", "2023-05-13", "2023-05-14", "2023-05-15", "2023-05-16", "2023-05-17", "2023-05-18", "2023-05-19", "2023-05-20", "2023-05-21", "2023-05-22", "2023-05-23", "2023-05-24", "2023-05-25", "2023-05-26", "2023-05-27", "2023-05-28", "2023-05-29", "2023-05-30", "2023-05-31", "2023-06-01", "2023-06-02", "2023-06-03", "2023-06-04", "2023-06-05", "2023-06-06", "2023-06-07", "2023-06-08", "2023-06-09", "2023-06-10", "2023-06-11", "2023-06-12", "2023-06-13", "2023-06-14", "2023-06-15", "2023-06-16", "2023-06-17", "2023-06-18", "2023-06-19", "2023-06-20", "2023-06-21", "2023-06-22", "2023-06-23", "2023-06-24", "2023-06-25", "2023-06-26", "2023-06-27", "2023-06-28", "2023-06-29", "2023-06-30", "2023-07-01", "2023-07-02", "2023-07-03", "2023-07-04", "2023-07-05", "2023-07-06", "2023-07-07", "2023-07-08", "2023-07-09", "2023-07-10", "2023-07-11", "2023-07-12", "2023-07-13", "2023-07-14", "2023-07-15", "2023-07-16", "2023-07-17", "2023-07-18", "2023-07-19", "2023-07-20", "2023-07-21", "2023-07-22", "2023-07-23", "2023-07-24", "2023-07-25", "2023-07-26", "2023-07-27", "2023-07-28", "2023-07-29", "2023-07-30", "2023-07-31", "2023-08-01", "2023-08-02", "2023-08-03", "2023-08-04", "2023-08-05", "2023-08-06", "2023-08-07", "2023-08-08", "2023-08-09", "2023-08-10", "2023-08-11", "2023-08-12", "2023-08-13", "2023-08-14", "2023-08-15", "2023-08-16", "2023-08-17", "2023-08-18", "2023-08-19", "2023-08-20", "2023-08-21", "2023-08-22", "2023-08-23", "2023-08-24", "2023-08-25", "2023-08-26", "2023-08-27", "2023-08-28", "2023-08-29", "2023-08-30", "2023-08-31", "2023-09-01", "2023-09-02", "2023-09-03", "2023-09-04", "2023-09-05", "2023-09-06", "2023-09-07", "2023-09-08", "2023-09-09", "2023-09-10", "2023-09-11", "2023-09-12", "2023-09-13", "2023-09-14", "2023-09-15", "2023-09-16", "2023-09-17", "2023-09-18", "2023-09-19", "2023-09-20", "2023-09-21", "2023-09-22", "2023-09-23", "2023-09-24", "2023-09-25", "2023-09-26", "2023-09-27", "2023-09-28", "2023-09-29", "2023-09-30", "2023-10-01", "2023-10-02", "2023-10-03", "2023-10-04", "2023-10-05", "2023-10-06", "2023-10-07", "2023-10-08", "2023-10-09", "2023-10-10", "2023-10-11", "2023-10-12", "2023-10-13", "2023-10-14", "2023-10-15", "2023-10-16", "2023-10-17", "2023-10-18", "2023-10-19", "2023-10-20", "2023-10-21", "2023-10-22", "2023-10-23", "2023-10-24", "2023-10-25", "2023-10-26", "2023-10-27", "2023-10-28", "2023-10-29", "2023-10-30", "2023-10-31", "2023-11-01", "2023-11-02", "2023-11-03", "2023-11-04", "2023-11-05", "2023-11-06", "2023-11-07", "2023-11-08", "2023-11-09", "2023-11-10", "2023-11-11", "2023-11-12", "2023-11-13", "2023-11-14", "2023-11-15", "2023-11-16", "2023-11-17", "2023-11-18", "2023-11-19", "2023-11-20", "2023-11-21", "2023-11-22", "2023-11-23", "2023-11-24", "2023-11-25", "2023-11-26", "2023-11-27", "2023-11-28", "2023-11-29", "2023-11-30", "2023-12-01", "2023-12-02", "2023-12-03", "2023-12-04", "2023-12-05", "2023-12-06", "2023-12-07", "2023-12-08", "2023-12-09", "2023-12-10", "2023-12-11", "2023-12-12", "2023-12-13", "2023-12-14", "2023-12-15", "2023-12-16", "2023-12-17", "2023-12-18", "2023-12-19", "2023-12-20", "2023-12-21", "2023-12-22", "2023-12-23", "2023-12-24", "2023-12-25", "2023-12-26", "2023-12-27", "2023-12-28", "2023-12-29", "2023-12-30", "2023-12-31", "2024-01-01", "2024-01-02", "2024-01-03", "2024-01-04", "2024-01-05", "2024-01-06", "2024-01-07", "2024-01-08", "2024-01-09", "2024-01-10", "2024-01-11", "2024-01-12", "2024-01-13", "2024-01-14", "2024-01-15", "2024-01-16", "2024-01-17", "2024-01-18", "2024-01-19", "2024-01-20", "2024-01-21", "2024-01-22", "2024-01-23", "2024-01-24", "2024-01-25", "2024-01-26", "2024-01-27", "2024-01-28", "2024-01-29", "2024-01-30", "2024-01-31", "2024-02-01", "2024-02-02", "2024-02-03", "2024-02-04", "2024-02-05", "2024-02-06", "2024-02-07", "2024-02-08", "2024-02-09", "2024-02-10", "2024-02-11", "2024-02-12", "2024-02-13", "2024-02-14", "2024-02-15", "2024-02-16", "2024-02-17", "2024-02-18", "2024-02-19", "2024-02-20", "2024-02-21", "2024-02-22", "2024-02-23", "2024-02-24", "2024-02-25", "2024-02-26", "2024-02-27", "2024-02-28", "2024-02-29", "2024-03-01", "2024-03-02", "2024-03-03", "2024-03-04", "2024-03-05", "2024-03-06", "2024-03-07", "2024-03-08", "2024-03-09", "2024-03-10", "2024-03-11", "2024-03-12", "2024-03-13", "2024-03-14", "2024-03-15", "2024-03-16", "2024-03-17", "2024-03-18", "2024-03-19", "2024-03-20", "2024-03-21", "2024-03-22", "2024-03-23", "2024-03-24", "2024-03-25", "2024-03-26", "2024-03-27", "2024-03-28", "2024-03-29", "2024-03-30", "2024-03-31", "2024-04-01", "2024-04-02", "2024-04-03", "2024-04-04", "2024-04-05", "2024-04-06", "2024-04-07", "2024-04-08", "2024-04-09", "2024-04-10", "2024-04-11", "2024-04-12", "2024-04-13", "2024-04-14", "2024-04-15", "2024-04-16", "2024-04-17", "2024-04-18", "2024-04-19", "2024-04-20", "2024-04-21", "2024-04-22", "2024-04-23", "2024-04-24", "2024-04-25", "2024-04-26", "2024-04-27", "2024-04-28", "2024-04-29", "2024-04-30", "2024-05-01", "2024-05-02", "2024-05-03", "2024-05-04", "2024-05-05", "2024-05-06", "2024-05-07", "2024-05-08", "2024-05-09", "2024-05-10", "2024-05-11", "2024-05-12", "2024-05-13", "2024-05-14", "2024-05-15", "2024-05-16", "2024-05-17", "2024-05-18", "2024-05-19", "2024-05-20", "2024-05-21", "2024-05-22", "2024-05-23", "2024-05-24", "2024-05-25", "2024-05-26", "2024-05-27", "2024-05-28", "2024-05-29", "2024-05-30", "2024-05-31", "2024-06-01", "2024-06-02", "2024-06-03", "2024-06-04", "2024-06-05", "2024-06-06", "2024-06-07", "2024-06-08", "2024-06-09", "2024-06-10", "2024-06-11", "2024-06-12", "2024-06-13", "2024-06-14", "2024-06-15", "2024-06-16", "2024-06-17", "2024-06-18", "2024-06-19", "2024-06-20", "2024-06-21", "2024-06-22", "2024-06-23", "2024-06-24", "2024-06-25", "2024-06-26", "2024-06-27", "2024-06-28", "2024-06-29", "2024-06-30", "2024-07-01", "2024-07-02", "2024-07-03", "2024-07-04", "2024-07-05", "2024-07-06", "2024-07-07", "2024-07-08", "2024-07-09", "2024-07-10", "2024-07-11", "2024-07-12", "2024-07-13", "2024-07-14", "2024-07-15", "2024-07-16", "2024-07-17", "2024-07-18", "2024-07-19", "2024-07-20", "2024-07-21", "2024-07-22", "2024-07-23", "2024-07-24", "2024-07-25", "2024-07-26", "2024-07-27", "2024-07-28", "2024-07-29", "2024-07-30", "2024-07-31", "2024-08-01", "2024-08-02", "2024-08-03", "2024-08-04", "2024-08-05", "2024-08-06", "2024-08-07", "2024-08-08", "2024-08-09", "2024-08-10", "2024-08-11", "2024-08-12", "2024-08-13", "2024-08-14", "2024-08-15", "2024-08-16", "2024-08-17", "2024-08-18", "2024-08-19", "2024-08-20", "2024-08-21", "2024-08-22", "2024-08-23", "2024-08-24", "2024-08-25", "2024-08-26", "2024-08-27", "2024-08-28", "2024-08-29", "2024-08-30", "2024-08-31", "2024-09-01", "2024-09-02", "2024-09-03", "2024-09-04", "2024-09-05", "2024-09-06", "2024-09-07", "2024-09-08", "2024-09-09", "2024-09-10", "2024-09-11", "2024-09-12", "2024-09-13", "2024-09-14", "2024-09-15", "2024-09-16", "2024-09-17", "2024-09-18", "2024-09-19", "2024-09-20", "2024-09-21", "2024-09-22", "2024-09-23", "2024-09-24", "2024-09-25", "2024-09-26", "2024-09-27", "2024-09-28", "2024-09-29", "2024-09-30", "2024-10-01", "2024-10-02", "2024-10-03", "2024-10-04", "2024-10-05", "2024-10-06", "2024-10-07", "2024-10-08", "2024-10-09", "2024-10-10", "2024-10-11", "2024-10-12", "2024-10-13", "2024-10-14", "2024-10-15", "2024-10-16", "2024-10-17" ],
  "informationsFeteEtManifestation" : {
    "typesManifestation" : [ {
      "elementReferenceType" : "FeteEtManifestationType",
      "id" : 1958
    }, {
      "elementReferenceType" : "FeteEtManifestationType",
      "id" : 1966
    }, {
      "elementReferenceType" : "FeteEtManifestationType",
      "id" : 1974
    } ],
    "categories" : [ {
      "elementReferenceType" : "FeteEtManifestationCategorie",
      "id" : 2101
    } ],
    "themes" : [ {
      "elementReferenceType" : "FeteEtManifestationTheme",
      "id" : 2126
    }, {
      "elementReferenceType" : "FeteEtManifestationTheme",
      "id" : 2158
    } ],
    "portee" : {
      "elementReferenceType" : "FeteEtManifestationPortee",
      "id" : 2352
    }
  },
  "formatVersion" : "v002",
  "expiration" : { },
  "enquete" : { }
}