{
  "type" : "PATRIMOINE_CULTUREL",
  "id" : 5538098,
  "nom" : {
    "libelleFr" : "Maison natale de Marcel Pagnol",
    "libelleEn" : "Marcel Pagnol's House",
    "libelleEs" : "Lugar de nacimiento de Marcel Pagnol",
    "libelleIt" : "Casa di Marcel Pagnol",
    "libelleDe" : "Das Haus von Marcel Pagnol",
    "libelleNl" : "Maison natale de Marcel Pagnol"
  },
  "identifier" : "SITRA2_PCU_5538098",
  "state" : "PUBLISHED",
  "gestion" : {
    "dateCreation" : "2020-05-26T17:10:33.082+0000",
    "dateModification" : "2022-10-25T10:00:00.849+0000",
    "dateExportModification" : "2022-11-08T16:39:49.216+0000",
    "membreProprietaire" : {
      "type" : {
        "elementReferenceType" : "MembreSitraType",
        "id" : 233
      },
      "nom" : "Office de Tourisme du Pays d’Aubagne et de l’Étoile",
      "dateCreation" : "2020-09-22T14:10:27.011+0000",
      "dateModification" : "2022-10-24T08:49:46.508+0000",
      "id" : 2083,
      "siteWeb" : "http://www.tourisme-paysdaubagne.fr"
    },
    "signalerUnProblemeMails" : [ "anne-laure.r@tourisme-paysdaubagne.fr", "cedric.f@tourisme-paysdaubagne.fr", "christine.g@tourisme-paysdaubagne.fr", "damien.d@tourisme-paysdaubagne.fr", "marianne.g@tourisme-paysdaubagne.fr" ]
  },
  "informations" : {
    "moyensCommunication" : [ {
      "identifiant" : 79627756,
      "type" : {
        "elementReferenceType" : "MoyenCommunicationType",
        "id" : 201
      },
      "coordonnees" : {
        "fr" : "04 42 03 49 98"
      }
    }, {
      "identifiant" : 79627757,
      "type" : {
        "elementReferenceType" : "MoyenCommunicationType",
        "id" : 204
      },
      "coordonnees" : {
        "fr" : "accueil@tourisme-paysdaubagne.fr"
      }
    }, {
      "identifiant" : 79627758,
      "type" : {
        "elementReferenceType" : "MoyenCommunicationType",
        "id" : 205
      },
      "coordonnees" : {
        "fr" : "http://www.tourisme-paysdaubagne.fr"
      }
    } ],
    "informationsLegales" : { },
    "structureGestion" : {
      "type" : "STRUCTURE",
      "id" : 5228513
    }
  },
  "presentation" : {
    "descriptifCourt" : {
      "libelleFr" : "C’est dans cette maison bourgeoise du XIXe siècle, que Marcel Pagnol vit le jour le 28 février 1895.",
      "libelleEn" : "Marcel Pagnol was born in this 19th century bourgeois house on February 28, 1895.",
      "libelleEs" : "En esta casa burguesa del siglo XIX nació Marcel Pagnol el 28 de febrero de 1895.",
      "libelleDe" : "In diesem bürgerlichen Haus aus dem 19. Jahrhundert erblickte Marcel Pagnol am 28. Februar 1895 das Licht der Welt."
    },
    "descriptifDetaille" : {
      "libelleFr" : "Ce lieu de 130m2 rend hommage à l'académicien. Deux espaces complémentaires sont aménagés : une reconstitution fidèle de l'appartement où est né l'écrivain ainsi qu'une salle d'exposition avec des photographies de famille, des cahiers d'écolier, des lettres manuscrites et autres souvenirs d'enfance. Le musée intègre aussi une salle de projection où vous sera présenté un film documentaire d'une durée d'un quart d'heure sur la vie et l'oeuvre de Marcel Pagnol.\r\nSurface de l'exposition permanente : 130",
      "libelleEn" : "This 130m2 place pays tribute to the academician. Two complementary spaces have been set up: a faithful reconstruction of the apartment where the writer was born as well as an exhibition room with family photographs, schoolbooks, handwritten letters and other childhood memories. The museum also includes a projection room where you will be presented with a fifteen-minute documentary film on the life and work of Marcel Pagnol.\r\nSurface of the permanent exhibition: 130",
      "libelleEs" : "Este espacio de 130m2 rinde homenaje al académico. Se han habilitado dos espacios complementarios: una reconstrucción fiel del piso donde nació el escritor y una sala de exposiciones con fotografías familiares, libros escolares, cartas manuscritas y otros recuerdos de la infancia. El museo cuenta también con una sala de proyección donde se proyectará un documental de quince minutos sobre la vida y la obra de Marcel Pagnol.\r\nSuperficie de la exposición permanente: 130",
      "libelleDe" : "Dieser 130 m2 große Ort ist eine Hommage an den Akademiker. Es gibt zwei sich ergänzende Räume: eine originalgetreue Nachbildung der Wohnung, in der der Schriftsteller geboren wurde, sowie einen Ausstellungsraum mit Familienfotos, Schulheften, handgeschriebenen Briefen und anderen Kindheitserinnerungen. Das Museum verfügt außerdem über einen Vorführraum, in dem ein viertelstündiger Dokumentarfilm über das Leben und Werk von Marcel Pagnol gezeigt wird.\r\nFläche der Dauerausstellung: 130"
    }
  },
  "localisation" : {
    "adresse" : {
      "adresse1" : "16 cours Barthélemy",
      "codePostal" : "13400",
      "bureauDistribution" : "AUBAGNE",
      "commune" : {
        "id" : 4416
      }
    },
    "geolocalisation" : {
      "complement" : {
        "libelleFr" : "Gel hydro-alcoolique à disposition.\r\nLe port du masque est recommandé\r\nLe Musée peut accueillir 6 personnes en simultané."
      },
      "valide" : true,
      "geoJson" : {
        "type" : "Point",
        "coordinates" : [ 5.566469, 43.292708 ]
      }
    },
    "perimetreGeographique" : [ {
      "id" : 4416
    } ]
  },
  "liens" : {
    "liensObjetsTouristiquesTypes" : [ {
      "type" : "ORGANISATEUR_VISITE",
      "libelleFr" : "Propose la visite guidée ...",
      "libelleEn" : "Proposes a guided tour entitled...",
      "libelleEs" : "Ofrece la visita guiada...",
      "libelleIt" : "Propone la visita guidata...",
      "libelleDe" : "Bietet die Führung ... an.",
      "libelleNl" : "Biedt de rondleiding ...",
      "libelleRu" : "Предлагает экскурсию",
      "libelleZh" : "提供导览参观",
      "libellePtBR" : "Propõe a visita guiada ...",
      "libelleJa" : "ガイド付きツアーを提案します",
      "objetTouristique" : {
        "type" : "FETE_ET_MANIFESTATION",
        "id" : 5591639
      }
    }, {
      "type" : "SUR_PLACE",
      "libelleFr" : "Sur place",
      "libelleEn" : "On the premises",
      "libelleEs" : "In situ",
      "libelleIt" : "Sul posto",
      "libelleDe" : "Vor Ort",
      "libelleNl" : "Ter plaatse",
      "libelleRu" : "На месте",
      "libelleZh" : "堂食",
      "libellePtBR" : "No local",
      "libelleJa" : "現地で",
      "objetTouristique" : {
        "type" : "ACTIVITE",
        "id" : 5945795
      }
    }, {
      "type" : "OBJET_PACKAGE",
      "libelleFr" : "Est proposé par l'offre \"tout compris\"...",
      "libelleEn" : "Features in the “all-inclusive” offer...",
      "libelleEs" : "La propone la oferta «todo incluido»...",
      "libelleIt" : "È proposto dall’offerta “tutto incluso”...",
      "libelleDe" : "Wird vom „All-inclusive“-Angebot ... angeboten.",
      "libelleNl" : "Wordt aangeboden door de \"all-inclusive\"-aanbieding ...",
      "libelleRu" : "Предлагается по тарифу «всё включено»...",
      "libelleZh" : "由“全包”优惠提供",
      "libellePtBR" : "Está proposto pela oferta “all inclusive” ...",
      "libelleJa" : "は「全込み」オファーで提供されています",
      "objetTouristique" : {
        "type" : "ACTIVITE",
        "id" : 6184520
      }
    }, {
      "type" : "OBJET_PACKAGE",
      "libelleFr" : "Est proposé par l'offre \"tout compris\"...",
      "libelleEn" : "Features in the “all-inclusive” offer...",
      "libelleEs" : "La propone la oferta «todo incluido»...",
      "libelleIt" : "È proposto dall’offerta “tutto incluso”...",
      "libelleDe" : "Wird vom „All-inclusive“-Angebot ... angeboten.",
      "libelleNl" : "Wordt aangeboden door de \"all-inclusive\"-aanbieding ...",
      "libelleRu" : "Предлагается по тарифу «всё включено»...",
      "libelleZh" : "由“全包”优惠提供",
      "libellePtBR" : "Está proposto pela oferta “all inclusive” ...",
      "libelleJa" : "は「全込み」オファーで提供されています",
      "objetTouristique" : {
        "type" : "ACTIVITE",
        "id" : 6277595
      }
    } ]
  },
  "prestations" : {
    "equipements" : [ {
      "elementReferenceType" : "PrestationEquipement",
      "id" : 1321
    }, {
      "elementReferenceType" : "PrestationEquipement",
      "id" : 972
    }, {
      "elementReferenceType" : "PrestationEquipement",
      "id" : 1322
    } ],
    "services" : [ {
      "elementReferenceType" : "PrestationService",
      "id" : 687
    }, {
      "elementReferenceType" : "PrestationService",
      "id" : 781
    }, {
      "elementReferenceType" : "PrestationService",
      "id" : 1130
    }, {
      "elementReferenceType" : "PrestationService",
      "id" : 1190
    } ],
    "animauxAcceptes" : "ACCEPTES",
    "animauxAcceptesSupplement" : "SANS_SUPPLEMENT",
    "activites" : [ {
      "elementReferenceType" : "PrestationActivite",
      "id" : 6032
    } ],
    "languesParlees" : [ {
      "elementReferenceType" : "Langue",
      "id" : 1197
    } ],
    "languesDocumentation" : [ {
      "elementReferenceType" : "Langue",
      "id" : 1197
    } ],
    "complementAccueil" : {
      "libelleEn" : "Accessible for disabled",
      "libelleIt" : "Accessibile ai disabili",
      "libelleDe" : "Zugänglich für Behinderte",
      "libelleNl" : "Toegankelijk voor mensen met een handicap"
    },
    "labelsTourismeHandicap" : [ {
      "elementReferenceType" : "LabelTourismeHandicap",
      "id" : 1225
    }, {
      "elementReferenceType" : "LabelTourismeHandicap",
      "id" : 1226
    } ],
    "descriptifHandicapMoteur" : {
      "libelleFr" : "Accessible en fauteuil roulant en autonomie. Bouton d'appel extérieur pour plus de confort. Durée visite de 30 à 40 minutes."
    },
    "descriptifHandicapAuditif" : { },
    "descriptifHandicapVisuel" : { },
    "descriptifHandicapMental" : {
      "libelleFr" : "Durée visite de 30 à 40 minutes."
    },
    "typesClientele" : [ {
      "elementReferenceType" : "TypeClientele",
      "id" : 593
    } ],
    "tailleGroupeMin" : 15,
    "tailleGroupeMax" : 50
  },
  "ouverture" : {
    "periodeEnClair" : {
      "libelleFr" : "Du 05/02 au 31/12/2022 \nOuverture le mardi, mercredi, jeudi, vendredi et samedi de 9h à 12h30 et de 14h à 18h.\nFermé lundi et dimanche.\nFermeture exceptionnelle le 25 décembre.\nOuvertures exceptionnelles les 26/05, 14/07, 01/11 et 11/11.\nDernière entrée : 17h30\r\n\r\nEn raison de la présence d'un nombre important de personnes, le site est susceptible d'être momentanément fermé.\n\nDu 03/01 au 30/12/2023 \nOuverture le mardi, mercredi, jeudi, vendredi et samedi de 9h à 12h30 et de 14h à 18h.\nHoraires de dernière entrée tous les jours à 17h30.\nFermé lundi et dimanche.\nFermeture exceptionnelle le 25 décembre.\nEn raison de la présence d'un nombre important de personnes, le site est susceptible d'être momentanément fermé.",
      "libelleEn" : "From 05/02 to 31/12/2022 \nOpening hours on Tuesday, Wednesday, Thursday, Friday and Saturday between 9 am and 12.30 pm and between 2 pm and 6 pm.\nClosed Monday and Sunday.\nClosed exceptionally on December 25th.\nOpen exceptionally on 26/05, 14/07, 01/11 and 11/11.\nDue to the presence of a large number of people, the site may be temporarily closed.\n\nFrom 03/01 to 30/12/2023 \nOpening hours on Tuesday, Wednesday, Thursday, Friday and Saturday between 9 am and 12.30 pm and between 2 pm and 6 pm.\nSchedules of last entrance daily at 5.30 pm.\nClosed Monday and Sunday.\nClosed exceptionally on December 25th.\nDue to the presence of a large number of people, the site may be temporarily closed.",
      "libelleEs" : "Del 05/02 al 31/12/2022 \nHorarios de apertura los martes, miércoles, jueves, viernes y sábado de 9 a 12:30 y de 14 a 18.\nCerrado lunes y domingo.\nSe cierra, excepcionalmente el 25 de diciembre.\nSe abre, excepcionalmente los días 26/05, 14/07, 01/11 y 11/11.\nDebido a la presencia de un gran número de personas, el sitio puede ser cerrado temporalmente.\n\nDel 03/01 al 30/12/2023 \nHorarios de apertura los martes, miércoles, jueves, viernes y sábado de 9 a 12:30 y de 14 a 18.\nHorarios de última entrada todos los dias a 17:30.\nCerrado lunes y domingo.\nSe cierra, excepcionalmente el 25 de diciembre.\nDebido a la presencia de un gran número de personas, el sitio puede ser cerrado temporalmente.",
      "libelleIt" : "Dal 05/02 al 31/12/2022 \nOrari di apertura il martedì, mercoledì, giovedì, venerdì e sabato dalle 9 alle 12:30 e dalle 14 alle 18.\nChiuso lunedì e domenica.\nChiusura eccezionale il 25 dicembre.\nApertura eccezionale 26/05, 14/07, 01/11 e 11/11.\n\nDal 03/01 al 30/12/2023 \nOrari di apertura il martedì, mercoledì, giovedì, venerdì e sabato dalle 9 alle 12:30 e dalle 14 alle 18.\nOrari di ultima voce ogni giorno alle 17:30.\nChiuso lunedì e domenica.\nChiusura eccezionale il 25 dicembre.",
      "libelleDe" : "Vom 05/02 bis 31/12/2022 \nÖffnungszeiten jeden Dienstag, Mittwoch, Donnerstag, Freitag und Samstag von 9 Uhr bis 12.30 Uhr und von 14 Uhr bis 18 Uhr.\nMontag und Sonntag geschlossen.\nAusnahmsweise geschlossen am 25. Dezember.\nAusnahmsweise geöffnet am 26/05, 14/07, 01/11 und 11/11.\nAufgrund der Anwesenheit einer großen Anzahl von Personen kann die Website vorübergehend geschlossen werden.\n\nVom 03/01 bis 30/12/2023 \nÖffnungszeiten jeden Dienstag, Mittwoch, Donnerstag, Freitag und Samstag von 9 Uhr bis 12.30 Uhr und von 14 Uhr bis 18 Uhr.\nTermine des letzten Einlasses täglich um 17.30 Uhr.\nMontag und Sonntag geschlossen.\nAusnahmsweise geschlossen am 25. Dezember.\nAufgrund der Anwesenheit einer großen Anzahl von Personen kann die Website vorübergehend geschlossen werden.",
      "libelleNl" : "Van 05/02 tot en met 31/12/2022 \nOpeningstijden op dinsdag, woensdag, donderdag, vrijdag en zaterdag van 9.00 tot en met 12.30 u en van 14.00 tot en met 18.00 u.\nMaandag en zondag gesloten.\nBij uitzondering gesloten op 25 december.\nBij uitzondering geopend op 26/05, 14/07, 01/11 en 11/11.\n\nVan 03/01 tot en met 30/12/2023 \nOpeningstijden op dinsdag, woensdag, donderdag, vrijdag en zaterdag van 9.00 tot en met 12.30 u en van 14.00 tot en met 18.00 u.\nDienstregelingen - laatste vermeldingen iedere dag om 17.30 u.\nMaandag en zondag gesloten.\nBij uitzondering gesloten op 25 december.",
      "libelleRu" : "С 05/02 до 31/12/2022 \nЧасы открытия на вторник, среда, четверг, пятница и суббота с 9h до 12h30 и с 14h до 18h.\nНе работает понедельник и воскресенье.\nВ порядке исключения не работает 25 декабря.\nВ порядке исключения открыто 26/05, 14/07, 01/11 и 11/11.\n\nС 03/01 до 30/12/2023 \nЧасы открытия на вторник, среда, четверг, пятница и суббота с 9h до 12h30 и с 14h до 18h.\nВремя последнего прибытия ежедневно до 17h30.\nНе работает понедельник и воскресенье.\nВ порядке исключения не работает 25 декабря.",
      "libelleZh" : "从 2月5日 到 2022年12月31日 \n开放时间 上 星期二, 星期三, 星期四, 星期五 和 星期六 小时小时 和 小时小时分钟  之间 和 小时小时 和 小时小时 之间.\n星期一 和 星期日 关闭.\n在 12月25日 例外关闭.\n在 5月26日, 7月14日, 11月1日 和 11月11日 例外开放.\n\n从 1月3日 到 2023年12月30日 \n开放时间 上 星期二, 星期三, 星期四, 星期五 和 星期六 小时小时 和 小时小时分钟  之间 和 小时小时 和 小时小时 之间.\n最后入场时间表 日常 在 小时小时分钟 .\n星期一 和 星期日 关闭.\n在 12月25日 例外关闭.",
      "libellePtBR" : "De 05/02 a 31/12/2022 \nOuverture na terça-feira, quarta-feira, quinta-feira, sexta-feira e sábado de 9h a  12h30 e de 14h a  18h.\nFechado em segunda-feira e domingo.\nFechamento excepcional em 25 de dezembro.\nAberturas excepcionais em 26/05, 14/07, 01/11 e 11/11.\n\nDe 03/01 a 30/12/2023 \nOuverture na terça-feira, quarta-feira, quinta-feira, sexta-feira e sábado de 9h a  12h30 e de 14h a  18h.\nHoraires de dernière entrée todos os dias para  17h30.\nFechado em segunda-feira e domingo.\nFechamento excepcional em 25 de dezembro.",
      "libelleJa" : "05/02 から 31/12/2022 まで \n開館時間 火曜日, 水曜日, 木曜日, 金曜日 と 土曜日 に 9 午前 と 12.30 午後 の間 と 2 午後 と 6 午後 の間.\n月曜日 と 日曜日 は休み.\n12月25日 は特別休業.\n26/05, 14/07, 01/11 と 11/11 は特別オープン.\n\n03/01 から 30/12/2023 まで \n開館時間 火曜日, 水曜日, 木曜日, 金曜日 と 土曜日 に 9 午前 と 12.30 午後 の間 と 2 午後 と 6 午後 の間.\n最終入館時間 毎日 5.30 午後 に.\n月曜日 と 日曜日 は休み.\n12月25日 は特別休業."
    },
    "periodeEnClairGenerationMode" : "AUTOMATIQUE",
    "indicationsPeriode" : [ {
      "elementReferenceType" : "IndicationPeriode",
      "id" : 416
    }, {
      "elementReferenceType" : "IndicationPeriode",
      "id" : 418
    }, {
      "elementReferenceType" : "IndicationPeriode",
      "id" : 435
    }, {
      "elementReferenceType" : "IndicationPeriode",
      "id" : 436
    } ],
    "periodesOuvertures" : [ {
      "identifiant" : 22336539,
      "dateDebut" : "2022-01-01",
      "dateFin" : "2022-02-04",
      "complementHoraire" : {
        "libelleFr" : "Fermeture exceptionnelle du 1er janvier au 4 février",
        "libelleEn" : "Exceptional closure from January 1st to February 4th",
        "libelleEs" : "Cierre excepcional del 1 de enero al 4 de febrero",
        "libelleDe" : "Außerordentliche Schließung vom 1. Januar bis 4. Februar"
      },
      "type" : "OUVERTURE_SAUF",
      "tousLesAns" : false,
      "ouverturesJournalieres" : [ {
        "jour" : "LUNDI"
      }, {
        "jour" : "MARDI"
      }, {
        "jour" : "MERCREDI"
      }, {
        "jour" : "JEUDI"
      }, {
        "jour" : "VENDREDI"
      }, {
        "jour" : "SAMEDI"
      }, {
        "jour" : "DIMANCHE"
      } ],
      "identifiantTechnique" : 24581821
    }, {
      "identifiant" : 22393804,
      "dateDebut" : "2022-02-05",
      "dateFin" : "2022-12-31",
      "complementHoraire" : {
        "libelleFr" : "Dernière entrée : 17h30\r\n\r\nEn raison de la présence d'un nombre important de personnes, le site est susceptible d'être momentanément fermé.",
        "libelleEn" : "Due to the presence of a large number of people, the site may be temporarily closed.",
        "libelleEs" : "Debido a la presencia de un gran número de personas, el sitio puede ser cerrado temporalmente.",
        "libelleDe" : "Aufgrund der Anwesenheit einer großen Anzahl von Personen kann die Website vorübergehend geschlossen werden."
      },
      "type" : "OUVERTURE_SAUF",
      "tousLesAns" : false,
      "ouverturesExceptionnelles" : [ {
        "dateOuverture" : "2022-05-26"
      }, {
        "dateOuverture" : "2022-07-14"
      }, {
        "dateOuverture" : "2022-11-01"
      }, {
        "dateOuverture" : "2022-11-11"
      } ],
      "ouverturesJournalieres" : [ {
        "jour" : "LUNDI"
      }, {
        "jour" : "DIMANCHE"
      } ],
      "identifiantTechnique" : 24581822
    }, {
      "identifiant" : 24581833,
      "dateDebut" : "2023-01-03",
      "dateFin" : "2023-12-30",
      "complementHoraire" : {
        "libelleFr" : "En raison de la présence d'un nombre important de personnes, le site est susceptible d'être momentanément fermé.",
        "libelleEn" : "Due to the presence of a large number of people, the site may be temporarily closed.",
        "libelleEs" : "Debido a la presencia de un gran número de personas, el sitio puede ser cerrado temporalmente.",
        "libelleDe" : "Aufgrund der Anwesenheit einer großen Anzahl von Personen kann die Website vorübergehend geschlossen werden."
      },
      "type" : "OUVERTURE_SAUF",
      "tousLesAns" : false,
      "ouverturesJournalieres" : [ {
        "jour" : "LUNDI"
      }, {
        "jour" : "DIMANCHE"
      } ],
      "identifiantTechnique" : 24581833
    } ],
    "fermeturesExceptionnelles" : [ {
      "dateSpeciale" : "VINGT_CINQ_DECEMBRE"
    } ]
  },
  "descriptionTarif" : {
    "indicationTarif" : "PAYANT",
    "gratuit" : false,
    "tarifsEnClair" : {
      "libelleFr" : "Du 01/01 au 31/12/2022\nPlein tarif : 3 €\nEnfant  : 2 €.\n\nDu 03/01 au 30/12/2023\nPlein tarif : 3 €\nEnfant  : 2 €.\n\n Gratuit pour les moins de 6 ans.\n Tarif enfant accordé aux 6 - 16 ans.\n Tarif groupe à partir de 15 personnes.\n\nPass 2 musées 5 € / par pers. 3 € pour les enfants de 6 à 16 ans.",
      "libelleEn" : "From 01/01 to 31/12/2022\nFull price: 3 €\nChild : 2 €.\n\nFrom 03/01 to 30/12/2023\nFull price: 3 €\nChild : 2 €.\n\n Free entry for children < 6 years.\n Child entry valid for 6 - 16 years.\n Group rate available for > 15 people.\n\nPass 2 museums 5 € / per person 3 € for children from 6 to 16 years.",
      "libelleEs" : "Del 01/01 al 31/12/2022\nTarifa completa: 3 €\nNiño : 2 €.\n\nDel 03/01 al 30/12/2023\nTarifa completa: 3 €\nNiño : 2 €.\n\n Gratuito para los niños menores de 6 años.\n Tarifa niño concedida a los 6 - 16 años.\n Tarifa grupo a partir de 15 personas.\n\nAbono 2 museos 5 € / por persona 3 € para niños de 6 a 16 años.",
      "libelleIt" : "Dal 01/01 al 31/12/2022\nTarrifa intera: 3 €\nBambino : 2 €.\n\nDal 03/01 al 30/12/2023\nTarrifa intera: 3 €\nBambino : 2 €.\n\n Gratuito per i bambini di età inferiore a 6 anni.\n Tariffa bambini tra 6 e 16 anni.\n Tariffa gruppi a partire da 15 persone.",
      "libelleDe" : "Vom 01/01 bis 31/12/2022\nVoller Preis: 3 €\nKinder : 2 €.\n\nVom 03/01 bis 30/12/2023\nVoller Preis: 3 €\nKinder : 2 €.\n\n Kostenlos für Kinder unter 6 Jahren.\n Tarif Kinder von 6 - 16 Jahren.\n Gruppentarif ab 15 Personen.\n\n2-Museen-Pass 5 € / pro Pers. 3 € für Kinder von 6 bis 16 Jahren.",
      "libelleNl" : "Van 01/01 tot en met 31/12/2022\nVol tarief: € 3\nKind : € 2.\n\nVan 03/01 tot en met 30/12/2023\nVol tarief: € 3\nKind : € 2.\n\n Gratis voor kinderen onder de 6 jaar.\n Kindertarief voor 6 - 16 jaar.\n Groepstarief vanaf 15 personen.",
      "libelleRu" : "С 01/01 до 31/12/2022\nполную цену : 3 €\nРебенок  : 2 €.\n\nС 03/01 до 30/12/2023\nполную цену : 3 €\nРебенок  : 2 €.\n\n Бесплатно для лицам младше 6 лет.\n Детский тариф предоставляется до 6 - 16 лет.\n Групповой тариф, начиная с 15 человек.",
      "libelleZh" : "从 1月1日 到 2022年12月31日\n全额 : 3 €\n儿童  : 2 €.\n\n从 1月3日 到 2023年12月30日\n全额 : 3 €\n儿童  : 2 €.\n\n 儿童 < 6 岁自由进入.\n 儿童票适用年龄 6 - 16 岁.\n 团队价格适用于 15 人以上.",
      "libellePtBR" : "De 01/01 a 31/12/2022\nTarifa inteira: 3 €\nCriança : 2 €.\n\nDe 03/01 a 30/12/2023\nTarifa inteira: 3 €\nCriança : 2 €.\n\n Gratuito para menores de 6 anos.\n Tarifa infantil acordada para aqueles entre 6 e 16 anos.\n Tarifa de grupo a partir de 15 pessoas.",
      "libelleJa" : "01/01 から 31/12/2022 まで\n通常料金: 3 €\n子供 : 2 €.\n\n03/01 から 30/12/2023 まで\n通常料金: 3 €\n子供 : 2 €.\n\n 子供 < 6 歳 は入場無料.\n 6 - 16 歳の子供は入場可.\n 団体料金利用可 > 15 人."
    },
    "tarifsEnClairGenerationMode" : "AUTOMATIQUE",
    "complement" : {
      "libelleFr" : "Pass 2 musées 5 € / par pers. 3 € pour les enfants de 6 à 16 ans",
      "libelleEn" : "Pass 2 museums 5 € / per person 3 € for children from 6 to 16 years",
      "libelleEs" : "Abono 2 museos 5 € / por persona 3 € para niños de 6 a 16 años",
      "libelleDe" : "2-Museen-Pass 5 € / pro Pers. 3 € für Kinder von 6 bis 16 Jahren"
    },
    "periodes" : [ {
      "identifiant" : 11676886,
      "dateDebut" : "2022-01-01",
      "dateFin" : "2022-12-31",
      "tarifs" : [ {
        "devise" : "EUR",
        "minimum" : 3.00,
        "maximum" : 3.00,
        "precisionTarif" : { },
        "type" : {
          "elementReferenceType" : "TarifType",
          "id" : 5250
        }
      }, {
        "devise" : "EUR",
        "minimum" : 2.00,
        "maximum" : 2.00,
        "precisionTarif" : { },
        "type" : {
          "elementReferenceType" : "TarifType",
          "id" : 1751
        }
      } ]
    }, {
      "identifiant" : 13793449,
      "dateDebut" : "2023-01-03",
      "dateFin" : "2023-12-30",
      "tarifs" : [ {
        "devise" : "EUR",
        "minimum" : 3.00,
        "maximum" : 3.00,
        "precisionTarif" : { },
        "type" : {
          "elementReferenceType" : "TarifType",
          "id" : 5250
        }
      }, {
        "devise" : "EUR",
        "minimum" : 2.00,
        "maximum" : 2.00,
        "precisionTarif" : { },
        "type" : {
          "elementReferenceType" : "TarifType",
          "id" : 1751
        }
      } ]
    } ],
    "modesPaiement" : [ {
      "elementReferenceType" : "ModePaiement",
      "id" : 1271
    }, {
      "elementReferenceType" : "ModePaiement",
      "id" : 1277
    } ],
    "devise" : "EUR",
    "conditions" : {
      "gratuitPourLesMoinsDe" : 6,
      "conditionEnfantAgeMin" : 6,
      "conditionEnfantAgeMax" : 16
    }
  },
  "reservation" : { },
  "criteresInternes" : [ {
    "id" : 10234
  }, {
    "id" : 12888
  }, {
    "id" : 12889
  }, {
    "id" : 12890
  }, {
    "id" : 12891
  }, {
    "id" : 13198
  }, {
    "id" : 13246
  }, {
    "id" : 13248
  }, {
    "id" : 16646
  }, {
    "id" : 16775
  }, {
    "id" : 18002
  }, {
    "id" : 23500
  }, {
    "id" : 23526
  } ],
  "illustrations" : [ {
    "identifiant" : 8779507,
    "link" : false,
    "type" : "IMAGE",
    "nom" : {
      "libelleFr" : "13T2001533_2_HD.jpg"
    },
    "traductionFichiers" : [ {
      "locale" : "fr",
      "url" : "https://static.apidae-tourisme.com/filestore/objets-touristiques/images/133/89/8542597.jpg",
      "urlListe" : "https://static.apidae-tourisme.com/filestore/objets-touristiques/images/133/89/8542597-liste.jpg",
      "urlFiche" : "https://static.apidae-tourisme.com/filestore/objets-touristiques/images/133/89/8542597-fiche.jpg",
      "urlDiaporama" : "https://static.apidae-tourisme.com/filestore/objets-touristiques/images/133/89/8542597-diaporama.jpg",
      "extension" : "jpg",
      "fileName" : "full",
      "taille" : 470323,
      "hauteur" : 1440,
      "largeur" : 1920,
      "lastModifiedDate" : "2020-09-22T08:30:05.000+0000"
    } ],
    "locked" : false
  } ],
  "tourismeAffaires" : {
    "tourismeAffairesEnabled" : true,
    "nombreSallesReunionEquipees" : 3,
    "capaciteMaxAccueil" : 48
  },
  "visites" : {
    "languesVisite" : [ {
      "elementReferenceType" : "Langue",
      "id" : 1197
    } ],
    "languesPanneauInformation" : [ {
      "elementReferenceType" : "Langue",
      "id" : 1197
    } ],
    "visitable" : true,
    "prestationsVisitesIndividuelles" : [ {
      "elementReferenceType" : "PrestationVisiteIndividuelle",
      "id" : 480
    } ],
    "prestationsVisitesGroupees" : [ {
      "elementReferenceType" : "PrestationVisiteGroupee",
      "id" : 491
    } ]
  },
  "territoires" : [ {
    "type" : "TERRITOIRE",
    "id" : 591381
  }, {
    "type" : "TERRITOIRE",
    "id" : 591419
  }, {
    "type" : "TERRITOIRE",
    "id" : 5127066
  }, {
    "type" : "TERRITOIRE",
    "id" : 5427370
  }, {
    "type" : "TERRITOIRE",
    "id" : 5427637
  }, {
    "type" : "TERRITOIRE",
    "id" : 5693743
  }, {
    "type" : "TERRITOIRE",
    "id" : 5693911
  }, {
    "type" : "TERRITOIRE",
    "id" : 5853958
  } ],
  "datesOuverture" : [ "2022-11-09", "2022-11-10", "2022-11-11", "2022-11-12", "2022-11-15", "2022-11-16", "2022-11-17", "2022-11-18", "2022-11-19", "2022-11-22", "2022-11-23", "2022-11-24", "2022-11-25", "2022-11-26", "2022-11-29", "2022-11-30", "2022-12-01", "2022-12-02", "2022-12-03", "2022-12-06", "2022-12-07", "2022-12-08", "2022-12-09", "2022-12-10", "2022-12-13", "2022-12-14", "2022-12-15", "2022-12-16", "2022-12-17", "2022-12-20", "2022-12-21", "2022-12-22", "2022-12-23", "2022-12-24", "2022-12-27", "2022-12-28", "2022-12-29", "2022-12-30", "2022-12-31", "2023-01-03", "2023-01-04", "2023-01-05", "2023-01-06", "2023-01-07", "2023-01-10", "2023-01-11", "2023-01-12", "2023-01-13", "2023-01-14", "2023-01-17", "2023-01-18", "2023-01-19", "2023-01-20", "2023-01-21", "2023-01-24", "2023-01-25", "2023-01-26", "2023-01-27", "2023-01-28", "2023-01-31", "2023-02-01", "2023-02-02", "2023-02-03", "2023-02-04", "2023-02-07", "2023-02-08", "2023-02-09", "2023-02-10", "2023-02-11", "2023-02-14", "2023-02-15", "2023-02-16", "2023-02-17", "2023-02-18", "2023-02-21", "2023-02-22", "2023-02-23", "2023-02-24", "2023-02-25", "2023-02-28", "2023-03-01", "2023-03-02", "2023-03-03", "2023-03-04", "2023-03-07", "2023-03-08", "2023-03-09", "2023-03-10", "2023-03-11", "2023-03-14", "2023-03-15", "2023-03-16", "2023-03-17", "2023-03-18", "2023-03-21", "2023-03-22", "2023-03-23", "2023-03-24", "2023-03-25", "2023-03-28", "2023-03-29", "2023-03-30", "2023-03-31", "2023-04-01", "2023-04-04", "2023-04-05", "2023-04-06", "2023-04-07", "2023-04-08", "2023-04-11", "2023-04-12", "2023-04-13", "2023-04-14", "2023-04-15", "2023-04-18", "2023-04-19", "2023-04-20", "2023-04-21", "2023-04-22", "2023-04-25", "2023-04-26", "2023-04-27", "2023-04-28", "2023-04-29", "2023-05-02", "2023-05-03", "2023-05-04", "2023-05-05", "2023-05-06", "2023-05-09", "2023-05-10", "2023-05-11", "2023-05-12", "2023-05-13", "2023-05-16", "2023-05-17", "2023-05-18", "2023-05-19", "2023-05-20", "2023-05-23", "2023-05-24", "2023-05-25", "2023-05-26", "2023-05-27", "2023-05-30", "2023-05-31", "2023-06-01", "2023-06-02", "2023-06-03", "2023-06-06", "2023-06-07", "2023-06-08", "2023-06-09", "2023-06-10", "2023-06-13", "2023-06-14", "2023-06-15", "2023-06-16", "2023-06-17", "2023-06-20", "2023-06-21", "2023-06-22", "2023-06-23", "2023-06-24", "2023-06-27", "2023-06-28", "2023-06-29", "2023-06-30", "2023-07-01", "2023-07-04", "2023-07-05", "2023-07-06", "2023-07-07", "2023-07-08", "2023-07-11", "2023-07-12", "2023-07-13", "2023-07-14", "2023-07-15", "2023-07-18", "2023-07-19", "2023-07-20", "2023-07-21", "2023-07-22", "2023-07-25", "2023-07-26", "2023-07-27", "2023-07-28", "2023-07-29", "2023-08-01", "2023-08-02", "2023-08-03", "2023-08-04", "2023-08-05", "2023-08-08", "2023-08-09", "2023-08-10", "2023-08-11", "2023-08-12", "2023-08-15", "2023-08-16", "2023-08-17", "2023-08-18", "2023-08-19", "2023-08-22", "2023-08-23", "2023-08-24", "2023-08-25", "2023-08-26", "2023-08-29", "2023-08-30", "2023-08-31", "2023-09-01", "2023-09-02", "2023-09-05", "2023-09-06", "2023-09-07", "2023-09-08", "2023-09-09", "2023-09-12", "2023-09-13", "2023-09-14", "2023-09-15", "2023-09-16", "2023-09-19", "2023-09-20", "2023-09-21", "2023-09-22", "2023-09-23", "2023-09-26", "2023-09-27", "2023-09-28", "2023-09-29", "2023-09-30", "2023-10-03", "2023-10-04", "2023-10-05", "2023-10-06", "2023-10-07", "2023-10-10", "2023-10-11", "2023-10-12", "2023-10-13", "2023-10-14", "2023-10-17", "2023-10-18", "2023-10-19", "2023-10-20", "2023-10-21", "2023-10-24", "2023-10-25", "2023-10-26", "2023-10-27", "2023-10-28", "2023-10-31", "2023-11-01", "2023-11-02", "2023-11-03", "2023-11-04", "2023-11-07", "2023-11-08", "2023-11-09", "2023-11-10", "2023-11-11", "2023-11-14", "2023-11-15", "2023-11-16", "2023-11-17", "2023-11-18", "2023-11-21", "2023-11-22", "2023-11-23", "2023-11-24", "2023-11-25", "2023-11-28", "2023-11-29", "2023-11-30", "2023-12-01", "2023-12-02", "2023-12-05", "2023-12-06", "2023-12-07", "2023-12-08", "2023-12-09", "2023-12-12", "2023-12-13", "2023-12-14", "2023-12-15", "2023-12-16", "2023-12-19", "2023-12-20", "2023-12-21", "2023-12-22", "2023-12-23", "2023-12-26", "2023-12-27", "2023-12-28", "2023-12-29", "2023-12-30" ],
  "informationsPatrimoineCulturel" : {
    "patrimoineCulturelType" : {
      "elementReferenceType" : "PatrimoineCulturelType",
      "id" : 3201
    },
    "themes" : [ {
      "elementReferenceType" : "PatrimoineCulturelTheme",
      "id" : 3419
    }, {
      "elementReferenceType" : "PatrimoineCulturelTheme",
      "id" : 3450
    }, {
      "elementReferenceType" : "PatrimoineCulturelTheme",
      "id" : 3451
    } ]
  },
  "formatVersion" : "v002",
  "expiration" : {
    "dateExpiration" : "2023-12-30T00:00:00.000+0000"
  },
  "informationsPrestataireActivites" : {
    "prestataireActivites" : false
  },
  "enquete" : { },
  "donneesPrivees" : [ {
    "nomTechnique" : "1947_Id_patio",
    "libelleFr" : "Id_Patio",
    "ordre" : 1,
    "descriptif" : {
      "libelleFr" : "13T2001533"
    }
  }, {
    "nomTechnique" : "1947_Source_patio",
    "libelleFr" : "Source_Patio",
    "ordre" : 2,
    "descriptif" : {
      "libelleFr" : "OT Pays d'Aubagne"
    }
  }, {
    "nomTechnique" : "1947_Url_patio",
    "libelleFr" : "URL_Patio",
    "ordre" : 3,
    "descriptif" : {
      "libelleFr" : "http://www.tourisme-paysdaubagne.fr/fr"
    }
  } ],
  "metadonnees" : [ {
    "noeudId" : "fairguest",
    "contenus" : [ {
      "cible" : "general",
      "metadonnee" : {
        "note" : 8.7,
        "label" : "Très bon",
        "couleur" : "#71a63e",
        "nombreAvis" : 250,
        "dateMaj" : 1667919755184
      }
    } ]
  } ]
}