{
  "type" : "PATRIMOINE_CULTUREL",
  "id" : 5538981,
  "nom" : {
    "libelleFr" : "Canal de Craponne",
    "libelleEn" : "Canal de Craponne",
    "libelleEs" : "Canal de Craponne",
    "libelleIt" : "Canal de Craponne",
    "libelleDe" : "Canal de Craponne",
    "libelleNl" : "Canal de Craponne"
  },
  "identifier" : "SITRA2_PCU_5538981",
  "state" : "PUBLISHED",
  "gestion" : {
    "dateCreation" : "2020-05-27T10:49:32.767+0000",
    "dateModification" : "2020-12-29T13:47:31.321+0000",
    "dateExportModification" : "2022-06-30T07:33:57.538+0000",
    "membreProprietaire" : {
      "type" : {
        "elementReferenceType" : "MembreSitraType",
        "id" : 233
      },
      "nom" : "Office de Tourisme de La Roque d'Anthéron",
      "dateCreation" : "2020-11-04T10:41:06.262+0000",
      "dateModification" : "2022-10-24T08:49:39.510+0000",
      "id" : 2121,
      "siteWeb" : "http://www.laroquedantheron-tourisme.fr"
    },
    "signalerUnProblemeMails" : [ "benedicte.roussy@ville-laroquedantheron.fr" ]
  },
  "informations" : {
    "moyensCommunication" : [ {
      "identifiant" : 79655136,
      "type" : {
        "elementReferenceType" : "MoyenCommunicationType",
        "id" : 201
      },
      "coordonnees" : {
        "fr" : "04 42 50 70 74"
      }
    } ],
    "informationsLegales" : { },
    "structureGestion" : {
      "type" : "STRUCTURE",
      "id" : 5224903
    }
  },
  "presentation" : {
    "descriptifCourt" : {
      "libelleFr" : "Le Canal de Craponne (XVIè S) prend les eaux de la Durance à La Roque d'Anthéron, pour les emmener vers Salon de Provence et le Pays d'Arles"
    },
    "descriptifDetaille" : {
      "libelleFr" : "Géniale réalisation de l'ingénieur Adam de Craponne, on peut encore admirer à l'entrée orientale de la commune (Gontard), l'architecture de la dernière prise d'eau (XVIIIè S) que la Durance n'a pas emportée."
    }
  },
  "localisation" : {
    "adresse" : {
      "codePostal" : "13640",
      "bureauDistribution" : "LA ROQUE D'ANTHERON",
      "commune" : {
        "id" : 4495
      }
    },
    "geolocalisation" : {
      "complement" : {
        "libelleFr" : "Marseille Provence : Aéroport/Aérodrome à 50km\r\nTGV Aix - Arbois : Gare ferroviaire à 40km\r\nMarseille : Gare maritime à 70km\r\nAix en Provence : Gare routière à 30km\r\nSénas : Sortie autoroute à 15km"
      },
      "valide" : true,
      "geoJson" : {
        "type" : "Point",
        "coordinates" : [ 5.301605, 43.723627 ]
      }
    },
    "perimetreGeographique" : [ {
      "id" : 4495
    } ],
    "environnements" : [ {
      "elementReferenceType" : "Environnement",
      "id" : 183
    }, {
      "elementReferenceType" : "Environnement",
      "id" : 3974
    } ]
  },
  "liens" : { },
  "prestations" : {
    "animauxAcceptes" : "NON_DISPONIBLE",
    "animauxAcceptesSupplement" : "NON_DISPONIBLE"
  },
  "ouverture" : {
    "periodeEnClair" : { },
    "periodeEnClairGenerationMode" : "AUTOMATIQUE"
  },
  "descriptionTarif" : {
    "indicationTarif" : "ACCES_LIBRE",
    "gratuit" : true,
    "tarifsEnClair" : {
      "libelleFr" : "Accès libre.",
      "libelleEn" : "Free access.",
      "libelleEs" : "Acceso libre.",
      "libelleIt" : "Accesso libero.",
      "libelleDe" : "Freier Zugang.",
      "libelleNl" : "Gratis toegang.",
      "libelleRu" : "Вход свободный.",
      "libelleZh" : "自由访问.",
      "libellePtBR" : "Acesso livre.",
      "libelleJa" : "フリーアクセス."
    },
    "tarifsEnClairGenerationMode" : "AUTOMATIQUE",
    "devise" : "EUR",
    "conditions" : { }
  },
  "reservation" : { },
  "criteresInternes" : [ {
    "id" : 16775
  } ],
  "illustrations" : [ {
    "identifiant" : 9265377,
    "link" : false,
    "type" : "IMAGE",
    "traductionFichiers" : [ {
      "locale" : "fr",
      "url" : "https://static.apidae-tourisme.com/filestore/objets-touristiques/images/47/165/9020719.jpg",
      "urlListe" : "https://static.apidae-tourisme.com/filestore/objets-touristiques/images/47/165/9020719-liste.jpg",
      "urlFiche" : "https://static.apidae-tourisme.com/filestore/objets-touristiques/images/47/165/9020719-fiche.jpg",
      "urlDiaporama" : "https://static.apidae-tourisme.com/filestore/objets-touristiques/images/47/165/9020719-diaporama.jpg",
      "extension" : "jpg",
      "fileName" : "Imagec",
      "taille" : 542206,
      "hauteur" : 1155,
      "largeur" : 1536,
      "lastModifiedDate" : "2020-12-24T10:54:39.000+0000"
    } ],
    "locked" : false
  } ],
  "visites" : {
    "visitable" : false
  },
  "territoires" : [ {
    "type" : "TERRITOIRE",
    "id" : 591381
  }, {
    "type" : "TERRITOIRE",
    "id" : 591419
  }, {
    "type" : "TERRITOIRE",
    "id" : 5127066
  }, {
    "type" : "TERRITOIRE",
    "id" : 5427620
  }, {
    "type" : "TERRITOIRE",
    "id" : 5427637
  }, {
    "type" : "TERRITOIRE",
    "id" : 5693770
  }, {
    "type" : "TERRITOIRE",
    "id" : 5853933
  } ],
  "informationsPatrimoineCulturel" : {
    "patrimoineCulturelType" : {
      "elementReferenceType" : "PatrimoineCulturelType",
      "id" : 3203
    },
    "themes" : [ {
      "elementReferenceType" : "PatrimoineCulturelTheme",
      "id" : 3485
    }, {
      "elementReferenceType" : "PatrimoineCulturelTheme",
      "id" : 3493
    } ]
  },
  "formatVersion" : "v002",
  "expiration" : { },
  "informationsPrestataireActivites" : {
    "prestataireActivites" : false
  },
  "enquete" : { },
  "donneesPrivees" : [ {
    "nomTechnique" : "1947_Id_patio",
    "libelleFr" : "Id_Patio",
    "ordre" : 1,
    "descriptif" : {
      "libelleFr" : "13T2001423"
    }
  }, {
    "nomTechnique" : "1947_Source_patio",
    "libelleFr" : "Source_Patio",
    "ordre" : 2,
    "descriptif" : {
      "libelleFr" : "OT La Roque d'Anthéron"
    }
  }, {
    "nomTechnique" : "1947_Url_patio",
    "libelleFr" : "URL_Patio",
    "ordre" : 3,
    "descriptif" : {
      "libelleFr" : "http://www.ville-laroquedantheron.fr"
    }
  } ]
}