{
  "type" : "FETE_ET_MANIFESTATION",
  "id" : 5831643,
  "nom" : {
    "libelleFr" : "Découverte de la ville en Segway / 1h15",
    "libelleEn" : "Discovery of the city in Segway / 1h15"
  },
  "identifier" : "SITRA2_EVE_5831643",
  "state" : "PUBLISHED",
  "gestion" : {
    "dateCreation" : "2021-06-08T10:21:29.245+0000",
    "dateModification" : "2022-03-24T07:24:25.919+0000",
    "dateExportModification" : "2022-10-21T11:59:48.799+0000",
    "membreProprietaire" : {
      "type" : {
        "elementReferenceType" : "MembreSitraType",
        "id" : 233
      },
      "nom" : "Office de Tourisme d'Aix en Provence",
      "dateCreation" : "2020-02-14T10:34:37.912+0000",
      "dateModification" : "2022-10-24T08:49:34.452+0000",
      "id" : 1988,
      "siteWeb" : "http://www.aixenprovencetourism.com"
    },
    "signalerUnProblemeMails" : [ "jchevalier@aixenprovencetourism.com", "sdardenne@aixenprovencetourism.com", "vmontpellaz@aixenprovencetourism.com" ]
  },
  "informations" : {
    "moyensCommunication" : [ {
      "identifiant" : 88606756,
      "type" : {
        "elementReferenceType" : "MoyenCommunicationType",
        "id" : 205
      },
      "coordonnees" : {
        "fr" : "https://reservation.aixenprovencetourism.com/",
        "en" : "https://booking.aixenprovencetourism.com"
      }
    } ],
    "informationsLegales" : { },
    "structureGestion" : {
      "type" : "STRUCTURE",
      "id" : 5519582
    },
    "structureInformation" : {
      "type" : "STRUCTURE",
      "id" : 5228508
    }
  },
  "presentation" : {
    "descriptifCourt" : {
      "libelleFr" : "Venez découvrir Aix d'une autre façon ! Facile et ludique. Départ garanti à partir d'une personne !",
      "libelleEn" : "Come and discover Aix in a different way! Easy & fun! Guaranteed departure from 1 person!"
    },
    "descriptifDetaille" : {
      "libelleFr" : "Fun et facile, venez découvrir Aix d’une autre façon ! En famille (enfants à partir de 30kg) ou entre amis, vous découvrirez la ville aux 1000 fontaines de façon ludique grâce à nos parcours adaptés et encadrés ! Durant nos visites nous vous proposons d’apercevoir : la Rotonde, le Cours Mirabeau, la place de la Mairie, le pavillon Vendôme, les Thermes Sextius, la cathédrale Saint Sauveur, la Place des Prêcheurs et le palais de Justice.\r\nUne dégustation de produits régionaux est proposée durant le tour.\r\n\r\nAttention : interdit aux jeunes enfants de moins de 30 kg / pratique du segway fortement déconseillée aux femmes enceintes ainsi qu’aux personnes ayant des problèmes d’oreille interne.\r\n\r\n➜ Visite commentée en Segway\r\n➜ Départ de l'Office de Tourisme\r\n➜ Langue : français / anglais \r\n➜ Durée : 1h15 environ\r\n\r\nRéservations auprès des conseillers en séjour de l'Office de Tourisme d'Aix-en-Provence ou sur le site de l'Office de Tourisme d'Aix-en-Provence.",
      "libelleEn" : "Fun and easy, discover Aix in another way! With family (children from 30kg) or with friends, you will discover the city of 1000 fountains in a fun way through our courses adapted and supervised! During our visits we offer you to see: Rotonde, Cours Mirabeau, Place de la Mairie, Vendome pavilion, Sextius spa, Cathedral Saint Sauveur, Place des Prêcheurs, Palais de Justice. \r\nA taste of local product are proposed during the tour !\r\n\r\nNotice: not possible for young child under 30 kg ; and not recommanded for pregnant women as well as people with problems of internal ear.\r\n\r\n➜ Language: french & english\r\n➜ Departure from the Tourist Office\r\n➜ Commented Segway tour\r\n➜ Duration: around 1h15\r\n\r\nBooking at the information desk or on the website of the Tourist Office."
    },
    "typologiesPromoSitra" : [ {
      "elementReferenceType" : "TypologiePromoSitra",
      "id" : 1676
    }, {
      "elementReferenceType" : "TypologiePromoSitra",
      "id" : 1678
    } ]
  },
  "localisation" : {
    "adresse" : {
      "nomDuLieu" : "Au départ de l'Office de Tourisme",
      "adresse1" : "300 avenue Giuseppe Verdi",
      "adresse2" : "BP 40106",
      "codePostal" : "13090",
      "bureauDistribution" : "Aix-en-Provence",
      "cedex" : "1",
      "commune" : {
        "id" : 4412
      }
    },
    "geolocalisation" : {
      "valide" : true,
      "geoJson" : {
        "type" : "Point",
        "coordinates" : [ 5.444349, 43.526025 ]
      }
    },
    "perimetreGeographique" : [ {
      "id" : 4412
    } ],
    "lieu" : {
      "id" : 16674
    }
  },
  "liens" : {
    "liensObjetsTouristiquesTypes" : [ {
      "type" : "VISITE_ORGANISATEUR",
      "libelleFr" : "Est une visite guidée de ...",
      "libelleEn" : "Is a guided tour proposed by...",
      "libelleEs" : "Es una visita guiada de...",
      "libelleIt" : "È una visita guidata di...",
      "libelleDe" : "Ist eine Führung von ...",
      "libelleNl" : "Is een rondleiding door ...",
      "libelleRu" : "Является экскурсией",
      "libelleZh" : "是的导览参观",
      "libellePtBR" : "É uma visita guiada de...",
      "libelleJa" : "はガイド付きツアー",
      "objetTouristique" : {
        "type" : "COMMERCE_ET_SERVICE",
        "id" : 5547667
      }
    } ]
  },
  "prestations" : {
    "animauxAcceptes" : "NON_ACCEPTES",
    "animauxAcceptesSupplement" : "NON_DISPONIBLE",
    "languesParlees" : [ {
      "elementReferenceType" : "Langue",
      "id" : 1192
    }, {
      "elementReferenceType" : "Langue",
      "id" : 1197
    } ],
    "nombrePersonnesMinimum" : 1
  },
  "ouverture" : {
    "periodeEnClair" : {
      "libelleFr" : "Du 07/02 au 31/12/2022, tous les jours.\nA 9h30 et à 14h.",
      "libelleEn" : "From 07/02 to 31/12/2022, daily.\nAt 9.30am and at 2pm.",
      "libelleEs" : "Del 07/02 al 31/12/2022, todos los dias.",
      "libelleIt" : "Dal 07/02 al 31/12/2022, ogni giorno.",
      "libelleDe" : "Vom 07/02 bis 31/12/2022, täglich.",
      "libelleNl" : "Van 07/02 tot en met 31/12/2022, iedere dag.",
      "libelleRu" : "С 07/02 до 31/12/2022, ежедневно.",
      "libelleZh" : "从 2月7日 到 2022年12月31日, 日常.",
      "libellePtBR" : "De 07/02 a 31/12/2022, todos os dias.",
      "libelleJa" : "07/02 から 31/12/2022 まで, 毎日."
    },
    "periodeEnClairGenerationMode" : "AUTOMATIQUE",
    "indicationsPeriode" : [ {
      "elementReferenceType" : "IndicationPeriode",
      "id" : 416
    }, {
      "elementReferenceType" : "IndicationPeriode",
      "id" : 418
    }, {
      "elementReferenceType" : "IndicationPeriode",
      "id" : 435
    }, {
      "elementReferenceType" : "IndicationPeriode",
      "id" : 436
    } ],
    "periodesOuvertures" : [ {
      "identifiant" : 21131660,
      "dateDebut" : "2022-02-07",
      "dateFin" : "2022-12-31",
      "complementHoraire" : {
        "libelleFr" : "A 9h30 et à 14h",
        "libelleEn" : "At 9.30am and at 2pm"
      },
      "type" : "OUVERTURE_TOUS_LES_JOURS",
      "tousLesAns" : false,
      "identifiantTechnique" : 22648985
    } ]
  },
  "descriptionTarif" : {
    "indicationTarif" : "PAYANT",
    "gratuit" : false,
    "tarifsEnClair" : {
      "libelleFr" : "Plein tarif : 35 €.\n",
      "libelleEn" : "Full price: 35 €.\n",
      "libelleEs" : "Tarifa completa: 35 €.\n",
      "libelleIt" : "Tarrifa intera: 35 €.\n",
      "libelleDe" : "Voller Preis: 35 €.\n",
      "libelleNl" : "Vol tarief: € 35.\n",
      "libelleRu" : "Полную цену : 35 €.\n",
      "libelleZh" : "全额 : 35 €.\n",
      "libellePtBR" : "Tarifa inteira: 35 €.\n",
      "libelleJa" : "通常料金: 35 €.\n"
    },
    "tarifsEnClairGenerationMode" : "AUTOMATIQUE",
    "complement" : { },
    "periodes" : [ {
      "identifiant" : 12142095,
      "dateDebut" : "2022-02-07",
      "dateFin" : "2022-12-31",
      "tarifs" : [ {
        "devise" : "EUR",
        "minimum" : 35.00,
        "maximum" : 35.00,
        "type" : {
          "elementReferenceType" : "TarifType",
          "id" : 5239
        }
      } ]
    } ],
    "modesPaiement" : [ {
      "elementReferenceType" : "ModePaiement",
      "id" : 1268
    }, {
      "elementReferenceType" : "ModePaiement",
      "id" : 1277
    }, {
      "elementReferenceType" : "ModePaiement",
      "id" : 5558
    }, {
      "elementReferenceType" : "ModePaiement",
      "id" : 6283
    } ],
    "devise" : "EUR",
    "conditions" : { }
  },
  "reservation" : {
    "organismes" : [ {
      "identifiant" : 5833361,
      "structureReference" : {
        "type" : "STRUCTURE",
        "id" : 5349089
      },
      "nom" : "Office de Tourisme d'Aix-en-Provence - à supp",
      "type" : {
        "elementReferenceType" : "ReservationType",
        "id" : 475
      },
      "moyensCommunication" : [ {
        "identifiant" : 89391883,
        "type" : {
          "elementReferenceType" : "MoyenCommunicationType",
          "id" : 205
        },
        "coordonnees" : {
          "fr" : "https://reservation.aixenprovencetourism.com/decouverte-de-la-ville-en-segway-1h15.html",
          "en" : "https://booking.aixenprovencetourism.com/discovery-of-the-city-in-segway-1h15.html"
        }
      } ],
      "locked" : false
    } ]
  },
  "illustrations" : [ {
    "identifiant" : 10225866,
    "link" : false,
    "type" : "IMAGE",
    "copyright" : {
      "libelleFr" : "CycloPub"
    },
    "traductionFichiers" : [ {
      "locale" : "fr",
      "url" : "https://static.apidae-tourisme.com/filestore/objets-touristiques/images/174/161/10002862.jpg",
      "urlListe" : "https://static.apidae-tourisme.com/filestore/objets-touristiques/images/174/161/10002862-liste.jpg",
      "urlFiche" : "https://static.apidae-tourisme.com/filestore/objets-touristiques/images/174/161/10002862-fiche.jpg",
      "urlDiaporama" : "https://static.apidae-tourisme.com/filestore/objets-touristiques/images/174/161/10002862-diaporama.jpg",
      "extension" : "jpg",
      "fileName" : "800x600_cyclo-velo-taxi-gyropode-balade-aix-gyropode-original-91468-197217",
      "taille" : 147437,
      "hauteur" : 534,
      "largeur" : 800,
      "lastModifiedDate" : "2021-06-08T10:36:27.000+0000"
    } ],
    "locked" : false
  }, {
    "identifiant" : 10225867,
    "link" : false,
    "type" : "IMAGE",
    "copyright" : {
      "libelleFr" : "CycloPub"
    },
    "traductionFichiers" : [ {
      "locale" : "fr",
      "url" : "https://static.apidae-tourisme.com/filestore/objets-touristiques/images/175/161/10002863.jpg",
      "urlListe" : "https://static.apidae-tourisme.com/filestore/objets-touristiques/images/175/161/10002863-liste.jpg",
      "urlFiche" : "https://static.apidae-tourisme.com/filestore/objets-touristiques/images/175/161/10002863-fiche.jpg",
      "urlDiaporama" : "https://static.apidae-tourisme.com/filestore/objets-touristiques/images/175/161/10002863-diaporama.jpg",
      "extension" : "jpg",
      "fileName" : "800x600_da-couverte-de-la-ville-en-segway-197220",
      "taille" : 214100,
      "hauteur" : 748,
      "largeur" : 800,
      "lastModifiedDate" : "2021-06-08T10:36:26.000+0000"
    } ],
    "locked" : false
  }, {
    "identifiant" : 10225868,
    "link" : false,
    "type" : "IMAGE",
    "copyright" : {
      "libelleFr" : "CycloPub"
    },
    "traductionFichiers" : [ {
      "locale" : "fr",
      "url" : "https://static.apidae-tourisme.com/filestore/objets-touristiques/images/176/161/10002864.jpg",
      "urlListe" : "https://static.apidae-tourisme.com/filestore/objets-touristiques/images/176/161/10002864-liste.jpg",
      "urlFiche" : "https://static.apidae-tourisme.com/filestore/objets-touristiques/images/176/161/10002864-fiche.jpg",
      "urlDiaporama" : "https://static.apidae-tourisme.com/filestore/objets-touristiques/images/176/161/10002864-diaporama.jpg",
      "extension" : "jpg",
      "fileName" : "800x600_img-20161030-114048-91469-197218",
      "taille" : 159329,
      "hauteur" : 590,
      "largeur" : 800,
      "lastModifiedDate" : "2021-06-08T10:36:27.000+0000"
    } ],
    "locked" : false
  } ],
  "territoires" : [ {
    "type" : "TERRITOIRE",
    "id" : 591381
  }, {
    "type" : "TERRITOIRE",
    "id" : 591419
  }, {
    "type" : "TERRITOIRE",
    "id" : 5127066
  }, {
    "type" : "TERRITOIRE",
    "id" : 5427620
  }, {
    "type" : "TERRITOIRE",
    "id" : 5427637
  }, {
    "type" : "TERRITOIRE",
    "id" : 5460325
  }, {
    "type" : "TERRITOIRE",
    "id" : 5693839
  }, {
    "type" : "TERRITOIRE",
    "id" : 5775948
  }, {
    "type" : "TERRITOIRE",
    "id" : 5853930
  } ],
  "datesOuverture" : [ "2022-10-21", "2022-10-22", "2022-10-23", "2022-10-24", "2022-10-25", "2022-10-26", "2022-10-27", "2022-10-28", "2022-10-29", "2022-10-30", "2022-10-31", "2022-11-01", "2022-11-02", "2022-11-03", "2022-11-04", "2022-11-05", "2022-11-06", "2022-11-07", "2022-11-08", "2022-11-09", "2022-11-10", "2022-11-11", "2022-11-12", "2022-11-13", "2022-11-14", "2022-11-15", "2022-11-16", "2022-11-17", "2022-11-18", "2022-11-19", "2022-11-20", "2022-11-21", "2022-11-22", "2022-11-23", "2022-11-24", "2022-11-25", "2022-11-26", "2022-11-27", "2022-11-28", "2022-11-29", "2022-11-30", "2022-12-01", "2022-12-02", "2022-12-03", "2022-12-04", "2022-12-05", "2022-12-06", "2022-12-07", "2022-12-08", "2022-12-09", "2022-12-10", "2022-12-11", "2022-12-12", "2022-12-13", "2022-12-14", "2022-12-15", "2022-12-16", "2022-12-17", "2022-12-18", "2022-12-19", "2022-12-20", "2022-12-21", "2022-12-22", "2022-12-23", "2022-12-24", "2022-12-25", "2022-12-26", "2022-12-27", "2022-12-28", "2022-12-29", "2022-12-30", "2022-12-31" ],
  "informationsFeteEtManifestation" : {
    "typesManifestation" : [ {
      "elementReferenceType" : "FeteEtManifestationType",
      "id" : 1958
    } ],
    "categories" : [ {
      "elementReferenceType" : "FeteEtManifestationCategorie",
      "id" : 2101
    } ],
    "themes" : [ {
      "elementReferenceType" : "FeteEtManifestationTheme",
      "id" : 2206
    } ],
    "portee" : {
      "elementReferenceType" : "FeteEtManifestationPortee",
      "id" : 2351
    },
    "nomLieu" : "Au départ de l'Office de Tourisme"
  },
  "formatVersion" : "v002",
  "expiration" : {
    "dateExpiration" : "2022-12-31T00:00:00.000+0000",
    "expirationAction" : "MASQUER_AUTOMATIQUEMENT"
  },
  "enquete" : { },
  "donneesPrivees" : [ {
    "nomTechnique" : "1947_Id_patio",
    "libelleFr" : "Id_Patio",
    "ordre" : 1,
    "descriptif" : {
      "libelleFr" : "13VIS003325"
    }
  }, {
    "nomTechnique" : "1947_Source_patio",
    "libelleFr" : "Source_Patio",
    "ordre" : 2,
    "descriptif" : {
      "libelleFr" : "OT Aix en Provence"
    }
  }, {
    "nomTechnique" : "1947_Url_patio",
    "libelleFr" : "URL_Patio",
    "ordre" : 3,
    "descriptif" : {
      "libelleFr" : "http://www.aixenprovencetourism.com"
    }
  } ]
}