{
  "type" : "FETE_ET_MANIFESTATION",
  "id" : 5469197,
  "nom" : {
    "libelleFr" : "Mémorial des déportations",
    "libelleEn" : "Mémorial des déportations",
    "libelleIt" : "Mémorial des déportations",
    "libelleDe" : "Mémorial des déportations",
    "libelleNl" : "Mémorial des déportations"
  },
  "identifier" : "SITRA2_EVE_5469197",
  "state" : "PUBLISHED",
  "gestion" : {
    "dateCreation" : "2020-03-04T09:13:44.078+0000",
    "dateModification" : "2022-08-19T13:03:17.221+0000",
    "dateExportModification" : "2022-08-19T13:03:17.231+0000",
    "membreProprietaire" : {
      "type" : {
        "elementReferenceType" : "MembreSitraType",
        "id" : 233
      },
      "nom" : "Ville de Marseille",
      "dateCreation" : "2017-01-24T06:54:50.567+0000",
      "dateModification" : "2022-10-24T08:49:51.518+0000",
      "id" : 1470,
      "siteWeb" : "http://www.marseille.fr/"
    },
    "signalerUnProblemeMails" : [ "narezki@marseille.fr", "sortir@marseille.fr" ]
  },
  "informations" : {
    "moyensCommunication" : [ {
      "identifiant" : 77080706,
      "type" : {
        "elementReferenceType" : "MoyenCommunicationType",
        "id" : 205
      },
      "coordonnees" : {
        "fr" : "http://musees.marseille.fr/"
      }
    } ],
    "informationsLegales" : { },
    "structureGestion" : {
      "type" : "STRUCTURE",
      "id" : 5469196
    }
  },
  "presentation" : {
    "descriptifCourt" : {
      "libelleFr" : "Le Mémorial des déportations, les politiques de répression et de persécution à Marseille durant la Seconde Guerre mondiale, les traces d'une histoire singulière."
    },
    "descriptifDetaille" : {
      "libelleFr" : "Situé au pied du Fort Saint-Jean, le Mémorial des camps de la mort a été inauguré en 1995 à l'occasion du 50e anniversaire de la libération des camps. Reconfiguré en 2019 dans un concept élargi de Mémorial des déportations, il est installé dans un blockhaus de la Seconde Guerre mondiale construit par l'armée allemande dans un ensemble du verrou défensif, devant prévenir un débarquement des Alliés en Provence.\r\n\r\nCe Mémorial rend désormais compte de la singularité de Marseille durant la Seconde Guerre mondiale : principale ville-refuge de la zone non occupée, ville transit, ville détruite, ville portuaire stratégique. Mais surtout, il contextualise au moyen de films, de témoignages ou récits de victimes parce que nés Juifs ou réprimées en tant que politiques, résistants ou otages, et de cartes, les politiques de déportation génocidaire et de répression organisées à Marseille et sa région.\r\n\r\nDans l'exposition de préfiguration proposée depuis le mois de décembre 2019, les événements tragiques de l'année 1943 menés par les Nazis avec la collaboration du régime de Vichy seront longuement évoqués : rafles, déportations et destruction des vieux quartiers de la rive nord du Vieux-Port.\r\n\r\nEntrée gratuite dans la limite des capacités d'accueil\r\nSite rattaché au musée d'Histoire de Marseille\r\n\r\nRésistants, une génération oubliée\r\nLe Mémorial des déportations inaugure le 9 décembre au sein de son parcours semi-permanent deux nouvelles créations mémorielles et artistiques sur la Résistance à l’occupant nazi et au gouvernement de Vichy mais aussi à l’enfer du système concentrationnaire  : une Exposition Résistants, une génération oubliée, une création audiovisuelle artistique immersive, Résister.\r\n\r\nFaire acte de résistance dès 1940 quand on a  20 ans et accepter de prendre tous les risques au péril de sa vie nous invitent à nous interroger sur leur motivation, leur attitude face au danger, aux souffrances physiques et morales infligées par leurs tortionnaires. \r\n\r\nCes deux productions mémorielles et artistiques ont été conçues à partir  d’une série photographique et audiovisuelle imaginée et réalisée en 2011 par Sand Arty, Auteure-Photographe. Grâce à l’aide de l’ONACVG de Marseille (Office National des Anciens Combattants et Victimes de Guerre) et de l’AFMD (Amis de la Fondation pour la Mémoire de la Déportation), l’auteure a pu retrouver quelques résistants, presque centenaires et résidents alors dans la région marseillaise, qui ont contribué à libérer notre pays de l’occupation allemande dans les années 1940.\r\n\r\n► Afin d'être certain(e) de pouvoir bénéficier de la visite complète de toutes nos salles d'exposition, nous vous invitons à contacter le Musée avant votre visite"
    }
  },
  "localisation" : {
    "adresse" : {
      "nomDuLieu" : "Mémorial des déportations",
      "adresse1" : "Avenue Vaudoyer",
      "codePostal" : "13002",
      "bureauDistribution" : "MARSEILLE",
      "commune" : {
        "id" : 4466
      }
    },
    "geolocalisation" : {
      "complement" : { },
      "valide" : true,
      "geoJson" : {
        "type" : "Point",
        "coordinates" : [ 5.362495, 43.295598 ]
      }
    },
    "perimetreGeographique" : [ {
      "id" : 4466
    } ]
  },
  "liens" : { },
  "prestations" : {
    "animauxAcceptes" : "NON_DISPONIBLE",
    "animauxAcceptesSupplement" : "NON_DISPONIBLE",
    "complementAccueil" : {
      "libelleEn" : "Accessible for disabled",
      "libelleIt" : "Accessibile ai disabili",
      "libelleDe" : "Zugänglich für Behinderte",
      "libelleNl" : "Toegankelijk voor mensen met een handicap"
    }
  },
  "ouverture" : {
    "periodeEnClair" : {
      "libelleFr" : "Du 01/01 au 31/12/2022 sauf les 1er janvier, 1er mai, 1er novembre, 11 novembre et 25 décembre.\nFermé le lundi.\nDu mardi au vendredi : 9h à 11h accueil des groupes, 11h à 18h accueil des individuels. Samedi et dimanche et vacances scolaires : 9h à 18h\r\nFermé entre 12h30 et 13h30.\r\n\r\nFermeture hebdomadaire le lundi, sauf les lundis de Pâques et de Pentecôte.",
      "libelleEn" : "From 01/01 to 31/12/2022 except on January 1st, May 1st, November 1st, November 11th and December 25th.\nClosed on Monday.",
      "libelleEs" : "Del 01/01 al 31/12/2022 excepto los días 1er de enero, 1er de mayo, 1er de noviembre, 11 de noviembre y 25 de diciembre.\nCerrado los lunes.",
      "libelleIt" : "Dal 01/01 al 31/12/2022 tranne 1° gennaio, 1° maggio, 1° novembre, 11 novembre e 25 dicembre.\nChiuso il lunedì.",
      "libelleDe" : "Vom 01/01 bis 31/12/2022 (außer 1. Januar, 1. Mai, 1. November, 11. Dezember und 25. Dezember).\nMontag geschlossen.",
      "libelleNl" : "Van 01/01 tot en met 31/12/2022 m.u.v. 1 januari, 1 mei, 1er november, 11 november en 25 december.\nMaandag gesloten.",
      "libelleRu" : "С 01/01 до 31/12/2022 кроме 1 января, 1 мая, 1 ноября, 11 ноября и 25 декабря.\nНе работает понедельник.",
      "libelleZh" : "从 1月1日 到 2022年12月31日 不包括 1月1日, 5月1日, 11月1日, 11月11日 和 12月25日.\n星期一 关闭.",
      "libellePtBR" : "De 01/01 a 31/12/2022 exceto em 1º de janeiro, 1º de maio, 1º de novembro, 11 de novembro e 25 de dezembro.\nFechado em segunda-feira.",
      "libelleJa" : "01/01 から 31/12/2022 まで 1月1日, 5月1日, 11月1日, 11月11日 と 12月25日 を除き.\n月曜日 は休み."
    },
    "periodeEnClairGenerationMode" : "AUTOMATIQUE",
    "indicationsPeriode" : [ {
      "elementReferenceType" : "IndicationPeriode",
      "id" : 416
    }, {
      "elementReferenceType" : "IndicationPeriode",
      "id" : 418
    }, {
      "elementReferenceType" : "IndicationPeriode",
      "id" : 435
    }, {
      "elementReferenceType" : "IndicationPeriode",
      "id" : 436
    } ],
    "periodesOuvertures" : [ {
      "identifiant" : 22328659,
      "dateDebut" : "2022-01-01",
      "dateFin" : "2022-12-31",
      "complementHoraire" : {
        "libelleFr" : "Du mardi au vendredi : 9h à 11h accueil des groupes, 11h à 18h accueil des individuels. Samedi et dimanche et vacances scolaires : 9h à 18h\r\nFermé entre 12h30 et 13h30.\r\n\r\nFermeture hebdomadaire le lundi, sauf les lundis de Pâques et de Pentecôte."
      },
      "type" : "OUVERTURE_SAUF",
      "tousLesAns" : false,
      "ouverturesJournalieres" : [ {
        "jour" : "LUNDI"
      } ],
      "identifiantTechnique" : 24104818
    } ],
    "fermeturesExceptionnelles" : [ {
      "dateSpeciale" : "PREMIER_JANVIER"
    }, {
      "dateSpeciale" : "PREMIER_MAI"
    }, {
      "dateSpeciale" : "PREMIER_NOVEMBRE"
    }, {
      "dateSpeciale" : "ONZE_NOVEMBRE"
    }, {
      "dateSpeciale" : "VINGT_CINQ_DECEMBRE"
    } ]
  },
  "descriptionTarif" : {
    "indicationTarif" : "GRATUIT",
    "gratuit" : true,
    "tarifsEnClair" : {
      "libelleFr" : "Gratuit. Dans la limite des capacités d’accueil.",
      "libelleEn" : "Free of charge.",
      "libelleEs" : "Gratis.",
      "libelleIt" : "Gratuito.",
      "libelleDe" : "Kostenlos.",
      "libelleNl" : "Gratis.",
      "libelleRu" : "Бесплатно.",
      "libelleZh" : "免费.",
      "libellePtBR" : "Gratuito.",
      "libelleJa" : "無料."
    },
    "tarifsEnClairGenerationMode" : "AUTOMATIQUE",
    "complement" : {
      "libelleFr" : "Dans la limite des capacités d’accueil."
    },
    "devise" : "EUR",
    "conditions" : { }
  },
  "reservation" : { },
  "illustrations" : [ {
    "identifiant" : 9425158,
    "link" : false,
    "type" : "IMAGE",
    "nom" : {
      "libelleFr" : "Mémorial des déportations"
    },
    "copyright" : {
      "libelleFr" : "JP Camargo, Saluces - Mémorial des déportations"
    },
    "traductionFichiers" : [ {
      "locale" : "fr",
      "url" : "https://static.apidae-tourisme.com/filestore/objets-touristiques/images/156/28/9182364.jpg",
      "urlListe" : "https://static.apidae-tourisme.com/filestore/objets-touristiques/images/156/28/9182364-liste.jpg",
      "urlFiche" : "https://static.apidae-tourisme.com/filestore/objets-touristiques/images/156/28/9182364-fiche.jpg",
      "urlDiaporama" : "https://static.apidae-tourisme.com/filestore/objets-touristiques/images/156/28/9182364-diaporama.jpg",
      "extension" : "jpg",
      "fileName" : "musee deportations",
      "taille" : 109419,
      "hauteur" : 600,
      "largeur" : 800,
      "lastModifiedDate" : "2021-01-26T10:55:35.000+0000"
    } ],
    "locked" : false
  } ],
  "territoires" : [ {
    "type" : "TERRITOIRE",
    "id" : 591381
  }, {
    "type" : "TERRITOIRE",
    "id" : 591419
  }, {
    "type" : "TERRITOIRE",
    "id" : 5127066
  }, {
    "type" : "TERRITOIRE",
    "id" : 5427637
  }, {
    "type" : "TERRITOIRE",
    "id" : 5460436
  }, {
    "type" : "TERRITOIRE",
    "id" : 5693758
  }, {
    "type" : "TERRITOIRE",
    "id" : 5693878
  }, {
    "type" : "TERRITOIRE",
    "id" : 5693903
  }, {
    "type" : "TERRITOIRE",
    "id" : 6008197
  } ],
  "datesOuverture" : [ "2022-11-02", "2022-11-03", "2022-11-04", "2022-11-05", "2022-11-06", "2022-11-08", "2022-11-09", "2022-11-10", "2022-11-12", "2022-11-13", "2022-11-15", "2022-11-16", "2022-11-17", "2022-11-18", "2022-11-19", "2022-11-20", "2022-11-22", "2022-11-23", "2022-11-24", "2022-11-25", "2022-11-26", "2022-11-27", "2022-11-29", "2022-11-30", "2022-12-01", "2022-12-02", "2022-12-03", "2022-12-04", "2022-12-06", "2022-12-07", "2022-12-08", "2022-12-09", "2022-12-10", "2022-12-11", "2022-12-13", "2022-12-14", "2022-12-15", "2022-12-16", "2022-12-17", "2022-12-18", "2022-12-20", "2022-12-21", "2022-12-22", "2022-12-23", "2022-12-24", "2022-12-27", "2022-12-28", "2022-12-29", "2022-12-30", "2022-12-31" ],
  "informationsFeteEtManifestation" : {
    "typesManifestation" : [ {
      "elementReferenceType" : "FeteEtManifestationType",
      "id" : 1958
    } ],
    "categories" : [ {
      "elementReferenceType" : "FeteEtManifestationCategorie",
      "id" : 2080
    } ],
    "themes" : [ {
      "elementReferenceType" : "FeteEtManifestationTheme",
      "id" : 2206
    } ],
    "portee" : {
      "elementReferenceType" : "FeteEtManifestationPortee",
      "id" : 2352
    },
    "nomLieu" : "Mémorial des déportations"
  },
  "formatVersion" : "v002",
  "expiration" : {
    "dateExpiration" : "2022-12-31T00:00:00.000+0000",
    "expirationAction" : "MASQUER_AUTOMATIQUEMENT"
  },
  "enquete" : { },
  "donneesPrivees" : [ {
    "nomTechnique" : "1947_Id_patio",
    "libelleFr" : "Id_Patio",
    "ordre" : 1,
    "descriptif" : {
      "libelleFr" : "13EVT112368"
    }
  }, {
    "nomTechnique" : "1947_Source_patio",
    "libelleFr" : "Source_Patio",
    "ordre" : 2,
    "descriptif" : {
      "libelleFr" : "Ville de Marseille"
    }
  }, {
    "nomTechnique" : "1947_Url_patio",
    "libelleFr" : "URL_Patio",
    "ordre" : 3,
    "descriptif" : {
      "libelleFr" : "http://www.marseille.fr"
    }
  } ]
}