{
  "type" : "PATRIMOINE_CULTUREL",
  "id" : 5539366,
  "nom" : {
    "libelleFr" : "Site - Mémorial du Camp des Milles",
    "libelleEn" : "Memorial Site of Les Milles Camp",
    "libelleEs" : "Sitio Conmemorativo de Les Milles",
    "libelleIt" : "Sito del Memorial des Milles",
    "libelleDe" : "Gedenkstätte Les Milles",
    "libelleNl" : "Site Mémorial des Milles"
  },
  "identifier" : "SITRA2_PCU_5539366",
  "state" : "PUBLISHED",
  "gestion" : {
    "dateCreation" : "2020-05-27T14:56:27.771+0000",
    "dateModification" : "2022-10-04T12:49:57.717+0000",
    "dateExportModification" : "2022-11-05T10:41:02.694+0000",
    "membreProprietaire" : {
      "type" : {
        "elementReferenceType" : "MembreSitraType",
        "id" : 233
      },
      "nom" : "Office de Tourisme d'Aix en Provence",
      "dateCreation" : "2020-02-14T10:34:37.912+0000",
      "dateModification" : "2022-10-24T08:49:34.452+0000",
      "id" : 1988,
      "siteWeb" : "http://www.aixenprovencetourism.com"
    },
    "signalerUnProblemeMails" : [ "jchevalier@aixenprovencetourism.com", "sdardenne@aixenprovencetourism.com", "vmontpellaz@aixenprovencetourism.com" ]
  },
  "informations" : {
    "moyensCommunication" : [ {
      "identifiant" : 70513316,
      "type" : {
        "elementReferenceType" : "MoyenCommunicationType",
        "id" : 201
      },
      "coordonnees" : {
        "fr" : "04 42 39 17 11"
      }
    }, {
      "identifiant" : 70513318,
      "type" : {
        "elementReferenceType" : "MoyenCommunicationType",
        "id" : 204
      },
      "coordonnees" : {
        "fr" : "contact@campdesmilles.org"
      }
    }, {
      "identifiant" : 70513320,
      "type" : {
        "elementReferenceType" : "MoyenCommunicationType",
        "id" : 205
      },
      "coordonnees" : {
        "fr" : "https://www.campdesmilles.org"
      }
    }, {
      "identifiant" : 79673507,
      "type" : {
        "elementReferenceType" : "MoyenCommunicationType",
        "id" : 207
      },
      "coordonnees" : {
        "fr" : "https://www.facebook.com/Site-m%C3%A9morial-du-Camp-des-Milles-106307502863581/?fref=ts"
      }
    } ],
    "informationsLegales" : { },
    "structureGestion" : {
      "type" : "STRUCTURE",
      "id" : 5223305
    }
  },
  "presentation" : {
    "descriptifCourt" : {
      "libelleFr" : "Seul grand camp français d'internement et de déportation (1939-1942) encore intact et accessible au public, le Camp des Milles abrite aujourd'hui un important musée historique, tourné vers l'Éducation et la Culture.",
      "libelleEn" : "A large French internment and deportation camp (1939-1942) still intact and accessible to the public, the Camp des Milles now houses an important historical museum, with educational and cultural purposes.",
      "libelleEs" : "El único gran campo de internamiento y deportación francés (1939-1942) que sigue intacto y accesible al público, el Camp des Milles alberga ahora un importante museo histórico, centrado en la educación y la cultura.",
      "libelleDe" : "Als einziges großes französisches Internierungs- und Deportationslager (1939-1942), das noch intakt und für die Öffentlichkeit zugänglich ist, beherbergt das Camp des Milles heute ein bedeutendes historisches Museum, das auf Bildung und Kultur ausgerichtet ist."
    },
    "descriptifDetaille" : {
      "libelleFr" : "Un lieu unique au monde. Une visite incontournable. \r\n\r\nCe lieu est d'abord une claque que l'histoire vous envoie au visage. Mais c'est aussi l'occasion d'avancer et de grandir. Une visite au Camp des Milles vaut toutes les leçons magistrales sur l'éducation à la citoyenneté et les vertus de la démocratie, du vivre ensemble. \r\n\r\nEn s'appuyant sur l'histoire du lieu, son action est en effet destinée à renforcer la vigilance et la responsabilité de chacun, face aux racismes, à l'antisémitisme et à tous les fanatismes. \r\n\r\nLe camp des artistes : une des caractéristiques du Camp des Milles réside dans l'ampleur et la diversité de la production artistique réalisée par les internés. Plus de 400 oeuvres y ont ainsi été conçues, dont certaines sont encore visibles sur place. Ce foisonnement s'explique par la présence de nombreux artistes et intellectuels (Max Ernst, Hans Bellmer et Lion Feuchtwanger...) qui surent résister par la création à la persécution et à la déshumanisation.\r\n\r\nSite-mémorial du Camp des milles : Chaire UNESCO. Monument Historique. Un des neuf hauts lieux de mémoire français.\r\n\r\nParcours de visite de 15 000 m2. Expositions permanentes. Plus de 25 événements culturels annuels : expositions temporaires, films, débats, colloques, conférences, théâtre, musique, programmation culturelle jeune public et tous publics, forums, ateliers...\r\nDécouvrez également le nouvel espace muséographique : cette nouvelle partie du parcours permanent de visite a été élaborée en partenariat avec les Musées d'Auschwitz-Birkenau (Pologne) et de la Kaserne Dossin (Belgique). \r\n\r\nEquipements Handicap : accessible aux personnes à mobilité réduite. Des fauteuils sont disponibles gratuitement à l'accueil du site.\r\n\r\nIl est recommandé de s'habiller chaudement pour la visite en hiver, les températures pouvant varier à l'intérieur du Site-Mémorial.\r\nSurface de l'exposition permanente : 4000\r\nSurface de l'exposition temporaire : 200",
      "libelleEn" : "A unique place in the world. A must visit.\r\n\r\nTo start with, this place is like a historic slap in the face. But it is also an opportunity to go beyond and grow. A visit to the Camp des Milles is worth all authoritative lessons on civic education and the virtues of democracy and of the living together.\r\n\r\nBased on the history of the place, its action is indeed to strengthen everyone's vigilance and responsibility regarding racism, anti-Semitism and all forms of fanaticism.\r\n\r\nThe camp of artists: one of the features of the Camp des Milles lies in the breadth and diversity of the internees' artistic production. More than 400 works have been created there some are part of the site. This abundance is explained by the presence of many artists and intellectuals (Max Ernst, Hans Bellmer and Lion Feuchtwanger ...) whose survival against persecution and dehumanization depended on their creative impulses. \r\n\r\n“Camp des miles” Memorial-Site: UNESCO Chair. Historic Monument. One of the nine top French memorials.\r\n\r\n15 000 m2 visit trail. Permanent exhibitions. Over 25 annual cultural events: exhibitions, films, debates, symposia, conferences, theater, music, young audience and al public cultural programming for all ages, forums, workshops ...\r\nYou can also visit the new museum area. This new part of the permanent display has been developed in partnership with the Auschwitz-Birkenau Museum in Poland and the Kazerne Dossin in Belgium.\r\n\r\nHandicap facilities: accessible to people with reduced mobility. Chairs are available at the entrance.\r\n\r\nNote that access is free in the following locations: Serge Klarsfeld permanent national exhibition about the 11,400 Jewish children deported from France to Auschwitz, exhibition \"save the children: 1938-1945\" in partnership with the Children Relief Work (OSE) and the hall of paintings with impressive wall paintings by artists internees, the path of the deportees and the memory wagon.\r\n\r\nAccess to the Museum is very easy from the city center of Aix en Provence - line 4 next to the Tourist Office - Milles Station stop.\r\nFree parking for cars in front of the memorial.\r\n\r\nPay-guided tours are available every day (5 euros extra).\r\nHours: 10.30 am to 2.30pm\r\n\r\nGroup visit (minimum 15 people) can also be offered outside of these hours.\r\n\r\nIt is recommended to dress warmly for the visit in winter, temperatures can vary within the site Memorial.",
      "libelleEs" : "Un lugar único en el mundo. Una visita que no debe perderse. \r\n\r\nEste lugar es, en primer lugar, una bofetada a la historia. Pero también es una oportunidad para avanzar y crecer. Una visita al Camp des Milles merece todas las conferencias sobre educación ciudadana y las virtudes de la democracia y la convivencia. \r\n\r\nBasándose en la historia del lugar, su acción pretende efectivamente reforzar la vigilancia y la responsabilidad de cada uno frente al racismo, el antisemitismo y todo fanatismo. \r\n\r\nEl campo de los artistas: una de las características del Camp des Milles es la magnitud y la diversidad de la producción artística realizada por los internos. Allí se crearon más de 400 obras, algunas de las cuales aún pueden verse en el lugar. Esta abundancia se explica por la presencia de muchos artistas e intelectuales (Max Ernst, Hans Bellmer y Lion Feuchtwanger...) que fueron capaces de resistir la persecución y la deshumanización a través de sus creaciones.\r\n\r\nSitio conmemorativo del Campo de las Millas: Cátedra UNESCO. Monumento histórico. Uno de los nueve lugares conmemorativos franceses.\r\n\r\nUn sendero para visitantes de 15.000 m2. Exposiciones permanentes. Más de 25 eventos culturales al año: exposiciones temporales, películas, debates, simposios, conferencias, teatro, música, programas culturales para jóvenes y público en general, foros, talleres...\r\nDescubra también el nuevo espacio museográfico: esta nueva parte del recorrido permanente se ha desarrollado en colaboración con los museos de Auschwitz-Birkenau (Polonia) y el Kaserne Dossin (Bélgica). \r\n\r\nInstalaciones para discapacitados: accesibles para personas con movilidad reducida. Las sillas de ruedas están disponibles gratuitamente en la recepción del recinto.\r\n\r\nSe recomienda vestirse con ropa de abrigo para la visita en invierno, ya que las temperaturas pueden variar en el interior del Sitio Conmemorativo.\r\nSuperficie de la exposición permanente: 4000\r\nSuperficie de la exposición temporal: 200",
      "libelleIt" : "La Tuilerie des Milles fu l'unico campo francese d'internamento, di transito e poi di deportazione. Nell'antico refettorio dei guardiani del campo, pitture murali e opere di artisti che vi furono imprigionati. All'esterno, una carrozza dell'epoca ricorda che a partire da questi luoghi migliaia di ebrei furono deportati verso Auschwitz via Drancy. L'Association du Wagon Souvenir propone visite guidate del sito e apre, su appuntamento, la carrozza del ricordo, in cui è allestita una mostra sulla deportazione, garantendo l'accoglienza dei visitatori il mercoledì, dalle 9 alle 12 e dalle 14 alle 18, presso l'ex stazione di Les Milles. Tel/Fax:04.42.24.34.68. Il sito è aperto dal 2 gennaio al 31 dicembre, tranne i giorni festivi, dal lunedì al venerdì dalle 9 alle 12 e dalle 12.45 alle 17.",
      "libelleDe" : "Ein einzigartiger Ort auf der Welt. Ein Besuch, den man nicht verpassen darf. \r\n\r\nDieser Ort ist in erster Linie ein Schlag ins Gesicht, den die Geschichte einem verpasst. Aber er ist auch eine Gelegenheit, sich weiterzuentwickeln und zu wachsen. Ein Besuch im Camp des Milles ist alle Vorlesungen über die Erziehung zur Staatsbürgerschaft und die Tugenden der Demokratie und des Zusammenlebens wert. \r\n\r\nIndem sie sich auf die Geschichte des Ortes stützt, soll ihre Arbeit in der Tat die Wachsamkeit und Verantwortung jedes Einzelnen angesichts von Rassismus, Antisemitismus und jeglichem Fanatismus stärken. \r\n\r\nDas Lager der Künstler: Eines der Merkmale des Camp des Milles ist der Umfang und die Vielfalt der von den Internierten geschaffenen Kunstwerke. So wurden hier mehr als 400 Werke geschaffen, von denen einige noch vor Ort zu sehen sind. Diese Fülle erklärt sich durch die Anwesenheit zahlreicher Künstler und Intellektueller (Max Ernst, Hans Bellmer und Lion Feuchtwanger...), die sich durch ihr Schaffen der Verfolgung und Entmenschlichung widersetzten.\r\n\r\nGedenkstätte Camp des milles: UNESCO-Lehrstuhl. Historisches Monument. Eine der neun hohen Gedenkstätten Frankreichs.\r\n\r\nBesucherrundgang auf 15.000 m2. Dauerhafte Ausstellungen. Mehr als 25 kulturelle Veranstaltungen pro Jahr: Sonderausstellungen, Filme, Debatten, Kolloquien, Konferenzen, Theater, Musik, Kulturprogramme für junges Publikum und alle Altersgruppen, Foren, Workshops...\r\nEntdecken Sie auch den neuen Museumsbereich: Dieser neue Teil des ständigen Rundgangs wurde in Partnerschaft mit den Museen von Auschwitz-Birkenau (Polen) und der Kaserne Dossin (Belgien) ausgearbeitet. \r\n\r\nAusstattung Handicap: Für Personen mit eingeschränkter Mobilität zugänglich. Sessel sind kostenlos am Empfang der Website erhältlich.\r\n\r\nEs wird empfohlen, sich für den Besuch im Winter warm anzuziehen, da die Temperaturen innerhalb der Gedenkstätte variieren können.\r\nFläche der Dauerausstellung: 4000\r\nFläche der zeitweiligen Ausstellung: 200"
    }
  },
  "localisation" : {
    "adresse" : {
      "adresse1" : "40 Chemin De la Badesse",
      "codePostal" : "13547",
      "bureauDistribution" : "AIX EN PROVENCE",
      "commune" : {
        "id" : 4412
      }
    },
    "geolocalisation" : {
      "complement" : {
        "libelleFr" : "▶ Contrôle des flux, maximum de 10 personnes par salle ▶Distanciation de 1,5m\r\n▶ Port du masque obligatoire\r\n▶ Gel hydroalcoolique, marquage au sol, séparation à l'accueil, prise de température"
      },
      "valide" : true,
      "geoJson" : {
        "type" : "Point",
        "coordinates" : [ 5.381548, 43.503920 ]
      }
    },
    "perimetreGeographique" : [ {
      "id" : 4412
    } ],
    "environnements" : [ {
      "elementReferenceType" : "Environnement",
      "id" : 183
    }, {
      "elementReferenceType" : "Environnement",
      "id" : 3974
    } ]
  },
  "liens" : {
    "liensObjetsTouristiquesTypes" : [ {
      "type" : "SUR_PLACE",
      "libelleFr" : "Sur place",
      "libelleEn" : "On the premises",
      "libelleEs" : "In situ",
      "libelleIt" : "Sul posto",
      "libelleDe" : "Vor Ort",
      "libelleNl" : "Ter plaatse",
      "libelleRu" : "На месте",
      "libelleZh" : "堂食",
      "libellePtBR" : "No local",
      "libelleJa" : "現地で",
      "objetTouristique" : {
        "type" : "PATRIMOINE_CULTUREL",
        "id" : 5538705
      }
    }, {
      "type" : "ORGANISATEUR_VISITE",
      "libelleFr" : "Propose la visite guidée ...",
      "libelleEn" : "Proposes a guided tour entitled...",
      "libelleEs" : "Ofrece la visita guiada...",
      "libelleIt" : "Propone la visita guidata...",
      "libelleDe" : "Bietet die Führung ... an.",
      "libelleNl" : "Biedt de rondleiding ...",
      "libelleRu" : "Предлагает экскурсию",
      "libelleZh" : "提供导览参观",
      "libellePtBR" : "Propõe a visita guiada ...",
      "libelleJa" : "ガイド付きツアーを提案します",
      "objetTouristique" : {
        "type" : "FETE_ET_MANIFESTATION",
        "id" : 5834485
      }
    }, {
      "type" : "SUR_PLACE",
      "libelleFr" : "Sur place",
      "libelleEn" : "On the premises",
      "libelleEs" : "In situ",
      "libelleIt" : "Sul posto",
      "libelleDe" : "Vor Ort",
      "libelleNl" : "Ter plaatse",
      "libelleRu" : "На месте",
      "libelleZh" : "堂食",
      "libellePtBR" : "No local",
      "libelleJa" : "現地で",
      "objetTouristique" : {
        "type" : "FETE_ET_MANIFESTATION",
        "id" : 6313569
      }
    } ]
  },
  "prestations" : {
    "equipements" : [ {
      "elementReferenceType" : "PrestationEquipement",
      "id" : 1321
    } ],
    "services" : [ {
      "elementReferenceType" : "PrestationService",
      "id" : 1026
    }, {
      "elementReferenceType" : "PrestationService",
      "id" : 1190
    } ],
    "animauxAcceptes" : "NON_ACCEPTES",
    "animauxAcceptesSupplement" : "NON_DISPONIBLE",
    "activites" : [ {
      "elementReferenceType" : "PrestationActivite",
      "id" : 652
    }, {
      "elementReferenceType" : "PrestationActivite",
      "id" : 6032
    } ],
    "languesParlees" : [ {
      "elementReferenceType" : "Langue",
      "id" : 1189
    }, {
      "elementReferenceType" : "Langue",
      "id" : 1192
    }, {
      "elementReferenceType" : "Langue",
      "id" : 1194
    }, {
      "elementReferenceType" : "Langue",
      "id" : 1197
    }, {
      "elementReferenceType" : "Langue",
      "id" : 1200
    }, {
      "elementReferenceType" : "Langue",
      "id" : 4604
    } ],
    "complementAccueil" : {
      "libelleFr" : "Parking gratuit en face du site mémorial",
      "libelleEn" : "Free parking in front of the memorial site",
      "libelleEs" : "Aparcamiento gratuito frente al monumento",
      "libelleIt" : "Accessibile ai disabili",
      "libelleDe" : "Kostenlose Parkplätze vor der Gedenkstätte",
      "libelleNl" : "Toegankelijk voor mensen met een handicap"
    },
    "tourismesAdaptes" : [ {
      "elementReferenceType" : "TourismeAdapte",
      "id" : 3653
    } ],
    "typesClientele" : [ {
      "elementReferenceType" : "TypeClientele",
      "id" : 593
    } ]
  },
  "ouverture" : {
    "periodeEnClair" : {
      "libelleFr" : "Du 01/01 au 31/12, tous les jours de 10h à 19h.\nFermetures exceptionnelles les 1er janvier, 1er mai et 25 décembre.\nFermeture de la billetterie à 17h30.",
      "libelleEn" : "From 01/01 to 31/12, daily between 10 am and 7 pm.\nClosed exceptionally on January 1st, May 1st and December 25th.\nTicket office closes at 5.30 pm.",
      "libelleEs" : "Del 01/01 al 31/12, todos los dias de 10 a 19.\nSe cierra, excepcionalmente los días 1er de enero, 1er de mayo y 25 de diciembre.\nLa taquilla cierra a las 17.30 horas.",
      "libelleIt" : "Dal 01/01 al 31/12, ogni giorno dalle 10 alle 19.\nChiusura eccezionale 1° gennaio, 1° maggio e 25 dicembre.",
      "libelleDe" : "Vom 01/01 bis 31/12, täglich von 10 Uhr bis 19 Uhr.\nAusnahmsweise geschlossen am 1. Januar, 1. Mai und 25. Dezember.\nSchließung des Kartenverkaufs um 17.30 Uhr.",
      "libelleNl" : "Van 01/01 tot en met 31/12, iedere dag van 10.00 tot en met 19.00 u.\nBij uitzondering gesloten op 1 januari, 1 mei en 25 december.",
      "libelleRu" : "С 01/01 до 31/12, ежедневно с 10h до 19h.\nВ порядке исключения не работает 1 января, 1 мая и 25 декабря.",
      "libelleZh" : "从 1月1日 到 12月31日, 日常 小时小时 和 小时小时 之间.\n在 1月1日, 5月1日 和 12月25日 例外关闭.",
      "libellePtBR" : "De 01/01 a 31/12, todos os dias de 10h a  19h.\nFechamentos excepcionais em 1º de janeiro, 1º de maio e 25 de dezembro.",
      "libelleJa" : "01/01 から 31/12 まで, 毎日 10 午前 と 7 午後 の間.\n1月1日, 5月1日 と 12月25日 は特別休業."
    },
    "periodeEnClairGenerationMode" : "AUTOMATIQUE",
    "indicationsPeriode" : [ {
      "elementReferenceType" : "IndicationPeriode",
      "id" : 416
    }, {
      "elementReferenceType" : "IndicationPeriode",
      "id" : 418
    }, {
      "elementReferenceType" : "IndicationPeriode",
      "id" : 435
    }, {
      "elementReferenceType" : "IndicationPeriode",
      "id" : 436
    } ],
    "periodesOuvertures" : [ {
      "identifiant" : 19970616,
      "dateDebut" : "2022-01-01",
      "dateFin" : "2022-12-31",
      "complementHoraire" : {
        "libelleFr" : "Fermeture de la billetterie à 17h30.",
        "libelleEn" : "Ticket office closes at 5.30 pm.",
        "libelleEs" : "La taquilla cierra a las 17.30 horas.",
        "libelleDe" : "Schließung des Kartenverkaufs um 17.30 Uhr."
      },
      "horaireOuverture" : "10:00:00",
      "horaireFermeture" : "19:00:00",
      "type" : "OUVERTURE_TOUS_LES_JOURS",
      "tousLesAns" : true,
      "identifiantTechnique" : 24429169
    } ],
    "fermeturesExceptionnelles" : [ {
      "dateSpeciale" : "PREMIER_JANVIER"
    }, {
      "dateSpeciale" : "PREMIER_MAI"
    }, {
      "dateSpeciale" : "VINGT_CINQ_DECEMBRE"
    } ]
  },
  "descriptionTarif" : {
    "indicationTarif" : "PAYANT",
    "gratuit" : false,
    "tarifsEnClair" : {
      "libelleFr" : "Plein tarif : 9,50 €\nTarif réduit : 7,50 € (pour les 9-18 ans, les chômeurs, les seniors de + 65 ans, les étudiants de moins de 25 ans, les enseignants ne préparant pas de visite au Site-mémorial, et les personnes en situation de handicap)).\n\n Gratuit pour les moins de 9 ans, la presse, les enseignants.\n\nGratuité : avec le City Pass Aix-en-Provence. Sous réserve de disponibilité, avec le Pass My Provence, pour les enseignants préparant une visite au Site-mémorial, pour les anciens combattants et les bénéficiaires du RSA\r\n\r\n✘ Supplément visite guidée de l'exposition permanente : 5 euros\r\n✘ Supplément accès à l'exposition temporaire : 5 euros, gratuit si cumulé avec la visite guidée de l'exposition permanente (soit 14.50 euros).\r\n✘ Pass familles (30 euros : 2 adultes, 2 enfants hors visites guidées)\r\n✘ Possibilité de \"Pass médiation\". Se renseigner à l'accueil du Site-mémorial\r\n✘ Tarif adapté pour les groupes à partir de 15 personnes et sur réservation.\r\n\r\nAccès libre aux espaces suivants :\r\n- Exposition permanente en extérieur : Des Milles à Auschwitz - l'engrenage vers l'abîme\r\n- La salle des peintures laissées par les internés\r\n- L'exposition nationale permanente de Serge et Beate Klarsfeld sur les enfants juifs déportés de France\r\n- L'Exposition permanente sur les enfants sauvés (OSE)\r\n- La Salle d'exposition temporaire où sera inaugurée une nouvelle exposition : L'Allemagne d'après : Portrait d'une génération, par Sybille Narbutt\r\n- L'accès au Wagon du souvenir et à l'Allée des Justes.",
      "libelleEn" : "Full price: 9.50 €\nReduced price: 7.50 €.\n\n Free entry for children < 9 years, press, teachers.\n\n✘ guided tour of the permanent exhibition : extra charge\r\n✘ access to the temporary exhibition 5 euros (extra charge), free if combined with the guided tour of the permanent exhibition (14.50 euros).\r\n✘ family passes (30 euros: 2 adults, 2 children except guided tours) - Possibility of \"Pass mediation\". Check the Memorial Site homepage.\r\n✘ Group rate\r\n✘ Free for children under 9 years old, veterans, social minima beneficiaries, guide speakers, ICOM card, teachers preparing for a visit, and members of the Wagon Memorial Association.\r\n\r\n✘ Free access with the City Pass Aix-en-Provence. Subject to availability.\r\n\r\nFree access to :\r\nSerge Klarsfeld permanent exhibition\r\npainting room\r\npath of the deported\r\na wagon of remembrance.",
      "libelleEs" : "Tarifa completa: 9,50 €\nPrecio reducido: 7,50 €.\n\n Gratuito para los niños menores de 9 años, La prensa, los profesores.",
      "libelleIt" : "Tarrifa intera: 9,50 €\nPrezzo ridotto: 7,50 €.\n\n Gratuito per i bambini di età inferiore a 9 anni, giornalista, insegnanti.",
      "libelleDe" : "Voller Preis: 9,50 €\nReduzierter Preis: 7,50 €.\n\n Kostenlos für Kinder unter 9 Jahren, die Presse, Lehrer.",
      "libelleNl" : "Vol tarief: € 9,50\nKorting: € 7,50.\n\n Gratis voor kinderen onder de 9 jaar, pers, leraren.",
      "libelleRu" : "Полную цену : 9,50 €\nСниженная цена : 7,50 €.\n\n Бесплатно для лицам младше 9 лет, пресса, преподаватели.",
      "libelleZh" : "全额 : 9.50 €\n减价 : 7.50 €.\n\n 儿童 < 9 岁, 新闻工作者, 教师自由进入.",
      "libellePtBR" : "Tarifa inteira: 9,50 €\nPreço reduzido: 7,50 €.\n\n Gratuito para menores de 9 anos, pressione, os professores.",
      "libelleJa" : "通常料金: 9.50 €\n割引料金: 7.50 €.\n\n 子供 < 9 歳, 新聞社, 教師 は入場無料."
    },
    "tarifsEnClairGenerationMode" : "AUTOMATIQUE",
    "complement" : {
      "libelleFr" : "Gratuité : avec le City Pass Aix-en-Provence. Sous réserve de disponibilité, avec le Pass My Provence, pour les enseignants préparant une visite au Site-mémorial, pour les anciens combattants et les bénéficiaires du RSA\r\n\r\n✘ Supplément visite guidée de l'exposition permanente : 5 euros\r\n✘ Supplément accès à l'exposition temporaire : 5 euros, gratuit si cumulé avec la visite guidée de l'exposition permanente (soit 14.50 euros).\r\n✘ Pass familles (30 euros : 2 adultes, 2 enfants hors visites guidées)\r\n✘ Possibilité de \"Pass médiation\". Se renseigner à l'accueil du Site-mémorial\r\n✘ Tarif adapté pour les groupes à partir de 15 personnes et sur réservation.\r\n\r\nAccès libre aux espaces suivants :\r\n- Exposition permanente en extérieur : Des Milles à Auschwitz - l'engrenage vers l'abîme\r\n- La salle des peintures laissées par les internés\r\n- L'exposition nationale permanente de Serge et Beate Klarsfeld sur les enfants juifs déportés de France\r\n- L'Exposition permanente sur les enfants sauvés (OSE)\r\n- La Salle d'exposition temporaire où sera inaugurée une nouvelle exposition : L'Allemagne d'après : Portrait d'une génération, par Sybille Narbutt\r\n- L'accès au Wagon du souvenir et à l'Allée des Justes.",
      "libelleEn" : "✘ guided tour of the permanent exhibition : extra charge\r\n✘ access to the temporary exhibition 5 euros (extra charge), free if combined with the guided tour of the permanent exhibition (14.50 euros).\r\n✘ family passes (30 euros: 2 adults, 2 children except guided tours) - Possibility of \"Pass mediation\". Check the Memorial Site homepage.\r\n✘ Group rate\r\n✘ Free for children under 9 years old, veterans, social minima beneficiaries, guide speakers, ICOM card, teachers preparing for a visit, and members of the Wagon Memorial Association.\r\n\r\n✘ Free access with the City Pass Aix-en-Provence. Subject to availability.\r\n\r\nFree access to :\r\nSerge Klarsfeld permanent exhibition\r\npainting room\r\npath of the deported\r\na wagon of remembrance"
    },
    "periodes" : [ {
      "identifiant" : 11710768,
      "dateDebut" : "2022-01-01",
      "dateFin" : "2022-12-31",
      "tarifs" : [ {
        "devise" : "EUR",
        "minimum" : 9.50,
        "maximum" : 9.50,
        "type" : {
          "elementReferenceType" : "TarifType",
          "id" : 5250
        }
      }, {
        "devise" : "EUR",
        "minimum" : 7.50,
        "maximum" : 7.50,
        "precisionTarif" : {
          "libelleFr" : "pour les 9-18 ans, les chômeurs, les seniors de + 65 ans, les étudiants de moins de 25 ans, les enseignants ne préparant pas de visite au Site-mémorial, et les personnes en situation de handicap)"
        },
        "type" : {
          "elementReferenceType" : "TarifType",
          "id" : 5251
        }
      } ]
    } ],
    "devise" : "EUR",
    "conditions" : {
      "conditionsGratuite" : [ {
        "elementReferenceType" : "ConditionGratuite",
        "id" : 4250
      }, {
        "elementReferenceType" : "ConditionGratuite",
        "id" : 5076
      } ],
      "gratuitPourLesMoinsDe" : 9
    }
  },
  "reservation" : {
    "organismes" : [ {
      "identifiant" : 6834762,
      "nom" : "Office de Tourisme d'Aix-en-Provence",
      "type" : {
        "elementReferenceType" : "ReservationType",
        "id" : 473
      },
      "moyensCommunication" : [ {
        "identifiant" : 103852489,
        "type" : {
          "elementReferenceType" : "MoyenCommunicationType",
          "id" : 205
        },
        "coordonnees" : {
          "fr" : "https://reservation.aixenprovencetourism.com/reserver-camp-des-milles.html"
        }
      } ],
      "locked" : false
    } ]
  },
  "criteresInternes" : [ {
    "id" : 16646
  }, {
    "id" : 16775
  }, {
    "id" : 18002
  }, {
    "id" : 23500
  }, {
    "id" : 23526
  } ],
  "contacts" : [ {
    "identifiant" : 17643980,
    "referent" : true,
    "civilite" : {
      "elementReferenceType" : "ContactCivilite",
      "id" : 443
    },
    "nom" : "CHOURAQUI",
    "prenom" : "Alain",
    "fonction" : {
      "elementReferenceType" : "ContactFonction",
      "id" : 460
    }
  }, {
    "identifiant" : 18293971,
    "referent" : false,
    "civilite" : {
      "elementReferenceType" : "ContactCivilite",
      "id" : 442
    },
    "nom" : "Gamichon",
    "prenom" : "Louise",
    "fonction" : {
      "elementReferenceType" : "ContactFonction",
      "id" : 4196
    },
    "autresFonctions" : [ {
      "elementReferenceType" : "ContactFonction",
      "id" : 467
    } ],
    "moyensCommunication" : [ {
      "identifiant" : 83562155,
      "type" : {
        "elementReferenceType" : "MoyenCommunicationType",
        "id" : 201
      },
      "coordonnees" : {
        "fr" : "04 42 39 17 11"
      }
    } ]
  } ],
  "illustrations" : [ {
    "identifiant" : 9035761,
    "link" : false,
    "type" : "IMAGE",
    "nom" : {
      "libelleFr" : "13T2000183_1_HD.jpg"
    },
    "copyright" : {
      "libelleFr" : "CPA"
    },
    "traductionFichiers" : [ {
      "locale" : "fr",
      "url" : "https://static.apidae-tourisme.com/filestore/objets-touristiques/images/203/80/8802507.jpg",
      "urlListe" : "https://static.apidae-tourisme.com/filestore/objets-touristiques/images/203/80/8802507-liste.jpg",
      "urlFiche" : "https://static.apidae-tourisme.com/filestore/objets-touristiques/images/203/80/8802507-fiche.jpg",
      "urlDiaporama" : "https://static.apidae-tourisme.com/filestore/objets-touristiques/images/203/80/8802507-diaporama.jpg",
      "extension" : "jpg",
      "fileName" : "full",
      "taille" : 894025,
      "hauteur" : 1440,
      "largeur" : 1920,
      "lastModifiedDate" : "2020-11-10T05:11:58.000+0000"
    } ],
    "locked" : false
  }, {
    "identifiant" : 9035762,
    "link" : false,
    "type" : "IMAGE",
    "nom" : {
      "libelleFr" : "13T2000183_2_HD.jpg"
    },
    "copyright" : {
      "libelleFr" : "CPA"
    },
    "traductionFichiers" : [ {
      "locale" : "fr",
      "url" : "https://static.apidae-tourisme.com/filestore/objets-touristiques/images/204/80/8802508.jpg",
      "urlListe" : "https://static.apidae-tourisme.com/filestore/objets-touristiques/images/204/80/8802508-liste.jpg",
      "urlFiche" : "https://static.apidae-tourisme.com/filestore/objets-touristiques/images/204/80/8802508-fiche.jpg",
      "urlDiaporama" : "https://static.apidae-tourisme.com/filestore/objets-touristiques/images/204/80/8802508-diaporama.jpg",
      "extension" : "jpg",
      "fileName" : "full",
      "taille" : 895081,
      "hauteur" : 1440,
      "largeur" : 1920,
      "lastModifiedDate" : "2020-11-10T05:11:57.000+0000"
    } ],
    "locked" : false
  }, {
    "identifiant" : 9035763,
    "link" : false,
    "type" : "IMAGE",
    "nom" : {
      "libelleFr" : "13T2000183_3_HD.jpg"
    },
    "copyright" : {
      "libelleFr" : "Mémorial du Camp des Milles"
    },
    "traductionFichiers" : [ {
      "locale" : "fr",
      "url" : "https://static.apidae-tourisme.com/filestore/objets-touristiques/images/205/80/8802509.jpg",
      "urlListe" : "https://static.apidae-tourisme.com/filestore/objets-touristiques/images/205/80/8802509-liste.jpg",
      "urlFiche" : "https://static.apidae-tourisme.com/filestore/objets-touristiques/images/205/80/8802509-fiche.jpg",
      "urlDiaporama" : "https://static.apidae-tourisme.com/filestore/objets-touristiques/images/205/80/8802509-diaporama.jpg",
      "extension" : "jpg",
      "fileName" : "full",
      "taille" : 584103,
      "hauteur" : 1440,
      "largeur" : 1920,
      "lastModifiedDate" : "2020-11-10T05:12:00.000+0000"
    } ],
    "locked" : false
  }, {
    "identifiant" : 9035764,
    "link" : false,
    "type" : "IMAGE",
    "nom" : {
      "libelleFr" : "13T2000183_4_HD.jpg"
    },
    "copyright" : {
      "libelleFr" : "CPA"
    },
    "traductionFichiers" : [ {
      "locale" : "fr",
      "url" : "https://static.apidae-tourisme.com/filestore/objets-touristiques/images/206/80/8802510.jpg",
      "urlListe" : "https://static.apidae-tourisme.com/filestore/objets-touristiques/images/206/80/8802510-liste.jpg",
      "urlFiche" : "https://static.apidae-tourisme.com/filestore/objets-touristiques/images/206/80/8802510-fiche.jpg",
      "urlDiaporama" : "https://static.apidae-tourisme.com/filestore/objets-touristiques/images/206/80/8802510-diaporama.jpg",
      "extension" : "jpg",
      "fileName" : "full",
      "taille" : 351454,
      "hauteur" : 1440,
      "largeur" : 1920,
      "lastModifiedDate" : "2020-11-10T05:11:59.000+0000"
    } ],
    "locked" : false
  } ],
  "tourismeAffaires" : {
    "tourismeAffairesEnabled" : true,
    "sallesRestauration" : [ {
      "elementReferenceType" : "SalleRestauration",
      "id" : 1230
    } ]
  },
  "visites" : {
    "languesAudioGuide" : [ {
      "elementReferenceType" : "Langue",
      "id" : 1189
    }, {
      "elementReferenceType" : "Langue",
      "id" : 1192
    }, {
      "elementReferenceType" : "Langue",
      "id" : 1197
    } ],
    "languesPanneauInformation" : [ {
      "elementReferenceType" : "Langue",
      "id" : 1197
    } ],
    "visitable" : true
  },
  "territoires" : [ {
    "type" : "TERRITOIRE",
    "id" : 591381
  }, {
    "type" : "TERRITOIRE",
    "id" : 591419
  }, {
    "type" : "TERRITOIRE",
    "id" : 5127066
  }, {
    "type" : "TERRITOIRE",
    "id" : 5427620
  }, {
    "type" : "TERRITOIRE",
    "id" : 5427637
  }, {
    "type" : "TERRITOIRE",
    "id" : 5460325
  }, {
    "type" : "TERRITOIRE",
    "id" : 5693839
  }, {
    "type" : "TERRITOIRE",
    "id" : 5775948
  }, {
    "type" : "TERRITOIRE",
    "id" : 5853930
  } ],
  "datesOuverture" : [ "2022-11-05", "2022-11-06", "2022-11-07", "2022-11-08", "2022-11-09", "2022-11-10", "2022-11-11", "2022-11-12", "2022-11-13", "2022-11-14", "2022-11-15", "2022-11-16", "2022-11-17", "2022-11-18", "2022-11-19", "2022-11-20", "2022-11-21", "2022-11-22", "2022-11-23", "2022-11-24", "2022-11-25", "2022-11-26", "2022-11-27", "2022-11-28", "2022-11-29", "2022-11-30", "2022-12-01", "2022-12-02", "2022-12-03", "2022-12-04", "2022-12-05", "2022-12-06", "2022-12-07", "2022-12-08", "2022-12-09", "2022-12-10", "2022-12-11", "2022-12-12", "2022-12-13", "2022-12-14", "2022-12-15", "2022-12-16", "2022-12-17", "2022-12-18", "2022-12-19", "2022-12-20", "2022-12-21", "2022-12-22", "2022-12-23", "2022-12-24", "2022-12-26", "2022-12-27", "2022-12-28", "2022-12-29", "2022-12-30", "2022-12-31", "2023-01-02", "2023-01-03", "2023-01-04", "2023-01-05", "2023-01-06", "2023-01-07", "2023-01-08", "2023-01-09", "2023-01-10", "2023-01-11", "2023-01-12", "2023-01-13", "2023-01-14", "2023-01-15", "2023-01-16", "2023-01-17", "2023-01-18", "2023-01-19", "2023-01-20", "2023-01-21", "2023-01-22", "2023-01-23", "2023-01-24", "2023-01-25", "2023-01-26", "2023-01-27", "2023-01-28", "2023-01-29", "2023-01-30", "2023-01-31", "2023-02-01", "2023-02-02", "2023-02-03", "2023-02-04", "2023-02-05", "2023-02-06", "2023-02-07", "2023-02-08", "2023-02-09", "2023-02-10", "2023-02-11", "2023-02-12", "2023-02-13", "2023-02-14", "2023-02-15", "2023-02-16", "2023-02-17", "2023-02-18", "2023-02-19", "2023-02-20", "2023-02-21", "2023-02-22", "2023-02-23", "2023-02-24", "2023-02-25", "2023-02-26", "2023-02-27", "2023-02-28", "2023-03-01", "2023-03-02", "2023-03-03", "2023-03-04", "2023-03-05", "2023-03-06", "2023-03-07", "2023-03-08", "2023-03-09", "2023-03-10", "2023-03-11", "2023-03-12", "2023-03-13", "2023-03-14", "2023-03-15", "2023-03-16", "2023-03-17", "2023-03-18", "2023-03-19", "2023-03-20", "2023-03-21", "2023-03-22", "2023-03-23", "2023-03-24", "2023-03-25", "2023-03-26", "2023-03-27", "2023-03-28", "2023-03-29", "2023-03-30", "2023-03-31", "2023-04-01", "2023-04-02", "2023-04-03", "2023-04-04", "2023-04-05", "2023-04-06", "2023-04-07", "2023-04-08", "2023-04-09", "2023-04-10", "2023-04-11", "2023-04-12", "2023-04-13", "2023-04-14", "2023-04-15", "2023-04-16", "2023-04-17", "2023-04-18", "2023-04-19", "2023-04-20", "2023-04-21", "2023-04-22", "2023-04-23", "2023-04-24", "2023-04-25", "2023-04-26", "2023-04-27", "2023-04-28", "2023-04-29", "2023-04-30", "2023-05-02", "2023-05-03", "2023-05-04", "2023-05-05", "2023-05-06", "2023-05-07", "2023-05-08", "2023-05-09", "2023-05-10", "2023-05-11", "2023-05-12", "2023-05-13", "2023-05-14", "2023-05-15", "2023-05-16", "2023-05-17", "2023-05-18", "2023-05-19", "2023-05-20", "2023-05-21", "2023-05-22", "2023-05-23", "2023-05-24", "2023-05-25", "2023-05-26", "2023-05-27", "2023-05-28", "2023-05-29", "2023-05-30", "2023-05-31", "2023-06-01", "2023-06-02", "2023-06-03", "2023-06-04", "2023-06-05", "2023-06-06", "2023-06-07", "2023-06-08", "2023-06-09", "2023-06-10", "2023-06-11", "2023-06-12", "2023-06-13", "2023-06-14", "2023-06-15", "2023-06-16", "2023-06-17", "2023-06-18", "2023-06-19", "2023-06-20", "2023-06-21", "2023-06-22", "2023-06-23", "2023-06-24", "2023-06-25", "2023-06-26", "2023-06-27", "2023-06-28", "2023-06-29", "2023-06-30", "2023-07-01", "2023-07-02", "2023-07-03", "2023-07-04", "2023-07-05", "2023-07-06", "2023-07-07", "2023-07-08", "2023-07-09", "2023-07-10", "2023-07-11", "2023-07-12", "2023-07-13", "2023-07-14", "2023-07-15", "2023-07-16", "2023-07-17", "2023-07-18", "2023-07-19", "2023-07-20", "2023-07-21", "2023-07-22", "2023-07-23", "2023-07-24", "2023-07-25", "2023-07-26", "2023-07-27", "2023-07-28", "2023-07-29", "2023-07-30", "2023-07-31", "2023-08-01", "2023-08-02", "2023-08-03", "2023-08-04", "2023-08-05", "2023-08-06", "2023-08-07", "2023-08-08", "2023-08-09", "2023-08-10", "2023-08-11", "2023-08-12", "2023-08-13", "2023-08-14", "2023-08-15", "2023-08-16", "2023-08-17", "2023-08-18", "2023-08-19", "2023-08-20", "2023-08-21", "2023-08-22", "2023-08-23", "2023-08-24", "2023-08-25", "2023-08-26", "2023-08-27", "2023-08-28", "2023-08-29", "2023-08-30", "2023-08-31", "2023-09-01", "2023-09-02", "2023-09-03", "2023-09-04", "2023-09-05", "2023-09-06", "2023-09-07", "2023-09-08", "2023-09-09", "2023-09-10", "2023-09-11", "2023-09-12", "2023-09-13", "2023-09-14", "2023-09-15", "2023-09-16", "2023-09-17", "2023-09-18", "2023-09-19", "2023-09-20", "2023-09-21", "2023-09-22", "2023-09-23", "2023-09-24", "2023-09-25", "2023-09-26", "2023-09-27", "2023-09-28", "2023-09-29", "2023-09-30", "2023-10-01", "2023-10-02", "2023-10-03", "2023-10-04", "2023-10-05", "2023-10-06", "2023-10-07", "2023-10-08", "2023-10-09", "2023-10-10", "2023-10-11", "2023-10-12", "2023-10-13", "2023-10-14", "2023-10-15", "2023-10-16", "2023-10-17", "2023-10-18", "2023-10-19", "2023-10-20", "2023-10-21", "2023-10-22", "2023-10-23", "2023-10-24", "2023-10-25", "2023-10-26", "2023-10-27", "2023-10-28", "2023-10-29", "2023-10-30", "2023-10-31", "2023-11-01", "2023-11-02", "2023-11-03", "2023-11-04", "2023-11-05", "2023-11-06", "2023-11-07", "2023-11-08", "2023-11-09", "2023-11-10", "2023-11-11", "2023-11-12", "2023-11-13", "2023-11-14", "2023-11-15", "2023-11-16", "2023-11-17", "2023-11-18", "2023-11-19", "2023-11-20", "2023-11-21", "2023-11-22", "2023-11-23", "2023-11-24", "2023-11-25", "2023-11-26", "2023-11-27", "2023-11-28", "2023-11-29", "2023-11-30", "2023-12-01", "2023-12-02", "2023-12-03", "2023-12-04", "2023-12-05", "2023-12-06", "2023-12-07", "2023-12-08", "2023-12-09", "2023-12-10", "2023-12-11", "2023-12-12", "2023-12-13", "2023-12-14", "2023-12-15", "2023-12-16", "2023-12-17", "2023-12-18", "2023-12-19", "2023-12-20", "2023-12-21", "2023-12-22", "2023-12-23", "2023-12-24", "2023-12-26", "2023-12-27", "2023-12-28", "2023-12-29", "2023-12-30", "2023-12-31", "2024-01-02", "2024-01-03", "2024-01-04", "2024-01-05", "2024-01-06", "2024-01-07", "2024-01-08", "2024-01-09", "2024-01-10", "2024-01-11", "2024-01-12", "2024-01-13", "2024-01-14", "2024-01-15", "2024-01-16", "2024-01-17", "2024-01-18", "2024-01-19", "2024-01-20", "2024-01-21", "2024-01-22", "2024-01-23", "2024-01-24", "2024-01-25", "2024-01-26", "2024-01-27", "2024-01-28", "2024-01-29", "2024-01-30", "2024-01-31", "2024-02-01", "2024-02-02", "2024-02-03", "2024-02-04", "2024-02-05", "2024-02-06", "2024-02-07", "2024-02-08", "2024-02-09", "2024-02-10", "2024-02-11", "2024-02-12", "2024-02-13", "2024-02-14", "2024-02-15", "2024-02-16", "2024-02-17", "2024-02-18", "2024-02-19", "2024-02-20", "2024-02-21", "2024-02-22", "2024-02-23", "2024-02-24", "2024-02-25", "2024-02-26", "2024-02-27", "2024-02-28", "2024-02-29", "2024-03-01", "2024-03-02", "2024-03-03", "2024-03-04", "2024-03-05", "2024-03-06", "2024-03-07", "2024-03-08", "2024-03-09", "2024-03-10", "2024-03-11", "2024-03-12", "2024-03-13", "2024-03-14", "2024-03-15", "2024-03-16", "2024-03-17", "2024-03-18", "2024-03-19", "2024-03-20", "2024-03-21", "2024-03-22", "2024-03-23", "2024-03-24", "2024-03-25", "2024-03-26", "2024-03-27", "2024-03-28", "2024-03-29", "2024-03-30", "2024-03-31", "2024-04-01", "2024-04-02", "2024-04-03", "2024-04-04", "2024-04-05", "2024-04-06", "2024-04-07", "2024-04-08", "2024-04-09", "2024-04-10", "2024-04-11", "2024-04-12", "2024-04-13", "2024-04-14", "2024-04-15", "2024-04-16", "2024-04-17", "2024-04-18", "2024-04-19", "2024-04-20", "2024-04-21", "2024-04-22", "2024-04-23", "2024-04-24", "2024-04-25", "2024-04-26", "2024-04-27", "2024-04-28", "2024-04-29", "2024-04-30", "2024-05-02", "2024-05-03", "2024-05-04", "2024-05-05", "2024-05-06", "2024-05-07", "2024-05-08", "2024-05-09", "2024-05-10", "2024-05-11", "2024-05-12", "2024-05-13", "2024-05-14", "2024-05-15", "2024-05-16", "2024-05-17", "2024-05-18", "2024-05-19", "2024-05-20", "2024-05-21", "2024-05-22", "2024-05-23", "2024-05-24", "2024-05-25", "2024-05-26", "2024-05-27", "2024-05-28", "2024-05-29", "2024-05-30", "2024-05-31", "2024-06-01", "2024-06-02", "2024-06-03", "2024-06-04", "2024-06-05", "2024-06-06", "2024-06-07", "2024-06-08", "2024-06-09", "2024-06-10", "2024-06-11", "2024-06-12", "2024-06-13", "2024-06-14", "2024-06-15", "2024-06-16", "2024-06-17", "2024-06-18", "2024-06-19", "2024-06-20", "2024-06-21", "2024-06-22", "2024-06-23", "2024-06-24", "2024-06-25", "2024-06-26", "2024-06-27", "2024-06-28", "2024-06-29", "2024-06-30", "2024-07-01", "2024-07-02", "2024-07-03", "2024-07-04", "2024-07-05", "2024-07-06", "2024-07-07", "2024-07-08", "2024-07-09", "2024-07-10", "2024-07-11", "2024-07-12", "2024-07-13", "2024-07-14", "2024-07-15", "2024-07-16", "2024-07-17", "2024-07-18", "2024-07-19", "2024-07-20", "2024-07-21", "2024-07-22", "2024-07-23", "2024-07-24", "2024-07-25", "2024-07-26", "2024-07-27", "2024-07-28", "2024-07-29", "2024-07-30", "2024-07-31", "2024-08-01", "2024-08-02", "2024-08-03", "2024-08-04", "2024-08-05", "2024-08-06", "2024-08-07", "2024-08-08", "2024-08-09", "2024-08-10", "2024-08-11", "2024-08-12", "2024-08-13", "2024-08-14", "2024-08-15", "2024-08-16", "2024-08-17", "2024-08-18", "2024-08-19", "2024-08-20", "2024-08-21", "2024-08-22", "2024-08-23", "2024-08-24", "2024-08-25", "2024-08-26", "2024-08-27", "2024-08-28", "2024-08-29", "2024-08-30", "2024-08-31", "2024-09-01", "2024-09-02", "2024-09-03", "2024-09-04", "2024-09-05", "2024-09-06", "2024-09-07", "2024-09-08", "2024-09-09", "2024-09-10", "2024-09-11", "2024-09-12", "2024-09-13", "2024-09-14", "2024-09-15", "2024-09-16", "2024-09-17", "2024-09-18", "2024-09-19", "2024-09-20", "2024-09-21", "2024-09-22", "2024-09-23", "2024-09-24", "2024-09-25", "2024-09-26", "2024-09-27", "2024-09-28", "2024-09-29", "2024-09-30", "2024-10-01", "2024-10-02", "2024-10-03", "2024-10-04", "2024-10-05", "2024-10-06", "2024-10-07", "2024-10-08", "2024-10-09", "2024-10-10", "2024-10-11", "2024-10-12", "2024-10-13", "2024-10-14", "2024-10-15", "2024-10-16", "2024-10-17", "2024-10-18", "2024-10-19", "2024-10-20", "2024-10-21", "2024-10-22", "2024-10-23", "2024-10-24", "2024-10-25", "2024-10-26", "2024-10-27", "2024-10-28", "2024-10-29", "2024-10-30", "2024-10-31", "2024-11-01", "2024-11-02", "2024-11-03", "2024-11-04" ],
  "informationsPatrimoineCulturel" : {
    "patrimoineCulturelType" : {
      "elementReferenceType" : "PatrimoineCulturelType",
      "id" : 3201
    },
    "themes" : [ {
      "elementReferenceType" : "PatrimoineCulturelTheme",
      "id" : 3419
    }, {
      "elementReferenceType" : "PatrimoineCulturelTheme",
      "id" : 3456
    } ]
  },
  "formatVersion" : "v002",
  "expiration" : { },
  "informationsPrestataireActivites" : {
    "prestataireActivites" : true,
    "activitesCulturelles" : [ {
      "elementReferenceType" : "ActiviteCulturellePrestation",
      "id" : 1803
    }, {
      "elementReferenceType" : "ActiviteCulturellePrestation",
      "id" : 1817
    }, {
      "elementReferenceType" : "ActiviteCulturellePrestation",
      "id" : 1820
    }, {
      "elementReferenceType" : "ActiviteCulturellePrestation",
      "id" : 1825
    }, {
      "elementReferenceType" : "ActiviteCulturellePrestation",
      "id" : 1836
    }, {
      "elementReferenceType" : "ActiviteCulturellePrestation",
      "id" : 1848
    }, {
      "elementReferenceType" : "ActiviteCulturellePrestation",
      "id" : 1863
    } ]
  },
  "enquete" : { },
  "donneesPrivees" : [ {
    "nomTechnique" : "1947_Id_patio",
    "libelleFr" : "Id_Patio",
    "ordre" : 1,
    "descriptif" : {
      "libelleFr" : "13T2000183"
    }
  }, {
    "nomTechnique" : "1947_Source_patio",
    "libelleFr" : "Source_Patio",
    "ordre" : 2,
    "descriptif" : {
      "libelleFr" : "OT Aix en Provence"
    }
  }, {
    "nomTechnique" : "1947_Url_patio",
    "libelleFr" : "URL_Patio",
    "ordre" : 3,
    "descriptif" : {
      "libelleFr" : "http://www.aixenprovencetourism.com"
    }
  } ],
  "metadonnees" : [ {
    "noeudId" : "fairguest",
    "contenus" : [ {
      "cible" : "general",
      "metadonnee" : {
        "note" : 9.2,
        "label" : "Excellent",
        "couleur" : "#277712",
        "nombreAvis" : 584,
        "dateMaj" : 1667642922270
      }
    } ]
  } ]
}