{
  "type" : "PATRIMOINE_CULTUREL",
  "id" : 5538964,
  "nom" : {
    "libelleFr" : "Muséum d'Histoire Naturelle",
    "libelleEn" : "Natural History Museum",
    "libelleEs" : "Museo de Historia Natural",
    "libelleIt" : "Museo di storia naturale",
    "libelleDe" : "Das Museum für Naturgeschichte",
    "libelleNl" : "Museum  d'Histoire Naturelle"
  },
  "identifier" : "SITRA2_PCU_5538964",
  "state" : "PUBLISHED",
  "gestion" : {
    "dateCreation" : "2020-05-27T10:46:13.007+0000",
    "dateModification" : "2022-05-10T14:39:20.326+0000",
    "dateExportModification" : "2022-10-17T12:22:49.577+0000",
    "membreProprietaire" : {
      "type" : {
        "elementReferenceType" : "MembreSitraType",
        "id" : 233
      },
      "nom" : "Office de Tourisme d'Aix en Provence",
      "dateCreation" : "2020-02-14T10:34:37.912+0000",
      "dateModification" : "2022-10-24T08:49:34.452+0000",
      "id" : 1988,
      "siteWeb" : "http://www.aixenprovencetourism.com"
    },
    "signalerUnProblemeMails" : [ "jchevalier@aixenprovencetourism.com", "sdardenne@aixenprovencetourism.com", "vmontpellaz@aixenprovencetourism.com" ]
  },
  "informations" : {
    "moyensCommunication" : [ {
      "identifiant" : 79654898,
      "type" : {
        "elementReferenceType" : "MoyenCommunicationType",
        "id" : 201
      },
      "coordonnees" : {
        "fr" : "04 88 71 81 81"
      }
    }, {
      "identifiant" : 79654899,
      "type" : {
        "elementReferenceType" : "MoyenCommunicationType",
        "id" : 204
      },
      "coordonnees" : {
        "fr" : "contact_museum@mairie-aixenprovence.fr"
      }
    }, {
      "identifiant" : 79654900,
      "type" : {
        "elementReferenceType" : "MoyenCommunicationType",
        "id" : 205
      },
      "coordonnees" : {
        "fr" : "https://www.aixenprovence.fr/"
      }
    }, {
      "identifiant" : 79654901,
      "type" : {
        "elementReferenceType" : "MoyenCommunicationType",
        "id" : 3755
      },
      "coordonnees" : {
        "fr" : "https://twitter.com/MuseumdAix"
      }
    } ],
    "informationsLegales" : { },
    "structureGestion" : {
      "type" : "STRUCTURE",
      "id" : 5221770
    }
  },
  "presentation" : {
    "descriptifCourt" : {
      "libelleFr" : "Connu pour son exceptionnelle collection d’œufs de dinosaures à tel point que la ville est surnommée Eggs-en-Provence par les paléontologues, le Muséum organise depuis 1994 des fouilles paléontologiques.",
      "libelleEn" : "Known for its exceptional collection of dinosaur eggs to the point that the city is nicknamed Eggs-en-Provence by paleontologists, the Museum has been organizing paleontological excavations since 1994.",
      "libelleEs" : "Conocido por su excepcional colección de huevos de dinosaurio, hasta el punto de que la ciudad recibe el apodo de Eggs-en-Provence por parte de los paleontólogos, el Museo organiza excavaciones paleontológicas desde 1994.",
      "libelleDe" : "Das Muséum ist für seine außergewöhnliche Sammlung von Dinosauriereiern so bekannt, dass die Stadt unter Paläontologen den Spitznamen Eggs-en-Provence trägt, und organisiert seit 1994 paläontologische Ausgrabungen."
    },
    "descriptifDetaille" : {
      "libelleFr" : "Depuis avril 2014, le parc Saint-Mitre abrite les services administratif et pédagogique du muséum, mais en l'absence de salles d'expositions, les collections ne sont plus visibles. Elles sont étudiées et conservées dans un autre lieu en attendant d'être à nouveau présentées au public. Les activités du Muséum restent malgré tout importantes : des ateliers pédagogiques pour les scolaires et les non scolaires, des manifestations nationales telles la Fête de la nature au mois de mai, la Fête de la science au mois d'octobre, des expositions hors les murs, des conférences tous les mois et des inventaires naturalistes.\r\nAutant d'occasions de faire connaître au plus grand nombre ce riche patrimoine qui constitue notre territoire.\r\n\r\nCréé en 1838 par l'achat d'une collection d'oiseaux, le Muséum d'Histoire Naturelle compte aujourd'hui près de 470 000 spécimens dans tous les domaines des sciences naturelles : la zoologie, la paléontologie, la botanique et la géologie, en passant par la préhistoire et l'ethnologie. Le Muséum , grâce à ses fouilles, est à l'origine de nombreuses découvertes scientifiques dont Arcovenator escotae, un grand dinosaure carnivore inconnu jusqu'ici en Europe.\r\nSurface de l'exposition permanente : 500\r\nSurface de l'exposition temporaire : 100",
      "libelleEn" : "Saint-Mitre Park has housed the museum's administrative and educational departments since April 2014 but the collections are no longer on show as there are no exhibition galleries. They are studied and stored in another site before they are put back on public display. The Museum still has much to offer: educational workshops for schools and children, national events such as the Nature Festival in May and Science Festival in October, external exhibitions, monthly conferences and naturalist inventories.\r\nThere are lots of opportunities to introduce the masses to the rich heritage that makes our region what it is.\r\n\r\nThe Natural History Museum was founded in 1838 with the purchase of a collection of birds and now has almost 470,000 specimens in all areas of natural science: zoology, palaeontology, botany, geology, prehistory and ethnology. The museum has run palaeontology digs since 1994 and is so famous for its amazing collection of dinosaur eggs that the city is nicknamed Eggs-en-Provence. It is behind countless scientific discoveries including the Arcovenator escotae, a large carnivorous dinosaur which was unknown in Europe until now.",
      "libelleEs" : "Creado en 1838, el Museo desarrolla cada año múltiples actividades de investigación, presentación de colecciones, sensibilización del público joven con respecto a la flora y la fauna (animaciones y talleres pedagógicos todo el año). Colecciones de 670.000 objetos (mineralogía, petrografía, ornitología, malacología, herbarios, etc.) con una notable colección de huevos y elementos de esqueletos de dinosaurios.",
      "libelleIt" : "Creato nel 1838, il Museo sviluppa ogni anno varie attività di ricerca, valorizzazione delle collezioni, sensibilizzazione del giovane pubblico alla flora e alla fauna (animazioni e workshop pedagogici tutto l'anno). Collezioni di 670.000 oggetti (mineralogia, petrografia, ornitologia, malacologia, erbari...) con una notevole collezione di uova e di elementi di scheletri di dinosauri. Conduzione di cantieri di scavo. Il museo è aperto tutto l'anno, dal lunedì alla domenica, dalle 10 alle 12 e dalle 13 alle 17, compresi i festivi.",
      "libelleDe" : "Das Museum wurde 1838 gegründet. Seine Aktivität umfasst  jedes Jahr zahlreichen Forschungsarbeiten, die Präsentation seiner Sammlungen sowie die Sensibilisierung des jungen Publikums für Flora und Fauna (Animationen und pädagogische Workshops das ganze Jahr über). Die Sammlungen umfassen 670 000 Stücke (Mineralogie, Petrographie, Ornithologie, Malakologie, Herbarien) mit einer einmaligen Sammlung von Dinosauriereiern und Skelettteilen von Dinosauriern. Leitung von Ausgrabungskampagnen."
    }
  },
  "localisation" : {
    "adresse" : {
      "adresse1" : "Parc Saint Mitre",
      "adresse2" : "166 Avenue Jean Monnet",
      "codePostal" : "13090",
      "bureauDistribution" : "AIX EN PROVENCE",
      "commune" : {
        "id" : 4412
      }
    },
    "geolocalisation" : {
      "valide" : true,
      "geoJson" : {
        "type" : "Point",
        "coordinates" : [ 5.425160, 43.532674 ]
      }
    },
    "perimetreGeographique" : [ {
      "id" : 4412
    } ]
  },
  "liens" : {
    "liensObjetsTouristiquesTypes" : [ {
      "type" : "SUR_PLACE",
      "libelleFr" : "Sur place",
      "libelleEn" : "On the premises",
      "libelleEs" : "In situ",
      "libelleIt" : "Sul posto",
      "libelleDe" : "Vor Ort",
      "libelleNl" : "Ter plaatse",
      "libelleRu" : "На месте",
      "libelleZh" : "堂食",
      "libellePtBR" : "No local",
      "libelleJa" : "現地で",
      "objetTouristique" : {
        "type" : "EQUIPEMENT",
        "id" : 5530697
      }
    }, {
      "type" : "SUR_PLACE",
      "libelleFr" : "Sur place",
      "libelleEn" : "On the premises",
      "libelleEs" : "In situ",
      "libelleIt" : "Sul posto",
      "libelleDe" : "Vor Ort",
      "libelleNl" : "Ter plaatse",
      "libelleRu" : "На месте",
      "libelleZh" : "堂食",
      "libellePtBR" : "No local",
      "libelleJa" : "現地で",
      "objetTouristique" : {
        "type" : "FETE_ET_MANIFESTATION",
        "id" : 6291735
      }
    } ]
  },
  "prestations" : {
    "animauxAcceptes" : "NON_DISPONIBLE",
    "animauxAcceptesSupplement" : "NON_DISPONIBLE"
  },
  "ouverture" : {
    "periodeEnClair" : {
      "libelleFr" : "Du 02/01 au 31/12, tous les jours.\nDepuis le 22 avril 2014, seuls les bureaux administratifs sont situés là, il ne dispose plus pour l’instant d’espaces d’exposition ouverts au public.",
      "libelleEn" : "From 02/01 to 31/12, daily.",
      "libelleEs" : "Del 02/01 al 31/12, todos los dias.",
      "libelleIt" : "Dal 02/01 al 31/12, ogni giorno.",
      "libelleDe" : "Vom 02/01 bis 31/12, täglich.",
      "libelleNl" : "Van 02/01 tot en met 31/12, iedere dag.",
      "libelleRu" : "С 02/01 до 31/12, ежедневно.",
      "libelleZh" : "从 1月2日 到 12月31日, 日常.",
      "libellePtBR" : "De 02/01 a 31/12, todos os dias.",
      "libelleJa" : "02/01 から 31/12 まで, 毎日."
    },
    "periodeEnClairGenerationMode" : "AUTOMATIQUE",
    "indicationsPeriode" : [ {
      "elementReferenceType" : "IndicationPeriode",
      "id" : 416
    }, {
      "elementReferenceType" : "IndicationPeriode",
      "id" : 418
    }, {
      "elementReferenceType" : "IndicationPeriode",
      "id" : 435
    }, {
      "elementReferenceType" : "IndicationPeriode",
      "id" : 436
    } ],
    "periodesOuvertures" : [ {
      "identifiant" : 20708565,
      "dateDebut" : "2022-01-02",
      "dateFin" : "2022-12-31",
      "complementHoraire" : {
        "libelleFr" : "Depuis le 22 avril 2014, seuls les bureaux administratifs sont situés là, il ne dispose plus pour l’instant d’espaces d’exposition ouverts au public."
      },
      "type" : "OUVERTURE_TOUS_LES_JOURS",
      "tousLesAns" : true,
      "identifiantTechnique" : 23304203
    } ]
  },
  "descriptionTarif" : {
    "indicationTarif" : "PAYANT",
    "gratuit" : false,
    "tarifsEnClair" : { },
    "tarifsEnClairGenerationMode" : "AUTOMATIQUE",
    "devise" : "EUR",
    "conditions" : { }
  },
  "reservation" : { },
  "criteresInternes" : [ {
    "id" : 16775
  }, {
    "id" : 18002
  } ],
  "contacts" : [ {
    "identifiant" : 17641070,
    "referent" : true,
    "civilite" : {
      "elementReferenceType" : "ContactCivilite",
      "id" : 443
    },
    "nom" : "CHEYLAN",
    "prenom" : "Gilles",
    "fonction" : {
      "elementReferenceType" : "ContactFonction",
      "id" : 6026
    },
    "moyensCommunication" : [ {
      "identifiant" : 82644850,
      "type" : {
        "elementReferenceType" : "MoyenCommunicationType",
        "id" : 201
      },
      "coordonnees" : {
        "fr" : "04 42 27 91 27"
      }
    } ]
  } ],
  "illustrations" : [ {
    "identifiant" : 8703447,
    "link" : false,
    "type" : "IMAGE",
    "nom" : {
      "libelleFr" : "13T2000655_1_HD.jpg"
    },
    "copyright" : {
      "libelleFr" : "Muséum d'Histoire Naturelle"
    },
    "traductionFichiers" : [ {
      "locale" : "fr",
      "url" : "https://static.apidae-tourisme.com/filestore/objets-touristiques/images/192/41/8464832.jpg",
      "urlListe" : "https://static.apidae-tourisme.com/filestore/objets-touristiques/images/192/41/8464832-liste.jpg",
      "urlFiche" : "https://static.apidae-tourisme.com/filestore/objets-touristiques/images/192/41/8464832-fiche.jpg",
      "urlDiaporama" : "https://static.apidae-tourisme.com/filestore/objets-touristiques/images/192/41/8464832-diaporama.jpg",
      "extension" : "jpg",
      "fileName" : "full",
      "taille" : 1210223,
      "hauteur" : 1440,
      "largeur" : 1920,
      "lastModifiedDate" : "2020-09-02T09:56:57.000+0000"
    } ],
    "locked" : false
  }, {
    "identifiant" : 8703449,
    "link" : false,
    "type" : "IMAGE",
    "nom" : {
      "libelleFr" : "13T2000655_3_HD.jpg"
    },
    "copyright" : {
      "libelleFr" : "Muséum d'Histoire Naturelle"
    },
    "traductionFichiers" : [ {
      "locale" : "fr",
      "url" : "https://static.apidae-tourisme.com/filestore/objets-touristiques/images/194/41/8464834.jpg",
      "urlListe" : "https://static.apidae-tourisme.com/filestore/objets-touristiques/images/194/41/8464834-liste.jpg",
      "urlFiche" : "https://static.apidae-tourisme.com/filestore/objets-touristiques/images/194/41/8464834-fiche.jpg",
      "urlDiaporama" : "https://static.apidae-tourisme.com/filestore/objets-touristiques/images/194/41/8464834-diaporama.jpg",
      "extension" : "jpg",
      "fileName" : "full",
      "taille" : 505378,
      "hauteur" : 1440,
      "largeur" : 1920,
      "lastModifiedDate" : "2020-09-02T09:56:58.000+0000"
    } ],
    "locked" : false
  }, {
    "identifiant" : 8703450,
    "link" : false,
    "type" : "IMAGE",
    "nom" : {
      "libelleFr" : "13T2000655_4_HD.jpg"
    },
    "copyright" : {
      "libelleFr" : "Muséum d'Histoire Naturelle"
    },
    "traductionFichiers" : [ {
      "locale" : "fr",
      "url" : "https://static.apidae-tourisme.com/filestore/objets-touristiques/images/195/41/8464835.jpg",
      "urlListe" : "https://static.apidae-tourisme.com/filestore/objets-touristiques/images/195/41/8464835-liste.jpg",
      "urlFiche" : "https://static.apidae-tourisme.com/filestore/objets-touristiques/images/195/41/8464835-fiche.jpg",
      "urlDiaporama" : "https://static.apidae-tourisme.com/filestore/objets-touristiques/images/195/41/8464835-diaporama.jpg",
      "extension" : "jpg",
      "fileName" : "full",
      "taille" : 1273844,
      "hauteur" : 1440,
      "largeur" : 1920,
      "lastModifiedDate" : "2020-09-02T09:56:59.000+0000"
    } ],
    "locked" : false
  }, {
    "identifiant" : 8703451,
    "link" : false,
    "type" : "IMAGE",
    "nom" : {
      "libelleFr" : "13T2000655_5_HD.jpg"
    },
    "copyright" : {
      "libelleFr" : "Muséum d'Histoire Naturelle"
    },
    "traductionFichiers" : [ {
      "locale" : "fr",
      "url" : "https://static.apidae-tourisme.com/filestore/objets-touristiques/images/196/41/8464836.jpg",
      "urlListe" : "https://static.apidae-tourisme.com/filestore/objets-touristiques/images/196/41/8464836-liste.jpg",
      "urlFiche" : "https://static.apidae-tourisme.com/filestore/objets-touristiques/images/196/41/8464836-fiche.jpg",
      "urlDiaporama" : "https://static.apidae-tourisme.com/filestore/objets-touristiques/images/196/41/8464836-diaporama.jpg",
      "extension" : "jpg",
      "fileName" : "full",
      "taille" : 560807,
      "hauteur" : 1440,
      "largeur" : 1920,
      "lastModifiedDate" : "2020-09-02T09:56:54.000+0000"
    } ],
    "locked" : false
  }, {
    "identifiant" : 8703452,
    "link" : false,
    "type" : "IMAGE",
    "nom" : {
      "libelleFr" : "13T2000655_6_HD.jpg"
    },
    "copyright" : {
      "libelleFr" : "Muséum d'Histoire Naturelle"
    },
    "traductionFichiers" : [ {
      "locale" : "fr",
      "url" : "https://static.apidae-tourisme.com/filestore/objets-touristiques/images/197/41/8464837.jpg",
      "urlListe" : "https://static.apidae-tourisme.com/filestore/objets-touristiques/images/197/41/8464837-liste.jpg",
      "urlFiche" : "https://static.apidae-tourisme.com/filestore/objets-touristiques/images/197/41/8464837-fiche.jpg",
      "urlDiaporama" : "https://static.apidae-tourisme.com/filestore/objets-touristiques/images/197/41/8464837-diaporama.jpg",
      "extension" : "jpg",
      "fileName" : "full",
      "taille" : 434151,
      "hauteur" : 1440,
      "largeur" : 1920,
      "lastModifiedDate" : "2020-09-02T09:56:54.000+0000"
    } ],
    "locked" : false
  }, {
    "identifiant" : 8703453,
    "link" : false,
    "type" : "IMAGE",
    "nom" : {
      "libelleFr" : "13T2000655_7_HD.jpg"
    },
    "copyright" : {
      "libelleFr" : "Muséum d'Histoire Naturelle"
    },
    "traductionFichiers" : [ {
      "locale" : "fr",
      "url" : "https://static.apidae-tourisme.com/filestore/objets-touristiques/images/198/41/8464838.jpg",
      "urlListe" : "https://static.apidae-tourisme.com/filestore/objets-touristiques/images/198/41/8464838-liste.jpg",
      "urlFiche" : "https://static.apidae-tourisme.com/filestore/objets-touristiques/images/198/41/8464838-fiche.jpg",
      "urlDiaporama" : "https://static.apidae-tourisme.com/filestore/objets-touristiques/images/198/41/8464838-diaporama.jpg",
      "extension" : "jpg",
      "fileName" : "full",
      "taille" : 707488,
      "hauteur" : 1440,
      "largeur" : 1920,
      "lastModifiedDate" : "2020-09-02T09:56:55.000+0000"
    } ],
    "locked" : false
  }, {
    "identifiant" : 8703454,
    "link" : false,
    "type" : "IMAGE",
    "nom" : {
      "libelleFr" : "13T2000655_8_HD.jpg"
    },
    "copyright" : {
      "libelleFr" : "Muséum d'Histoire Naturelle"
    },
    "traductionFichiers" : [ {
      "locale" : "fr",
      "url" : "https://static.apidae-tourisme.com/filestore/objets-touristiques/images/199/41/8464839.jpg",
      "urlListe" : "https://static.apidae-tourisme.com/filestore/objets-touristiques/images/199/41/8464839-liste.jpg",
      "urlFiche" : "https://static.apidae-tourisme.com/filestore/objets-touristiques/images/199/41/8464839-fiche.jpg",
      "urlDiaporama" : "https://static.apidae-tourisme.com/filestore/objets-touristiques/images/199/41/8464839-diaporama.jpg",
      "extension" : "jpg",
      "fileName" : "full",
      "taille" : 1168765,
      "hauteur" : 1440,
      "largeur" : 1920,
      "lastModifiedDate" : "2020-09-02T09:56:56.000+0000"
    } ],
    "locked" : false
  } ],
  "tourismeAffaires" : {
    "tourismeAffairesEnabled" : true,
    "nombreSallesReunionEquipees" : 6,
    "capaciteMaxAccueil" : 300
  },
  "visites" : {
    "visitable" : false
  },
  "territoires" : [ {
    "type" : "TERRITOIRE",
    "id" : 591381
  }, {
    "type" : "TERRITOIRE",
    "id" : 591419
  }, {
    "type" : "TERRITOIRE",
    "id" : 5127066
  }, {
    "type" : "TERRITOIRE",
    "id" : 5427620
  }, {
    "type" : "TERRITOIRE",
    "id" : 5427637
  }, {
    "type" : "TERRITOIRE",
    "id" : 5460325
  }, {
    "type" : "TERRITOIRE",
    "id" : 5693839
  }, {
    "type" : "TERRITOIRE",
    "id" : 5775948
  }, {
    "type" : "TERRITOIRE",
    "id" : 5853930
  } ],
  "datesOuverture" : [ "2022-10-17", "2022-10-18", "2022-10-19", "2022-10-20", "2022-10-21", "2022-10-22", "2022-10-23", "2022-10-24", "2022-10-25", "2022-10-26", "2022-10-27", "2022-10-28", "2022-10-29", "2022-10-30", "2022-10-31", "2022-11-01", "2022-11-02", "2022-11-03", "2022-11-04", "2022-11-05", "2022-11-06", "2022-11-07", "2022-11-08", "2022-11-09", "2022-11-10", "2022-11-11", "2022-11-12", "2022-11-13", "2022-11-14", "2022-11-15", "2022-11-16", "2022-11-17", "2022-11-18", "2022-11-19", "2022-11-20", "2022-11-21", "2022-11-22", "2022-11-23", "2022-11-24", "2022-11-25", "2022-11-26", "2022-11-27", "2022-11-28", "2022-11-29", "2022-11-30", "2022-12-01", "2022-12-02", "2022-12-03", "2022-12-04", "2022-12-05", "2022-12-06", "2022-12-07", "2022-12-08", "2022-12-09", "2022-12-10", "2022-12-11", "2022-12-12", "2022-12-13", "2022-12-14", "2022-12-15", "2022-12-16", "2022-12-17", "2022-12-18", "2022-12-19", "2022-12-20", "2022-12-21", "2022-12-22", "2022-12-23", "2022-12-24", "2022-12-25", "2022-12-26", "2022-12-27", "2022-12-28", "2022-12-29", "2022-12-30", "2022-12-31", "2023-01-02", "2023-01-03", "2023-01-04", "2023-01-05", "2023-01-06", "2023-01-07", "2023-01-08", "2023-01-09", "2023-01-10", "2023-01-11", "2023-01-12", "2023-01-13", "2023-01-14", "2023-01-15", "2023-01-16", "2023-01-17", "2023-01-18", "2023-01-19", "2023-01-20", "2023-01-21", "2023-01-22", "2023-01-23", "2023-01-24", "2023-01-25", "2023-01-26", "2023-01-27", "2023-01-28", "2023-01-29", "2023-01-30", "2023-01-31", "2023-02-01", "2023-02-02", "2023-02-03", "2023-02-04", "2023-02-05", "2023-02-06", "2023-02-07", "2023-02-08", "2023-02-09", "2023-02-10", "2023-02-11", "2023-02-12", "2023-02-13", "2023-02-14", "2023-02-15", "2023-02-16", "2023-02-17", "2023-02-18", "2023-02-19", "2023-02-20", "2023-02-21", "2023-02-22", "2023-02-23", "2023-02-24", "2023-02-25", "2023-02-26", "2023-02-27", "2023-02-28", "2023-03-01", "2023-03-02", "2023-03-03", "2023-03-04", "2023-03-05", "2023-03-06", "2023-03-07", "2023-03-08", "2023-03-09", "2023-03-10", "2023-03-11", "2023-03-12", "2023-03-13", "2023-03-14", "2023-03-15", "2023-03-16", "2023-03-17", "2023-03-18", "2023-03-19", "2023-03-20", "2023-03-21", "2023-03-22", "2023-03-23", "2023-03-24", "2023-03-25", "2023-03-26", "2023-03-27", "2023-03-28", "2023-03-29", "2023-03-30", "2023-03-31", "2023-04-01", "2023-04-02", "2023-04-03", "2023-04-04", "2023-04-05", "2023-04-06", "2023-04-07", "2023-04-08", "2023-04-09", "2023-04-10", "2023-04-11", "2023-04-12", "2023-04-13", "2023-04-14", "2023-04-15", "2023-04-16", "2023-04-17", "2023-04-18", "2023-04-19", "2023-04-20", "2023-04-21", "2023-04-22", "2023-04-23", "2023-04-24", "2023-04-25", "2023-04-26", "2023-04-27", "2023-04-28", "2023-04-29", "2023-04-30", "2023-05-01", "2023-05-02", "2023-05-03", "2023-05-04", "2023-05-05", "2023-05-06", "2023-05-07", "2023-05-08", "2023-05-09", "2023-05-10", "2023-05-11", "2023-05-12", "2023-05-13", "2023-05-14", "2023-05-15", "2023-05-16", "2023-05-17", "2023-05-18", "2023-05-19", "2023-05-20", "2023-05-21", "2023-05-22", "2023-05-23", "2023-05-24", "2023-05-25", "2023-05-26", "2023-05-27", "2023-05-28", "2023-05-29", "2023-05-30", "2023-05-31", "2023-06-01", "2023-06-02", "2023-06-03", "2023-06-04", "2023-06-05", "2023-06-06", "2023-06-07", "2023-06-08", "2023-06-09", "2023-06-10", "2023-06-11", "2023-06-12", "2023-06-13", "2023-06-14", "2023-06-15", "2023-06-16", "2023-06-17", "2023-06-18", "2023-06-19", "2023-06-20", "2023-06-21", "2023-06-22", "2023-06-23", "2023-06-24", "2023-06-25", "2023-06-26", "2023-06-27", "2023-06-28", "2023-06-29", "2023-06-30", "2023-07-01", "2023-07-02", "2023-07-03", "2023-07-04", "2023-07-05", "2023-07-06", "2023-07-07", "2023-07-08", "2023-07-09", "2023-07-10", "2023-07-11", "2023-07-12", "2023-07-13", "2023-07-14", "2023-07-15", "2023-07-16", "2023-07-17", "2023-07-18", "2023-07-19", "2023-07-20", "2023-07-21", "2023-07-22", "2023-07-23", "2023-07-24", "2023-07-25", "2023-07-26", "2023-07-27", "2023-07-28", "2023-07-29", "2023-07-30", "2023-07-31", "2023-08-01", "2023-08-02", "2023-08-03", "2023-08-04", "2023-08-05", "2023-08-06", "2023-08-07", "2023-08-08", "2023-08-09", "2023-08-10", "2023-08-11", "2023-08-12", "2023-08-13", "2023-08-14", "2023-08-15", "2023-08-16", "2023-08-17", "2023-08-18", "2023-08-19", "2023-08-20", "2023-08-21", "2023-08-22", "2023-08-23", "2023-08-24", "2023-08-25", "2023-08-26", "2023-08-27", "2023-08-28", "2023-08-29", "2023-08-30", "2023-08-31", "2023-09-01", "2023-09-02", "2023-09-03", "2023-09-04", "2023-09-05", "2023-09-06", "2023-09-07", "2023-09-08", "2023-09-09", "2023-09-10", "2023-09-11", "2023-09-12", "2023-09-13", "2023-09-14", "2023-09-15", "2023-09-16", "2023-09-17", "2023-09-18", "2023-09-19", "2023-09-20", "2023-09-21", "2023-09-22", "2023-09-23", "2023-09-24", "2023-09-25", "2023-09-26", "2023-09-27", "2023-09-28", "2023-09-29", "2023-09-30", "2023-10-01", "2023-10-02", "2023-10-03", "2023-10-04", "2023-10-05", "2023-10-06", "2023-10-07", "2023-10-08", "2023-10-09", "2023-10-10", "2023-10-11", "2023-10-12", "2023-10-13", "2023-10-14", "2023-10-15", "2023-10-16", "2023-10-17", "2023-10-18", "2023-10-19", "2023-10-20", "2023-10-21", "2023-10-22", "2023-10-23", "2023-10-24", "2023-10-25", "2023-10-26", "2023-10-27", "2023-10-28", "2023-10-29", "2023-10-30", "2023-10-31", "2023-11-01", "2023-11-02", "2023-11-03", "2023-11-04", "2023-11-05", "2023-11-06", "2023-11-07", "2023-11-08", "2023-11-09", "2023-11-10", "2023-11-11", "2023-11-12", "2023-11-13", "2023-11-14", "2023-11-15", "2023-11-16", "2023-11-17", "2023-11-18", "2023-11-19", "2023-11-20", "2023-11-21", "2023-11-22", "2023-11-23", "2023-11-24", "2023-11-25", "2023-11-26", "2023-11-27", "2023-11-28", "2023-11-29", "2023-11-30", "2023-12-01", "2023-12-02", "2023-12-03", "2023-12-04", "2023-12-05", "2023-12-06", "2023-12-07", "2023-12-08", "2023-12-09", "2023-12-10", "2023-12-11", "2023-12-12", "2023-12-13", "2023-12-14", "2023-12-15", "2023-12-16", "2023-12-17", "2023-12-18", "2023-12-19", "2023-12-20", "2023-12-21", "2023-12-22", "2023-12-23", "2023-12-24", "2023-12-25", "2023-12-26", "2023-12-27", "2023-12-28", "2023-12-29", "2023-12-30", "2023-12-31", "2024-01-02", "2024-01-03", "2024-01-04", "2024-01-05", "2024-01-06", "2024-01-07", "2024-01-08", "2024-01-09", "2024-01-10", "2024-01-11", "2024-01-12", "2024-01-13", "2024-01-14", "2024-01-15", "2024-01-16", "2024-01-17", "2024-01-18", "2024-01-19", "2024-01-20", "2024-01-21", "2024-01-22", "2024-01-23", "2024-01-24", "2024-01-25", "2024-01-26", "2024-01-27", "2024-01-28", "2024-01-29", "2024-01-30", "2024-01-31", "2024-02-01", "2024-02-02", "2024-02-03", "2024-02-04", "2024-02-05", "2024-02-06", "2024-02-07", "2024-02-08", "2024-02-09", "2024-02-10", "2024-02-11", "2024-02-12", "2024-02-13", "2024-02-14", "2024-02-15", "2024-02-16", "2024-02-17", "2024-02-18", "2024-02-19", "2024-02-20", "2024-02-21", "2024-02-22", "2024-02-23", "2024-02-24", "2024-02-25", "2024-02-26", "2024-02-27", "2024-02-28", "2024-02-29", "2024-03-01", "2024-03-02", "2024-03-03", "2024-03-04", "2024-03-05", "2024-03-06", "2024-03-07", "2024-03-08", "2024-03-09", "2024-03-10", "2024-03-11", "2024-03-12", "2024-03-13", "2024-03-14", "2024-03-15", "2024-03-16", "2024-03-17", "2024-03-18", "2024-03-19", "2024-03-20", "2024-03-21", "2024-03-22", "2024-03-23", "2024-03-24", "2024-03-25", "2024-03-26", "2024-03-27", "2024-03-28", "2024-03-29", "2024-03-30", "2024-03-31", "2024-04-01", "2024-04-02", "2024-04-03", "2024-04-04", "2024-04-05", "2024-04-06", "2024-04-07", "2024-04-08", "2024-04-09", "2024-04-10", "2024-04-11", "2024-04-12", "2024-04-13", "2024-04-14", "2024-04-15", "2024-04-16", "2024-04-17", "2024-04-18", "2024-04-19", "2024-04-20", "2024-04-21", "2024-04-22", "2024-04-23", "2024-04-24", "2024-04-25", "2024-04-26", "2024-04-27", "2024-04-28", "2024-04-29", "2024-04-30", "2024-05-01", "2024-05-02", "2024-05-03", "2024-05-04", "2024-05-05", "2024-05-06", "2024-05-07", "2024-05-08", "2024-05-09", "2024-05-10", "2024-05-11", "2024-05-12", "2024-05-13", "2024-05-14", "2024-05-15", "2024-05-16", "2024-05-17", "2024-05-18", "2024-05-19", "2024-05-20", "2024-05-21", "2024-05-22", "2024-05-23", "2024-05-24", "2024-05-25", "2024-05-26", "2024-05-27", "2024-05-28", "2024-05-29", "2024-05-30", "2024-05-31", "2024-06-01", "2024-06-02", "2024-06-03", "2024-06-04", "2024-06-05", "2024-06-06", "2024-06-07", "2024-06-08", "2024-06-09", "2024-06-10", "2024-06-11", "2024-06-12", "2024-06-13", "2024-06-14", "2024-06-15", "2024-06-16", "2024-06-17", "2024-06-18", "2024-06-19", "2024-06-20", "2024-06-21", "2024-06-22", "2024-06-23", "2024-06-24", "2024-06-25", "2024-06-26", "2024-06-27", "2024-06-28", "2024-06-29", "2024-06-30", "2024-07-01", "2024-07-02", "2024-07-03", "2024-07-04", "2024-07-05", "2024-07-06", "2024-07-07", "2024-07-08", "2024-07-09", "2024-07-10", "2024-07-11", "2024-07-12", "2024-07-13", "2024-07-14", "2024-07-15", "2024-07-16", "2024-07-17", "2024-07-18", "2024-07-19", "2024-07-20", "2024-07-21", "2024-07-22", "2024-07-23", "2024-07-24", "2024-07-25", "2024-07-26", "2024-07-27", "2024-07-28", "2024-07-29", "2024-07-30", "2024-07-31", "2024-08-01", "2024-08-02", "2024-08-03", "2024-08-04", "2024-08-05", "2024-08-06", "2024-08-07", "2024-08-08", "2024-08-09", "2024-08-10", "2024-08-11", "2024-08-12", "2024-08-13", "2024-08-14", "2024-08-15", "2024-08-16", "2024-08-17", "2024-08-18", "2024-08-19", "2024-08-20", "2024-08-21", "2024-08-22", "2024-08-23", "2024-08-24", "2024-08-25", "2024-08-26", "2024-08-27", "2024-08-28", "2024-08-29", "2024-08-30", "2024-08-31", "2024-09-01", "2024-09-02", "2024-09-03", "2024-09-04", "2024-09-05", "2024-09-06", "2024-09-07", "2024-09-08", "2024-09-09", "2024-09-10", "2024-09-11", "2024-09-12", "2024-09-13", "2024-09-14", "2024-09-15", "2024-09-16", "2024-09-17", "2024-09-18", "2024-09-19", "2024-09-20", "2024-09-21", "2024-09-22", "2024-09-23", "2024-09-24", "2024-09-25", "2024-09-26", "2024-09-27", "2024-09-28", "2024-09-29", "2024-09-30", "2024-10-01", "2024-10-02", "2024-10-03", "2024-10-04", "2024-10-05", "2024-10-06", "2024-10-07", "2024-10-08", "2024-10-09", "2024-10-10", "2024-10-11", "2024-10-12", "2024-10-13", "2024-10-14", "2024-10-15", "2024-10-16" ],
  "informationsPatrimoineCulturel" : {
    "patrimoineCulturelType" : {
      "elementReferenceType" : "PatrimoineCulturelType",
      "id" : 3201
    },
    "themes" : [ {
      "elementReferenceType" : "PatrimoineCulturelTheme",
      "id" : 3416
    }, {
      "elementReferenceType" : "PatrimoineCulturelTheme",
      "id" : 3436
    }, {
      "elementReferenceType" : "PatrimoineCulturelTheme",
      "id" : 3439
    } ],
    "categories" : [ {
      "elementReferenceType" : "PatrimoineCulturelCategorie",
      "id" : 3226
    } ]
  },
  "formatVersion" : "v002",
  "expiration" : {
    "dateExpiration" : "2022-12-31T00:00:00.000+0000",
    "expirationAction" : "MASQUER_AUTOMATIQUEMENT"
  },
  "informationsPrestataireActivites" : {
    "prestataireActivites" : true,
    "activitesCulturelles" : [ {
      "elementReferenceType" : "ActiviteCulturellePrestation",
      "id" : 1776
    }, {
      "elementReferenceType" : "ActiviteCulturellePrestation",
      "id" : 1782
    }, {
      "elementReferenceType" : "ActiviteCulturellePrestation",
      "id" : 1792
    }, {
      "elementReferenceType" : "ActiviteCulturellePrestation",
      "id" : 1820
    }, {
      "elementReferenceType" : "ActiviteCulturellePrestation",
      "id" : 1825
    }, {
      "elementReferenceType" : "ActiviteCulturellePrestation",
      "id" : 6773
    } ]
  },
  "enquete" : { },
  "donneesPrivees" : [ {
    "nomTechnique" : "1947_Id_patio",
    "libelleFr" : "Id_Patio",
    "ordre" : 1,
    "descriptif" : {
      "libelleFr" : "13T2000655"
    }
  }, {
    "nomTechnique" : "1947_Source_patio",
    "libelleFr" : "Source_Patio",
    "ordre" : 2,
    "descriptif" : {
      "libelleFr" : "OT Aix en Provence"
    }
  }, {
    "nomTechnique" : "1947_Url_patio",
    "libelleFr" : "URL_Patio",
    "ordre" : 3,
    "descriptif" : {
      "libelleFr" : "http://www.aixenprovencetourism.com"
    }
  } ]
}