{
  "type" : "PATRIMOINE_CULTUREL",
  "id" : 5539334,
  "nom" : {
    "libelleFr" : "Musée Borély – Musée des Arts décoratifs, de la Faïence et de la Mode",
    "libelleEn" : "Musée Borély - Museum of Decorative Arts, Earthenware and Fashion",
    "libelleEs" : "Museo Borély - Museo de Artes Decorativas, Cerámica y Moda",
    "libelleIt" : "Musée des Arts Décoratifs château Borély",
    "libelleDe" : "Museo Borély - Museo de Artes Decorativas, Cerámica y Moda",
    "libelleNl" : "Musée des Arts Décoratifs château Borély"
  },
  "identifier" : "SITRA2_PCU_5539334",
  "state" : "PUBLISHED",
  "gestion" : {
    "dateCreation" : "2020-05-27T14:51:31.581+0000",
    "dateModification" : "2022-09-20T11:35:35.299+0000",
    "dateExportModification" : "2022-11-08T18:26:15.072+0000",
    "membreProprietaire" : {
      "type" : {
        "elementReferenceType" : "MembreSitraType",
        "id" : 233
      },
      "nom" : "Office Métropolitain de tourisme et des congrès de Marseille",
      "dateCreation" : "2017-02-13T09:29:30.842+0000",
      "dateModification" : "2022-10-24T08:49:48.642+0000",
      "id" : 1490,
      "siteWeb" : "http://www.marseille-tourisme.com"
    },
    "signalerUnProblemeMails" : [ "alegrand@marseille-tourisme.com", "hcochet@marseille-tourisme.com", "jorengo@marseille-tourisme.com", "lchavet@marseille-tourisme.com", "mamadier@marseille-tourisme.com", "sbenimeli@marseille-tourisme.com" ]
  },
  "informations" : {
    "moyensCommunication" : [ {
      "identifiant" : 79672983,
      "type" : {
        "elementReferenceType" : "MoyenCommunicationType",
        "id" : 201
      },
      "coordonnees" : {
        "fr" : "04 91 55 33 60"
      }
    }, {
      "identifiant" : 79672984,
      "type" : {
        "elementReferenceType" : "MoyenCommunicationType",
        "id" : 202
      },
      "coordonnees" : {
        "fr" : "04 91 55 33 43"
      }
    }, {
      "identifiant" : 79672985,
      "type" : {
        "elementReferenceType" : "MoyenCommunicationType",
        "id" : 204
      },
      "coordonnees" : {
        "fr" : "chateau-borely-musee@marseille.fr"
      }
    }, {
      "identifiant" : 79672986,
      "type" : {
        "elementReferenceType" : "MoyenCommunicationType",
        "id" : 205
      },
      "coordonnees" : {
        "fr" : "http://musees.marseille.fr/"
      }
    }, {
      "identifiant" : 96261172,
      "type" : {
        "elementReferenceType" : "MoyenCommunicationType",
        "id" : 205
      },
      "coordonnees" : {
        "fr" : "https://www.marseille-tourisme.com/en/discover-marseille/museums/chateau-borely-museum-of-decorative-arts-earthenware-and-fashion/"
      }
    } ],
    "informationsLegales" : { },
    "structureGestion" : {
      "type" : "STRUCTURE",
      "id" : 5709171
    }
  },
  "presentation" : {
    "descriptifCourt" : {
      "libelleFr" : "Daté de la seconde moitié du XVIIIe siècle, le château Borely est emblématique des demeures de plaisance construites aux alentours de la ville par les grandes familles marseillaises enrichies grâce au commerce avec l'Orient (Egypte, Echelles du Levant).",
      "libelleEn" : "Dated of the  second  half of the 18th century chateau  Borely is emblematic of pleasure homes built  around the city by the  rich families from Marseille thanks to the trade with East (Egypt, Levant scale)",
      "libelleEs" : "De la segunda mitad del siglo XVIII, el castillo Borely es emblemático de las residencias de placer construidas en los alrededores de la ciudad por las grandes familias marsellesas que se enriquecieron gracias al comercio con Oriente (Egipto, Levante).",
      "libelleDe" : "Das Château Borely stammt aus der zweiten Hälfte des 18. Jahrhunderts und ist ein Symbol für die Vergnügungshäuser, die in der Umgebung der Stadt von den großen Familien aus Marseille errichtet wurden, die durch den Handel mit dem Orient (Ägypten, Levante-Skalen) reich geworden waren."
    },
    "descriptifDetaille" : {
      "libelleFr" : "Négociants prospères, installés notamment à Alexandrie, les Borely remplissaient également des fonctions officielles au service du roi de France. \r\n\r\nFréquentée durant la saison chaude et les fins de semaine., Borely, située dans le quartier de Bonneveine est considérée dès l'époque de sa construction comme la plus belle des bastides. Chose rare, le château conserve encore aujourd'hui une grande partie de son décor d'origine réalisé par le peintre Louis Chaix, originaire d'Aubagne et certaines de ses pièces remarquables: salon doré, bibliothèque, chambre et chapelle. `\r\nCédé en 1857 par le dernier propriétaire, Gaston de Panisse Passis, le domaine devint par la suite propriété de la ville. Ouvert au public en 1863, lLe château abrite alors les collections d'archéologie. \r\n\r\nAujourd'hui\r\nClassé monument historique, entièrement restauré, Borely accueille le musée des Arts décoratifs et de la Mode. Le visiteur pourra découvrir l'intimité et l 'art de vivre d'une famille du XVIIIe siècle tout en visitant un musée d'aujourd'hui offrant de riches collections du XVIIIe à nos jours. \r\n\r\nA découvrir: une exceptionnelle collection de céramiques et de verres, du mobilier, des objets d'art, des objets exotiques rares, du design, de la mode et des accessoires, présentés au coeur d'une muséographie totalement renouvelée. Les objets seront mis en scène dans des Period-room , la mode en sa galerie d'étude proposera trois accrochages par an. Des oeuvres contemporaines dont le grand lustre du vestibule spécialement créé par le designer Mathieu Lehanneur ponctuent l'ensemble du parcours dans les collections.",
      "libelleEn" : "Successful traders settled in Alexandria. Borely held official positions in the service of the King of France. Mostly visited  during, hot season and weekends Borely located in the  district of Bonneveine is  seen as the most beautiful bastide from its construction. Quite rare, the castle still retains much of its original décor  designed by the painter : Louis Chaix, from Aubagne and some of his remarquable : golden  sofa, library, room and chapel.\r\n\r\nSold in 1857, by the last owner, Gaston de Panisse Passis. The Estate subsequently become the  property of the town. Opened to the public in  1863, the castle now houses the archaelogical collections.\r\n\r\nClassified as historic monument, fully renovated Borely hosts the Decorative arts and fashion museum. The  guests  will be able to discover the intimacy and the way of  life of an 18 th century family. Visitors will also be able to admire an authentic collection of the 18 th century to nowadays.\r\n\r\nTo discover : an extraordinary ceramic and glass  collection, furniture, Arts rare exotic object. Furniture, Arts, rare exotic objects, fashion and accessories, the objects will be displayed in period rooms, and fashion in its  study gallery will be shown three times a year. Contemporary works including the large chandelier in the  vestibule especially created by the designer Mathieu Lehanneur are on the entire journey through the  collection.",
      "libelleEs" : "Prósperos comerciantes instalados en Alejandría, los Borley también ocuparon cargos oficiales al servicio del rey de Francia. \r\n\r\nBorely, situada en el barrio de Bonneveine, fue considerada la más bella de las bastidas desde el momento de su construcción, y es visitada durante la estación cálida y los fines de semana. El castillo aún conserva gran parte de su decoración original, obra del pintor de Aubagne Louis Chaix, y algunas de sus estancias más destacadas: el salón dorado, la biblioteca, el dormitorio y la capilla.\r\nVendida en 1857 por el último propietario, Gaston de Panisse Passis, la finca pasó posteriormente a ser propiedad de la ciudad. Abierto al público en 1863, el castillo albergaba entonces las colecciones arqueológicas. \r\n\r\nHoy en día\r\nClasificado como monumento histórico, Borely ha sido totalmente restaurado y alberga ahora el Museo de Artes Decorativas y Moda. El visitante puede descubrir la intimidad y el arte de vivir de una familia del siglo XVIII mientras visita un museo actual que ofrece ricas colecciones desde el siglo XVIII hasta hoy. \r\n\r\nA descubrir: una colección excepcional de cerámica y vidrio, muebles, objetos de arte, objetos exóticos raros, diseño, moda y accesorios, presentados en el corazón de una museografía completamente renovada. Los objetos se expondrán en salas de época, mientras que la galería de estudios de moda ofrecerá tres exposiciones al año. Obras contemporáneas, como la gran lámpara de araña del vestíbulo, creada especialmente por el diseñador Mathieu Lehanneur, marcarán todo el recorrido por las colecciones.",
      "libelleDe" : "Die Borelys waren erfolgreiche Händler, die sich vor allem in Alexandria niederließen und auch offizielle Funktionen im Dienste des französischen Königs ausübten. \r\n\r\nDas in der warmen Jahreszeit und an Wochenenden beliebte Schloss Borely im Stadtteil Bonneveine galt schon zur Zeit seiner Erbauung als die schönste Bastide. Selten ist, dass das Schloss noch heute einen Großteil seines ursprünglichen Dekors, das von dem aus Aubagne stammenden Maler Louis Chaix entworfen wurde, und einige seiner bemerkenswerten Räume bewahrt hat: den goldenen Salon, die Bibliothek, das Schlafzimmer und die Kapelle. `.\r\nDas Anwesen wurde 1857 vom letzten Besitzer, Gaston de Panisse Passis, abgetreten und ging später in den Besitz der Stadt über. Im Jahr 1863 wurde das Schloss der Öffentlichkeit zugänglich gemacht und beherbergte die archäologischen Sammlungen. \r\n\r\nHeute\r\nDas unter Denkmalschutz stehende und vollständig restaurierte Borely beherbergt das Musée des Arts décoratifs et de la Mode. Der Besucher kann die Intimität und die Lebenskunst einer Familie aus dem 18. Jahrhundert entdecken und gleichzeitig ein modernes Museum mit reichen Sammlungen vom 18. bis heute besichtigen. \r\n\r\nZu entdecken gibt es eine außergewöhnliche Keramik- und Glassammlung, Möbel, Kunstgegenstände, seltene exotische Objekte, Design, Mode und Accessoires, die in einer völlig neuen Museographie präsentiert werden. Die Objekte werden in Period-rooms in Szene gesetzt, die Mode in ihrer Studiengalerie wird drei Ausstellungen pro Jahr anbieten. Zeitgenössische Werke, darunter der große Kronleuchter im Vestibül, der eigens von dem Designer Mathieu Lehanneur entworfen wurde, untermalen den gesamten Rundgang durch die Sammlungen."
    },
    "typologiesPromoSitra" : [ {
      "elementReferenceType" : "TypologiePromoSitra",
      "id" : 1593
    }, {
      "elementReferenceType" : "TypologiePromoSitra",
      "id" : 6199
    } ]
  },
  "localisation" : {
    "adresse" : {
      "adresse1" : "Château Borély",
      "adresse2" : "134 Avenue Clot-Bey",
      "codePostal" : "13008",
      "bureauDistribution" : "MARSEILLE",
      "commune" : {
        "id" : 4538
      }
    },
    "geolocalisation" : {
      "complement" : {
        "libelleFr" : "Lignes n°19, 23, 45 : Arrêt de bus à 0.1km"
      },
      "valide" : true,
      "geoJson" : {
        "type" : "Point",
        "coordinates" : [ 5.381970, 43.257143 ]
      }
    },
    "perimetreGeographique" : [ {
      "id" : 4538
    } ],
    "environnements" : [ {
      "elementReferenceType" : "Environnement",
      "id" : 173
    }, {
      "elementReferenceType" : "Environnement",
      "id" : 183
    }, {
      "elementReferenceType" : "Environnement",
      "id" : 3974
    } ]
  },
  "liens" : {
    "liensObjetsTouristiquesTypes" : [ {
      "type" : "SUR_PLACE",
      "libelleFr" : "Sur place",
      "libelleEn" : "On the premises",
      "libelleEs" : "In situ",
      "libelleIt" : "Sul posto",
      "libelleDe" : "Vor Ort",
      "libelleNl" : "Ter plaatse",
      "libelleRu" : "На месте",
      "libelleZh" : "堂食",
      "libellePtBR" : "No local",
      "libelleJa" : "現地で",
      "objetTouristique" : {
        "type" : "RESTAURATION",
        "id" : 5536723
      }
    }, {
      "type" : "SUR_PLACE",
      "libelleFr" : "Sur place",
      "libelleEn" : "On the premises",
      "libelleEs" : "In situ",
      "libelleIt" : "Sul posto",
      "libelleDe" : "Vor Ort",
      "libelleNl" : "Ter plaatse",
      "libelleRu" : "На месте",
      "libelleZh" : "堂食",
      "libellePtBR" : "No local",
      "libelleJa" : "現地で",
      "objetTouristique" : {
        "type" : "PATRIMOINE_CULTUREL",
        "id" : 5538021
      }
    }, {
      "type" : "SUR_PLACE",
      "libelleFr" : "Sur place",
      "libelleEn" : "On the premises",
      "libelleEs" : "In situ",
      "libelleIt" : "Sul posto",
      "libelleDe" : "Vor Ort",
      "libelleNl" : "Ter plaatse",
      "libelleRu" : "На месте",
      "libelleZh" : "堂食",
      "libellePtBR" : "No local",
      "libelleJa" : "現地で",
      "objetTouristique" : {
        "type" : "COMMERCE_ET_SERVICE",
        "id" : 5568971
      }
    }, {
      "type" : "SUR_PLACE",
      "libelleFr" : "Sur place",
      "libelleEn" : "On the premises",
      "libelleEs" : "In situ",
      "libelleIt" : "Sul posto",
      "libelleDe" : "Vor Ort",
      "libelleNl" : "Ter plaatse",
      "libelleRu" : "На месте",
      "libelleZh" : "堂食",
      "libellePtBR" : "No local",
      "libelleJa" : "現地で",
      "objetTouristique" : {
        "type" : "RESTAURATION",
        "id" : 5536723
      }
    }, {
      "type" : "SUR_PLACE",
      "libelleFr" : "Sur place",
      "libelleEn" : "On the premises",
      "libelleEs" : "In situ",
      "libelleIt" : "Sul posto",
      "libelleDe" : "Vor Ort",
      "libelleNl" : "Ter plaatse",
      "libelleRu" : "На месте",
      "libelleZh" : "堂食",
      "libellePtBR" : "No local",
      "libelleJa" : "現地で",
      "objetTouristique" : {
        "type" : "COMMERCE_ET_SERVICE",
        "id" : 5560107
      }
    }, {
      "type" : "SUR_PLACE",
      "libelleFr" : "Sur place",
      "libelleEn" : "On the premises",
      "libelleEs" : "In situ",
      "libelleIt" : "Sul posto",
      "libelleDe" : "Vor Ort",
      "libelleNl" : "Ter plaatse",
      "libelleRu" : "На месте",
      "libelleZh" : "堂食",
      "libellePtBR" : "No local",
      "libelleJa" : "現地で",
      "objetTouristique" : {
        "type" : "PATRIMOINE_CULTUREL",
        "id" : 5539334
      }
    }, {
      "type" : "SUR_PLACE",
      "libelleFr" : "Sur place",
      "libelleEn" : "On the premises",
      "libelleEs" : "In situ",
      "libelleIt" : "Sul posto",
      "libelleDe" : "Vor Ort",
      "libelleNl" : "Ter plaatse",
      "libelleRu" : "На месте",
      "libelleZh" : "堂食",
      "libellePtBR" : "No local",
      "libelleJa" : "現地で",
      "objetTouristique" : {
        "type" : "PATRIMOINE_CULTUREL",
        "id" : 5539423
      }
    } ]
  },
  "prestations" : {
    "equipements" : [ {
      "elementReferenceType" : "PrestationEquipement",
      "id" : 741
    }, {
      "elementReferenceType" : "PrestationEquipement",
      "id" : 804
    }, {
      "elementReferenceType" : "PrestationEquipement",
      "id" : 1106
    }, {
      "elementReferenceType" : "PrestationEquipement",
      "id" : 1321
    } ],
    "services" : [ {
      "elementReferenceType" : "PrestationService",
      "id" : 1115
    }, {
      "elementReferenceType" : "PrestationService",
      "id" : 1190
    } ],
    "animauxAcceptes" : "NON_ACCEPTES",
    "animauxAcceptesSupplement" : "NON_DISPONIBLE",
    "activites" : [ {
      "elementReferenceType" : "PrestationActivite",
      "id" : 652
    }, {
      "elementReferenceType" : "PrestationActivite",
      "id" : 6032
    } ],
    "languesParlees" : [ {
      "elementReferenceType" : "Langue",
      "id" : 1197
    } ],
    "complementAccueil" : {
      "libelleFr" : "Accessible pour handicapés.",
      "libelleEn" : "Accessible for disabled",
      "libelleIt" : "Accessibile ai disabili",
      "libelleDe" : "Zugänglich für Behinderte",
      "libelleNl" : "Toegankelijk voor mensen met een handicap"
    },
    "descriptifHandicapMoteur" : {
      "libelleFr" : "L’entrée accessible est l’entrée principale du musée."
    },
    "descriptifHandicapAuditif" : {
      "libelleFr" : "La Ville de Marseille propose une fois par mois au sein de l’un de ses musées, une visite guidée en Langue des Signes Française.\r\nS'informer sur leur site internet : chateau-borely-musee@marseille.fr"
    },
    "descriptifHandicapVisuel" : {
      "libelleFr" : "Les musées de la Ville de Marseille peuvent proposer des formes de médiation culturelle adaptées aux personnes en situation de handicap visuel. N’hésitez pas à vous rapprocher de l’équipe du musée que vous souhaitez (re)découvrir afin d’élaborer une visite guidée adaptée.\r\nLes chiens guides (accompagnant les personnes en situation de handicap physique et/ou mental) sont admis dans les salles d’exposition."
    },
    "descriptifHandicapMental" : {
      "libelleFr" : "Les musées de la Ville de Marseille peuvent proposer des formes de médiation culturelle adaptées aux personnes en situation de handicap mental. N’hésitez pas à vous rapprocher de l’équipe du musée que vous souhaitez (re)découvrir afin d’élaborer une visite guidée adaptée.\r\nLes chiens guides (accompagnant les personnes en situation de handicap physique et/ou mental) sont admis dans les salles d’exposition."
    },
    "typesClientele" : [ {
      "elementReferenceType" : "TypeClientele",
      "id" : 593
    }, {
      "elementReferenceType" : "TypeClientele",
      "id" : 3732
    } ]
  },
  "ouverture" : {
    "periodeEnClair" : {
      "libelleFr" : "Du 07/10 au 31/12/2022 de 9h à 18h.\nFermé le lundi.\nFermetures exceptionnelles les jours fériés.\nFermeture du Château Borély du mardi 20 septembre au vendredi 7 octobre 2022 inclus en raison du montage de la nouvelle exposition Vingt-deux ! Les moutons de François-Xavier Lalanne.\r\n\r\nFermeture hebdomadaire le lundi, sauf les lundis de Pâques et de Pentecôte.\r\nFermeture les jours suivants : 1er janvier, 1er mai, 1er et 11 novembre et le 25 décembre.\r\nFermeture de la billetterie 30 minutes avant la fermeture du musée.",
      "libelleEn" : "From 07/10 to 31/12/2022 between 9 am and 6 pm.\nClosed on Monday.\nClosed exceptionally on bank holidays.\nWeekly closure on Mondays, except Easter and Whitsun Mondays.\r\nClosed on the following days: January 1, May 1, November 1 and 11 and December 25.",
      "libelleEs" : "Del 07/10 al 31/12/2022 de 9 a 18.\nCerrado los lunes.\nSe cierra, excepcionalmente los días festivos.\nCierre semanal los lunes, excepto los de Semana Santa y Pentecostés.\r\nCerrado los siguientes días: 1 de enero, 1 de mayo, 1 y 11 de noviembre y 25 de diciembre.",
      "libelleIt" : "Dal 07/10 al 31/12/2022 dalle 9 alle 18.\nChiuso il lunedì.\nChiusura eccezionale festivi.",
      "libelleDe" : "Vom 07/10 bis 31/12/2022 von 9 Uhr bis 18 Uhr.\nMontag geschlossen.\nAusnahmsweise geschlossen am feiertagen.\nWöchentliche Schließung am Montag, außer an Oster- und Pfingstmontagen.\r\nAn folgenden Tagen geschlossen: 1. Januar, 1. Mai, 1. und 11. November sowie am 25. Dezember.",
      "libelleNl" : "Van 07/10 tot en met 31/12/2022 van 9.00 tot en met 18.00 u.\nMaandag gesloten.\nBij uitzondering gesloten op feestdagen.",
      "libelleRu" : "С 07/10 до 31/12/2022 с 9h до 18h.\nНе работает понедельник.\nВ порядке исключения не работает праздничные дни.",
      "libelleZh" : "从 10月7日 到 2022年12月31日 小时小时 和 小时小时 之间.\n星期一 关闭.\n在 银行假日 例外关闭.",
      "libellePtBR" : "De 07/10 a 31/12/2022 de 9h a  18h.\nFechado em segunda-feira.\nFechamentos excepcionais em feriados.",
      "libelleJa" : "07/10 から 31/12/2022 まで 9 午前 と 6 午後 の間.\n月曜日 は休み.\n公休日 は特別休業."
    },
    "periodeEnClairGenerationMode" : "AUTOMATIQUE",
    "indicationsPeriode" : [ {
      "elementReferenceType" : "IndicationPeriode",
      "id" : 416
    }, {
      "elementReferenceType" : "IndicationPeriode",
      "id" : 435
    } ],
    "periodesOuvertures" : [ {
      "identifiant" : 21861762,
      "dateDebut" : "2022-10-07",
      "dateFin" : "2022-12-31",
      "complementHoraire" : {
        "libelleFr" : "Fermeture du Château Borély du mardi 20 septembre au vendredi 7 octobre 2022 inclus en raison du montage de la nouvelle exposition Vingt-deux ! Les moutons de François-Xavier Lalanne.\r\n\r\nFermeture hebdomadaire le lundi, sauf les lundis de Pâques et de Pentecôte.\r\nFermeture les jours suivants : 1er janvier, 1er mai, 1er et 11 novembre et le 25 décembre.\r\nFermeture de la billetterie 30 minutes avant la fermeture du musée.",
        "libelleEn" : "Weekly closure on Mondays, except Easter and Whitsun Mondays.\r\nClosed on the following days: January 1, May 1, November 1 and 11 and December 25.",
        "libelleEs" : "Cierre semanal los lunes, excepto los de Semana Santa y Pentecostés.\r\nCerrado los siguientes días: 1 de enero, 1 de mayo, 1 y 11 de noviembre y 25 de diciembre.",
        "libelleDe" : "Wöchentliche Schließung am Montag, außer an Oster- und Pfingstmontagen.\r\nAn folgenden Tagen geschlossen: 1. Januar, 1. Mai, 1. und 11. November sowie am 25. Dezember."
      },
      "horaireOuverture" : "09:00:00",
      "horaireFermeture" : "18:00:00",
      "type" : "OUVERTURE_SAUF",
      "tousLesAns" : false,
      "ouverturesJournalieres" : [ {
        "jour" : "LUNDI"
      } ],
      "identifiantTechnique" : 24326698
    } ],
    "fermeturesExceptionnelles" : [ {
      "dateSpeciale" : "PREMIER_JANVIER"
    }, {
      "dateSpeciale" : "PREMIER_MAI"
    }, {
      "dateSpeciale" : "PREMIER_NOVEMBRE"
    }, {
      "dateSpeciale" : "ONZE_NOVEMBRE"
    }, {
      "dateSpeciale" : "VINGT_CINQ_DECEMBRE"
    } ]
  },
  "descriptionTarif" : {
    "indicationTarif" : "ACCES_LIBRE",
    "gratuit" : true,
    "tarifsEnClair" : { },
    "tarifsEnClairGenerationMode" : "MANUEL",
    "complement" : {
      "libelleFr" : "Accès gratuit pour les collections permanentes.\r\nAccès gratuit pour les expositions temporaires le 1er jour de l'exposition, les autres jours restent payants.",
      "libelleEn" : "Free access for the permanent collections.\r\nFree access to temporary exhibitions on the first day of the exhibition, the other days are not free.",
      "libelleEs" : "Entrada gratuita a las colecciones permanentes.\r\nAcceso gratuito a las exposiciones temporales el primer día de la exposición, los demás días son de pago.",
      "libelleDe" : "Entrada gratuita a las colecciones permanentes.\r\nAcceso gratuito a las exposiciones temporales el primer día de la exposición, los demás días son de pago."
    },
    "modesPaiement" : [ {
      "elementReferenceType" : "ModePaiement",
      "id" : 1268
    }, {
      "elementReferenceType" : "ModePaiement",
      "id" : 1277
    } ],
    "devise" : "EUR",
    "conditions" : { }
  },
  "reservation" : { },
  "criteresInternes" : [ {
    "id" : 10234
  }, {
    "id" : 12888
  }, {
    "id" : 12889
  }, {
    "id" : 12890
  }, {
    "id" : 12891
  }, {
    "id" : 13198
  }, {
    "id" : 13246
  }, {
    "id" : 13248
  }, {
    "id" : 16643
  }, {
    "id" : 16775
  }, {
    "id" : 16903
  }, {
    "id" : 18002
  }, {
    "id" : 23526
  } ],
  "contacts" : [ {
    "identifiant" : 17643900,
    "referent" : true,
    "civilite" : {
      "elementReferenceType" : "ContactCivilite",
      "id" : 442
    },
    "nom" : "LINOU",
    "prenom" : "Marie-Josée",
    "fonction" : {
      "elementReferenceType" : "ContactFonction",
      "id" : 6026
    },
    "moyensCommunication" : [ {
      "identifiant" : 83916989,
      "type" : {
        "elementReferenceType" : "MoyenCommunicationType",
        "id" : 204
      },
      "coordonnees" : {
        "fr" : "mjlinou@marseille.fr"
      }
    }, {
      "identifiant" : 98258456,
      "type" : {
        "elementReferenceType" : "MoyenCommunicationType",
        "id" : 201
      },
      "coordonnees" : {
        "fr" : "06 32 87 18 79"
      }
    }, {
      "identifiant" : 98258479,
      "type" : {
        "elementReferenceType" : "MoyenCommunicationType",
        "id" : 201
      },
      "coordonnees" : {
        "fr" : "04 91 55 33 40"
      }
    } ]
  }, {
    "identifiant" : 17643901,
    "referent" : false,
    "civilite" : {
      "elementReferenceType" : "ContactCivilite",
      "id" : 442
    },
    "nom" : "JACQUEMIN",
    "prenom" : "Lisa",
    "fonction" : {
      "elementReferenceType" : "ContactFonction",
      "id" : 458
    },
    "moyensCommunication" : [ {
      "identifiant" : 83916990,
      "type" : {
        "elementReferenceType" : "MoyenCommunicationType",
        "id" : 201
      },
      "coordonnees" : {
        "fr" : "04 91 55 33 60"
      }
    }, {
      "identifiant" : 83916991,
      "type" : {
        "elementReferenceType" : "MoyenCommunicationType",
        "id" : 201
      },
      "coordonnees" : {
        "fr" : "04 91 62 21 82"
      }
    }, {
      "identifiant" : 83916992,
      "type" : {
        "elementReferenceType" : "MoyenCommunicationType",
        "id" : 204
      },
      "coordonnees" : {
        "fr" : "ljacquemin@mairie-marseille.fr"
      }
    } ]
  }, {
    "identifiant" : 17643902,
    "referent" : false,
    "civilite" : {
      "elementReferenceType" : "ContactCivilite",
      "id" : 443
    },
    "nom" : "ACCES AUX PMR",
    "fonction" : {
      "elementReferenceType" : "ContactFonction",
      "id" : 459
    },
    "moyensCommunication" : [ {
      "identifiant" : 83916993,
      "type" : {
        "elementReferenceType" : "MoyenCommunicationType",
        "id" : 201
      },
      "coordonnees" : {
        "fr" : "04 91 55 33 42"
      }
    } ]
  }, {
    "identifiant" : 17643903,
    "referent" : false,
    "civilite" : {
      "elementReferenceType" : "ContactCivilite",
      "id" : 442
    },
    "nom" : "LEROY",
    "prenom" : "Fanny",
    "fonction" : {
      "elementReferenceType" : "ContactFonction",
      "id" : 472
    },
    "moyensCommunication" : [ {
      "identifiant" : 83916994,
      "type" : {
        "elementReferenceType" : "MoyenCommunicationType",
        "id" : 201
      },
      "coordonnees" : {
        "fr" : "04 91 14 58 21"
      }
    }, {
      "identifiant" : 83916995,
      "type" : {
        "elementReferenceType" : "MoyenCommunicationType",
        "id" : 204
      },
      "coordonnees" : {
        "fr" : "fleroy@mairie-marseille.fr"
      }
    } ]
  }, {
    "identifiant" : 21240550,
    "referent" : false,
    "civilite" : {
      "elementReferenceType" : "ContactCivilite",
      "id" : 442
    },
    "nom" : "GAUBRY",
    "prenom" : "Chantal",
    "titre" : {
      "libelleFr" : "Coordinatrice"
    },
    "fonction" : {
      "elementReferenceType" : "ContactFonction",
      "id" : 459
    },
    "moyensCommunication" : [ {
      "identifiant" : 102732034,
      "type" : {
        "elementReferenceType" : "MoyenCommunicationType",
        "id" : 201
      },
      "coordonnees" : {
        "fr" : "04 91 55 33 60"
      }
    }, {
      "identifiant" : 102732031,
      "type" : {
        "elementReferenceType" : "MoyenCommunicationType",
        "id" : 204
      },
      "coordonnees" : {
        "fr" : "cgrauby@marseille.fr"
      }
    } ]
  } ],
  "illustrations" : [ {
    "identifiant" : 13898090,
    "link" : false,
    "type" : "IMAGE",
    "nom" : {
      "libelleFr" : "Musée Borély Marseille"
    },
    "legende" : {
      "libelleFr" : "Musée Borély Marseille"
    },
    "copyright" : {
      "libelleFr" : "1992-4-6 Jean Patou, combinaison de plage, vers 1930; Musée des Arts Décoratifs Borély"
    },
    "traductionFichiers" : [ {
      "locale" : "fr",
      "url" : "https://static.apidae-tourisme.com/filestore/objets-touristiques/images/53/7/14157621.jpg",
      "urlListe" : "https://static.apidae-tourisme.com/filestore/objets-touristiques/images/53/7/14157621-liste.jpg",
      "urlFiche" : "https://static.apidae-tourisme.com/filestore/objets-touristiques/images/53/7/14157621-fiche.jpg",
      "urlDiaporama" : "https://static.apidae-tourisme.com/filestore/objets-touristiques/images/53/7/14157621-diaporama.jpg",
      "extension" : "jpg",
      "fileName" : "full",
      "taille" : 4329,
      "hauteur" : 215,
      "largeur" : 150,
      "lastModifiedDate" : "2022-08-30T11:12:20.918+0000"
    } ],
    "locked" : false
  }, {
    "identifiant" : 11611006,
    "link" : false,
    "type" : "IMAGE",
    "nom" : {
      "libelleFr" : "Musée Borély Marseille"
    },
    "legende" : {
      "libelleFr" : "Musée Borély Marseille"
    },
    "copyright" : {
      "libelleFr" : "M1093-1991-24-1Ettore Sottsass, Clesitera, vase, 1986Photo David Giancatarina"
    },
    "traductionFichiers" : [ {
      "locale" : "fr",
      "url" : "https://static.apidae-tourisme.com/filestore/objets-touristiques/images/198/158/11640518.jpg",
      "urlListe" : "https://static.apidae-tourisme.com/filestore/objets-touristiques/images/198/158/11640518-liste.jpg",
      "urlFiche" : "https://static.apidae-tourisme.com/filestore/objets-touristiques/images/198/158/11640518-fiche.jpg",
      "urlDiaporama" : "https://static.apidae-tourisme.com/filestore/objets-touristiques/images/198/158/11640518-diaporama.jpg",
      "extension" : "jpg",
      "fileName" : "full",
      "taille" : 7014,
      "hauteur" : 215,
      "largeur" : 150,
      "lastModifiedDate" : "2021-11-23T16:21:42.000+0000"
    } ],
    "locked" : false
  }, {
    "identifiant" : 11611336,
    "link" : false,
    "type" : "IMAGE",
    "nom" : {
      "libelleFr" : "Musée Borély Marseille"
    },
    "legende" : {
      "libelleFr" : "Musée Borély Marseille"
    },
    "copyright" : {
      "libelleFr" : "Musée Borély Marseille"
    },
    "traductionFichiers" : [ {
      "locale" : "fr",
      "url" : "https://static.apidae-tourisme.com/filestore/objets-touristiques/images/242/161/11641330.jpg",
      "urlListe" : "https://static.apidae-tourisme.com/filestore/objets-touristiques/images/242/161/11641330-liste.jpg",
      "urlFiche" : "https://static.apidae-tourisme.com/filestore/objets-touristiques/images/242/161/11641330-fiche.jpg",
      "urlDiaporama" : "https://static.apidae-tourisme.com/filestore/objets-touristiques/images/242/161/11641330-diaporama.jpg",
      "extension" : "jpg",
      "fileName" : "full",
      "taille" : 30106,
      "hauteur" : 300,
      "largeur" : 400,
      "lastModifiedDate" : "2021-11-23T16:21:42.000+0000"
    } ],
    "locked" : false
  }, {
    "identifiant" : 11611361,
    "link" : false,
    "type" : "IMAGE",
    "nom" : {
      "libelleFr" : "Musée Borély Marseille"
    },
    "legende" : {
      "libelleFr" : "Musée Borély Marseille"
    },
    "copyright" : {
      "libelleFr" : "Musée Borély Marseille"
    },
    "traductionFichiers" : [ {
      "locale" : "fr",
      "url" : "https://static.apidae-tourisme.com/filestore/objets-touristiques/images/10/162/11641354.jpg",
      "urlListe" : "https://static.apidae-tourisme.com/filestore/objets-touristiques/images/10/162/11641354-liste.jpg",
      "urlFiche" : "https://static.apidae-tourisme.com/filestore/objets-touristiques/images/10/162/11641354-fiche.jpg",
      "urlDiaporama" : "https://static.apidae-tourisme.com/filestore/objets-touristiques/images/10/162/11641354-diaporama.jpg",
      "extension" : "jpg",
      "fileName" : "full",
      "taille" : 33591,
      "hauteur" : 300,
      "largeur" : 400,
      "lastModifiedDate" : "2021-11-23T16:21:43.000+0000"
    } ],
    "locked" : false
  }, {
    "identifiant" : 11611346,
    "link" : false,
    "type" : "IMAGE",
    "nom" : {
      "libelleFr" : "Musée Borély."
    },
    "legende" : {
      "libelleFr" : "Musée Borély."
    },
    "copyright" : {
      "libelleFr" : "Musée Borély."
    },
    "traductionFichiers" : [ {
      "locale" : "fr",
      "url" : "https://static.apidae-tourisme.com/filestore/objets-touristiques/images/250/161/11641338.jpg",
      "urlListe" : "https://static.apidae-tourisme.com/filestore/objets-touristiques/images/250/161/11641338-liste.jpg",
      "urlFiche" : "https://static.apidae-tourisme.com/filestore/objets-touristiques/images/250/161/11641338-fiche.jpg",
      "urlDiaporama" : "https://static.apidae-tourisme.com/filestore/objets-touristiques/images/250/161/11641338-diaporama.jpg",
      "extension" : "jpg",
      "fileName" : "full",
      "taille" : 27974,
      "hauteur" : 300,
      "largeur" : 400,
      "lastModifiedDate" : "2021-11-23T16:21:43.000+0000"
    } ],
    "locked" : false
  } ],
  "tourismeAffaires" : {
    "tourismeAffairesEnabled" : true,
    "sallesEquipement" : [ {
      "elementReferenceType" : "SalleEquipement",
      "id" : 1259
    } ]
  },
  "visites" : {
    "languesPanneauInformation" : [ {
      "elementReferenceType" : "Langue",
      "id" : 1192
    }, {
      "elementReferenceType" : "Langue",
      "id" : 1197
    }, {
      "elementReferenceType" : "Langue",
      "id" : 1200
    } ],
    "visitable" : true
  },
  "territoires" : [ {
    "type" : "TERRITOIRE",
    "id" : 591381
  }, {
    "type" : "TERRITOIRE",
    "id" : 591419
  }, {
    "type" : "TERRITOIRE",
    "id" : 5127066
  }, {
    "type" : "TERRITOIRE",
    "id" : 5427637
  }, {
    "type" : "TERRITOIRE",
    "id" : 5460436
  }, {
    "type" : "TERRITOIRE",
    "id" : 5693878
  }, {
    "type" : "TERRITOIRE",
    "id" : 5693903
  }, {
    "type" : "TERRITOIRE",
    "id" : 6008197
  } ],
  "datesOuverture" : [ "2022-11-09", "2022-11-10", "2022-11-12", "2022-11-13", "2022-11-15", "2022-11-16", "2022-11-17", "2022-11-18", "2022-11-19", "2022-11-20", "2022-11-22", "2022-11-23", "2022-11-24", "2022-11-25", "2022-11-26", "2022-11-27", "2022-11-29", "2022-11-30", "2022-12-01", "2022-12-02", "2022-12-03", "2022-12-04", "2022-12-06", "2022-12-07", "2022-12-08", "2022-12-09", "2022-12-10", "2022-12-11", "2022-12-13", "2022-12-14", "2022-12-15", "2022-12-16", "2022-12-17", "2022-12-18", "2022-12-20", "2022-12-21", "2022-12-22", "2022-12-23", "2022-12-24", "2022-12-27", "2022-12-28", "2022-12-29", "2022-12-30", "2022-12-31" ],
  "informationsPatrimoineCulturel" : {
    "patrimoineCulturelType" : {
      "elementReferenceType" : "PatrimoineCulturelType",
      "id" : 3201
    },
    "themes" : [ {
      "elementReferenceType" : "PatrimoineCulturelTheme",
      "id" : 3393
    }, {
      "elementReferenceType" : "PatrimoineCulturelTheme",
      "id" : 3416
    }, {
      "elementReferenceType" : "PatrimoineCulturelTheme",
      "id" : 3419
    }, {
      "elementReferenceType" : "PatrimoineCulturelTheme",
      "id" : 3449
    }, {
      "elementReferenceType" : "PatrimoineCulturelTheme",
      "id" : 5391
    } ],
    "categories" : [ {
      "elementReferenceType" : "PatrimoineCulturelCategorie",
      "id" : 3226
    } ]
  },
  "formatVersion" : "v002",
  "expiration" : {
    "dateExpiration" : "2022-12-31T00:00:00.000+0000"
  },
  "informationsPrestataireActivites" : {
    "prestataireActivites" : true,
    "activitesCulturelles" : [ {
      "elementReferenceType" : "ActiviteCulturellePrestation",
      "id" : 1774
    }, {
      "elementReferenceType" : "ActiviteCulturellePrestation",
      "id" : 1779
    }, {
      "elementReferenceType" : "ActiviteCulturellePrestation",
      "id" : 1785
    }, {
      "elementReferenceType" : "ActiviteCulturellePrestation",
      "id" : 1809
    }, {
      "elementReferenceType" : "ActiviteCulturellePrestation",
      "id" : 1816
    }, {
      "elementReferenceType" : "ActiviteCulturellePrestation",
      "id" : 1818
    }, {
      "elementReferenceType" : "ActiviteCulturellePrestation",
      "id" : 1828
    }, {
      "elementReferenceType" : "ActiviteCulturellePrestation",
      "id" : 1849
    }, {
      "elementReferenceType" : "ActiviteCulturellePrestation",
      "id" : 3760
    }, {
      "elementReferenceType" : "ActiviteCulturellePrestation",
      "id" : 4598
    } ]
  },
  "enquete" : { },
  "donneesPrivees" : [ {
    "nomTechnique" : "1947_Id_patio",
    "libelleFr" : "Id_Patio",
    "ordre" : 1,
    "descriptif" : {
      "libelleFr" : "13MUS000034"
    }
  }, {
    "nomTechnique" : "1947_Source_patio",
    "libelleFr" : "Source_Patio",
    "ordre" : 2,
    "descriptif" : {
      "libelleFr" : "OT Marseille"
    }
  }, {
    "nomTechnique" : "1947_Url_patio",
    "libelleFr" : "URL_Patio",
    "ordre" : 3,
    "descriptif" : {
      "libelleFr" : "http://www.marseille-tourisme.com"
    }
  } ],
  "metadonnees" : [ {
    "noeudId" : "fairguest",
    "contenus" : [ {
      "cible" : "general",
      "metadonnee" : {
        "note" : 8.9,
        "label" : "Très bon",
        "couleur" : "#71a63e",
        "nombreAvis" : 305,
        "dateMaj" : 1667920014214
      }
    } ]
  } ]
}