{
  "type" : "PATRIMOINE_CULTUREL",
  "id" : 5538110,
  "nom" : {
    "libelleFr" : "Mémorial de la Marseillaise",
    "libelleEn" : "Mémorial de la Marseillaise",
    "libelleEs" : "Mémorial de la Marseillaise",
    "libelleIt" : "Mémorial de la Marseillaise",
    "libelleDe" : "Mémorial de la Marseillaise",
    "libelleNl" : "Mémorial de la Marseillaise"
  },
  "identifier" : "SITRA2_PCU_5538110",
  "state" : "PUBLISHED",
  "gestion" : {
    "dateCreation" : "2020-05-26T17:11:27.038+0000",
    "dateModification" : "2022-11-04T14:32:09.999+0000",
    "dateExportModification" : "2022-11-04T14:32:10.170+0000",
    "membreProprietaire" : {
      "type" : {
        "elementReferenceType" : "MembreSitraType",
        "id" : 233
      },
      "nom" : "Office Métropolitain de tourisme et des congrès de Marseille",
      "dateCreation" : "2017-02-13T09:29:30.842+0000",
      "dateModification" : "2022-10-24T08:49:48.642+0000",
      "id" : 1490,
      "siteWeb" : "http://www.marseille-tourisme.com"
    },
    "signalerUnProblemeMails" : [ "alegrand@marseille-tourisme.com", "hcochet@marseille-tourisme.com", "jorengo@marseille-tourisme.com", "lchavet@marseille-tourisme.com", "mamadier@marseille-tourisme.com", "sbenimeli@marseille-tourisme.com" ]
  },
  "informations" : {
    "moyensCommunication" : [ {
      "identifiant" : 79627804,
      "type" : {
        "elementReferenceType" : "MoyenCommunicationType",
        "id" : 201
      },
      "coordonnees" : {
        "fr" : "04 91 91 91 97"
      }
    }, {
      "identifiant" : 79627805,
      "type" : {
        "elementReferenceType" : "MoyenCommunicationType",
        "id" : 205
      },
      "coordonnees" : {
        "fr" : "http://musees.marseille.fr/"
      }
    }, {
      "identifiant" : 89750366,
      "type" : {
        "elementReferenceType" : "MoyenCommunicationType",
        "id" : 204
      },
      "coordonnees" : {
        "fr" : "musee-histoire@marseille.fr"
      }
    } ],
    "informationsLegales" : { },
    "structureGestion" : {
      "type" : "STRUCTURE",
      "id" : 5222908
    }
  },
  "presentation" : {
    "descriptifCourt" : {
      "libelleFr" : "Il est situé dans l'ancienne salle du Jeu de Paume où fût constitué le corps des fédérés marseillais qui rendirent célèbre le \"Chant de l'Armée du Rhin\" avant qu'il soit baptisé \"des Marseillois\" puis élevé plus tard au rang d'hymne national...",
      "libelleEn" : "It is located in the room of  the Paumme game  where the corps  of Marseille federates  who made the ' chant de l'armée\" du Rhin' famous before it was baptised \" des marseillais\" and later raised to the rank of national hymn.",
      "libelleEs" : "Se encuentra en la antigua Salle du Jeu de Paume, donde se formaron los federados marselleses que hicieron famoso el \"Chant de l'Armée du Rhin\" antes de que fuera bautizado como \"des Marseillois\" y posteriormente elevado al rango de himno nacional...",
      "libelleDe" : "Hier beginnt die Rue Paradis, und die anderen kleinen Seitenstraßen sind reich an Modegeschäften und Feinkostläden. \r\nDieser Platz war schon oft Schauplatz von Versammlungen, verschiedenen Veranstaltungen und Märkten. \r\nSeine öffentliche Tiefgarage und die nahegelegene Metrostation machen ihn zu einem bequemen Treffpunkt."
    },
    "descriptifDetaille" : {
      "libelleFr" : "Il s'agit d'un centre d'interprétation d'histoire unique en son genre où le spectaculaire s'appuie sur une impressionnante richesse des ressources culturelles et historiques.\r\n\r\nModalités de visites: \r\n\r\n- Mardi et vendredi à 10h et 14h accueil des scolaires, centres aérés, public du champ social, sur réservation uniquement par email.\r\n\r\n- Mardi et vendredi à 10h30 et 15h accueil du public individuel, sans réservation. Se rendre au préalable au musée d'Histoire de Marseille pour s'acquitter des billets. Le billet est couplé avec le musée d'Histoire et le musée des Docks Romains.",
      "libelleEn" : "It is all about  a unique history interpretation centre where the  spectacular is supported down by  an impressive wealth  of cultural and historical resources.\r\n\r\nHow to visit : \r\n\r\n- Tuesdays and fridays at  10 am and 2 pm Reception of schoool children, day-care centres, public of the social field on  reservation only by email.\r\n\r\n- Tuesdays and fridays 10.30 am and 3 pm Reception of  individual public without reservation. You  need to go to musée d'histoire de Marseille first in order to  buy the  tickets .Indeed, it is a combined ticket with  Musée des Docks romains and Musée d'histoire de Marseille.",
      "libelleEs" : "Se trata de un centro de interpretación de la historia único en su género, en el que lo espectacular se apoya en una impresionante riqueza de recursos culturales e históricos.\r\n\r\nCómo visitarlo: \r\n\r\n- Martes y viernes a las 10 y a las 14 horas para escolares, centros juveniles y público en general, previa reserva por correo electrónico.\r\n\r\n- Martes y viernes a las 10.30 y 15.00 horas para particulares, sin reserva. Las entradas deben pagarse por adelantado en el Museo de Historia de Marsella. La entrada se combina con el Museo de Historia y el Museo de los Muelles Romanos.",
      "libelleDe" : "Es handelt sich um ein einzigartiges Geschichtsinterpretationszentrum, in dem die spektakuläre Geschichte durch einen beeindruckenden Reichtum an kulturellen und historischen Ressourcen untermauert wird.\r\n\r\nModalitäten für Besichtigungen: \r\n\r\n- Dienstag und Freitag um 10:00 und 14:00 Uhr: Schulklassen, Kindertagesstätten, soziale Einrichtungen, Reservierung per E-Mail erforderlich.\r\n\r\n- Dienstag und Freitag um 10:30 und 15:00 Uhr für Einzelpersonen, ohne Reservierung. Die Eintrittskarten müssen vorab im Musée d'Histoire de Marseille bezahlt werden. Die Eintrittskarte ist mit dem Musée d'Histoire und dem Musée des Docks Romains gekoppelt."
    },
    "typologiesPromoSitra" : [ {
      "elementReferenceType" : "TypologiePromoSitra",
      "id" : 6199
    } ]
  },
  "localisation" : {
    "adresse" : {
      "adresse1" : "23-25 Rue Thubaneau",
      "codePostal" : "13001",
      "bureauDistribution" : "MARSEILLE",
      "commune" : {
        "id" : 4531
      }
    },
    "geolocalisation" : {
      "complement" : {
        "libelleFr" : "Application des gestes barrières\r\nPort du masque \r\nGestion des flux et de la circulation des visiteurs avec des\r\nModalités adaptées avec une signalétique informative."
      },
      "valide" : true,
      "geoJson" : {
        "type" : "Point",
        "coordinates" : [ 5.378753, 43.297872 ]
      }
    },
    "perimetreGeographique" : [ {
      "id" : 4531
    } ],
    "environnements" : [ {
      "elementReferenceType" : "Environnement",
      "id" : 151
    }, {
      "elementReferenceType" : "Environnement",
      "id" : 173
    }, {
      "elementReferenceType" : "Environnement",
      "id" : 180
    }, {
      "elementReferenceType" : "Environnement",
      "id" : 183
    }, {
      "elementReferenceType" : "Environnement",
      "id" : 3974
    }, {
      "elementReferenceType" : "Environnement",
      "id" : 3975
    } ]
  },
  "liens" : {
    "liensObjetsTouristiquesTypes" : [ {
      "type" : "SUR_PLACE",
      "libelleFr" : "Sur place",
      "libelleEn" : "On the premises",
      "libelleEs" : "In situ",
      "libelleIt" : "Sul posto",
      "libelleDe" : "Vor Ort",
      "libelleNl" : "Ter plaatse",
      "libelleRu" : "На месте",
      "libelleZh" : "堂食",
      "libellePtBR" : "No local",
      "libelleJa" : "現地で",
      "objetTouristique" : {
        "type" : "PATRIMOINE_CULTUREL",
        "id" : 5538019
      }
    } ]
  },
  "prestations" : {
    "animauxAcceptes" : "NON_DISPONIBLE",
    "animauxAcceptesSupplement" : "NON_DISPONIBLE",
    "complementAccueil" : { },
    "descriptifHandicapMoteur" : {
      "libelleFr" : "L’entrée accessible est l’entrée principale du musée."
    },
    "descriptifHandicapAuditif" : {
      "libelleFr" : "Les chiens guides (accompagnant les personnes en situation de handicap physique et/ou mental) sont admis dans les salles d’exposition."
    },
    "descriptifHandicapVisuel" : {
      "libelleFr" : "Les musées de la Ville de Marseille peuvent proposer des formes de médiation culturelle adaptées aux personnes en situation de handicap visuel. N’hésitez pas à vous rapprocher de l’équipe du musée que vous souhaitez (re)découvrir afin d’élaborer une visite guidée adaptée.\r\nLes chiens guides (accompagnant les personnes en situation de handicap physique et/ou mental) sont admis dans les salles d’exposition."
    },
    "descriptifHandicapMental" : {
      "libelleFr" : "Les musées de la Ville de Marseille peuvent proposer des formes de médiation culturelle adaptées aux personnes en situation de handicap mental. N’hésitez pas à vous rapprocher de l’équipe du musée que vous souhaitez (re)découvrir afin d’élaborer une visite guidée adaptée.\r\nLes chiens guides (accompagnant les personnes en situation de handicap physique et/ou mental) sont admis dans les salles d’exposition."
    },
    "typesClientele" : [ {
      "elementReferenceType" : "TypeClientele",
      "id" : 593
    } ]
  },
  "ouverture" : {
    "periodeEnClair" : {
      "libelleFr" : "Fermé temporairement.",
      "libelleEn" : "Closed temporarily.",
      "libelleEs" : "Cerrado temporalmente.",
      "libelleIt" : "Temporaneamente chiusa.",
      "libelleDe" : "Vorübergehend geschlossen.",
      "libelleNl" : "Tijdelijk gesloten.",
      "libelleRu" : "Учреждение временно не работает.",
      "libelleZh" : "机构暂时关闭.",
      "libellePtBR" : "Fechado temporariamente.",
      "libelleJa" : "一時閉鎖中."
    },
    "periodeEnClairGenerationMode" : "AUTOMATIQUE",
    "indicationsPeriode" : [ {
      "elementReferenceType" : "IndicationPeriode",
      "id" : 416
    }, {
      "elementReferenceType" : "IndicationPeriode",
      "id" : 418
    }, {
      "elementReferenceType" : "IndicationPeriode",
      "id" : 435
    } ],
    "periodesOuvertures" : [ {
      "identifiant" : 21236190,
      "dateDebut" : "2022-07-01",
      "dateFin" : "2022-12-31",
      "complementHoraire" : {
        "libelleFr" : "Le Mémorial est fermé jusqu'à nouvel ordre."
      },
      "horaireOuverture" : "09:00:00",
      "horaireFermeture" : "18:00:00",
      "type" : "OUVERTURE_TOUS_LES_JOURS",
      "tousLesAns" : true,
      "identifiantTechnique" : 24699187
    } ],
    "fermeTemporairement" : "FERME_TEMPORAIREMENT"
  },
  "descriptionTarif" : {
    "indicationTarif" : "GRATUIT",
    "gratuit" : true,
    "tarifsEnClair" : {
      "libelleFr" : "Gratuit.",
      "libelleEn" : "Free of charge.",
      "libelleEs" : "Gratis.",
      "libelleIt" : "Gratuito.",
      "libelleDe" : "Kostenlos.",
      "libelleNl" : "Gratis.",
      "libelleRu" : "Бесплатно.",
      "libelleZh" : "免费.",
      "libellePtBR" : "Gratuito.",
      "libelleJa" : "無料."
    },
    "tarifsEnClairGenerationMode" : "AUTOMATIQUE",
    "devise" : "EUR",
    "conditions" : { }
  },
  "reservation" : { },
  "criteresInternes" : [ {
    "id" : 16639
  }, {
    "id" : 16775
  }, {
    "id" : 18002
  }, {
    "id" : 23526
  } ],
  "contacts" : [ {
    "identifiant" : 17636449,
    "referent" : true,
    "civilite" : {
      "elementReferenceType" : "ContactCivilite",
      "id" : 442
    },
    "nom" : "LONGO",
    "prenom" : "Christina",
    "fonction" : {
      "elementReferenceType" : "ContactFonction",
      "id" : 462
    },
    "moyensCommunication" : [ {
      "identifiant" : 83917050,
      "type" : {
        "elementReferenceType" : "MoyenCommunicationType",
        "id" : 201
      },
      "coordonnees" : {
        "fr" : "04 91 91 91 96"
      }
    } ]
  }, {
    "identifiant" : 17636450,
    "referent" : false,
    "civilite" : {
      "elementReferenceType" : "ContactCivilite",
      "id" : 443
    },
    "nom" : "PANTALY",
    "prenom" : "Loïc",
    "fonction" : {
      "elementReferenceType" : "ContactFonction",
      "id" : 4121
    },
    "moyensCommunication" : [ {
      "identifiant" : 83917051,
      "type" : {
        "elementReferenceType" : "MoyenCommunicationType",
        "id" : 201
      },
      "coordonnees" : {
        "fr" : "04 91 91 91 96"
      }
    } ]
  }, {
    "identifiant" : 17636451,
    "referent" : false,
    "civilite" : {
      "elementReferenceType" : "ContactCivilite",
      "id" : 442
    },
    "nom" : "COMMANDE",
    "prenom" : "Nathalie",
    "fonction" : {
      "elementReferenceType" : "ContactFonction",
      "id" : 458
    },
    "moyensCommunication" : [ {
      "identifiant" : 83917052,
      "type" : {
        "elementReferenceType" : "MoyenCommunicationType",
        "id" : 201
      },
      "coordonnees" : {
        "fr" : "04 91 91 91 97"
      }
    }, {
      "identifiant" : 83917053,
      "type" : {
        "elementReferenceType" : "MoyenCommunicationType",
        "id" : 204
      },
      "coordonnees" : {
        "fr" : "ncommande@marseille.fr"
      }
    } ]
  } ],
  "illustrations" : [ {
    "identifiant" : 12425706,
    "link" : false,
    "type" : "IMAGE",
    "nom" : {
      "libelleFr" : "Mémorial la Marseillaise"
    },
    "legende" : {
      "libelleFr" : "Mémorial la Marseillaise"
    },
    "copyright" : {
      "libelleFr" : "Musées de Marseille"
    },
    "traductionFichiers" : [ {
      "locale" : "fr",
      "url" : "https://static.apidae-tourisme.com/filestore/objets-touristiques/images/90/17/12587354.jpg",
      "urlListe" : "https://static.apidae-tourisme.com/filestore/objets-touristiques/images/90/17/12587354-liste.jpg",
      "urlFiche" : "https://static.apidae-tourisme.com/filestore/objets-touristiques/images/90/17/12587354-fiche.jpg",
      "urlDiaporama" : "https://static.apidae-tourisme.com/filestore/objets-touristiques/images/90/17/12587354-diaporama.jpg",
      "extension" : "jpg",
      "fileName" : "BD 2016-12 MMARSEILLAISE -7884",
      "taille" : 1179490,
      "hauteur" : 1500,
      "largeur" : 1001,
      "lastModifiedDate" : "2022-02-11T10:07:09.734+0000"
    } ],
    "locked" : false
  }, {
    "identifiant" : 12425707,
    "link" : false,
    "type" : "IMAGE",
    "nom" : {
      "libelleFr" : "Mémorial la Marseillaise"
    },
    "legende" : {
      "libelleFr" : "Mémorial la Marseillaise"
    },
    "copyright" : {
      "libelleFr" : "Musées de Marseille"
    },
    "traductionFichiers" : [ {
      "locale" : "fr",
      "url" : "https://static.apidae-tourisme.com/filestore/objets-touristiques/images/91/17/12587355.jpg",
      "urlListe" : "https://static.apidae-tourisme.com/filestore/objets-touristiques/images/91/17/12587355-liste.jpg",
      "urlFiche" : "https://static.apidae-tourisme.com/filestore/objets-touristiques/images/91/17/12587355-fiche.jpg",
      "urlDiaporama" : "https://static.apidae-tourisme.com/filestore/objets-touristiques/images/91/17/12587355-diaporama.jpg",
      "extension" : "jpg",
      "fileName" : "BD 2017-01 MMARSEILLAISE-1352",
      "taille" : 1499726,
      "hauteur" : 1001,
      "largeur" : 1500,
      "lastModifiedDate" : "2022-02-11T10:07:08.227+0000"
    } ],
    "locked" : false
  }, {
    "identifiant" : 12425709,
    "link" : false,
    "type" : "IMAGE",
    "nom" : {
      "libelleFr" : "Mémorial la Marseillaise"
    },
    "legende" : {
      "libelleFr" : "Mémorial la Marseillaise"
    },
    "copyright" : {
      "libelleFr" : "Musées de Marseille"
    },
    "traductionFichiers" : [ {
      "locale" : "fr",
      "url" : "https://static.apidae-tourisme.com/filestore/objets-touristiques/images/93/17/12587357.jpg",
      "urlListe" : "https://static.apidae-tourisme.com/filestore/objets-touristiques/images/93/17/12587357-liste.jpg",
      "urlFiche" : "https://static.apidae-tourisme.com/filestore/objets-touristiques/images/93/17/12587357-fiche.jpg",
      "urlDiaporama" : "https://static.apidae-tourisme.com/filestore/objets-touristiques/images/93/17/12587357-diaporama.jpg",
      "extension" : "jpg",
      "fileName" : "BD 2017-01 MMARSEILLAISE-1532",
      "taille" : 1205124,
      "hauteur" : 1001,
      "largeur" : 1500,
      "lastModifiedDate" : "2022-02-11T10:07:09.001+0000"
    } ],
    "locked" : false
  }, {
    "identifiant" : 12373369,
    "link" : false,
    "type" : "IMAGE",
    "nom" : {
      "libelleFr" : "Mémorial de la Marseille"
    },
    "legende" : {
      "libelleFr" : "Façade"
    },
    "copyright" : {
      "libelleFr" : "Direction des musées Marseille"
    },
    "traductionFichiers" : [ {
      "locale" : "fr",
      "url" : "https://static.apidae-tourisme.com/filestore/objets-touristiques/images/75/43/12528459.jpg",
      "urlListe" : "https://static.apidae-tourisme.com/filestore/objets-touristiques/images/75/43/12528459-liste.jpg",
      "urlFiche" : "https://static.apidae-tourisme.com/filestore/objets-touristiques/images/75/43/12528459-fiche.jpg",
      "urlDiaporama" : "https://static.apidae-tourisme.com/filestore/objets-touristiques/images/75/43/12528459-diaporama.jpg",
      "extension" : "jpg",
      "fileName" : "Memorial",
      "taille" : 99637,
      "hauteur" : 640,
      "largeur" : 1248,
      "lastModifiedDate" : "2022-02-07T09:07:03.014+0000"
    } ],
    "locked" : false
  } ],
  "visites" : {
    "visitable" : false
  },
  "territoires" : [ {
    "type" : "TERRITOIRE",
    "id" : 591381
  }, {
    "type" : "TERRITOIRE",
    "id" : 591419
  }, {
    "type" : "TERRITOIRE",
    "id" : 5127066
  }, {
    "type" : "TERRITOIRE",
    "id" : 5427637
  }, {
    "type" : "TERRITOIRE",
    "id" : 5460436
  }, {
    "type" : "TERRITOIRE",
    "id" : 5693878
  }, {
    "type" : "TERRITOIRE",
    "id" : 5693903
  }, {
    "type" : "TERRITOIRE",
    "id" : 6008197
  } ],
  "datesOuverture" : [ "2022-11-05", "2022-11-06", "2022-11-07", "2022-11-08", "2022-11-09", "2022-11-10", "2022-11-11", "2022-11-12", "2022-11-13", "2022-11-14", "2022-11-15", "2022-11-16", "2022-11-17", "2022-11-18", "2022-11-19", "2022-11-20", "2022-11-21", "2022-11-22", "2022-11-23", "2022-11-24", "2022-11-25", "2022-11-26", "2022-11-27", "2022-11-28", "2022-11-29", "2022-11-30", "2022-12-01", "2022-12-02", "2022-12-03", "2022-12-04", "2022-12-05", "2022-12-06", "2022-12-07", "2022-12-08", "2022-12-09", "2022-12-10", "2022-12-11", "2022-12-12", "2022-12-13", "2022-12-14", "2022-12-15", "2022-12-16", "2022-12-17", "2022-12-18", "2022-12-19", "2022-12-20", "2022-12-21", "2022-12-22", "2022-12-23", "2022-12-24", "2022-12-25", "2022-12-26", "2022-12-27", "2022-12-28", "2022-12-29", "2022-12-30", "2022-12-31", "2023-07-01", "2023-07-02", "2023-07-03", "2023-07-04", "2023-07-05", "2023-07-06", "2023-07-07", "2023-07-08", "2023-07-09", "2023-07-10", "2023-07-11", "2023-07-12", "2023-07-13", "2023-07-14", "2023-07-15", "2023-07-16", "2023-07-17", "2023-07-18", "2023-07-19", "2023-07-20", "2023-07-21", "2023-07-22", "2023-07-23", "2023-07-24", "2023-07-25", "2023-07-26", "2023-07-27", "2023-07-28", "2023-07-29", "2023-07-30", "2023-07-31", "2023-08-01", "2023-08-02", "2023-08-03", "2023-08-04", "2023-08-05", "2023-08-06", "2023-08-07", "2023-08-08", "2023-08-09", "2023-08-10", "2023-08-11", "2023-08-12", "2023-08-13", "2023-08-14", "2023-08-15", "2023-08-16", "2023-08-17", "2023-08-18", "2023-08-19", "2023-08-20", "2023-08-21", "2023-08-22", "2023-08-23", "2023-08-24", "2023-08-25", "2023-08-26", "2023-08-27", "2023-08-28", "2023-08-29", "2023-08-30", "2023-08-31", "2023-09-01", "2023-09-02", "2023-09-03", "2023-09-04", "2023-09-05", "2023-09-06", "2023-09-07", "2023-09-08", "2023-09-09", "2023-09-10", "2023-09-11", "2023-09-12", "2023-09-13", "2023-09-14", "2023-09-15", "2023-09-16", "2023-09-17", "2023-09-18", "2023-09-19", "2023-09-20", "2023-09-21", "2023-09-22", "2023-09-23", "2023-09-24", "2023-09-25", "2023-09-26", "2023-09-27", "2023-09-28", "2023-09-29", "2023-09-30", "2023-10-01", "2023-10-02", "2023-10-03", "2023-10-04", "2023-10-05", "2023-10-06", "2023-10-07", "2023-10-08", "2023-10-09", "2023-10-10", "2023-10-11", "2023-10-12", "2023-10-13", "2023-10-14", "2023-10-15", "2023-10-16", "2023-10-17", "2023-10-18", "2023-10-19", "2023-10-20", "2023-10-21", "2023-10-22", "2023-10-23", "2023-10-24", "2023-10-25", "2023-10-26", "2023-10-27", "2023-10-28", "2023-10-29", "2023-10-30", "2023-10-31", "2023-11-01", "2023-11-02", "2023-11-03", "2023-11-04", "2023-11-05", "2023-11-06", "2023-11-07", "2023-11-08", "2023-11-09", "2023-11-10", "2023-11-11", "2023-11-12", "2023-11-13", "2023-11-14", "2023-11-15", "2023-11-16", "2023-11-17", "2023-11-18", "2023-11-19", "2023-11-20", "2023-11-21", "2023-11-22", "2023-11-23", "2023-11-24", "2023-11-25", "2023-11-26", "2023-11-27", "2023-11-28", "2023-11-29", "2023-11-30", "2023-12-01", "2023-12-02", "2023-12-03", "2023-12-04", "2023-12-05", "2023-12-06", "2023-12-07", "2023-12-08", "2023-12-09", "2023-12-10", "2023-12-11", "2023-12-12", "2023-12-13", "2023-12-14", "2023-12-15", "2023-12-16", "2023-12-17", "2023-12-18", "2023-12-19", "2023-12-20", "2023-12-21", "2023-12-22", "2023-12-23", "2023-12-24", "2023-12-25", "2023-12-26", "2023-12-27", "2023-12-28", "2023-12-29", "2023-12-30", "2023-12-31", "2024-07-01", "2024-07-02", "2024-07-03", "2024-07-04", "2024-07-05", "2024-07-06", "2024-07-07", "2024-07-08", "2024-07-09", "2024-07-10", "2024-07-11", "2024-07-12", "2024-07-13", "2024-07-14", "2024-07-15", "2024-07-16", "2024-07-17", "2024-07-18", "2024-07-19", "2024-07-20", "2024-07-21", "2024-07-22", "2024-07-23", "2024-07-24", "2024-07-25", "2024-07-26", "2024-07-27", "2024-07-28", "2024-07-29", "2024-07-30", "2024-07-31", "2024-08-01", "2024-08-02", "2024-08-03", "2024-08-04", "2024-08-05", "2024-08-06", "2024-08-07", "2024-08-08", "2024-08-09", "2024-08-10", "2024-08-11", "2024-08-12", "2024-08-13", "2024-08-14", "2024-08-15", "2024-08-16", "2024-08-17", "2024-08-18", "2024-08-19", "2024-08-20", "2024-08-21", "2024-08-22", "2024-08-23", "2024-08-24", "2024-08-25", "2024-08-26", "2024-08-27", "2024-08-28", "2024-08-29", "2024-08-30", "2024-08-31", "2024-09-01", "2024-09-02", "2024-09-03", "2024-09-04", "2024-09-05", "2024-09-06", "2024-09-07", "2024-09-08", "2024-09-09", "2024-09-10", "2024-09-11", "2024-09-12", "2024-09-13", "2024-09-14", "2024-09-15", "2024-09-16", "2024-09-17", "2024-09-18", "2024-09-19", "2024-09-20", "2024-09-21", "2024-09-22", "2024-09-23", "2024-09-24", "2024-09-25", "2024-09-26", "2024-09-27", "2024-09-28", "2024-09-29", "2024-09-30", "2024-10-01", "2024-10-02", "2024-10-03", "2024-10-04", "2024-10-05", "2024-10-06", "2024-10-07", "2024-10-08", "2024-10-09", "2024-10-10", "2024-10-11", "2024-10-12", "2024-10-13", "2024-10-14", "2024-10-15", "2024-10-16", "2024-10-17", "2024-10-18", "2024-10-19", "2024-10-20", "2024-10-21", "2024-10-22", "2024-10-23", "2024-10-24", "2024-10-25", "2024-10-26", "2024-10-27", "2024-10-28", "2024-10-29", "2024-10-30", "2024-10-31", "2024-11-01", "2024-11-02", "2024-11-03", "2024-11-04" ],
  "informationsPatrimoineCulturel" : {
    "patrimoineCulturelType" : {
      "elementReferenceType" : "PatrimoineCulturelType",
      "id" : 3201
    },
    "themes" : [ {
      "elementReferenceType" : "PatrimoineCulturelTheme",
      "id" : 3419
    }, {
      "elementReferenceType" : "PatrimoineCulturelTheme",
      "id" : 3456
    } ]
  },
  "formatVersion" : "v002",
  "expiration" : { },
  "informationsPrestataireActivites" : {
    "prestataireActivites" : true,
    "activitesCulturelles" : [ {
      "elementReferenceType" : "ActiviteCulturellePrestation",
      "id" : 1817
    }, {
      "elementReferenceType" : "ActiviteCulturellePrestation",
      "id" : 1825
    } ]
  },
  "enquete" : { },
  "donneesPrivees" : [ {
    "nomTechnique" : "1947_Id_patio",
    "libelleFr" : "Id_Patio",
    "ordre" : 1,
    "descriptif" : {
      "libelleFr" : "13MUS000015"
    }
  }, {
    "nomTechnique" : "1947_Source_patio",
    "libelleFr" : "Source_Patio",
    "ordre" : 2,
    "descriptif" : {
      "libelleFr" : "OT Marseille"
    }
  }, {
    "nomTechnique" : "1947_Url_patio",
    "libelleFr" : "URL_Patio",
    "ordre" : 3,
    "descriptif" : {
      "libelleFr" : "http://www.marseille-tourisme.com"
    }
  } ]
}