{
  "type" : "PATRIMOINE_CULTUREL",
  "id" : 5537909,
  "nom" : {
    "libelleFr" : "Musée Vitrine Archéologique",
    "libelleEn" : "Musée Vitrine Archéologique",
    "libelleEs" : "Museo del Escaparate Arqueológico",
    "libelleIt" : "Musée Vitrine Archéologique",
    "libelleDe" : "Archäologisches Vitrinenmuseum",
    "libelleNl" : "Musée Vitrine Archéologique"
  },
  "identifier" : "SITRA2_PCU_5537909",
  "state" : "PUBLISHED",
  "gestion" : {
    "dateCreation" : "2020-05-26T16:58:12.474+0000",
    "dateModification" : "2022-09-01T14:06:07.815+0000",
    "dateExportModification" : "2022-10-18T12:49:22.939+0000",
    "membreProprietaire" : {
      "type" : {
        "elementReferenceType" : "MembreSitraType",
        "id" : 233
      },
      "nom" : "Office de Tourisme et des Loisirs de Martigues",
      "dateCreation" : "2020-09-21T14:40:58.539+0000",
      "dateModification" : "2022-10-24T08:49:47.539+0000",
      "id" : 2082,
      "siteWeb" : "http://www.martigues-tourisme.com"
    },
    "signalerUnProblemeMails" : [ "etourisme@splte-martigues.fr", "animations@martigues-tourisme.com", "webmaster@splte-martigues.fr" ]
  },
  "informations" : {
    "moyensCommunication" : [ {
      "identifiant" : 83679705,
      "type" : {
        "elementReferenceType" : "MoyenCommunicationType",
        "id" : 201
      },
      "coordonnees" : {
        "fr" : "04 42 49 03 30"
      },
      "observation" : {
        "libelleFr" : "Art, Histoire et Archéologie"
      }
    }, {
      "identifiant" : 83679706,
      "type" : {
        "elementReferenceType" : "MoyenCommunicationType",
        "id" : 204
      },
      "coordonnees" : {
        "fr" : "contact.aha@ville-martigues.fr"
      },
      "observation" : {
        "libelleFr" : "Service Art, Histoire et Archéologie"
      }
    } ],
    "informationsLegales" : { },
    "structureGestion" : {
      "type" : "STRUCTURE",
      "id" : 5661581
    }
  },
  "presentation" : {
    "descriptifCourt" : {
      "libelleFr" : "La vitrine archéologique située sur la place Maritima (quartier de l'Ile) est, sur 80m², une restitution in situ, sur les restes d'un village primitif gaulois (Ve siècle avant notre ère).",
      "libelleEn" : "The archaeological showcase located on the square Maritima (district of the Island) is, on 80m2, a restitution in situ, on the remains of a primitive Gallic village (5th century before our era).",
      "libelleEs" : "El escaparate arqueológico situado en la Plaza Maritima (distrito de Ile) es, en 80m2, una representación in situ, sobre los restos de un primitivo pueblo galo (siglo V a. C.).",
      "libelleDe" : "Die archäologische Vitrine auf dem Place Maritima (Ile-Viertel) ist auf 80 m² eine in situ-Rückgabe auf den Überresten eines primitiven gallischen Dorfes (5. Jahrhundert v. Chr.)."
    },
    "descriptifDetaille" : {
      "libelleFr" : "Tracé des rues avec les objets là où ils ont été trouvés, et quatre maisons reconstruites selon des données archéologiques et ethniques. \r\n\r\nEn extérieur.",
      "libelleEn" : "Plot of streets with objects where they were found, and four houses reconstructed according to archaeological and ethnic data.\r\n\r\nOutdoors.",
      "libelleEs" : "Rastreó las calles con objetos donde fueron encontrados, y cuatro casas reconstruidas según datos arqueológicos y étnicos. \r\n\r\nAl aire libre.",
      "libelleDe" : "Anordnung der Straßen mit Objekten, in denen sie gefunden wurden, und vier Häuser, die nach archäologischen und ethnischen Daten rekonstruiert wurden.\r\n\r\nDraußen."
    },
    "typologiesPromoSitra" : [ {
      "elementReferenceType" : "TypologiePromoSitra",
      "id" : 1603
    }, {
      "elementReferenceType" : "TypologiePromoSitra",
      "id" : 1676
    } ]
  },
  "localisation" : {
    "adresse" : {
      "adresse1" : "Place Maritima",
      "codePostal" : "13500",
      "bureauDistribution" : "MARTIGUES",
      "commune" : {
        "id" : 4467
      }
    },
    "geolocalisation" : {
      "valide" : true,
      "geoJson" : {
        "type" : "Point",
        "coordinates" : [ 5.054531, 43.406010 ]
      }
    },
    "perimetreGeographique" : [ {
      "id" : 4467
    } ],
    "environnements" : [ {
      "elementReferenceType" : "Environnement",
      "id" : 141
    }, {
      "elementReferenceType" : "Environnement",
      "id" : 151
    }, {
      "elementReferenceType" : "Environnement",
      "id" : 173
    }, {
      "elementReferenceType" : "Environnement",
      "id" : 191
    }, {
      "elementReferenceType" : "Environnement",
      "id" : 6042
    } ]
  },
  "liens" : {
    "liensObjetsTouristiquesTypes" : [ {
      "type" : "ETAPE_PARCOURS",
      "libelleFr" : "Est une étape de ...",
      "libelleEn" : "Follows a section of...",
      "libelleEs" : "Es una etapa de...",
      "libelleIt" : "È una tappa di...",
      "libelleDe" : "Ist eine Etappe von ...",
      "libelleNl" : "Is een etappe van ...",
      "libelleRu" : "Является этапом...",
      "libelleZh" : "是路线的一阶段",
      "libellePtBR" : "É uma etapa de ...",
      "libelleJa" : "はステップ",
      "objetTouristique" : {
        "type" : "EQUIPEMENT",
        "id" : 5664017
      }
    } ]
  },
  "prestations" : {
    "services" : [ {
      "elementReferenceType" : "PrestationService",
      "id" : 687
    }, {
      "elementReferenceType" : "PrestationService",
      "id" : 1188
    } ],
    "animauxAcceptes" : "ACCEPTES",
    "animauxAcceptesSupplement" : "NON_DISPONIBLE",
    "typesClientele" : [ {
      "elementReferenceType" : "TypeClientele",
      "id" : 593
    } ]
  },
  "ouverture" : {
    "periodeEnClair" : {
      "libelleFr" : "Toute l'année, tous les jours.",
      "libelleEn" : "All year round, daily.",
      "libelleEs" : "Todo el año, todos los dias.",
      "libelleIt" : "Tutto l'anno, ogni giorno.",
      "libelleDe" : "Ganzjährig, täglich.",
      "libelleNl" : "Het hele jaar, iedere dag.",
      "libelleRu" : "В течение всего года, ежедневно.",
      "libelleZh" : "全年, 日常.",
      "libellePtBR" : "Todo o ano, todos os dias.",
      "libelleJa" : "オールシーズン, 毎日."
    },
    "periodeEnClairGenerationMode" : "AUTOMATIQUE",
    "indicationsPeriode" : [ {
      "elementReferenceType" : "IndicationPeriode",
      "id" : 416
    }, {
      "elementReferenceType" : "IndicationPeriode",
      "id" : 418
    }, {
      "elementReferenceType" : "IndicationPeriode",
      "id" : 435
    }, {
      "elementReferenceType" : "IndicationPeriode",
      "id" : 436
    } ],
    "periodesOuvertures" : [ {
      "identifiant" : 19863768,
      "dateDebut" : "2020-01-01",
      "dateFin" : "2020-12-31",
      "type" : "OUVERTURE_TOUS_LES_JOURS",
      "tousLesAns" : true,
      "identifiantTechnique" : 24206017
    } ],
    "ouvertTouteLAnnee" : "OUVERT_TOUTE_L_ANNEE"
  },
  "descriptionTarif" : {
    "indicationTarif" : "ACCES_LIBRE",
    "gratuit" : true,
    "tarifsEnClair" : {
      "libelleFr" : "Accès libre.",
      "libelleEn" : "Free access.",
      "libelleEs" : "Acceso libre.",
      "libelleIt" : "Accesso libero.",
      "libelleDe" : "Freier Zugang.",
      "libelleNl" : "Gratis toegang.",
      "libelleRu" : "Вход свободный.",
      "libelleZh" : "自由访问.",
      "libellePtBR" : "Acesso livre.",
      "libelleJa" : "フリーアクセス."
    },
    "tarifsEnClairGenerationMode" : "AUTOMATIQUE",
    "devise" : "EUR",
    "conditions" : { }
  },
  "reservation" : { },
  "criteresInternes" : [ {
    "id" : 18002
  } ],
  "contacts" : [ {
    "identifiant" : 18309385,
    "referent" : true,
    "nom" : "Art, Histoire et Archéologie",
    "prenom" : "Service",
    "titre" : {
      "libelleFr" : "14 quai Aristide Briand"
    },
    "fonction" : {
      "elementReferenceType" : "ContactFonction",
      "id" : 457
    },
    "moyensCommunication" : [ {
      "identifiant" : 83653059,
      "type" : {
        "elementReferenceType" : "MoyenCommunicationType",
        "id" : 201
      },
      "coordonnees" : {
        "fr" : "04 42 49 03 30"
      },
      "observation" : {
        "libelleFr" : "Accueil"
      }
    }, {
      "identifiant" : 83653060,
      "type" : {
        "elementReferenceType" : "MoyenCommunicationType",
        "id" : 204
      },
      "coordonnees" : {
        "fr" : "contact.aha@ville-martigues.fr"
      },
      "observation" : {
        "libelleFr" : "Accueil"
      }
    }, {
      "identifiant" : 83653071,
      "type" : {
        "elementReferenceType" : "MoyenCommunicationType",
        "id" : 201
      },
      "coordonnees" : {
        "fr" : "04 42 10 82 95"
      },
      "observation" : {
        "libelleFr" : "VAH - Magali GOUIRAN (responsable)"
      }
    }, {
      "identifiant" : 83653072,
      "type" : {
        "elementReferenceType" : "MoyenCommunicationType",
        "id" : 204
      },
      "coordonnees" : {
        "fr" : "magali.gouiran@ville-martigues.fr"
      },
      "observation" : {
        "libelleFr" : "VAH - Magali GOUIRAN (responsable)"
      }
    }, {
      "identifiant" : 83653083,
      "type" : {
        "elementReferenceType" : "MoyenCommunicationType",
        "id" : 201
      },
      "coordonnees" : {
        "fr" : "04 42 10 82 71"
      },
      "observation" : {
        "libelleFr" : "VAH - Emmanuelle ACHILLI (chargé des publics)"
      }
    }, {
      "identifiant" : 83653084,
      "type" : {
        "elementReferenceType" : "MoyenCommunicationType",
        "id" : 204
      },
      "coordonnees" : {
        "fr" : "emmanuelle.achilli@ville-martigues.fr"
      },
      "observation" : {
        "libelleFr" : "VAH - Emmanuelle ACHILLI (chargé des publics)"
      }
    }, {
      "identifiant" : 89792418,
      "type" : {
        "elementReferenceType" : "MoyenCommunicationType",
        "id" : 201
      },
      "coordonnees" : {
        "fr" : "06 24 00 24 14"
      },
      "observation" : {
        "libelleFr" : "Sylviane Allivons-Chapelle l'Annonciade"
      }
    }, {
      "identifiant" : 103445971,
      "type" : {
        "elementReferenceType" : "MoyenCommunicationType",
        "id" : 204
      },
      "coordonnees" : {
        "fr" : "nais.paoli@ville-martigues.fr"
      },
      "observation" : {
        "libelleFr" : "Naïs Paoli - Médiatrice culturelle"
      }
    } ]
  } ],
  "illustrations" : [ {
    "identifiant" : 13922388,
    "link" : false,
    "type" : "IMAGE",
    "nom" : {
      "libelleFr" : "Vitrine archéologique de Martigues"
    },
    "copyright" : {
      "libelleFr" : "Otmartigues / SergeT"
    },
    "traductionFichiers" : [ {
      "locale" : "fr",
      "url" : "https://static.apidae-tourisme.com/filestore/objets-touristiques/images/107/125/14187883.jpg",
      "urlListe" : "https://static.apidae-tourisme.com/filestore/objets-touristiques/images/107/125/14187883-liste.jpg",
      "urlFiche" : "https://static.apidae-tourisme.com/filestore/objets-touristiques/images/107/125/14187883-fiche.jpg",
      "urlDiaporama" : "https://static.apidae-tourisme.com/filestore/objets-touristiques/images/107/125/14187883-diaporama.jpg",
      "extension" : "jpg",
      "fileName" : "IMAG0054",
      "taille" : 691692,
      "hauteur" : 1552,
      "largeur" : 2592,
      "lastModifiedDate" : "2022-09-01T14:06:07.983+0000"
    } ],
    "locked" : false
  }, {
    "identifiant" : 13922389,
    "link" : false,
    "type" : "IMAGE",
    "nom" : {
      "libelleFr" : "Vitrine archéologique de Martigues"
    },
    "copyright" : {
      "libelleFr" : "Otmartigues / SergeT"
    },
    "traductionFichiers" : [ {
      "locale" : "fr",
      "url" : "https://static.apidae-tourisme.com/filestore/objets-touristiques/images/108/125/14187884.jpg",
      "urlListe" : "https://static.apidae-tourisme.com/filestore/objets-touristiques/images/108/125/14187884-liste.jpg",
      "urlFiche" : "https://static.apidae-tourisme.com/filestore/objets-touristiques/images/108/125/14187884-fiche.jpg",
      "urlDiaporama" : "https://static.apidae-tourisme.com/filestore/objets-touristiques/images/108/125/14187884-diaporama.jpg",
      "extension" : "jpg",
      "fileName" : "IMAG0055",
      "taille" : 551725,
      "hauteur" : 1552,
      "largeur" : 2592,
      "lastModifiedDate" : "2022-09-01T14:06:08.769+0000"
    } ],
    "locked" : false
  }, {
    "identifiant" : 13922390,
    "link" : false,
    "type" : "IMAGE",
    "nom" : {
      "libelleFr" : "Vitrine archéologique de Martigues"
    },
    "copyright" : {
      "libelleFr" : "Otmartigues / SergeT"
    },
    "traductionFichiers" : [ {
      "locale" : "fr",
      "url" : "https://static.apidae-tourisme.com/filestore/objets-touristiques/images/109/125/14187885.jpg",
      "urlListe" : "https://static.apidae-tourisme.com/filestore/objets-touristiques/images/109/125/14187885-liste.jpg",
      "urlFiche" : "https://static.apidae-tourisme.com/filestore/objets-touristiques/images/109/125/14187885-fiche.jpg",
      "urlDiaporama" : "https://static.apidae-tourisme.com/filestore/objets-touristiques/images/109/125/14187885-diaporama.jpg",
      "extension" : "jpg",
      "fileName" : "IMAG0056",
      "taille" : 651944,
      "hauteur" : 1552,
      "largeur" : 2592,
      "lastModifiedDate" : "2022-09-01T14:06:09.730+0000"
    } ],
    "locked" : false
  } ],
  "visites" : {
    "languesPanneauInformation" : [ {
      "elementReferenceType" : "Langue",
      "id" : 1197
    } ],
    "visitable" : false,
    "dureeMoyenneVisiteIndividuelle" : 15,
    "prestationsVisitesIndividuelles" : [ {
      "elementReferenceType" : "PrestationVisiteIndividuelle",
      "id" : 480
    } ]
  },
  "territoires" : [ {
    "type" : "TERRITOIRE",
    "id" : 591381
  }, {
    "type" : "TERRITOIRE",
    "id" : 591419
  }, {
    "type" : "TERRITOIRE",
    "id" : 5127066
  }, {
    "type" : "TERRITOIRE",
    "id" : 5427637
  }, {
    "type" : "TERRITOIRE",
    "id" : 5460459
  }, {
    "type" : "TERRITOIRE",
    "id" : 5693765
  }, {
    "type" : "TERRITOIRE",
    "id" : 5693912
  }, {
    "type" : "TERRITOIRE",
    "id" : 5853947
  } ],
  "datesOuverture" : [ "2022-10-19", "2022-10-20", "2022-10-21", "2022-10-22", "2022-10-23", "2022-10-24", "2022-10-25", "2022-10-26", "2022-10-27", "2022-10-28", "2022-10-29", "2022-10-30", "2022-10-31", "2022-11-01", "2022-11-02", "2022-11-03", "2022-11-04", "2022-11-05", "2022-11-06", "2022-11-07", "2022-11-08", "2022-11-09", "2022-11-10", "2022-11-11", "2022-11-12", "2022-11-13", "2022-11-14", "2022-11-15", "2022-11-16", "2022-11-17", "2022-11-18", "2022-11-19", "2022-11-20", "2022-11-21", "2022-11-22", "2022-11-23", "2022-11-24", "2022-11-25", "2022-11-26", "2022-11-27", "2022-11-28", "2022-11-29", "2022-11-30", "2022-12-01", "2022-12-02", "2022-12-03", "2022-12-04", "2022-12-05", "2022-12-06", "2022-12-07", "2022-12-08", "2022-12-09", "2022-12-10", "2022-12-11", "2022-12-12", "2022-12-13", "2022-12-14", "2022-12-15", "2022-12-16", "2022-12-17", "2022-12-18", "2022-12-19", "2022-12-20", "2022-12-21", "2022-12-22", "2022-12-23", "2022-12-24", "2022-12-25", "2022-12-26", "2022-12-27", "2022-12-28", "2022-12-29", "2022-12-30", "2022-12-31", "2023-01-01", "2023-01-02", "2023-01-03", "2023-01-04", "2023-01-05", "2023-01-06", "2023-01-07", "2023-01-08", "2023-01-09", "2023-01-10", "2023-01-11", "2023-01-12", "2023-01-13", "2023-01-14", "2023-01-15", "2023-01-16", "2023-01-17", "2023-01-18", "2023-01-19", "2023-01-20", "2023-01-21", "2023-01-22", "2023-01-23", "2023-01-24", "2023-01-25", "2023-01-26", "2023-01-27", "2023-01-28", "2023-01-29", "2023-01-30", "2023-01-31", "2023-02-01", "2023-02-02", "2023-02-03", "2023-02-04", "2023-02-05", "2023-02-06", "2023-02-07", "2023-02-08", "2023-02-09", "2023-02-10", "2023-02-11", "2023-02-12", "2023-02-13", "2023-02-14", "2023-02-15", "2023-02-16", "2023-02-17", "2023-02-18", "2023-02-19", "2023-02-20", "2023-02-21", "2023-02-22", "2023-02-23", "2023-02-24", "2023-02-25", "2023-02-26", "2023-02-27", "2023-02-28", "2023-03-01", "2023-03-02", "2023-03-03", "2023-03-04", "2023-03-05", "2023-03-06", "2023-03-07", "2023-03-08", "2023-03-09", "2023-03-10", "2023-03-11", "2023-03-12", "2023-03-13", "2023-03-14", "2023-03-15", "2023-03-16", "2023-03-17", "2023-03-18", "2023-03-19", "2023-03-20", "2023-03-21", "2023-03-22", "2023-03-23", "2023-03-24", "2023-03-25", "2023-03-26", "2023-03-27", "2023-03-28", "2023-03-29", "2023-03-30", "2023-03-31", "2023-04-01", "2023-04-02", "2023-04-03", "2023-04-04", "2023-04-05", "2023-04-06", "2023-04-07", "2023-04-08", "2023-04-09", "2023-04-10", "2023-04-11", "2023-04-12", "2023-04-13", "2023-04-14", "2023-04-15", "2023-04-16", "2023-04-17", "2023-04-18", "2023-04-19", "2023-04-20", "2023-04-21", "2023-04-22", "2023-04-23", "2023-04-24", "2023-04-25", "2023-04-26", "2023-04-27", "2023-04-28", "2023-04-29", "2023-04-30", "2023-05-01", "2023-05-02", "2023-05-03", "2023-05-04", "2023-05-05", "2023-05-06", "2023-05-07", "2023-05-08", "2023-05-09", "2023-05-10", "2023-05-11", "2023-05-12", "2023-05-13", "2023-05-14", "2023-05-15", "2023-05-16", "2023-05-17", "2023-05-18", "2023-05-19", "2023-05-20", "2023-05-21", "2023-05-22", "2023-05-23", "2023-05-24", "2023-05-25", "2023-05-26", "2023-05-27", "2023-05-28", "2023-05-29", "2023-05-30", "2023-05-31", "2023-06-01", "2023-06-02", "2023-06-03", "2023-06-04", "2023-06-05", "2023-06-06", "2023-06-07", "2023-06-08", "2023-06-09", "2023-06-10", "2023-06-11", "2023-06-12", "2023-06-13", "2023-06-14", "2023-06-15", "2023-06-16", "2023-06-17", "2023-06-18", "2023-06-19", "2023-06-20", "2023-06-21", "2023-06-22", "2023-06-23", "2023-06-24", "2023-06-25", "2023-06-26", "2023-06-27", "2023-06-28", "2023-06-29", "2023-06-30", "2023-07-01", "2023-07-02", "2023-07-03", "2023-07-04", "2023-07-05", "2023-07-06", "2023-07-07", "2023-07-08", "2023-07-09", "2023-07-10", "2023-07-11", "2023-07-12", "2023-07-13", "2023-07-14", "2023-07-15", "2023-07-16", "2023-07-17", "2023-07-18", "2023-07-19", "2023-07-20", "2023-07-21", "2023-07-22", "2023-07-23", "2023-07-24", "2023-07-25", "2023-07-26", "2023-07-27", "2023-07-28", "2023-07-29", "2023-07-30", "2023-07-31", "2023-08-01", "2023-08-02", "2023-08-03", "2023-08-04", "2023-08-05", "2023-08-06", "2023-08-07", "2023-08-08", "2023-08-09", "2023-08-10", "2023-08-11", "2023-08-12", "2023-08-13", "2023-08-14", "2023-08-15", "2023-08-16", "2023-08-17", "2023-08-18", "2023-08-19", "2023-08-20", "2023-08-21", "2023-08-22", "2023-08-23", "2023-08-24", "2023-08-25", "2023-08-26", "2023-08-27", "2023-08-28", "2023-08-29", "2023-08-30", "2023-08-31", "2023-09-01", "2023-09-02", "2023-09-03", "2023-09-04", "2023-09-05", "2023-09-06", "2023-09-07", "2023-09-08", "2023-09-09", "2023-09-10", "2023-09-11", "2023-09-12", "2023-09-13", "2023-09-14", "2023-09-15", "2023-09-16", "2023-09-17", "2023-09-18", "2023-09-19", "2023-09-20", "2023-09-21", "2023-09-22", "2023-09-23", "2023-09-24", "2023-09-25", "2023-09-26", "2023-09-27", "2023-09-28", "2023-09-29", "2023-09-30", "2023-10-01", "2023-10-02", "2023-10-03", "2023-10-04", "2023-10-05", "2023-10-06", "2023-10-07", "2023-10-08", "2023-10-09", "2023-10-10", "2023-10-11", "2023-10-12", "2023-10-13", "2023-10-14", "2023-10-15", "2023-10-16", "2023-10-17", "2023-10-18", "2023-10-19", "2023-10-20", "2023-10-21", "2023-10-22", "2023-10-23", "2023-10-24", "2023-10-25", "2023-10-26", "2023-10-27", "2023-10-28", "2023-10-29", "2023-10-30", "2023-10-31", "2023-11-01", "2023-11-02", "2023-11-03", "2023-11-04", "2023-11-05", "2023-11-06", "2023-11-07", "2023-11-08", "2023-11-09", "2023-11-10", "2023-11-11", "2023-11-12", "2023-11-13", "2023-11-14", "2023-11-15", "2023-11-16", "2023-11-17", "2023-11-18", "2023-11-19", "2023-11-20", "2023-11-21", "2023-11-22", "2023-11-23", "2023-11-24", "2023-11-25", "2023-11-26", "2023-11-27", "2023-11-28", "2023-11-29", "2023-11-30", "2023-12-01", "2023-12-02", "2023-12-03", "2023-12-04", "2023-12-05", "2023-12-06", "2023-12-07", "2023-12-08", "2023-12-09", "2023-12-10", "2023-12-11", "2023-12-12", "2023-12-13", "2023-12-14", "2023-12-15", "2023-12-16", "2023-12-17", "2023-12-18", "2023-12-19", "2023-12-20", "2023-12-21", "2023-12-22", "2023-12-23", "2023-12-24", "2023-12-25", "2023-12-26", "2023-12-27", "2023-12-28", "2023-12-29", "2023-12-30", "2023-12-31", "2024-01-01", "2024-01-02", "2024-01-03", "2024-01-04", "2024-01-05", "2024-01-06", "2024-01-07", "2024-01-08", "2024-01-09", "2024-01-10", "2024-01-11", "2024-01-12", "2024-01-13", "2024-01-14", "2024-01-15", "2024-01-16", "2024-01-17", "2024-01-18", "2024-01-19", "2024-01-20", "2024-01-21", "2024-01-22", "2024-01-23", "2024-01-24", "2024-01-25", "2024-01-26", "2024-01-27", "2024-01-28", "2024-01-29", "2024-01-30", "2024-01-31", "2024-02-01", "2024-02-02", "2024-02-03", "2024-02-04", "2024-02-05", "2024-02-06", "2024-02-07", "2024-02-08", "2024-02-09", "2024-02-10", "2024-02-11", "2024-02-12", "2024-02-13", "2024-02-14", "2024-02-15", "2024-02-16", "2024-02-17", "2024-02-18", "2024-02-19", "2024-02-20", "2024-02-21", "2024-02-22", "2024-02-23", "2024-02-24", "2024-02-25", "2024-02-26", "2024-02-27", "2024-02-28", "2024-02-29", "2024-03-01", "2024-03-02", "2024-03-03", "2024-03-04", "2024-03-05", "2024-03-06", "2024-03-07", "2024-03-08", "2024-03-09", "2024-03-10", "2024-03-11", "2024-03-12", "2024-03-13", "2024-03-14", "2024-03-15", "2024-03-16", "2024-03-17", "2024-03-18", "2024-03-19", "2024-03-20", "2024-03-21", "2024-03-22", "2024-03-23", "2024-03-24", "2024-03-25", "2024-03-26", "2024-03-27", "2024-03-28", "2024-03-29", "2024-03-30", "2024-03-31", "2024-04-01", "2024-04-02", "2024-04-03", "2024-04-04", "2024-04-05", "2024-04-06", "2024-04-07", "2024-04-08", "2024-04-09", "2024-04-10", "2024-04-11", "2024-04-12", "2024-04-13", "2024-04-14", "2024-04-15", "2024-04-16", "2024-04-17", "2024-04-18", "2024-04-19", "2024-04-20", "2024-04-21", "2024-04-22", "2024-04-23", "2024-04-24", "2024-04-25", "2024-04-26", "2024-04-27", "2024-04-28", "2024-04-29", "2024-04-30", "2024-05-01", "2024-05-02", "2024-05-03", "2024-05-04", "2024-05-05", "2024-05-06", "2024-05-07", "2024-05-08", "2024-05-09", "2024-05-10", "2024-05-11", "2024-05-12", "2024-05-13", "2024-05-14", "2024-05-15", "2024-05-16", "2024-05-17", "2024-05-18", "2024-05-19", "2024-05-20", "2024-05-21", "2024-05-22", "2024-05-23", "2024-05-24", "2024-05-25", "2024-05-26", "2024-05-27", "2024-05-28", "2024-05-29", "2024-05-30", "2024-05-31", "2024-06-01", "2024-06-02", "2024-06-03", "2024-06-04", "2024-06-05", "2024-06-06", "2024-06-07", "2024-06-08", "2024-06-09", "2024-06-10", "2024-06-11", "2024-06-12", "2024-06-13", "2024-06-14", "2024-06-15", "2024-06-16", "2024-06-17", "2024-06-18", "2024-06-19", "2024-06-20", "2024-06-21", "2024-06-22", "2024-06-23", "2024-06-24", "2024-06-25", "2024-06-26", "2024-06-27", "2024-06-28", "2024-06-29", "2024-06-30", "2024-07-01", "2024-07-02", "2024-07-03", "2024-07-04", "2024-07-05", "2024-07-06", "2024-07-07", "2024-07-08", "2024-07-09", "2024-07-10", "2024-07-11", "2024-07-12", "2024-07-13", "2024-07-14", "2024-07-15", "2024-07-16", "2024-07-17", "2024-07-18", "2024-07-19", "2024-07-20", "2024-07-21", "2024-07-22", "2024-07-23", "2024-07-24", "2024-07-25", "2024-07-26", "2024-07-27", "2024-07-28", "2024-07-29", "2024-07-30", "2024-07-31", "2024-08-01", "2024-08-02", "2024-08-03", "2024-08-04", "2024-08-05", "2024-08-06", "2024-08-07", "2024-08-08", "2024-08-09", "2024-08-10", "2024-08-11", "2024-08-12", "2024-08-13", "2024-08-14", "2024-08-15", "2024-08-16", "2024-08-17", "2024-08-18", "2024-08-19", "2024-08-20", "2024-08-21", "2024-08-22", "2024-08-23", "2024-08-24", "2024-08-25", "2024-08-26", "2024-08-27", "2024-08-28", "2024-08-29", "2024-08-30", "2024-08-31", "2024-09-01", "2024-09-02", "2024-09-03", "2024-09-04", "2024-09-05", "2024-09-06", "2024-09-07", "2024-09-08", "2024-09-09", "2024-09-10", "2024-09-11", "2024-09-12", "2024-09-13", "2024-09-14", "2024-09-15", "2024-09-16", "2024-09-17", "2024-09-18", "2024-09-19", "2024-09-20", "2024-09-21", "2024-09-22", "2024-09-23", "2024-09-24", "2024-09-25", "2024-09-26", "2024-09-27", "2024-09-28", "2024-09-29", "2024-09-30", "2024-10-01", "2024-10-02", "2024-10-03", "2024-10-04", "2024-10-05", "2024-10-06", "2024-10-07", "2024-10-08", "2024-10-09", "2024-10-10", "2024-10-11", "2024-10-12", "2024-10-13", "2024-10-14", "2024-10-15", "2024-10-16", "2024-10-17", "2024-10-18" ],
  "informationsPatrimoineCulturel" : {
    "patrimoineCulturelType" : {
      "elementReferenceType" : "PatrimoineCulturelType",
      "id" : 3201
    },
    "themes" : [ {
      "elementReferenceType" : "PatrimoineCulturelTheme",
      "id" : 3416
    }, {
      "elementReferenceType" : "PatrimoineCulturelTheme",
      "id" : 3429
    } ]
  },
  "formatVersion" : "v002",
  "expiration" : { },
  "informationsPrestataireActivites" : {
    "prestataireActivites" : false
  },
  "enquete" : { },
  "donneesPrivees" : [ {
    "nomTechnique" : "1947_Id_patio",
    "libelleFr" : "Id_Patio",
    "ordre" : 1,
    "descriptif" : {
      "libelleFr" : "13T2001524"
    }
  }, {
    "nomTechnique" : "1947_Source_patio",
    "libelleFr" : "Source_Patio",
    "ordre" : 2,
    "descriptif" : {
      "libelleFr" : "OT Martigues"
    }
  }, {
    "nomTechnique" : "1947_Url_patio",
    "libelleFr" : "URL_Patio",
    "ordre" : 3,
    "descriptif" : {
      "libelleFr" : "http://www.martigues-tourisme.com"
    }
  } ]
}