{
  "type" : "PATRIMOINE_CULTUREL",
  "id" : 5539501,
  "nom" : {
    "libelleFr" : "Eden Théâtre",
    "libelleEn" : "Eden Theater",
    "libelleEs" : "Teatro Edén",
    "libelleIt" : "Eden Théâtre",
    "libelleDe" : "Eden-Theater",
    "libelleNl" : "Eden Théâtre"
  },
  "identifier" : "SITRA2_PCU_5539501",
  "state" : "PUBLISHED",
  "gestion" : {
    "dateCreation" : "2020-05-27T15:16:33.398+0000",
    "dateModification" : "2022-07-22T14:51:48.272+0000",
    "dateExportModification" : "2022-11-05T10:03:24.386+0000",
    "membreProprietaire" : {
      "type" : {
        "elementReferenceType" : "MembreSitraType",
        "id" : 233
      },
      "nom" : "Office de Tourisme de La Ciotat",
      "dateCreation" : "2020-10-06T11:35:17.725+0000",
      "dateModification" : "2022-10-24T08:49:39.014+0000",
      "id" : 2099,
      "siteWeb" : "https://www.destinationlaciotat.com/"
    },
    "signalerUnProblemeMails" : [ "a.guillaume@destinationlaciotat.com", "b.chaudet@destinationlaciotat.com", "c.famoso@destinationlaciotat.com", "m.toche@destinationlaciotat.com" ]
  },
  "informations" : {
    "moyensCommunication" : [ {
      "identifiant" : 79675435,
      "type" : {
        "elementReferenceType" : "MoyenCommunicationType",
        "id" : 201
      },
      "coordonnees" : {
        "fr" : "04 88 42 17 60"
      }
    }, {
      "identifiant" : 79675436,
      "type" : {
        "elementReferenceType" : "MoyenCommunicationType",
        "id" : 204
      },
      "coordonnees" : {
        "fr" : "contact@edencinemalaciotat.com"
      }
    }, {
      "identifiant" : 79675437,
      "type" : {
        "elementReferenceType" : "MoyenCommunicationType",
        "id" : 205
      },
      "coordonnees" : {
        "fr" : "http://edencinemalaciotat.com"
      }
    } ],
    "informationsLegales" : { },
    "structureGestion" : {
      "type" : "STRUCTURE",
      "id" : 5224368
    }
  },
  "presentation" : {
    "descriptifCourt" : {
      "libelleFr" : "L'Éden Théâtre, la plus ancienne salle de cinéma du monde encore existante, ouvre à nouveau ses portes à La Ciotat.",
      "libelleEn" : "The Eden Theater opened on 16 June 1889 and is therefore the oldest cinema in the world.",
      "libelleEs" : "El Eden se inauguró el 16 de junio de 1889 y, por lo tanto, es el cine más antiguo del mundo.",
      "libelleDe" : "Das Eden Theatre, das älteste noch existierende Kino der Welt, öffnet in La Ciotat erneut seine Pforten."
    },
    "descriptifDetaille" : {
      "libelleFr" : "Une renaissance qui marque bien sûr l'histoire de La Ciotat, déjà intimement liée au monde du septième art, grâce notamment aux frères Lumière. Lieu mythique ciotaden, l'Éden Théâtre a ouvert pour la première fois le 15 juin 1889 et a traversé les siècles. C'est le 21 mars 1899 que l'image animée s'invite pour la première fois dans ses murs, lors d'une projection payante des films issus du catalogue Lumière. Cher au coeur des Ciotadens, il devient, au fil des années, un cinéma de quartier populaire qui devra fermer en 1995 pour des raisons de sécurité. Inscrit à l'inventaire supplémentaire des Monuments historiques, il reprend aujourd'hui vie dans un parcours culturel cohérent et harmonieux. Un projet devenu aujourd'hui réalité qui s'est intégré dans le cadre de l'opération Marseille Provence 2013, capitale européenne de la Culture, dont il a constitué l'un des principaux événements.\r\nDésormais restauré, l'Éden Théâtre est à la fois un lieu de mémoire et une magnifique salle de cinéma tournée vers l'avenir qui fonctionne toute l'année à travers une programmation conjuguant patrimoine du septième art, festivals, éducation à l'image des nouvelles générations et technologies numériques.",
      "libelleEn" : "It was originally built for theater performances, concerts, and even wrestling shows. However, it became famous thanks to the Lumière brothers. In fact, Eden would not be of any meaning today if it did not host the first private screening of a film in September 1895.\r\nIn fact, it was in 1895 that brothers Louis and Auguste Lumière invented their own apparatus which was a camera and a projector, at the same time, thus allowing for images to be displayed on a moving screen.\r\nHowever, even if Eden had not hosted this historic event, it is the oldest cinema still in existence, making it an integral part of the heritage of the average film.\r\nEden was purchased by the City Council in April 1992 and was classified as a historic monument on February 12, 1996. The reopening of the Eden, after a complete restoration, took place in October 2013.",
      "libelleEs" : "Fue construido originalmente para representaciones teatrales, conciertos y espectáculos de lucha libre. Sin embargo, se hizo famoso gracias a los hermanos Lumiére. De hecho, Eden no tendría ningún significado hoy en día si no presentara la primera proyección privada de una película en septiembre de 1895.\r\nDe hecho, fue en 1895 cuando los hermanos Louis y Auguste Lumière inventaron su propio aparato que fue, al mismo tiempo, una cámara y un proyector, permitiendo así que las imágenes se muestran una pantalla en movimiento.\r\nSin embargo, si el Eden no hubiera acogido este evento histórico, seguiría siendo el cine más antiguo que aún existe, convirtiéndolo en una parte integral del patrimonio de la película promedio.\r\nEl Eden fue comprado por el ayuntamiento en abril de 1992 y fue clasificado como monumento histórico el 12 de febrero de 1996. La reapertura del Edén, después de una restauración completa, tuvo lugar en octubre de 2013.",
      "libelleIt" : "L'Eden fu inaugurato il 16 giugno 1889 ed è quindi il più antico cinema ancora esistente al mondo. E stato originariamente costruito per spettacoli teatrali, concerti, e persino spettacoli di wrestling. Tuttavia, è diventato famoso grazie ai fratelli Lumière. In realtà, l'Eden non sarebbe di alcun significato oggi se non ospitasse la prima proiezione privata di un film nel mese di settembre 1895.\r\nIn realtà fu nel 1895 che i fratelli Louis e Auguste Lumière inventarono il loro apparato che fu al stesso tempo una macchina fotografica e un proiettore, consentendo in tal modo per le immagini da visualizzare su uno schermo in movimento.\r\nTuttavia, anche se l'Eden non aveva ospitato questo evento storico sarebbe tuttavia il più antico cinema ancora esistente, rendendolo parte integrante del patrimonio del film medio.\r\nL'Eden fu acquistato dal Comune nel mese di aprile 1992 ed fu classificato come monumento storico il 12 febbraio 1996. La riapertura del Eden, dopo un completo restauro, ebbe luogo nel mese di ottobre 2013.",
      "libelleDe" : "Eine Wiedergeburt, die natürlich die Geschichte von La Ciotat prägt, die bereits eng mit der Welt der siebten Kunst verbunden ist, insbesondere dank der Brüder Lumière. Das Eden Theatre, ein mythischer ciotaden Ort, wurde am 15. Juni 1889 zum ersten Mal eröffnet und hat die Jahrhunderte überstanden. Am 21. März 1899 wurde das animierte Bild zum ersten Mal in seine Mauern eingeladen, während einer kostenpflichtigen Vorführung von Filmen aus dem Lumière-Katalog. Den Ciotadens sehr am Herzen gelegen, wurde es im Laufe der Jahre zu einem beliebten Nachbarschaftskino, das 1995 aus Sicherheitsgründen schließen musste. Es ist im zusätzlichen Inventar historischer Denkmäler aufgeführt und wird nun in einer kohärenten und harmonischen kulturellen Reise wieder zum Leben erweckt. Ein Projekt, das jetzt Realität geworden ist und Teil der Operation Marseille Provence 2013, Europäische Kulturhauptstadt, ist, von der es eine der Hauptveranstaltungen war.\r\nDas restaurierte Eden Theatre ist sowohl ein Ort der Erinnerung als auch ein großartiges Kino mit Blick in die Zukunft, das das ganze Jahr über mit einem Programm betrieben wird, das das Erbe der siebten Kunst, Festivals, Bildung im Bild neuer Generationen und digitale Technologien kombiniert."
    }
  },
  "localisation" : {
    "adresse" : {
      "adresse1" : "25 Boulevard Georges Clémenceau",
      "codePostal" : "13600",
      "bureauDistribution" : "LA CIOTAT",
      "commune" : {
        "id" : 4439
      }
    },
    "geolocalisation" : {
      "valide" : true,
      "geoJson" : {
        "type" : "Point",
        "coordinates" : [ 5.610516, 43.177329 ]
      }
    },
    "perimetreGeographique" : [ {
      "id" : 4439
    } ],
    "environnements" : [ {
      "elementReferenceType" : "Environnement",
      "id" : 6042
    }, {
      "elementReferenceType" : "Environnement",
      "id" : 173
    } ]
  },
  "liens" : { },
  "prestations" : {
    "equipements" : [ {
      "elementReferenceType" : "PrestationEquipement",
      "id" : 1321
    } ],
    "animauxAcceptes" : "NON_DISPONIBLE",
    "animauxAcceptesSupplement" : "NON_DISPONIBLE",
    "complementAccueil" : {
      "libelleFr" : "Accessible pour handicapés\r\nParking public(Parking du Port de Plaisance)",
      "libelleEn" : "Accessible for disabled",
      "libelleIt" : "Accessibile ai disabili",
      "libelleDe" : "Zugänglich für Behinderte",
      "libelleNl" : "Toegankelijk voor mensen met een handicap"
    }
  },
  "ouverture" : {
    "periodeEnClair" : { },
    "periodeEnClairGenerationMode" : "AUTOMATIQUE"
  },
  "descriptionTarif" : {
    "indicationTarif" : "PAYANT",
    "gratuit" : false,
    "tarifsEnClair" : { },
    "tarifsEnClairGenerationMode" : "AUTOMATIQUE",
    "devise" : "EUR",
    "conditions" : { }
  },
  "reservation" : { },
  "criteresInternes" : [ {
    "id" : 16775
  }, {
    "id" : 18002
  } ],
  "contacts" : [ {
    "identifiant" : 17644310,
    "referent" : true,
    "civilite" : {
      "elementReferenceType" : "ContactCivilite",
      "id" : 443
    },
    "nom" : "CORNILLE",
    "prenom" : "Michel",
    "fonction" : {
      "elementReferenceType" : "ContactFonction",
      "id" : 460
    }
  } ],
  "illustrations" : [ {
    "identifiant" : 8704362,
    "link" : false,
    "type" : "IMAGE",
    "nom" : {
      "libelleFr" : "13MO000029_1_WEB.jpg"
    },
    "traductionFichiers" : [ {
      "locale" : "fr",
      "url" : "https://static.apidae-tourisme.com/filestore/objets-touristiques/images/83/45/8465747.jpg",
      "urlListe" : "https://static.apidae-tourisme.com/filestore/objets-touristiques/images/83/45/8465747-liste.jpg",
      "urlFiche" : "https://static.apidae-tourisme.com/filestore/objets-touristiques/images/83/45/8465747-fiche.jpg",
      "urlDiaporama" : "https://static.apidae-tourisme.com/filestore/objets-touristiques/images/83/45/8465747-diaporama.jpg",
      "extension" : "jpg",
      "fileName" : "full",
      "taille" : 26825,
      "hauteur" : 300,
      "largeur" : 400,
      "lastModifiedDate" : "2020-09-02T10:41:47.000+0000"
    } ],
    "locked" : false
  } ],
  "tourismeAffaires" : {
    "tourismeAffairesEnabled" : true,
    "nombreSallesReunionEquipees" : 1,
    "capaciteMaxAccueil" : 166
  },
  "visites" : {
    "visitable" : false
  },
  "territoires" : [ {
    "type" : "TERRITOIRE",
    "id" : 591381
  }, {
    "type" : "TERRITOIRE",
    "id" : 591419
  }, {
    "type" : "TERRITOIRE",
    "id" : 5127066
  }, {
    "type" : "TERRITOIRE",
    "id" : 5427637
  }, {
    "type" : "TERRITOIRE",
    "id" : 5693743
  }, {
    "type" : "TERRITOIRE",
    "id" : 5693903
  }, {
    "type" : "TERRITOIRE",
    "id" : 5853941
  } ],
  "informationsPatrimoineCulturel" : {
    "patrimoineCulturelType" : {
      "elementReferenceType" : "PatrimoineCulturelType",
      "id" : 3203
    }
  },
  "formatVersion" : "v002",
  "expiration" : { },
  "informationsPrestataireActivites" : {
    "prestataireActivites" : false
  },
  "enquete" : { },
  "donneesPrivees" : [ {
    "nomTechnique" : "1947_Id_patio",
    "libelleFr" : "Id_Patio",
    "ordre" : 1,
    "descriptif" : {
      "libelleFr" : "13MO000029"
    }
  }, {
    "nomTechnique" : "1947_Source_patio",
    "libelleFr" : "Source_Patio",
    "ordre" : 2,
    "descriptif" : {
      "libelleFr" : "OT La Ciotat"
    }
  }, {
    "nomTechnique" : "1947_Url_patio",
    "libelleFr" : "URL_Patio",
    "ordre" : 3,
    "descriptif" : {
      "libelleFr" : "http://www.tourisme-laciotat.com"
    }
  } ],
  "metadonnees" : [ {
    "noeudId" : "fairguest",
    "contenus" : [ {
      "cible" : "general",
      "metadonnee" : {
        "note" : 9.5,
        "label" : "Excellent",
        "couleur" : "#277712",
        "nombreAvis" : 240,
        "dateMaj" : 1667642460702
      }
    } ]
  } ]
}