{
  "type" : "FETE_ET_MANIFESTATION",
  "id" : 5796994,
  "nom" : {
    "libelleFr" : "Connectivités"
  },
  "identifier" : "SITRA2_EVE_5796994",
  "state" : "PUBLISHED",
  "gestion" : {
    "dateCreation" : "2021-05-05T14:01:07.965+0000",
    "dateModification" : "2022-10-25T08:55:54.264+0000",
    "dateExportModification" : "2022-10-25T08:55:54.763+0000",
    "membreProprietaire" : {
      "type" : {
        "elementReferenceType" : "MembreSitraType",
        "id" : 233
      },
      "nom" : "Ville de Marseille",
      "dateCreation" : "2017-01-24T06:54:50.567+0000",
      "dateModification" : "2022-10-24T08:49:51.518+0000",
      "id" : 1470,
      "siteWeb" : "http://www.marseille.fr/"
    },
    "signalerUnProblemeMails" : [ "narezki@marseille.fr", "sortir@marseille.fr" ]
  },
  "informations" : {
    "moyensCommunication" : [ {
      "identifiant" : 88559259,
      "type" : {
        "elementReferenceType" : "MoyenCommunicationType",
        "id" : 205
      },
      "coordonnees" : {
        "fr" : "https://www.mucem.org/"
      }
    } ],
    "informationsLegales" : { },
    "structureGestion" : {
      "type" : "STRUCTURE",
      "id" : 5527607
    }
  },
  "presentation" : {
    "descriptifCourt" : {
      "libelleFr" : "\"Connectivités\" raconte une histoire des grandes cités portuaires en Méditerranée aux XVIe et XVIIe siècles."
    },
    "descriptifDetaille" : {
      "libelleFr" : "L’exposition propose de suivre les pas de Fernand Braudel et d’aborder la Méditerranée des XVIe et XVIIe siècles comme un personnage dont il s’agirait de raconter l’histoire en l’inscrivant dans la longue durée, allant jusqu’à l’interroger sur le monde contemporain.\r\n\r\n\"Connectivités\" raconte une histoire des grandes cités portuaires en Méditerranée aux XVIe et XVIIe siècles. Istanbul, Venise, Alger, Gênes, Séville et Lisbonne sont les centres névralgiques d’un monde ouvert marqué par une première mondialisation des échanges. Proposant aux visiteurs un saut dans le temps, cette histoire urbaine est également interrogée dans sa dimension contemporaine à travers quatre mégapoles et métropoles d’aujourd’hui : Istanbul, Le Caire, Marseille et Casablanca qui sont au cœur des connexions et des flux mondiaux. Elle permet au public d’appréhender les grands enjeux de l’espace méditerranéen contemporain.\r\n\r\nPlus de 350 œuvres et documents sont présentés, provenant à la fois des collections du Mucem et de grands musées français et européens. L’une des originalités de l’exposition est de permettre au public de choisir son itinéraire entre les XVIe-XVIIe siècles et celui du XXIe siècle.",
      "libelleEn" : "The Alexandria lighthouse, one of the seven wonders of the world\r\n\r\nCurator: Zeev Gourarier\r\nExhibition layout: Studio Adeline Rispal\r\n\r\nThe duration of the exhibitions will be generally from three to five years, with the most fragile pieces being exhibited in rotation for brief periods of three to six months.\r\n\r\nThe Mediterranean, though it has never been a homogenous political entity, is nevertheless a basin of specific civilisations, organised around singularities.\r\n\r\nBirth of the Gods and the Invention of Agriculture\r\nFor ten thousand years, men have been domesticating nature. In the Mediterranean, they began to cultivate wheat and raise sheep, donkeys, cattle… From the animistic worlds of prehistory followed the polytheism of antiquity. The Mediterranean landscape was altered, transforming the flora, even modifying the fauna. This landscape though poorly suited for agriculture drove people to multiply their strategies for utilising space and maximising their harvest. From nature to the table, the Mediterranean people have adopted, over the last ten thousand years, a dietary balance that is today listed on the UNESCO World Heritage register. From the traditional Egyptian sakieh to the contemporary work of an Israeli artist on the distribution of water, all of the media and material tell the stories of agricultures, from their fragility to their mutations today.\r\n\r\nA Holy City, Three Revelations\r\nJerusalem is the place where the monotheisms meet. The City of David, it became the unique religious centre for the Hebrew people who settled there. It is also the site of the Passion, Resurrection and Ascension of Christ. It is as well where the Prophet Mohammed made his Night Journey. The fundamental role of the thrice holy city will be particularly illustrated by an exceptional model inlayed with mother-of-pearl representing the Church of the Holy Sepulchre, the delicate “paintings under glass” evoking the Night Journey of the Prophet carried by Buraq, and the Hanukkah lights. Productions of contemporary artists inspired by the light are also represented, such as the windows of Aurélie Nemours or the ecumenical work of Michelangelo Pistoletto.\r\n\r\nThe Invention of the Citizen and the Development of Democracy\r\nBorn in the Mediterranean, citizenship and democracy develop from values that concern the universal. From the Athenian citizen to the Tunisian blogger, from the merchants of the Italian Republics (Genoa, Venice…) to the Communard of Barcelona, this section will be illustrated by exceptional portraits in marble from the Roman era (from Palmyra) and by the refined 16th century paintings of the Venetian Doge among others. The MuCEM must testify to the advances and setbacks of democracy in the Mediterranean, question the respect for the rights of children, freedom of expression or access to education.\r\n\r\nDiscoveries\r\nSince Antiquity, explorers, pilgrims, and travellers have made the Mediterranean of the seven wonders the destination of all their voyages it was also the point of departure for the major discoveries that have linked the oceans, thereby reducing the imaginary space from the infinite to an inland sea. These long travels are answered by voyages towards the places of memory (pilgrimages), of knowledge and education (the Grand Tour), of wonder and leisure. Veduta, optical prints and contemporary installations, evoke, between the sky and water, the highlights of the Mediterranean. And to finish this journey through time and space, a monumental work especially in porcelain, of Anne and Patrick Poirier, evoking the seven wonders of the world.\r\n\r\nThese four chapters are not intended to be exhaustive, but rather to progressively illuminate a history of the Mediterranean."
    },
    "typologiesPromoSitra" : [ {
      "elementReferenceType" : "TypologiePromoSitra",
      "id" : 1670
    } ]
  },
  "localisation" : {
    "adresse" : {
      "nomDuLieu" : "Musée des Civilisations d'Europe et Méditerranée - Mucem",
      "adresse1" : "7 Promenade Robert Laffont",
      "codePostal" : "13002",
      "bureauDistribution" : "MARSEILLE",
      "commune" : {
        "id" : 4466
      }
    },
    "geolocalisation" : {
      "complement" : { },
      "valide" : true,
      "geoJson" : {
        "type" : "Point",
        "coordinates" : [ 5.360963, 43.296761 ]
      }
    },
    "perimetreGeographique" : [ {
      "id" : 4466
    } ]
  },
  "liens" : { },
  "prestations" : {
    "animauxAcceptes" : "NON_DISPONIBLE",
    "animauxAcceptesSupplement" : "NON_DISPONIBLE",
    "languesParlees" : [ {
      "elementReferenceType" : "Langue",
      "id" : 1197
    } ],
    "complementAccueil" : {
      "libelleEn" : "Accessible for disabled",
      "libelleIt" : "Accessibile ai disabili",
      "libelleDe" : "Zugänglich für Behinderte",
      "libelleNl" : "Toegankelijk voor mensen met een handicap"
    }
  },
  "ouverture" : {
    "periodeEnClair" : {
      "libelleFr" : "Du 19/05/2021 au 13/03/2023 sauf les 1er mai et 25 décembre.\nFermé le mardi.\nFermeture hebdomadaire le mardi sauf en août: ouvert les 2, 9, 16 et 23 août\r\nDu 9 juillet au 30 août 2022 10h - 20h. \r\nOuvert les 14 juillet et 15 août\r\nDu 31 août au 6 novembre 10h - 19h \r\nDu 7 novembre 2022  au 5 avril 2023 10h -18h\r\nFermeture exceptionnelle le 25 décembre\r\nDu 6 avril 2023  au 8 juillet 2023 10h -19h.",
      "libelleEn" : "From 19/05/2021 to 13/03/2023 except on May 1st and December 25th.\nClosed on Tuesday.",
      "libelleEs" : "Del 19/05/2021 al 13/03/2023 excepto los días 1er de mayo y 25 de diciembre.\nCerrado los martes.",
      "libelleIt" : "Dal 19/05/2021 al 13/03/2023 tranne 1° maggio e 25 dicembre.\nChiuso il martedì.",
      "libelleDe" : "Vom 19/05/2021 bis 13/03/2023 (außer 1. Mai und 25. Dezember).\nDienstag geschlossen.",
      "libelleNl" : "Van 19/05/2021 tot en met 13/03/2023 m.u.v. 1 mei en 25 december.\nDinsdag gesloten.",
      "libelleRu" : "С 19/05/2021 до 13/03/2023 кроме 1 мая и 25 декабря.\nНе работает вторник.",
      "libelleZh" : "从 2021年5月19日 到 2023年3月13日 不包括 5月1日 和 12月25日.\n星期二 关闭.",
      "libellePtBR" : "De 19/05/2021 a 13/03/2023 exceto em 1º de maio e 25 de dezembro.\nFechado em terça-feira.",
      "libelleJa" : "19/05/2021 から 13/03/2023 まで 5月1日 と 12月25日 を除き.\n火曜日 は休み."
    },
    "periodeEnClairGenerationMode" : "AUTOMATIQUE",
    "indicationsPeriode" : [ {
      "elementReferenceType" : "IndicationPeriode",
      "id" : 416
    }, {
      "elementReferenceType" : "IndicationPeriode",
      "id" : 418
    }, {
      "elementReferenceType" : "IndicationPeriode",
      "id" : 435
    }, {
      "elementReferenceType" : "IndicationPeriode",
      "id" : 436
    } ],
    "periodesOuvertures" : [ {
      "identifiant" : 20926514,
      "dateDebut" : "2021-05-19",
      "dateFin" : "2023-03-13",
      "complementHoraire" : {
        "libelleFr" : "Fermeture hebdomadaire le mardi sauf en août: ouvert les 2, 9, 16 et 23 août\r\nDu 9 juillet au 30 août 2022 10h - 20h. \r\nOuvert les 14 juillet et 15 août\r\nDu 31 août au 6 novembre 10h - 19h \r\nDu 7 novembre 2022  au 5 avril 2023 10h -18h\r\nFermeture exceptionnelle le 25 décembre\r\nDu 6 avril 2023  au 8 juillet 2023 10h -19h"
      },
      "type" : "OUVERTURE_SAUF",
      "tousLesAns" : false,
      "ouverturesJournalieres" : [ {
        "jour" : "MARDI"
      } ],
      "identifiantTechnique" : 24578314
    } ],
    "fermeturesExceptionnelles" : [ {
      "dateSpeciale" : "PREMIER_MAI"
    }, {
      "dateSpeciale" : "VINGT_CINQ_DECEMBRE"
    } ]
  },
  "descriptionTarif" : {
    "indicationTarif" : "PAYANT",
    "gratuit" : false,
    "tarifsEnClair" : {
      "libelleFr" : "Plein tarif : 11 €, Tarif réduit : 7,50 €, Forfait famille : 18 €.\n",
      "libelleEn" : "Full price: 11 €, Reduced price: 7.50 €, Family pass: 18 €.\n",
      "libelleEs" : "Tarifa completa: 11 €, Precio reducido: 7,50 €, Forfait familia: 18 €.\n",
      "libelleIt" : "Tarrifa intera: 11 €, Prezzo ridotto: 7,50 €, Forfait famiglia: 18 €.\n",
      "libelleDe" : "Voller Preis: 11 €, Reduzierter Preis: 7,50 €, Pauschalpreis Familie: 18 €.\n",
      "libelleNl" : "Vol tarief: € 11, Korting: € 7,50, Vaste prijs gezin: € 18.\n",
      "libelleRu" : "Полную цену : 11 €, Сниженная цена : 7,50 €, Турпакет для семьи : 18 €.\n",
      "libelleZh" : "全额 : 11 €, 减价 : 7.50 €, 家庭票 : 18 €.\n",
      "libellePtBR" : "Tarifa inteira: 11 €, Preço reduzido: 7,50 €, Pacote família: 18 €.\n",
      "libelleJa" : "通常料金: 11 €, 割引料金: 7.50 €, ファミリーパッケージ: 18 €.\n"
    },
    "tarifsEnClairGenerationMode" : "AUTOMATIQUE",
    "complement" : { },
    "periodes" : [ {
      "identifiant" : 12048694,
      "dateDebut" : "2021-05-19",
      "dateFin" : "2023-03-13",
      "tarifs" : [ {
        "devise" : "EUR",
        "minimum" : 11.00,
        "maximum" : 11.00,
        "type" : {
          "elementReferenceType" : "TarifType",
          "id" : 5239
        }
      }, {
        "devise" : "EUR",
        "minimum" : 7.50,
        "maximum" : 7.50,
        "type" : {
          "elementReferenceType" : "TarifType",
          "id" : 5240
        }
      }, {
        "devise" : "EUR",
        "minimum" : 18.00,
        "maximum" : 18.00,
        "type" : {
          "elementReferenceType" : "TarifType",
          "id" : 4102
        }
      } ]
    } ],
    "devise" : "EUR",
    "conditions" : { }
  },
  "reservation" : {
    "organismes" : [ {
      "identifiant" : 6882990,
      "nom" : "Mucem",
      "type" : {
        "elementReferenceType" : "ReservationType",
        "id" : 475
      },
      "moyensCommunication" : [ {
        "identifiant" : 104518899,
        "type" : {
          "elementReferenceType" : "MoyenCommunicationType",
          "id" : 205
        },
        "coordonnees" : {
          "fr" : "https://billetterie.mucem.org/fr-FR/billetteriemucem"
        }
      } ],
      "locked" : false
    } ]
  },
  "criteresInternes" : [ {
    "id" : 23637
  } ],
  "illustrations" : [ {
    "identifiant" : 9928518,
    "link" : false,
    "type" : "IMAGE",
    "nom" : {
      "libelleFr" : "Connectivités"
    },
    "copyright" : {
      "libelleFr" : "Connectivités -  Musée des Civilisations d'Europe et Méditerranée Mucem"
    },
    "traductionFichiers" : [ {
      "locale" : "fr",
      "url" : "https://static.apidae-tourisme.com/filestore/objets-touristiques/images/209/196/9684177.jpg",
      "urlListe" : "https://static.apidae-tourisme.com/filestore/objets-touristiques/images/209/196/9684177-liste.jpg",
      "urlFiche" : "https://static.apidae-tourisme.com/filestore/objets-touristiques/images/209/196/9684177-fiche.jpg",
      "urlDiaporama" : "https://static.apidae-tourisme.com/filestore/objets-touristiques/images/209/196/9684177-diaporama.jpg",
      "extension" : "jpg",
      "fileName" : "connectivites",
      "taille" : 184717,
      "hauteur" : 1200,
      "largeur" : 900,
      "lastModifiedDate" : "2021-05-05T14:10:28.000+0000"
    } ],
    "locked" : false
  } ],
  "territoires" : [ {
    "type" : "TERRITOIRE",
    "id" : 591381
  }, {
    "type" : "TERRITOIRE",
    "id" : 591419
  }, {
    "type" : "TERRITOIRE",
    "id" : 5127066
  }, {
    "type" : "TERRITOIRE",
    "id" : 5427637
  }, {
    "type" : "TERRITOIRE",
    "id" : 5460436
  }, {
    "type" : "TERRITOIRE",
    "id" : 5693758
  }, {
    "type" : "TERRITOIRE",
    "id" : 5693878
  }, {
    "type" : "TERRITOIRE",
    "id" : 5693903
  }, {
    "type" : "TERRITOIRE",
    "id" : 6008197
  } ],
  "datesOuverture" : [ "2022-10-26", "2022-10-27", "2022-10-28", "2022-10-29", "2022-10-30", "2022-10-31", "2022-11-02", "2022-11-03", "2022-11-04", "2022-11-05", "2022-11-06", "2022-11-07", "2022-11-09", "2022-11-10", "2022-11-11", "2022-11-12", "2022-11-13", "2022-11-14", "2022-11-16", "2022-11-17", "2022-11-18", "2022-11-19", "2022-11-20", "2022-11-21", "2022-11-23", "2022-11-24", "2022-11-25", "2022-11-26", "2022-11-27", "2022-11-28", "2022-11-30", "2022-12-01", "2022-12-02", "2022-12-03", "2022-12-04", "2022-12-05", "2022-12-07", "2022-12-08", "2022-12-09", "2022-12-10", "2022-12-11", "2022-12-12", "2022-12-14", "2022-12-15", "2022-12-16", "2022-12-17", "2022-12-18", "2022-12-19", "2022-12-21", "2022-12-22", "2022-12-23", "2022-12-24", "2022-12-26", "2022-12-28", "2022-12-29", "2022-12-30", "2022-12-31", "2023-01-01", "2023-01-02", "2023-01-04", "2023-01-05", "2023-01-06", "2023-01-07", "2023-01-08", "2023-01-09", "2023-01-11", "2023-01-12", "2023-01-13", "2023-01-14", "2023-01-15", "2023-01-16", "2023-01-18", "2023-01-19", "2023-01-20", "2023-01-21", "2023-01-22", "2023-01-23", "2023-01-25", "2023-01-26", "2023-01-27", "2023-01-28", "2023-01-29", "2023-01-30", "2023-02-01", "2023-02-02", "2023-02-03", "2023-02-04", "2023-02-05", "2023-02-06", "2023-02-08", "2023-02-09", "2023-02-10", "2023-02-11", "2023-02-12", "2023-02-13", "2023-02-15", "2023-02-16", "2023-02-17", "2023-02-18", "2023-02-19", "2023-02-20", "2023-02-22", "2023-02-23", "2023-02-24", "2023-02-25", "2023-02-26", "2023-02-27", "2023-03-01", "2023-03-02", "2023-03-03", "2023-03-04", "2023-03-05", "2023-03-06", "2023-03-08", "2023-03-09", "2023-03-10", "2023-03-11", "2023-03-12", "2023-03-13" ],
  "informationsFeteEtManifestation" : {
    "typesManifestation" : [ {
      "elementReferenceType" : "FeteEtManifestationType",
      "id" : 1958
    } ],
    "categories" : [ {
      "elementReferenceType" : "FeteEtManifestationCategorie",
      "id" : 2080
    } ],
    "themes" : [ {
      "elementReferenceType" : "FeteEtManifestationTheme",
      "id" : 2206
    }, {
      "elementReferenceType" : "FeteEtManifestationTheme",
      "id" : 2278
    }, {
      "elementReferenceType" : "FeteEtManifestationTheme",
      "id" : 2293
    } ],
    "portee" : {
      "elementReferenceType" : "FeteEtManifestationPortee",
      "id" : 2350
    },
    "nomLieu" : "Musée des Civilisations d'Europe et Méditerranée - Mucem"
  },
  "formatVersion" : "v002",
  "expiration" : {
    "dateExpiration" : "2023-03-13T00:00:00.000+0000",
    "expirationAction" : "MASQUER_AUTOMATIQUEMENT"
  },
  "enquete" : { },
  "donneesPrivees" : [ {
    "nomTechnique" : "1947_Id_patio",
    "libelleFr" : "Id_Patio",
    "ordre" : 1,
    "descriptif" : {
      "libelleFr" : "13EVT102802"
    }
  }, {
    "nomTechnique" : "1947_Source_patio",
    "libelleFr" : "Source_Patio",
    "ordre" : 2,
    "descriptif" : {
      "libelleFr" : "Ville de Marseille"
    }
  }, {
    "nomTechnique" : "1947_Url_patio",
    "libelleFr" : "URL_Patio",
    "ordre" : 3,
    "descriptif" : {
      "libelleFr" : "http://www.marseille.fr"
    }
  } ]
}