{
  "type" : "PATRIMOINE_CULTUREL",
  "id" : 5538238,
  "nom" : {
    "libelleFr" : "Les Docks de la Joliette",
    "libelleEn" : "The Docks of La Joliette",
    "libelleEs" : "Los muelles de la Joliette",
    "libelleIt" : "I Dock",
    "libelleDe" : "Les Docks de la Joliette",
    "libelleNl" : "Les Docks de la Joliette"
  },
  "identifier" : "SITRA2_PCU_5538238",
  "state" : "PUBLISHED",
  "gestion" : {
    "dateCreation" : "2020-05-26T17:20:09.529+0000",
    "dateModification" : "2021-12-07T09:53:18.291+0000",
    "dateExportModification" : "2022-07-01T09:40:10.946+0000",
    "membreProprietaire" : {
      "type" : {
        "elementReferenceType" : "MembreSitraType",
        "id" : 233
      },
      "nom" : "Office Métropolitain de tourisme et des congrès de Marseille",
      "dateCreation" : "2017-02-13T09:29:30.842+0000",
      "dateModification" : "2022-10-24T08:49:48.642+0000",
      "id" : 1490,
      "siteWeb" : "http://www.marseille-tourisme.com"
    },
    "signalerUnProblemeMails" : [ "alegrand@marseille-tourisme.com", "hcochet@marseille-tourisme.com", "jorengo@marseille-tourisme.com", "lchavet@marseille-tourisme.com", "mamadier@marseille-tourisme.com", "sbenimeli@marseille-tourisme.com" ]
  },
  "informations" : {
    "moyensCommunication" : [ {
      "identifiant" : 79628255,
      "type" : {
        "elementReferenceType" : "MoyenCommunicationType",
        "id" : 201
      },
      "coordonnees" : {
        "fr" : "04 91 90 04 69"
      }
    }, {
      "identifiant" : 79628256,
      "type" : {
        "elementReferenceType" : "MoyenCommunicationType",
        "id" : 205
      },
      "coordonnees" : {
        "fr" : "http://www.marseille.fr"
      }
    } ],
    "informationsLegales" : { },
    "structureGestion" : {
      "type" : "STRUCTURE",
      "id" : 5463907
    }
  },
  "presentation" : {
    "descriptifCourt" : {
      "libelleFr" : "Ce quartier date du début du XIXe siècle, une époque marquée à Marseille par une forte croissance économique et de grandes réalisations urbanistiques.",
      "libelleEn" : "This district dates back to the beginning of the 19th century, a period marked in Marseille by strong economic growth and major urban development.",
      "libelleEs" : "Este barrio se remonta a principios del siglo XIX, un periodo marcado en Marsella por un fuerte crecimiento económico y un gran desarrollo urbano.",
      "libelleDe" : "Dieses Viertel stammt aus dem frühen 19. Jahrhundert, einer Zeit, die in Marseille von einem starken Wirtschaftswachstum und großen städtebaulichen Errungenschaften geprägt war."
    },
    "descriptifDetaille" : {
      "libelleFr" : "Le plan d'eau du Vieux-Port arrive alors à saturation, notamment en raison de l'apparition des navires à vapeur. En 1842, un projet d'extension du port vers la Joliette est donc entériné. Les travaux en sont achevés dès 1853.\r\n\r\nA la jonction des voies de terre et des voies de mer, un nouvel outil portuaire se dessine, avec, entre autre, la fondation de la Compagnie des Docks et Entrepôts. Construits par Gustave Desplaces de 1858 à 1863, ces docks se développent sur plus de 400 mètres avec quatre corps de bâtiments d'entrepôts reliés entre eux et terminés par un magnifique hôtel d'administration (de style Louis XIII). Chaque entrepôt s'organise autour d'une cour centrale avec six étages d'espaces de magasins... Comparables à ceux de Londres dont Desplaces s'est sans doute inspiré, ils constituent la réalisation marseillaise du Second Empire la plus moderne et la plus coûteuse après la Nouvelle Major et la Préfecture.\r\nAprès une période de quasi abandon, les Docks ont retrouvé leur splendeur grâce à la magistrale réhabilitation de l'architecte Éric Castaldi.",
      "libelleEn" : "This district dates from the beginning of the 19th century, a period of great economic expansion for Marseille and of major urban development. The Old-Port had reached saturation point, due in particular to the arrival of steamships. So in 1842, a project to extend the port to the Joliette area was adopted. Work on the port ended in 1853.\r\nA brand new port facility was built at the meeting of land and sea routes, and the \"Compagnie des Docks et Entrepôts\" was founded. Building of the docks, which are more than 400 metres long, was directed by Gustave Desplaces from 1858 to 1863. The docks include four groups of warehouse buildings that are connected to each other and end with the company's magnificent administration building (built in a neo- Louis XIII style). Each warehouse has six levels of storage space and is built around a central courtyard. They can be compared to London's docks, which no doubt were a source of inspiration for Desplaces. They are the most modern of Marseille' Second Empire development projects and the most expensive after the Cathedral and the Prefecture.\r\nAfter a period of almost total neglect, the Docks have been restored to their former splendour thanks to the remarkable rehabilitation project undertaken by architect Eric Castaldi.",
      "libelleEs" : "Este barrio es de principios del siglo XIX, una época marcada en Marsella por un fuerte crecimiento económico y por grandes realizaciones urbanísticas. La ensenada del Vieux-Port se ve saturada, sobre todo debido a la aparición de barcos de vapor. En 1842, se ratifica un proyecto de extensión del puerto hacia la Joliette. Las obras culminan en 1853.\r\nEn la confluencia de vías terrestres y marítimas, se desdibuja una nueva herramienta portuaria, con la fundación de la Compañía de los Docks y Almacenes, por ejemplo. Construidos por Gustave Desplaces de 1858 a 1863, estos docks se extienden a lo largo de 400 metros con cuatro bloques de edificios de almacenamiento conectados entre sí, que culminan con un magnífico edificio administrativo (de estilo Luis XIII). Cada almacén se compone de un patio central con seis plantas de zona comercial… Comparables con los de Londres, que seguramente inspiraron a Desplaces, constituyen la obra marsellesa del Segundo Imperio más moderna y más costosa después de la Nouvelle Major y la Prefectura.\r\nTras un período en el que estuvieron prácticamente abandonados, los Docks han vuelto a recuperar su esplendor gracias a la magistral rehabilitación del arquitecto Éric Castaldi.",
      "libelleIt" : "Tale quartiere risale al XIX secolo, un'epoca segnata a Marsiglia da una forte crescita economica e da grandi opere urbanistiche. La capienza del Vieux Port arrivò infine alla saturazione, soprattutto in ragione della nascita dei battelli a vapore. Nel 1842 venne quindi approvato un progetto di ampliamento del porto verso la Joliette. I lavori vennero ultimati nel 1853.\r\nNel punto di incontro tra le vie di terra e le vie di mare si disegnò un nuovo strumento portuale caratterizzato, tra l'altro, dalla fondazione della Compagnie des Docks et Entrepôts. Costruiti da Gustave Desplaces tra il 1858 e il 1863, i dock si sviluppano per oltre 400 metri con quattro complessi di magazzini collegati tra loro e completati da una magnifica palazzina di amministrazione (in stile Luigi XIII). Ciascun magazzino è organizzato intorno a un cortile centrale con sei piani di spazi destinati ai negozi … Paragonabili a quelli di Londra, ai quali Desplaces si è sicuramente ispirato, essi rappresentano la realizzazione marsigliese più moderna e più costosa del Secondo Impero dopo la Nouvelle Major e la Prefettura.\r\nDopo un periodo di abbandono quasi totale, i Dock hanno ritrovato il loro splendore grazie alla magistrale ristrutturazione dell'architetto Éric Castaldi.",
      "libelleDe" : "Dieses Viertel entstand Anfang des 19. Jahrhunderts, einer Epoche starken wirtschaftlichen Wachstums und großer Städtebaumaßnahmen in Marseille. Die Kapazitäten des Vieux-Port reichten insbesondere aufgrund der aufkommenden Dampfschiffe nicht mehr aus. 1842 wurde die Ausweitung des Hafens in Richtung La Joliette beschlossen. Die Bauarbeiten dauerten bis 1853.\r\nDanach verband die neue Hafenanlage See- und Landwege. Unter anderem wurde auch die Compagnie des Docks et Entrepôts gegründet, deren vier ineinander übergehende Speicherkomplexe sich über mehr als 400 Meter erstrecken und von einem schönen Verwaltungsgebäude (im Stil Ludwig XIII.) abgeschlossen werden. Erbaut wurde die Anlage 1858 - 1863 von Gustave Desplaces. Jeder der sechsstöckigen Speicher ist um einen zentralen Innenhof angelegt, wozu Despleces wahrscheinlich durch die vergleichbaren Anlagen in London inspiriert wurde. Die Docks sind nach der neuen Kathedrale La Major gleichzeitig das modernste und teuerste Vorhaben, das unter dem Second Empire in Marseille realisiert wurde.\r\nNach einer Periode, in der die Docks so gut wie verlassen waren, erstrahlen sie nach der meisterhaften Sanierung durch den Architekten Éric Castaldi wieder in vollem Glanz."
    }
  },
  "localisation" : {
    "adresse" : {
      "adresse1" : "10 Place De la Joliette",
      "codePostal" : "13002",
      "bureauDistribution" : "MARSEILLE",
      "commune" : {
        "id" : 4532
      }
    },
    "geolocalisation" : {
      "valide" : true,
      "geoJson" : {
        "type" : "Point",
        "coordinates" : [ 5.365839, 43.305206 ]
      }
    },
    "perimetreGeographique" : [ {
      "id" : 4532
    } ],
    "environnements" : [ {
      "elementReferenceType" : "Environnement",
      "id" : 141
    }, {
      "elementReferenceType" : "Environnement",
      "id" : 180
    }, {
      "elementReferenceType" : "Environnement",
      "id" : 183
    }, {
      "elementReferenceType" : "Environnement",
      "id" : 3974
    }, {
      "elementReferenceType" : "Environnement",
      "id" : 3976
    }, {
      "elementReferenceType" : "Environnement",
      "id" : 3982
    } ]
  },
  "liens" : { },
  "prestations" : {
    "equipements" : [ {
      "elementReferenceType" : "PrestationEquipement",
      "id" : 1321
    } ],
    "animauxAcceptes" : "NON_DISPONIBLE",
    "animauxAcceptesSupplement" : "NON_DISPONIBLE",
    "complementAccueil" : {
      "libelleFr" : "Parking public(Joliette, Phocéens)",
      "libelleEn" : "Accessible for disabled",
      "libelleIt" : "Accessibile ai disabili",
      "libelleDe" : "Zugänglich für Behinderte",
      "libelleNl" : "Toegankelijk voor mensen met een handicap"
    }
  },
  "ouverture" : {
    "periodeEnClair" : {
      "libelleFr" : "Du 01/01 au 31/12, tous les lundis, mardis, mercredis, jeudis et vendredis.",
      "libelleEn" : "From 01/01 to 31/12, every Monday, Tuesday, Wednesday, Thursday and Friday.",
      "libelleEs" : "Del 01/01 al 31/12, todos los lunes, martes, miércoles, jueves y viernes.",
      "libelleIt" : "Dal 01/01 al 31/12, tutti i lunedì, martedì, mercoledì, giovedì e venerdì.",
      "libelleDe" : "Vom 01/01 bis 31/12, jeden Montag, Dienstag, Mittwoch, Donnerstag und Freitag.",
      "libelleNl" : "Van 01/01 tot en met 31/12, elke maandag, dinsdag, woensdag, donderdag en vrijdag.",
      "libelleRu" : "С 01/01 до 31/12, каждый понедельники, вторники, среды, четверги и пятницы.",
      "libelleZh" : "从 1月1日 到 12月31日, 每星期一, 星期二, 星期三, 星期四 和 星期五.",
      "libellePtBR" : "De 01/01 a 31/12, todas as segundas-feiras, terças-feiras, quartas-feiras, quintas-feiras e sextas-feiras.",
      "libelleJa" : "01/01 から 31/12 まで, 毎月曜日, 火曜日, 水曜日, 木曜日 と 金曜日."
    },
    "periodeEnClairGenerationMode" : "AUTOMATIQUE",
    "indicationsPeriode" : [ {
      "elementReferenceType" : "IndicationPeriode",
      "id" : 416
    }, {
      "elementReferenceType" : "IndicationPeriode",
      "id" : 418
    }, {
      "elementReferenceType" : "IndicationPeriode",
      "id" : 435
    }, {
      "elementReferenceType" : "IndicationPeriode",
      "id" : 436
    } ],
    "periodesOuvertures" : [ {
      "identifiant" : 19374288,
      "dateDebut" : "2021-01-01",
      "dateFin" : "2021-12-31",
      "type" : "OUVERTURE_SEMAINE",
      "tousLesAns" : true,
      "ouverturesJournalieres" : [ {
        "jour" : "LUNDI"
      }, {
        "jour" : "MARDI"
      }, {
        "jour" : "MERCREDI"
      }, {
        "jour" : "JEUDI"
      }, {
        "jour" : "VENDREDI"
      } ],
      "identifiantTechnique" : 22230929
    } ]
  },
  "descriptionTarif" : {
    "indicationTarif" : "GRATUIT",
    "gratuit" : true,
    "tarifsEnClair" : {
      "libelleFr" : "Gratuit.",
      "libelleEn" : "Free of charge.",
      "libelleEs" : "Gratis.",
      "libelleIt" : "Gratuito.",
      "libelleDe" : "Kostenlos.",
      "libelleNl" : "Gratis.",
      "libelleRu" : "Бесплатно.",
      "libelleZh" : "免费.",
      "libellePtBR" : "Gratuito.",
      "libelleJa" : "無料."
    },
    "tarifsEnClairGenerationMode" : "AUTOMATIQUE",
    "devise" : "EUR",
    "conditions" : { }
  },
  "reservation" : { },
  "criteresInternes" : [ {
    "id" : 16775
  }, {
    "id" : 18002
  } ],
  "contacts" : [ {
    "identifiant" : 17636517,
    "referent" : true,
    "civilite" : {
      "elementReferenceType" : "ContactCivilite",
      "id" : 442
    },
    "nom" : "Information",
    "fonction" : {
      "elementReferenceType" : "ContactFonction",
      "id" : 459
    },
    "moyensCommunication" : [ {
      "identifiant" : 81750535,
      "type" : {
        "elementReferenceType" : "MoyenCommunicationType",
        "id" : 201
      },
      "coordonnees" : {
        "fr" : "04 91 90 04 69"
      }
    } ]
  } ],
  "illustrations" : [ {
    "identifiant" : 8491900,
    "link" : false,
    "type" : "IMAGE",
    "nom" : {
      "libelleFr" : "13T2B00036_1_WEB.jpg"
    },
    "copyright" : {
      "libelleFr" : "Les Docks de la Joliette, vue intérieure"
    },
    "traductionFichiers" : [ {
      "locale" : "fr",
      "url" : "https://static.apidae-tourisme.com/filestore/objets-touristiques/images/80/13/8260944.jpg",
      "urlListe" : "https://static.apidae-tourisme.com/filestore/objets-touristiques/images/80/13/8260944-liste.jpg",
      "urlFiche" : "https://static.apidae-tourisme.com/filestore/objets-touristiques/images/80/13/8260944-fiche.jpg",
      "urlDiaporama" : "https://static.apidae-tourisme.com/filestore/objets-touristiques/images/80/13/8260944-diaporama.jpg",
      "extension" : "jpg",
      "fileName" : "full",
      "taille" : 31650,
      "hauteur" : 300,
      "largeur" : 400,
      "lastModifiedDate" : "2020-07-23T17:55:17.000+0000"
    } ],
    "locked" : false
  }, {
    "identifiant" : 8491901,
    "link" : false,
    "type" : "IMAGE",
    "nom" : {
      "libelleFr" : "13T2B00036_2_WEB.jpg"
    },
    "copyright" : {
      "libelleFr" : "Les Docks de la Joliette façade"
    },
    "traductionFichiers" : [ {
      "locale" : "fr",
      "url" : "https://static.apidae-tourisme.com/filestore/objets-touristiques/images/81/13/8260945.jpg",
      "urlListe" : "https://static.apidae-tourisme.com/filestore/objets-touristiques/images/81/13/8260945-liste.jpg",
      "urlFiche" : "https://static.apidae-tourisme.com/filestore/objets-touristiques/images/81/13/8260945-fiche.jpg",
      "urlDiaporama" : "https://static.apidae-tourisme.com/filestore/objets-touristiques/images/81/13/8260945-diaporama.jpg",
      "extension" : "jpg",
      "fileName" : "full",
      "taille" : 51212,
      "hauteur" : 300,
      "largeur" : 400,
      "lastModifiedDate" : "2020-07-23T17:55:18.000+0000"
    } ],
    "locked" : false
  } ],
  "visites" : {
    "visitable" : false
  },
  "territoires" : [ {
    "type" : "TERRITOIRE",
    "id" : 591381
  }, {
    "type" : "TERRITOIRE",
    "id" : 591419
  }, {
    "type" : "TERRITOIRE",
    "id" : 5127066
  }, {
    "type" : "TERRITOIRE",
    "id" : 5427637
  }, {
    "type" : "TERRITOIRE",
    "id" : 5460436
  }, {
    "type" : "TERRITOIRE",
    "id" : 5693878
  }, {
    "type" : "TERRITOIRE",
    "id" : 5693903
  }, {
    "type" : "TERRITOIRE",
    "id" : 6008197
  } ],
  "datesOuverture" : [ "2022-11-09", "2022-11-10", "2022-11-11", "2022-11-14", "2022-11-15", "2022-11-16", "2022-11-17", "2022-11-18", "2022-11-21", "2022-11-22", "2022-11-23", "2022-11-24", "2022-11-25", "2022-11-28", "2022-11-29", "2022-11-30", "2022-12-01", "2022-12-02", "2022-12-05", "2022-12-06", "2022-12-07", "2022-12-08", "2022-12-09", "2022-12-12", "2022-12-13", "2022-12-14", "2022-12-15", "2022-12-16", "2022-12-19", "2022-12-20", "2022-12-21", "2022-12-22", "2022-12-23", "2022-12-26", "2022-12-27", "2022-12-28", "2022-12-29", "2022-12-30", "2023-01-02", "2023-01-03", "2023-01-04", "2023-01-05", "2023-01-06", "2023-01-09", "2023-01-10", "2023-01-11", "2023-01-12", "2023-01-13", "2023-01-16", "2023-01-17", "2023-01-18", "2023-01-19", "2023-01-20", "2023-01-23", "2023-01-24", "2023-01-25", "2023-01-26", "2023-01-27", "2023-01-30", "2023-01-31", "2023-02-01", "2023-02-02", "2023-02-03", "2023-02-06", "2023-02-07", "2023-02-08", "2023-02-09", "2023-02-10", "2023-02-13", "2023-02-14", "2023-02-15", "2023-02-16", "2023-02-17", "2023-02-20", "2023-02-21", "2023-02-22", "2023-02-23", "2023-02-24", "2023-02-27", "2023-02-28", "2023-03-01", "2023-03-02", "2023-03-03", "2023-03-06", "2023-03-07", "2023-03-08", "2023-03-09", "2023-03-10", "2023-03-13", "2023-03-14", "2023-03-15", "2023-03-16", "2023-03-17", "2023-03-20", "2023-03-21", "2023-03-22", "2023-03-23", "2023-03-24", "2023-03-27", "2023-03-28", "2023-03-29", "2023-03-30", "2023-03-31", "2023-04-03", "2023-04-04", "2023-04-05", "2023-04-06", "2023-04-07", "2023-04-10", "2023-04-11", "2023-04-12", "2023-04-13", "2023-04-14", "2023-04-17", "2023-04-18", "2023-04-19", "2023-04-20", "2023-04-21", "2023-04-24", "2023-04-25", "2023-04-26", "2023-04-27", "2023-04-28", "2023-05-01", "2023-05-02", "2023-05-03", "2023-05-04", "2023-05-05", "2023-05-08", "2023-05-09", "2023-05-10", "2023-05-11", "2023-05-12", "2023-05-15", "2023-05-16", "2023-05-17", "2023-05-18", "2023-05-19", "2023-05-22", "2023-05-23", "2023-05-24", "2023-05-25", "2023-05-26", "2023-05-29", "2023-05-30", "2023-05-31", "2023-06-01", "2023-06-02", "2023-06-05", "2023-06-06", "2023-06-07", "2023-06-08", "2023-06-09", "2023-06-12", "2023-06-13", "2023-06-14", "2023-06-15", "2023-06-16", "2023-06-19", "2023-06-20", "2023-06-21", "2023-06-22", "2023-06-23", "2023-06-26", "2023-06-27", "2023-06-28", "2023-06-29", "2023-06-30", "2023-07-03", "2023-07-04", "2023-07-05", "2023-07-06", "2023-07-07", "2023-07-10", "2023-07-11", "2023-07-12", "2023-07-13", "2023-07-14", "2023-07-17", "2023-07-18", "2023-07-19", "2023-07-20", "2023-07-21", "2023-07-24", "2023-07-25", "2023-07-26", "2023-07-27", "2023-07-28", "2023-07-31", "2023-08-01", "2023-08-02", "2023-08-03", "2023-08-04", "2023-08-07", "2023-08-08", "2023-08-09", "2023-08-10", "2023-08-11", "2023-08-14", "2023-08-15", "2023-08-16", "2023-08-17", "2023-08-18", "2023-08-21", "2023-08-22", "2023-08-23", "2023-08-24", "2023-08-25", "2023-08-28", "2023-08-29", "2023-08-30", "2023-08-31", "2023-09-01", "2023-09-04", "2023-09-05", "2023-09-06", "2023-09-07", "2023-09-08", "2023-09-11", "2023-09-12", "2023-09-13", "2023-09-14", "2023-09-15", "2023-09-18", "2023-09-19", "2023-09-20", "2023-09-21", "2023-09-22", "2023-09-25", "2023-09-26", "2023-09-27", "2023-09-28", "2023-09-29", "2023-10-02", "2023-10-03", "2023-10-04", "2023-10-05", "2023-10-06", "2023-10-09", "2023-10-10", "2023-10-11", "2023-10-12", "2023-10-13", "2023-10-16", "2023-10-17", "2023-10-18", "2023-10-19", "2023-10-20", "2023-10-23", "2023-10-24", "2023-10-25", "2023-10-26", "2023-10-27", "2023-10-30", "2023-10-31", "2023-11-01", "2023-11-02", "2023-11-03", "2023-11-06", "2023-11-07", "2023-11-08", "2023-11-09", "2023-11-10", "2023-11-13", "2023-11-14", "2023-11-15", "2023-11-16", "2023-11-17", "2023-11-20", "2023-11-21", "2023-11-22", "2023-11-23", "2023-11-24", "2023-11-27", "2023-11-28", "2023-11-29", "2023-11-30", "2023-12-01", "2023-12-04", "2023-12-05", "2023-12-06", "2023-12-07", "2023-12-08", "2023-12-11", "2023-12-12", "2023-12-13", "2023-12-14", "2023-12-15", "2023-12-18", "2023-12-19", "2023-12-20", "2023-12-21", "2023-12-22", "2023-12-25", "2023-12-26", "2023-12-27", "2023-12-28", "2023-12-29", "2024-01-01", "2024-01-02", "2024-01-03", "2024-01-04", "2024-01-05", "2024-01-08", "2024-01-09", "2024-01-10", "2024-01-11", "2024-01-12", "2024-01-15", "2024-01-16", "2024-01-17", "2024-01-18", "2024-01-19", "2024-01-22", "2024-01-23", "2024-01-24", "2024-01-25", "2024-01-26", "2024-01-29", "2024-01-30", "2024-01-31", "2024-02-01", "2024-02-02", "2024-02-05", "2024-02-06", "2024-02-07", "2024-02-08", "2024-02-09", "2024-02-12", "2024-02-13", "2024-02-14", "2024-02-15", "2024-02-16", "2024-02-19", "2024-02-20", "2024-02-21", "2024-02-22", "2024-02-23", "2024-02-26", "2024-02-27", "2024-02-28", "2024-02-29", "2024-03-01", "2024-03-04", "2024-03-05", "2024-03-06", "2024-03-07", "2024-03-08", "2024-03-11", "2024-03-12", "2024-03-13", "2024-03-14", "2024-03-15", "2024-03-18", "2024-03-19", "2024-03-20", "2024-03-21", "2024-03-22", "2024-03-25", "2024-03-26", "2024-03-27", "2024-03-28", "2024-03-29", "2024-04-01", "2024-04-02", "2024-04-03", "2024-04-04", "2024-04-05", "2024-04-08", "2024-04-09", "2024-04-10", "2024-04-11", "2024-04-12", "2024-04-15", "2024-04-16", "2024-04-17", "2024-04-18", "2024-04-19", "2024-04-22", "2024-04-23", "2024-04-24", "2024-04-25", "2024-04-26", "2024-04-29", "2024-04-30", "2024-05-01", "2024-05-02", "2024-05-03", "2024-05-06", "2024-05-07", "2024-05-08", "2024-05-09", "2024-05-10", "2024-05-13", "2024-05-14", "2024-05-15", "2024-05-16", "2024-05-17", "2024-05-20", "2024-05-21", "2024-05-22", "2024-05-23", "2024-05-24", "2024-05-27", "2024-05-28", "2024-05-29", "2024-05-30", "2024-05-31", "2024-06-03", "2024-06-04", "2024-06-05", "2024-06-06", "2024-06-07", "2024-06-10", "2024-06-11", "2024-06-12", "2024-06-13", "2024-06-14", "2024-06-17", "2024-06-18", "2024-06-19", "2024-06-20", "2024-06-21", "2024-06-24", "2024-06-25", "2024-06-26", "2024-06-27", "2024-06-28", "2024-07-01", "2024-07-02", "2024-07-03", "2024-07-04", "2024-07-05", "2024-07-08", "2024-07-09", "2024-07-10", "2024-07-11", "2024-07-12", "2024-07-15", "2024-07-16", "2024-07-17", "2024-07-18", "2024-07-19", "2024-07-22", "2024-07-23", "2024-07-24", "2024-07-25", "2024-07-26", "2024-07-29", "2024-07-30", "2024-07-31", "2024-08-01", "2024-08-02", "2024-08-05", "2024-08-06", "2024-08-07", "2024-08-08", "2024-08-09", "2024-08-12", "2024-08-13", "2024-08-14", "2024-08-15", "2024-08-16", "2024-08-19", "2024-08-20", "2024-08-21", "2024-08-22", "2024-08-23", "2024-08-26", "2024-08-27", "2024-08-28", "2024-08-29", "2024-08-30", "2024-09-02", "2024-09-03", "2024-09-04", "2024-09-05", "2024-09-06", "2024-09-09", "2024-09-10", "2024-09-11", "2024-09-12", "2024-09-13", "2024-09-16", "2024-09-17", "2024-09-18", "2024-09-19", "2024-09-20", "2024-09-23", "2024-09-24", "2024-09-25", "2024-09-26", "2024-09-27", "2024-09-30", "2024-10-01", "2024-10-02", "2024-10-03", "2024-10-04", "2024-10-07", "2024-10-08", "2024-10-09", "2024-10-10", "2024-10-11", "2024-10-14", "2024-10-15", "2024-10-16", "2024-10-17", "2024-10-18", "2024-10-21", "2024-10-22", "2024-10-23", "2024-10-24", "2024-10-25", "2024-10-28", "2024-10-29", "2024-10-30", "2024-10-31", "2024-11-01", "2024-11-04", "2024-11-05", "2024-11-06", "2024-11-07", "2024-11-08" ],
  "informationsPatrimoineCulturel" : {
    "patrimoineCulturelType" : {
      "elementReferenceType" : "PatrimoineCulturelType",
      "id" : 3203
    },
    "categories" : [ {
      "elementReferenceType" : "PatrimoineCulturelCategorie",
      "id" : 3365
    } ]
  },
  "formatVersion" : "v002",
  "expiration" : { },
  "informationsPrestataireActivites" : {
    "prestataireActivites" : true,
    "activitesCulturelles" : [ {
      "elementReferenceType" : "ActiviteCulturellePrestation",
      "id" : 4598
    } ]
  },
  "enquete" : { },
  "donneesPrivees" : [ {
    "nomTechnique" : "1947_Id_patio",
    "libelleFr" : "Id_Patio",
    "ordre" : 1,
    "descriptif" : {
      "libelleFr" : "13T2B00036"
    }
  }, {
    "nomTechnique" : "1947_Source_patio",
    "libelleFr" : "Source_Patio",
    "ordre" : 2,
    "descriptif" : {
      "libelleFr" : "OT Marseille"
    }
  }, {
    "nomTechnique" : "1947_Url_patio",
    "libelleFr" : "URL_Patio",
    "ordre" : 3,
    "descriptif" : {
      "libelleFr" : "http://www.marseille-tourisme.com"
    }
  } ]
}