{
  "type" : "FETE_ET_MANIFESTATION",
  "id" : 6040588,
  "nom" : {
    "libelleFr" : "Visite privée en 4X4 de la Camargue ou des Alpilles avec Camargue Alpilles  Safari",
    "libelleEn" : "Private 4x4 tour of the Camargue or Alpilles with Camargue Alpilles Safari",
    "libelleEs" : "Recorrido privado por la Camarga o los Alpilles en 4X4 con Camargue Alpilles Safari",
    "libelleIt" : "Tour privato della Camargue o delle Alpilles in 4X4 con Camargue Alpilles Safari"
  },
  "identifier" : "SITRA2_EVE_6040588",
  "state" : "PUBLISHED",
  "gestion" : {
    "dateCreation" : "2022-02-22T14:56:56.098+0000",
    "dateModification" : "2022-02-22T15:16:05.964+0000",
    "dateExportModification" : "2022-06-09T07:16:13.971+0000",
    "membreProprietaire" : {
      "type" : {
        "elementReferenceType" : "MembreSitraType",
        "id" : 233
      },
      "nom" : "Office de Tourisme d'Arles",
      "dateCreation" : "2020-10-20T08:31:09.923+0000",
      "dateModification" : "2022-10-24T08:49:35.216+0000",
      "id" : 2112,
      "siteWeb" : "http://www.arlestourisme.com"
    },
    "signalerUnProblemeMails" : [ "a.quarta@arlestourisme.com", "f.soliveres@arlestourisme.com", "m.ginoux@arlestourisme.com", "m.louvet@arlestourisme.com" ]
  },
  "informations" : {
    "moyensCommunication" : [ {
      "identifiant" : 70515433,
      "type" : {
        "elementReferenceType" : "MoyenCommunicationType",
        "id" : 201
      },
      "coordonnees" : {
        "fr" : "04 90 18 41 20"
      }
    }, {
      "identifiant" : 70515436,
      "type" : {
        "elementReferenceType" : "MoyenCommunicationType",
        "id" : 204
      },
      "coordonnees" : {
        "fr" : "ot-arles@arlestourisme.com"
      }
    } ],
    "informationsLegales" : { },
    "structureGestion" : {
      "type" : "STRUCTURE",
      "id" : 5547533
    },
    "structureInformation" : {
      "type" : "STRUCTURE",
      "id" : 5223991
    }
  },
  "presentation" : {
    "descriptifCourt" : {
      "libelleFr" : "Partez à la découverte de la Camargue ou des Alpilles en 4X4 et profitez d'un guide juste pour vous !",
      "libelleEn" : "Partez à la découverte de la Camargue ou des Alpilles en 4X4 et profitez d'un guide juste pour vous !",
      "libelleEs" : "Descubra la Camarga o los Alpilles en un 4X4 y disfrute de un guía sólo para usted.",
      "libelleIt" : "Scoprite la Camargue o le Alpilles in un 4X4 e godetevi una guida solo per voi!"
    },
    "descriptifDetaille" : {
      "libelleFr" : "Pour 4 heures ou une journée complète, ce safari vous fera vivre un moment exceptionnel.\r\n\r\nDe 1 à 7 personnes suivez les circuits commentés par des guides passionnés et férus de culture provençale et camarguaise. Ils vous feront découvrir les coins les plus secrets et réaliser de magnifiques photos.",
      "libelleEn" : "For 4 hours or a full day, this safari will make you live an exceptional moment.\r\n\r\nFrom 1 to 7 people, follow the circuits commented by guides who are passionate about the culture of Provence and the Camargue. They will make you discover the most secret corners and take magnificent photos.",
      "libelleEs" : "Durante 4 horas o un día completo, este safari le hará vivir un momento excepcional.\r\n\r\nDe 1 a 7 personas, siga los circuitos comentados por guías apasionados por la cultura de la Provenza y la Camarga. Le harán descubrir los rincones más secretos y tomar magníficas fotos.",
      "libelleIt" : "Per 4 ore o una giornata intera, questo safari vi farà vivere un momento eccezionale.\r\n\r\nDa 1 a 7 persone, seguite i circuiti commentati da guide appassionate della cultura della Provenza e della Camargue. Ti aiuteranno a scoprire gli angoli più segreti e a scattare foto magnifiche."
    },
    "descriptifsThematises" : [ {
      "dateDisponibilite" : null,
      "dateLimiteDePublication" : null,
      "theme" : {
        "elementReferenceType" : "DescriptifTheme",
        "id" : 6143
      },
      "description" : {
        "libelleFr" : "MISE EN PLACE DE MESURES SANITAIRES :\n\nPort du masque pour nos salariés \nPort du masque pour nos clients \nMise à disposition de gel hydroalcoolique \nNettoyage renforcé\nEffectif limité \nLimitation du nombre de personne dans les véhicules 4x4"
      }
    } ]
  },
  "localisation" : {
    "adresse" : {
      "nomDuLieu" : "Derrière l'Office de Tourisme",
      "adresse1" : "1 Boulevard Emile Fassin",
      "codePostal" : "13200",
      "commune" : {
        "id" : 4415
      }
    },
    "geolocalisation" : {
      "valide" : true,
      "geoJson" : {
        "type" : "Point",
        "coordinates" : [ 4.628208, 43.674371 ]
      }
    },
    "perimetreGeographique" : [ {
      "id" : 4415
    } ],
    "lieu" : {
      "id" : 15650
    }
  },
  "liens" : {
    "liensObjetsTouristiquesTypes" : [ {
      "type" : "DEFAUT",
      "libelleFr" : "En lien avec",
      "libelleEn" : "Related to",
      "libelleEs" : "En relación con",
      "libelleIt" : "In collegamento con",
      "libelleDe" : "In Verbindung mit",
      "libelleNl" : "In verband met",
      "libelleRu" : "Применительно к",
      "libelleZh" : "与携手",
      "libellePtBR" : "Em relação com",
      "libelleJa" : "と関連して",
      "objetTouristique" : {
        "type" : "FETE_ET_MANIFESTATION",
        "id" : 5918057
      }
    } ]
  },
  "prestations" : {
    "animauxAcceptes" : "NON_DISPONIBLE",
    "animauxAcceptesSupplement" : "NON_DISPONIBLE",
    "languesParlees" : [ {
      "elementReferenceType" : "Langue",
      "id" : 1197
    } ]
  },
  "ouverture" : {
    "periodeEnClair" : {
      "libelleFr" : "Toute l'année, tous les jours sauf les 1er janvier et 25 décembre.\nSur réservation.",
      "libelleEn" : "All year round, daily except on January 1st and December 25th.",
      "libelleEs" : "Todo el año, todos los dias excepto los días 1er de enero y 25 de diciembre.",
      "libelleIt" : "Tutto l'anno, ogni giorno tranne 1° gennaio e 25 dicembre.",
      "libelleDe" : "Ganzjährig, täglich (außer 1. Januar und 25. Dezember).",
      "libelleNl" : "Het hele jaar, iedere dag m.u.v. 1 januari en 25 december.",
      "libelleRu" : "В течение всего года, ежедневно кроме 1 января и 25 декабря.",
      "libelleZh" : "全年, 日常 不包括 1月1日 和 12月25日.",
      "libellePtBR" : "Todo o ano, todos os dias exceto em 1º de janeiro e 25 de dezembro.",
      "libelleJa" : "オールシーズン, 毎日 1月1日 と 12月25日 を除き."
    },
    "periodeEnClairGenerationMode" : "AUTOMATIQUE",
    "indicationsPeriode" : [ {
      "elementReferenceType" : "IndicationPeriode",
      "id" : 416
    }, {
      "elementReferenceType" : "IndicationPeriode",
      "id" : 418
    }, {
      "elementReferenceType" : "IndicationPeriode",
      "id" : 435
    }, {
      "elementReferenceType" : "IndicationPeriode",
      "id" : 436
    } ],
    "periodesOuvertures" : [ {
      "identifiant" : 22756119,
      "dateDebut" : "2021-01-01",
      "dateFin" : "2021-12-31",
      "complementHoraire" : {
        "libelleFr" : "Sur réservation"
      },
      "type" : "OUVERTURE_TOUS_LES_JOURS",
      "tousLesAns" : true,
      "identifiantTechnique" : 22756454
    } ],
    "fermeturesExceptionnelles" : [ {
      "dateSpeciale" : "PREMIER_JANVIER"
    }, {
      "dateSpeciale" : "VINGT_CINQ_DECEMBRE"
    } ],
    "ouvertTouteLAnnee" : "OUVERT_TOUTE_L_ANNEE"
  },
  "descriptionTarif" : {
    "indicationTarif" : "PAYANT",
    "gratuit" : false,
    "tarifsEnClair" : {
      "libelleFr" : "Adulte : de 380 à 670 € (380€ par véhicule pour 4h\r\n670€ par véhicule pour la journée).\n\n Gratuit pour les moins de 6 ans.",
      "libelleEn" : "Adult: 380 to 670 €.\n\n Free entry for children < 6 years.",
      "libelleEs" : "Adulto: de 380 a 670 €.\n\n Gratuito para los niños menores de 6 años.",
      "libelleIt" : "Adulto: da 380 a 670 €.\n\n Gratuito per i bambini di età inferiore a 6 anni.",
      "libelleDe" : "Erwachsene: von 380 bis 670 €.\n\n Kostenlos für Kinder unter 6 Jahren.",
      "libelleNl" : "Volwassene: € 380 tot en met € 670.\n\n Gratis voor kinderen onder de 6 jaar.",
      "libelleRu" : "Взрослый : с 380 до  670 €.\n\n Бесплатно для лицам младше 6 лет.",
      "libelleZh" : "成人 : 从 380 到  670 €.\n\n 儿童 < 6 岁自由进入.",
      "libellePtBR" : "Adulto: de 380 a 670 €.\n\n Gratuito para menores de 6 anos.",
      "libelleJa" : "大人: 380 から 670 €.\n\n 子供 < 6 歳 は入場無料."
    },
    "tarifsEnClairGenerationMode" : "AUTOMATIQUE",
    "complement" : { },
    "periodes" : [ {
      "identifiant" : 12968378,
      "dateDebut" : "2022-01-01",
      "dateFin" : "2022-12-31",
      "tarifs" : [ {
        "devise" : "EUR",
        "minimum" : 380.00,
        "maximum" : 670.00,
        "precisionTarif" : {
          "libelleFr" : "380€ par véhicule pour 4h\r\n670€ par véhicule pour la journée"
        },
        "type" : {
          "elementReferenceType" : "TarifType",
          "id" : 1754
        }
      } ]
    } ],
    "devise" : "EUR",
    "conditions" : {
      "gratuitPourLesMoinsDe" : 6
    }
  },
  "reservation" : {
    "organismes" : [ {
      "identifiant" : 6313485,
      "nom" : "Office de Tourisme d'Arles",
      "type" : {
        "elementReferenceType" : "ReservationType",
        "id" : 475
      },
      "moyensCommunication" : [ {
        "identifiant" : 97052972,
        "type" : {
          "elementReferenceType" : "MoyenCommunicationType",
          "id" : 205
        },
        "coordonnees" : {
          "fr" : "https://arlestourisme.tickeasy.com/fr-FR/familles?famillesParentes=1834146750940400000"
        }
      } ],
      "locked" : false
    } ]
  },
  "illustrations" : [ {
    "identifiant" : 12526874,
    "link" : false,
    "type" : "IMAGE",
    "nom" : {
      "libelleFr" : "13VIS000439_1_HD.jpg"
    },
    "copyright" : {
      "libelleFr" : "J2M"
    },
    "traductionFichiers" : [ {
      "locale" : "fr",
      "url" : "https://static.apidae-tourisme.com/filestore/objets-touristiques/images/79/220/12704847.jpg",
      "urlListe" : "https://static.apidae-tourisme.com/filestore/objets-touristiques/images/79/220/12704847-liste.jpg",
      "urlFiche" : "https://static.apidae-tourisme.com/filestore/objets-touristiques/images/79/220/12704847-fiche.jpg",
      "urlDiaporama" : "https://static.apidae-tourisme.com/filestore/objets-touristiques/images/79/220/12704847-diaporama.jpg",
      "extension" : "jpg",
      "fileName" : "full",
      "taille" : 532970,
      "hauteur" : 1440,
      "largeur" : 1920,
      "lastModifiedDate" : "2022-02-22T15:14:01.623+0000"
    } ],
    "locked" : false
  }, {
    "identifiant" : 12527959,
    "link" : false,
    "type" : "IMAGE",
    "copyright" : {
      "libelleFr" : "OT Arles"
    },
    "traductionFichiers" : [ {
      "locale" : "fr",
      "url" : "https://static.apidae-tourisme.com/filestore/objets-touristiques/images/116/225/12706164.jpg",
      "urlListe" : "https://static.apidae-tourisme.com/filestore/objets-touristiques/images/116/225/12706164-liste.jpg",
      "urlFiche" : "https://static.apidae-tourisme.com/filestore/objets-touristiques/images/116/225/12706164-fiche.jpg",
      "urlDiaporama" : "https://static.apidae-tourisme.com/filestore/objets-touristiques/images/116/225/12706164-diaporama.jpg",
      "extension" : "jpg",
      "fileName" : "cap2",
      "taille" : 821693,
      "hauteur" : 1536,
      "largeur" : 2048,
      "lastModifiedDate" : "2022-02-22T15:16:06.065+0000"
    } ],
    "locked" : false
  } ],
  "territoires" : [ {
    "type" : "TERRITOIRE",
    "id" : 324346
  }, {
    "type" : "TERRITOIRE",
    "id" : 324348
  }, {
    "type" : "TERRITOIRE",
    "id" : 591381
  }, {
    "type" : "TERRITOIRE",
    "id" : 591419
  }, {
    "type" : "TERRITOIRE",
    "id" : 658199
  }, {
    "type" : "TERRITOIRE",
    "id" : 4877700
  }, {
    "type" : "TERRITOIRE",
    "id" : 5127066
  }, {
    "type" : "TERRITOIRE",
    "id" : 5427584
  }, {
    "type" : "TERRITOIRE",
    "id" : 5447176
  }, {
    "type" : "TERRITOIRE",
    "id" : 5853849
  }, {
    "type" : "TERRITOIRE",
    "id" : 5853921
  } ],
  "datesOuverture" : [ "2022-10-10", "2022-10-11", "2022-10-12", "2022-10-13", "2022-10-14", "2022-10-15", "2022-10-16", "2022-10-17", "2022-10-18", "2022-10-19", "2022-10-20", "2022-10-21", "2022-10-22", "2022-10-23", "2022-10-24", "2022-10-25", "2022-10-26", "2022-10-27", "2022-10-28", "2022-10-29", "2022-10-30", "2022-10-31", "2022-11-01", "2022-11-02", "2022-11-03", "2022-11-04", "2022-11-05", "2022-11-06", "2022-11-07", "2022-11-08", "2022-11-09", "2022-11-10", "2022-11-11", "2022-11-12", "2022-11-13", "2022-11-14", "2022-11-15", "2022-11-16", "2022-11-17", "2022-11-18", "2022-11-19", "2022-11-20", "2022-11-21", "2022-11-22", "2022-11-23", "2022-11-24", "2022-11-25", "2022-11-26", "2022-11-27", "2022-11-28", "2022-11-29", "2022-11-30", "2022-12-01", "2022-12-02", "2022-12-03", "2022-12-04", "2022-12-05", "2022-12-06", "2022-12-07", "2022-12-08", "2022-12-09", "2022-12-10", "2022-12-11", "2022-12-12", "2022-12-13", "2022-12-14", "2022-12-15", "2022-12-16", "2022-12-17", "2022-12-18", "2022-12-19", "2022-12-20", "2022-12-21", "2022-12-22", "2022-12-23", "2022-12-24", "2022-12-26", "2022-12-27", "2022-12-28", "2022-12-29", "2022-12-30", "2022-12-31", "2023-01-02", "2023-01-03", "2023-01-04", "2023-01-05", "2023-01-06", "2023-01-07", "2023-01-08", "2023-01-09", "2023-01-10", "2023-01-11", "2023-01-12", "2023-01-13", "2023-01-14", "2023-01-15", "2023-01-16", "2023-01-17", "2023-01-18", "2023-01-19", "2023-01-20", "2023-01-21", "2023-01-22", "2023-01-23", "2023-01-24", "2023-01-25", "2023-01-26", "2023-01-27", "2023-01-28", "2023-01-29", "2023-01-30", "2023-01-31", "2023-02-01", "2023-02-02", "2023-02-03", "2023-02-04", "2023-02-05", "2023-02-06", "2023-02-07", "2023-02-08", "2023-02-09", "2023-02-10", "2023-02-11", "2023-02-12", "2023-02-13", "2023-02-14", "2023-02-15", "2023-02-16", "2023-02-17", "2023-02-18", "2023-02-19", "2023-02-20", "2023-02-21", "2023-02-22", "2023-02-23", "2023-02-24", "2023-02-25", "2023-02-26", "2023-02-27", "2023-02-28", "2023-03-01", "2023-03-02", "2023-03-03", "2023-03-04", "2023-03-05", "2023-03-06", "2023-03-07", "2023-03-08", "2023-03-09", "2023-03-10", "2023-03-11", "2023-03-12", "2023-03-13", "2023-03-14", "2023-03-15", "2023-03-16", "2023-03-17", "2023-03-18", "2023-03-19", "2023-03-20", "2023-03-21", "2023-03-22", "2023-03-23", "2023-03-24", "2023-03-25", "2023-03-26", "2023-03-27", "2023-03-28", "2023-03-29", "2023-03-30", "2023-03-31", "2023-04-01", "2023-04-02", "2023-04-03", "2023-04-04", "2023-04-05", "2023-04-06", "2023-04-07", "2023-04-08", "2023-04-09", "2023-04-10", "2023-04-11", "2023-04-12", "2023-04-13", "2023-04-14", "2023-04-15", "2023-04-16", "2023-04-17", "2023-04-18", "2023-04-19", "2023-04-20", "2023-04-21", "2023-04-22", "2023-04-23", "2023-04-24", "2023-04-25", "2023-04-26", "2023-04-27", "2023-04-28", "2023-04-29", "2023-04-30", "2023-05-01", "2023-05-02", "2023-05-03", "2023-05-04", "2023-05-05", "2023-05-06", "2023-05-07", "2023-05-08", "2023-05-09", "2023-05-10", "2023-05-11", "2023-05-12", "2023-05-13", "2023-05-14", "2023-05-15", "2023-05-16", "2023-05-17", "2023-05-18", "2023-05-19", "2023-05-20", "2023-05-21", "2023-05-22", "2023-05-23", "2023-05-24", "2023-05-25", "2023-05-26", "2023-05-27", "2023-05-28", "2023-05-29", "2023-05-30", "2023-05-31", "2023-06-01", "2023-06-02", "2023-06-03", "2023-06-04", "2023-06-05", "2023-06-06", "2023-06-07", "2023-06-08", "2023-06-09", "2023-06-10", "2023-06-11", "2023-06-12", "2023-06-13", "2023-06-14", "2023-06-15", "2023-06-16", "2023-06-17", "2023-06-18", "2023-06-19", "2023-06-20", "2023-06-21", "2023-06-22", "2023-06-23", "2023-06-24", "2023-06-25", "2023-06-26", "2023-06-27", "2023-06-28", "2023-06-29", "2023-06-30", "2023-07-01", "2023-07-02", "2023-07-03", "2023-07-04", "2023-07-05", "2023-07-06", "2023-07-07", "2023-07-08", "2023-07-09", "2023-07-10", "2023-07-11", "2023-07-12", "2023-07-13", "2023-07-14", "2023-07-15", "2023-07-16", "2023-07-17", "2023-07-18", "2023-07-19", "2023-07-20", "2023-07-21", "2023-07-22", "2023-07-23", "2023-07-24", "2023-07-25", "2023-07-26", "2023-07-27", "2023-07-28", "2023-07-29", "2023-07-30", "2023-07-31", "2023-08-01", "2023-08-02", "2023-08-03", "2023-08-04", "2023-08-05", "2023-08-06", "2023-08-07", "2023-08-08", "2023-08-09", "2023-08-10", "2023-08-11", "2023-08-12", "2023-08-13", "2023-08-14", "2023-08-15", "2023-08-16", "2023-08-17", "2023-08-18", "2023-08-19", "2023-08-20", "2023-08-21", "2023-08-22", "2023-08-23", "2023-08-24", "2023-08-25", "2023-08-26", "2023-08-27", "2023-08-28", "2023-08-29", "2023-08-30", "2023-08-31", "2023-09-01", "2023-09-02", "2023-09-03", "2023-09-04", "2023-09-05", "2023-09-06", "2023-09-07", "2023-09-08", "2023-09-09", "2023-09-10", "2023-09-11", "2023-09-12", "2023-09-13", "2023-09-14", "2023-09-15", "2023-09-16", "2023-09-17", "2023-09-18", "2023-09-19", "2023-09-20", "2023-09-21", "2023-09-22", "2023-09-23", "2023-09-24", "2023-09-25", "2023-09-26", "2023-09-27", "2023-09-28", "2023-09-29", "2023-09-30", "2023-10-01", "2023-10-02", "2023-10-03", "2023-10-04", "2023-10-05", "2023-10-06", "2023-10-07", "2023-10-08", "2023-10-09", "2023-10-10", "2023-10-11", "2023-10-12", "2023-10-13", "2023-10-14", "2023-10-15", "2023-10-16", "2023-10-17", "2023-10-18", "2023-10-19", "2023-10-20", "2023-10-21", "2023-10-22", "2023-10-23", "2023-10-24", "2023-10-25", "2023-10-26", "2023-10-27", "2023-10-28", "2023-10-29", "2023-10-30", "2023-10-31", "2023-11-01", "2023-11-02", "2023-11-03", "2023-11-04", "2023-11-05", "2023-11-06", "2023-11-07", "2023-11-08", "2023-11-09", "2023-11-10", "2023-11-11", "2023-11-12", "2023-11-13", "2023-11-14", "2023-11-15", "2023-11-16", "2023-11-17", "2023-11-18", "2023-11-19", "2023-11-20", "2023-11-21", "2023-11-22", "2023-11-23", "2023-11-24", "2023-11-25", "2023-11-26", "2023-11-27", "2023-11-28", "2023-11-29", "2023-11-30", "2023-12-01", "2023-12-02", "2023-12-03", "2023-12-04", "2023-12-05", "2023-12-06", "2023-12-07", "2023-12-08", "2023-12-09", "2023-12-10", "2023-12-11", "2023-12-12", "2023-12-13", "2023-12-14", "2023-12-15", "2023-12-16", "2023-12-17", "2023-12-18", "2023-12-19", "2023-12-20", "2023-12-21", "2023-12-22", "2023-12-23", "2023-12-24", "2023-12-26", "2023-12-27", "2023-12-28", "2023-12-29", "2023-12-30", "2023-12-31", "2024-01-02", "2024-01-03", "2024-01-04", "2024-01-05", "2024-01-06", "2024-01-07", "2024-01-08", "2024-01-09", "2024-01-10", "2024-01-11", "2024-01-12", "2024-01-13", "2024-01-14", "2024-01-15", "2024-01-16", "2024-01-17", "2024-01-18", "2024-01-19", "2024-01-20", "2024-01-21", "2024-01-22", "2024-01-23", "2024-01-24", "2024-01-25", "2024-01-26", "2024-01-27", "2024-01-28", "2024-01-29", "2024-01-30", "2024-01-31", "2024-02-01", "2024-02-02", "2024-02-03", "2024-02-04", "2024-02-05", "2024-02-06", "2024-02-07", "2024-02-08", "2024-02-09", "2024-02-10", "2024-02-11", "2024-02-12", "2024-02-13", "2024-02-14", "2024-02-15", "2024-02-16", "2024-02-17", "2024-02-18", "2024-02-19", "2024-02-20", "2024-02-21", "2024-02-22", "2024-02-23", "2024-02-24", "2024-02-25", "2024-02-26", "2024-02-27", "2024-02-28", "2024-02-29", "2024-03-01", "2024-03-02", "2024-03-03", "2024-03-04", "2024-03-05", "2024-03-06", "2024-03-07", "2024-03-08", "2024-03-09", "2024-03-10", "2024-03-11", "2024-03-12", "2024-03-13", "2024-03-14", "2024-03-15", "2024-03-16", "2024-03-17", "2024-03-18", "2024-03-19", "2024-03-20", "2024-03-21", "2024-03-22", "2024-03-23", "2024-03-24", "2024-03-25", "2024-03-26", "2024-03-27", "2024-03-28", "2024-03-29", "2024-03-30", "2024-03-31", "2024-04-01", "2024-04-02", "2024-04-03", "2024-04-04", "2024-04-05", "2024-04-06", "2024-04-07", "2024-04-08", "2024-04-09", "2024-04-10", "2024-04-11", "2024-04-12", "2024-04-13", "2024-04-14", "2024-04-15", "2024-04-16", "2024-04-17", "2024-04-18", "2024-04-19", "2024-04-20", "2024-04-21", "2024-04-22", "2024-04-23", "2024-04-24", "2024-04-25", "2024-04-26", "2024-04-27", "2024-04-28", "2024-04-29", "2024-04-30", "2024-05-01", "2024-05-02", "2024-05-03", "2024-05-04", "2024-05-05", "2024-05-06", "2024-05-07", "2024-05-08", "2024-05-09", "2024-05-10", "2024-05-11", "2024-05-12", "2024-05-13", "2024-05-14", "2024-05-15", "2024-05-16", "2024-05-17", "2024-05-18", "2024-05-19", "2024-05-20", "2024-05-21", "2024-05-22", "2024-05-23", "2024-05-24", "2024-05-25", "2024-05-26", "2024-05-27", "2024-05-28", "2024-05-29", "2024-05-30", "2024-05-31", "2024-06-01", "2024-06-02", "2024-06-03", "2024-06-04", "2024-06-05", "2024-06-06", "2024-06-07", "2024-06-08", "2024-06-09", "2024-06-10", "2024-06-11", "2024-06-12", "2024-06-13", "2024-06-14", "2024-06-15", "2024-06-16", "2024-06-17", "2024-06-18", "2024-06-19", "2024-06-20", "2024-06-21", "2024-06-22", "2024-06-23", "2024-06-24", "2024-06-25", "2024-06-26", "2024-06-27", "2024-06-28", "2024-06-29", "2024-06-30", "2024-07-01", "2024-07-02", "2024-07-03", "2024-07-04", "2024-07-05", "2024-07-06", "2024-07-07", "2024-07-08", "2024-07-09", "2024-07-10", "2024-07-11", "2024-07-12", "2024-07-13", "2024-07-14", "2024-07-15", "2024-07-16", "2024-07-17", "2024-07-18", "2024-07-19", "2024-07-20", "2024-07-21", "2024-07-22", "2024-07-23", "2024-07-24", "2024-07-25", "2024-07-26", "2024-07-27", "2024-07-28", "2024-07-29", "2024-07-30", "2024-07-31", "2024-08-01", "2024-08-02", "2024-08-03", "2024-08-04", "2024-08-05", "2024-08-06", "2024-08-07", "2024-08-08", "2024-08-09", "2024-08-10", "2024-08-11", "2024-08-12", "2024-08-13", "2024-08-14", "2024-08-15", "2024-08-16", "2024-08-17", "2024-08-18", "2024-08-19", "2024-08-20", "2024-08-21", "2024-08-22", "2024-08-23", "2024-08-24", "2024-08-25", "2024-08-26", "2024-08-27", "2024-08-28", "2024-08-29", "2024-08-30", "2024-08-31", "2024-09-01", "2024-09-02", "2024-09-03", "2024-09-04", "2024-09-05", "2024-09-06", "2024-09-07", "2024-09-08", "2024-09-09", "2024-09-10", "2024-09-11", "2024-09-12", "2024-09-13", "2024-09-14", "2024-09-15", "2024-09-16", "2024-09-17", "2024-09-18", "2024-09-19", "2024-09-20", "2024-09-21", "2024-09-22", "2024-09-23", "2024-09-24", "2024-09-25", "2024-09-26", "2024-09-27", "2024-09-28", "2024-09-29", "2024-09-30", "2024-10-01", "2024-10-02", "2024-10-03", "2024-10-04", "2024-10-05", "2024-10-06", "2024-10-07", "2024-10-08", "2024-10-09" ],
  "informationsFeteEtManifestation" : {
    "typesManifestation" : [ {
      "elementReferenceType" : "FeteEtManifestationType",
      "id" : 1966
    } ],
    "categories" : [ {
      "elementReferenceType" : "FeteEtManifestationCategorie",
      "id" : 2101
    } ],
    "themes" : [ {
      "elementReferenceType" : "FeteEtManifestationTheme",
      "id" : 2273
    }, {
      "elementReferenceType" : "FeteEtManifestationTheme",
      "id" : 2282
    } ],
    "portee" : {
      "elementReferenceType" : "FeteEtManifestationPortee",
      "id" : 2353
    },
    "nomLieu" : "Derrière l'Office de Tourisme"
  },
  "formatVersion" : "v002",
  "expiration" : {
    "expirationAction" : "MASQUER"
  },
  "enquete" : { }
}