{
  "type" : "FETE_ET_MANIFESTATION",
  "id" : 5918057,
  "nom" : {
    "libelleFr" : "Découverte des Alpilles en 4X4 - Alpilles Safari",
    "libelleEn" : "Discovery of the Alpilles by 4X4 - Alpilles safari",
    "libelleEs" : "Descubrimiento de los Alpilles en 4X4 - Safari en los Alpilles",
    "libelleIt" : "Scoperta delle Alpilles in 4X4 - Alpilles safari"
  },
  "identifier" : "SITRA2_EVE_5918057",
  "state" : "PUBLISHED",
  "gestion" : {
    "dateCreation" : "2021-09-16T12:41:00.810+0000",
    "dateModification" : "2022-02-22T14:48:33.943+0000",
    "dateExportModification" : "2022-06-09T07:16:13.971+0000",
    "membreProprietaire" : {
      "type" : {
        "elementReferenceType" : "MembreSitraType",
        "id" : 233
      },
      "nom" : "Office de Tourisme d'Arles",
      "dateCreation" : "2020-10-20T08:31:09.923+0000",
      "dateModification" : "2022-10-24T08:49:35.216+0000",
      "id" : 2112,
      "siteWeb" : "http://www.arlestourisme.com"
    },
    "signalerUnProblemeMails" : [ "a.quarta@arlestourisme.com", "f.soliveres@arlestourisme.com", "m.ginoux@arlestourisme.com", "m.louvet@arlestourisme.com" ]
  },
  "informations" : {
    "moyensCommunication" : [ {
      "identifiant" : 70515433,
      "type" : {
        "elementReferenceType" : "MoyenCommunicationType",
        "id" : 201
      },
      "coordonnees" : {
        "fr" : "04 90 18 41 20"
      }
    }, {
      "identifiant" : 70515436,
      "type" : {
        "elementReferenceType" : "MoyenCommunicationType",
        "id" : 204
      },
      "coordonnees" : {
        "fr" : "ot-arles@arlestourisme.com"
      }
    }, {
      "identifiant" : 70515437,
      "type" : {
        "elementReferenceType" : "MoyenCommunicationType",
        "id" : 205
      },
      "coordonnees" : {
        "fr" : "http://www.arlestourisme.com"
      }
    } ],
    "informationsLegales" : { },
    "structureGestion" : {
      "type" : "STRUCTURE",
      "id" : 5547533
    },
    "structureInformation" : {
      "type" : "STRUCTURE",
      "id" : 5223991
    }
  },
  "presentation" : {
    "descriptifCourt" : {
      "libelleFr" : "Envie de découvrir les Alpilles ? Sortez des sentiers battus. Embarquez avec J2M, à bord de leur 4X4 et parcourez les routes de Provence.",
      "libelleEn" : "Want to discover the Alpilles? Get off the beaten track. Embark with J2M, aboard their 4X4 and travel the roads of Provence.",
      "libelleEs" : "¿Quiere descubrir los Alpilles? Salga de los caminos trillados. Suba a bordo de J2M, en su 4X4 y recorra las carreteras de la Provenza.",
      "libelleIt" : "Volete scoprire le Alpilles? Uscire dai sentieri battuti. Sali a bordo di J2M, nel loro 4X4 e percorri le strade della Provenza."
    },
    "descriptifDetaille" : {
      "libelleFr" : "Au milieu de la nature, au coeur du Parc Régional des Alpilles, vous admirerez des vestiges anciens, des plantations d'oliviers à perte de vue, des vignes magnifiques, le village des Baux de Provence .... Visite de Moulin et dégustation d'huile d'olive inclus\r\n\r\nTous les circuits sont commentés par nos guides passionnés et férus de culture provençale. Ils vous feront découvrir les coins les plus secrets et réaliser de magnifiques photos.",
      "libelleEn" : "In the middle of nature, in the heart of the Regional Park of the Alpilles, you will admire ancient remains, olive plantations as far as the eye can see, magnificent vineyards, the village of Les Baux de Provence .... Visit to Mill and olive oil tasting includedAll tours are commented on by our passionate guides and enthusiasts of Provencal culture. They will make you discover the most secret corners and make beautiful photos.",
      "libelleEs" : "En plena naturaleza, en el corazón del Parque Regional de los Alpilles, se podrá admirar restos antiguos, plantaciones de olivos hasta donde la vista puede ver, magníficos viñedos, el pueblo de Les Baux de Provence .... Visita al molino y degustación de aceite de oliva incluidosTodos los tours son comentados por nuestros guías apasionados y entusiastas de la cultura provenzal. Te harán descubrir los rincones más secretos y hacer hermosas fotos.",
      "libelleIt" : "In mezzo alla natura, nel cuore del Parco Regionale delle Alpilles, potrete ammirare resti antichi, piantagioni di ulivi a quanto l'occhio può vedere, magnifici vigneti, il villaggio di Les Baux de Provence .... Visita al Mulino e degustazione di olio d'oliva inclusaTutti i tour sono commentati dalle nostre appassionate guide e appassionati di cultura provenzale. Ti faranno scoprire gli angoli più segreti e fare belle foto.",
      "libelleDe" : "Mitten in der Natur, im Herzen des Regionalparks der Alpilles, werden Sie alte Überreste, Olivenplantagen so weit wie das Auge sehen, herrliche Weinberge, das Dorf Les Baux de Provence bewundern .... Besuch der Mühle und Olivenölverkostung inklusiveAlle Touren werden von unseren leidenschaftlichen Guides und Liebhabern der provenzalischen Kultur kommentiert. Sie werden Sie die geheimsten Ecken entdecken und schöne Fotos machen.",
      "libelleNl" : "In het midden van de natuur, in het hart van het regionale park van de Alpilles, zult u genieten van oude overblijfselen, olijfplantages zover het oog reikt, prachtige wijngaarden, het dorp Les Baux de Provence .... Bezoek aan Mill en olijfolie proeverij inbegrepenAlle tours worden becommentarieerd door onze gepassioneerde gidsen en liefhebbers van de Provençaalse cultuur. Ze laten je de meest geheime hoeken ontdekken en mooie foto's maken."
    }
  },
  "localisation" : {
    "adresse" : {
      "nomDuLieu" : "Derrière l'Office de Tourisme",
      "adresse1" : "1 Boulevard Emile Fassin",
      "codePostal" : "13200",
      "commune" : {
        "id" : 4415
      }
    },
    "geolocalisation" : {
      "valide" : true,
      "geoJson" : {
        "type" : "Point",
        "coordinates" : [ 4.628208, 43.674371 ]
      }
    },
    "perimetreGeographique" : [ {
      "id" : 4415
    } ],
    "lieu" : {
      "id" : 15650
    }
  },
  "liens" : {
    "liensObjetsTouristiquesTypes" : [ {
      "type" : "DEFAUT",
      "libelleFr" : "En lien avec",
      "libelleEn" : "Related to",
      "libelleEs" : "En relación con",
      "libelleIt" : "In collegamento con",
      "libelleDe" : "In Verbindung mit",
      "libelleNl" : "In verband met",
      "libelleRu" : "Применительно к",
      "libelleZh" : "与携手",
      "libellePtBR" : "Em relação com",
      "libelleJa" : "と関連して",
      "objetTouristique" : {
        "type" : "FETE_ET_MANIFESTATION",
        "id" : 5916267
      }
    }, {
      "type" : "DEFAUT",
      "libelleFr" : "En lien avec",
      "libelleEn" : "Related to",
      "libelleEs" : "En relación con",
      "libelleIt" : "In collegamento con",
      "libelleDe" : "In Verbindung mit",
      "libelleNl" : "In verband met",
      "libelleRu" : "Применительно к",
      "libelleZh" : "与携手",
      "libellePtBR" : "Em relação com",
      "libelleJa" : "と関連して",
      "objetTouristique" : {
        "type" : "FETE_ET_MANIFESTATION",
        "id" : 6040588
      }
    } ]
  },
  "prestations" : {
    "animauxAcceptes" : "NON_DISPONIBLE",
    "animauxAcceptesSupplement" : "NON_DISPONIBLE",
    "languesParlees" : [ {
      "elementReferenceType" : "Langue",
      "id" : 1197
    } ]
  },
  "ouverture" : {
    "periodeEnClair" : {
      "libelleFr" : "Toute l'année, tous les jours.",
      "libelleEn" : "All year round, daily.",
      "libelleEs" : "Todo el año, todos los dias.",
      "libelleIt" : "Tutto l'anno, ogni giorno.",
      "libelleDe" : "Ganzjährig, täglich.",
      "libelleNl" : "Het hele jaar, iedere dag.",
      "libelleRu" : "В течение всего года, ежедневно.",
      "libelleZh" : "全年, 日常.",
      "libellePtBR" : "Todo o ano, todos os dias.",
      "libelleJa" : "オールシーズン, 毎日."
    },
    "periodeEnClairGenerationMode" : "AUTOMATIQUE",
    "indicationsPeriode" : [ {
      "elementReferenceType" : "IndicationPeriode",
      "id" : 436
    }, {
      "elementReferenceType" : "IndicationPeriode",
      "id" : 418
    }, {
      "elementReferenceType" : "IndicationPeriode",
      "id" : 416
    }, {
      "elementReferenceType" : "IndicationPeriode",
      "id" : 435
    } ],
    "periodesOuvertures" : [ {
      "identifiant" : 20523509,
      "dateDebut" : "2021-01-01",
      "dateFin" : "2021-12-31",
      "complementHoraire" : { },
      "type" : "OUVERTURE_TOUS_LES_JOURS",
      "tousLesAns" : true,
      "identifiantTechnique" : 22755913
    } ],
    "ouvertTouteLAnnee" : "OUVERT_TOUTE_L_ANNEE"
  },
  "descriptionTarif" : {
    "indicationTarif" : "PAYANT",
    "gratuit" : false,
    "tarifsEnClair" : {
      "libelleFr" : "Adulte : 52 €, Enfant (10 ans) : de 0 à 26 €.\n\n Gratuit pour les moins de 5 ans.",
      "libelleEn" : "Adult: 52 €, Child (10 years): 0 to 26 €.\n\n Free entry for children < 5 years.",
      "libelleEs" : "Adulto: 52 €, Niño (10 años): de 0 a 26 €.\n\n Gratuito para los niños menores de 5 años.",
      "libelleIt" : "Adulto: 52 €, Bambino (10 anni): da 0 a 26 €.\n\n Gratuito per i bambini di età inferiore a 5 anni.",
      "libelleDe" : "Erwachsene: 52 €, Kinder (10 Jahren): von 0 bis 26 €.\n\n Kostenlos für Kinder unter 5 Jahren.",
      "libelleNl" : "Volwassene: € 52, Kind (10 jaar): € 0 tot en met € 26.\n\n Gratis voor kinderen onder de 5 jaar.",
      "libelleRu" : "Взрослый : 52 €, Ребенок (10 лет) : с 0 до  26 €.\n\n Бесплатно для лицам младше 5 лет.",
      "libelleZh" : "成人 : 52 €, 儿童 (10 岁) : 从 0 到  26 €.\n\n 儿童 < 5 岁自由进入.",
      "libellePtBR" : "Adulto: 52 €, Criança (10 anos): de 0 a 26 €.\n\n Gratuito para menores de 5 anos.",
      "libelleJa" : "大人: 52 €, 子供 (10 歳): 0 から 26 €.\n\n 子供 < 5 歳 は入場無料."
    },
    "tarifsEnClairGenerationMode" : "AUTOMATIQUE",
    "complement" : { },
    "periodes" : [ {
      "identifiant" : 11612309,
      "dateDebut" : "2022-01-01",
      "dateFin" : "2022-12-31",
      "tarifs" : [ {
        "devise" : "EUR",
        "minimum" : 52.00,
        "maximum" : 52.00,
        "type" : {
          "elementReferenceType" : "TarifType",
          "id" : 1754
        }
      }, {
        "devise" : "EUR",
        "minimum" : 0.00,
        "maximum" : 26.00,
        "type" : {
          "elementReferenceType" : "TarifType",
          "id" : 1755
        }
      } ]
    } ],
    "devise" : "EUR",
    "conditions" : {
      "gratuitPourLesMoinsDe" : 5,
      "conditionEnfantAgeMax" : 10
    }
  },
  "reservation" : {
    "organismes" : [ {
      "identifiant" : 5650466,
      "nom" : "Office de Tourisme d'Arles",
      "type" : {
        "elementReferenceType" : "ReservationType",
        "id" : 475
      },
      "moyensCommunication" : [ {
        "identifiant" : 87104892,
        "type" : {
          "elementReferenceType" : "MoyenCommunicationType",
          "id" : 205
        },
        "coordonnees" : {
          "fr" : "https://arlestourisme.tickeasy.com/fr-FR/familles?famillesParentes=1834146750940400000"
        }
      } ],
      "locked" : false
    } ]
  },
  "criteresInternes" : [ {
    "id" : 16902
  } ],
  "illustrations" : [ {
    "identifiant" : 9039105,
    "link" : false,
    "type" : "IMAGE",
    "nom" : {
      "libelleFr" : "13VIS000442_1_HD.jpg"
    },
    "copyright" : {
      "libelleFr" : "J2M"
    },
    "traductionFichiers" : [ {
      "locale" : "fr",
      "url" : "https://static.apidae-tourisme.com/filestore/objets-touristiques/images/229/93/8805861.jpg",
      "urlListe" : "https://static.apidae-tourisme.com/filestore/objets-touristiques/images/229/93/8805861-liste.jpg",
      "urlFiche" : "https://static.apidae-tourisme.com/filestore/objets-touristiques/images/229/93/8805861-fiche.jpg",
      "urlDiaporama" : "https://static.apidae-tourisme.com/filestore/objets-touristiques/images/229/93/8805861-diaporama.jpg",
      "extension" : "jpg",
      "fileName" : "full",
      "taille" : 693550,
      "hauteur" : 1440,
      "largeur" : 1920,
      "lastModifiedDate" : "2020-11-10T09:50:22.000+0000"
    } ],
    "locked" : false
  } ],
  "territoires" : [ {
    "type" : "TERRITOIRE",
    "id" : 324346
  }, {
    "type" : "TERRITOIRE",
    "id" : 324348
  }, {
    "type" : "TERRITOIRE",
    "id" : 591381
  }, {
    "type" : "TERRITOIRE",
    "id" : 591419
  }, {
    "type" : "TERRITOIRE",
    "id" : 658199
  }, {
    "type" : "TERRITOIRE",
    "id" : 4877700
  }, {
    "type" : "TERRITOIRE",
    "id" : 5127066
  }, {
    "type" : "TERRITOIRE",
    "id" : 5427584
  }, {
    "type" : "TERRITOIRE",
    "id" : 5447176
  }, {
    "type" : "TERRITOIRE",
    "id" : 5853849
  }, {
    "type" : "TERRITOIRE",
    "id" : 5853921
  } ],
  "datesOuverture" : [ "2022-10-10", "2022-10-11", "2022-10-12", "2022-10-13", "2022-10-14", "2022-10-15", "2022-10-16", "2022-10-17", "2022-10-18", "2022-10-19", "2022-10-20", "2022-10-21", "2022-10-22", "2022-10-23", "2022-10-24", "2022-10-25", "2022-10-26", "2022-10-27", "2022-10-28", "2022-10-29", "2022-10-30", "2022-10-31", "2022-11-01", "2022-11-02", "2022-11-03", "2022-11-04", "2022-11-05", "2022-11-06", "2022-11-07", "2022-11-08", "2022-11-09", "2022-11-10", "2022-11-11", "2022-11-12", "2022-11-13", "2022-11-14", "2022-11-15", "2022-11-16", "2022-11-17", "2022-11-18", "2022-11-19", "2022-11-20", "2022-11-21", "2022-11-22", "2022-11-23", "2022-11-24", "2022-11-25", "2022-11-26", "2022-11-27", "2022-11-28", "2022-11-29", "2022-11-30", "2022-12-01", "2022-12-02", "2022-12-03", "2022-12-04", "2022-12-05", "2022-12-06", "2022-12-07", "2022-12-08", "2022-12-09", "2022-12-10", "2022-12-11", "2022-12-12", "2022-12-13", "2022-12-14", "2022-12-15", "2022-12-16", "2022-12-17", "2022-12-18", "2022-12-19", "2022-12-20", "2022-12-21", "2022-12-22", "2022-12-23", "2022-12-24", "2022-12-25", "2022-12-26", "2022-12-27", "2022-12-28", "2022-12-29", "2022-12-30", "2022-12-31", "2023-01-01", "2023-01-02", "2023-01-03", "2023-01-04", "2023-01-05", "2023-01-06", "2023-01-07", "2023-01-08", "2023-01-09", "2023-01-10", "2023-01-11", "2023-01-12", "2023-01-13", "2023-01-14", "2023-01-15", "2023-01-16", "2023-01-17", "2023-01-18", "2023-01-19", "2023-01-20", "2023-01-21", "2023-01-22", "2023-01-23", "2023-01-24", "2023-01-25", "2023-01-26", "2023-01-27", "2023-01-28", "2023-01-29", "2023-01-30", "2023-01-31", "2023-02-01", "2023-02-02", "2023-02-03", "2023-02-04", "2023-02-05", "2023-02-06", "2023-02-07", "2023-02-08", "2023-02-09", "2023-02-10", "2023-02-11", "2023-02-12", "2023-02-13", "2023-02-14", "2023-02-15", "2023-02-16", "2023-02-17", "2023-02-18", "2023-02-19", "2023-02-20", "2023-02-21", "2023-02-22", "2023-02-23", "2023-02-24", "2023-02-25", "2023-02-26", "2023-02-27", "2023-02-28", "2023-03-01", "2023-03-02", "2023-03-03", "2023-03-04", "2023-03-05", "2023-03-06", "2023-03-07", "2023-03-08", "2023-03-09", "2023-03-10", "2023-03-11", "2023-03-12", "2023-03-13", "2023-03-14", "2023-03-15", "2023-03-16", "2023-03-17", "2023-03-18", "2023-03-19", "2023-03-20", "2023-03-21", "2023-03-22", "2023-03-23", "2023-03-24", "2023-03-25", "2023-03-26", "2023-03-27", "2023-03-28", "2023-03-29", "2023-03-30", "2023-03-31", "2023-04-01", "2023-04-02", "2023-04-03", "2023-04-04", "2023-04-05", "2023-04-06", "2023-04-07", "2023-04-08", "2023-04-09", "2023-04-10", "2023-04-11", "2023-04-12", "2023-04-13", "2023-04-14", "2023-04-15", "2023-04-16", "2023-04-17", "2023-04-18", "2023-04-19", "2023-04-20", "2023-04-21", "2023-04-22", "2023-04-23", "2023-04-24", "2023-04-25", "2023-04-26", "2023-04-27", "2023-04-28", "2023-04-29", "2023-04-30", "2023-05-01", "2023-05-02", "2023-05-03", "2023-05-04", "2023-05-05", "2023-05-06", "2023-05-07", "2023-05-08", "2023-05-09", "2023-05-10", "2023-05-11", "2023-05-12", "2023-05-13", "2023-05-14", "2023-05-15", "2023-05-16", "2023-05-17", "2023-05-18", "2023-05-19", "2023-05-20", "2023-05-21", "2023-05-22", "2023-05-23", "2023-05-24", "2023-05-25", "2023-05-26", "2023-05-27", "2023-05-28", "2023-05-29", "2023-05-30", "2023-05-31", "2023-06-01", "2023-06-02", "2023-06-03", "2023-06-04", "2023-06-05", "2023-06-06", "2023-06-07", "2023-06-08", "2023-06-09", "2023-06-10", "2023-06-11", "2023-06-12", "2023-06-13", "2023-06-14", "2023-06-15", "2023-06-16", "2023-06-17", "2023-06-18", "2023-06-19", "2023-06-20", "2023-06-21", "2023-06-22", "2023-06-23", "2023-06-24", "2023-06-25", "2023-06-26", "2023-06-27", "2023-06-28", "2023-06-29", "2023-06-30", "2023-07-01", "2023-07-02", "2023-07-03", "2023-07-04", "2023-07-05", "2023-07-06", "2023-07-07", "2023-07-08", "2023-07-09", "2023-07-10", "2023-07-11", "2023-07-12", "2023-07-13", "2023-07-14", "2023-07-15", "2023-07-16", "2023-07-17", "2023-07-18", "2023-07-19", "2023-07-20", "2023-07-21", "2023-07-22", "2023-07-23", "2023-07-24", "2023-07-25", "2023-07-26", "2023-07-27", "2023-07-28", "2023-07-29", "2023-07-30", "2023-07-31", "2023-08-01", "2023-08-02", "2023-08-03", "2023-08-04", "2023-08-05", "2023-08-06", "2023-08-07", "2023-08-08", "2023-08-09", "2023-08-10", "2023-08-11", "2023-08-12", "2023-08-13", "2023-08-14", "2023-08-15", "2023-08-16", "2023-08-17", "2023-08-18", "2023-08-19", "2023-08-20", "2023-08-21", "2023-08-22", "2023-08-23", "2023-08-24", "2023-08-25", "2023-08-26", "2023-08-27", "2023-08-28", "2023-08-29", "2023-08-30", "2023-08-31", "2023-09-01", "2023-09-02", "2023-09-03", "2023-09-04", "2023-09-05", "2023-09-06", "2023-09-07", "2023-09-08", "2023-09-09", "2023-09-10", "2023-09-11", "2023-09-12", "2023-09-13", "2023-09-14", "2023-09-15", "2023-09-16", "2023-09-17", "2023-09-18", "2023-09-19", "2023-09-20", "2023-09-21", "2023-09-22", "2023-09-23", "2023-09-24", "2023-09-25", "2023-09-26", "2023-09-27", "2023-09-28", "2023-09-29", "2023-09-30", "2023-10-01", "2023-10-02", "2023-10-03", "2023-10-04", "2023-10-05", "2023-10-06", "2023-10-07", "2023-10-08", "2023-10-09", "2023-10-10", "2023-10-11", "2023-10-12", "2023-10-13", "2023-10-14", "2023-10-15", "2023-10-16", "2023-10-17", "2023-10-18", "2023-10-19", "2023-10-20", "2023-10-21", "2023-10-22", "2023-10-23", "2023-10-24", "2023-10-25", "2023-10-26", "2023-10-27", "2023-10-28", "2023-10-29", "2023-10-30", "2023-10-31", "2023-11-01", "2023-11-02", "2023-11-03", "2023-11-04", "2023-11-05", "2023-11-06", "2023-11-07", "2023-11-08", "2023-11-09", "2023-11-10", "2023-11-11", "2023-11-12", "2023-11-13", "2023-11-14", "2023-11-15", "2023-11-16", "2023-11-17", "2023-11-18", "2023-11-19", "2023-11-20", "2023-11-21", "2023-11-22", "2023-11-23", "2023-11-24", "2023-11-25", "2023-11-26", "2023-11-27", "2023-11-28", "2023-11-29", "2023-11-30", "2023-12-01", "2023-12-02", "2023-12-03", "2023-12-04", "2023-12-05", "2023-12-06", "2023-12-07", "2023-12-08", "2023-12-09", "2023-12-10", "2023-12-11", "2023-12-12", "2023-12-13", "2023-12-14", "2023-12-15", "2023-12-16", "2023-12-17", "2023-12-18", "2023-12-19", "2023-12-20", "2023-12-21", "2023-12-22", "2023-12-23", "2023-12-24", "2023-12-25", "2023-12-26", "2023-12-27", "2023-12-28", "2023-12-29", "2023-12-30", "2023-12-31", "2024-01-01", "2024-01-02", "2024-01-03", "2024-01-04", "2024-01-05", "2024-01-06", "2024-01-07", "2024-01-08", "2024-01-09", "2024-01-10", "2024-01-11", "2024-01-12", "2024-01-13", "2024-01-14", "2024-01-15", "2024-01-16", "2024-01-17", "2024-01-18", "2024-01-19", "2024-01-20", "2024-01-21", "2024-01-22", "2024-01-23", "2024-01-24", "2024-01-25", "2024-01-26", "2024-01-27", "2024-01-28", "2024-01-29", "2024-01-30", "2024-01-31", "2024-02-01", "2024-02-02", "2024-02-03", "2024-02-04", "2024-02-05", "2024-02-06", "2024-02-07", "2024-02-08", "2024-02-09", "2024-02-10", "2024-02-11", "2024-02-12", "2024-02-13", "2024-02-14", "2024-02-15", "2024-02-16", "2024-02-17", "2024-02-18", "2024-02-19", "2024-02-20", "2024-02-21", "2024-02-22", "2024-02-23", "2024-02-24", "2024-02-25", "2024-02-26", "2024-02-27", "2024-02-28", "2024-02-29", "2024-03-01", "2024-03-02", "2024-03-03", "2024-03-04", "2024-03-05", "2024-03-06", "2024-03-07", "2024-03-08", "2024-03-09", "2024-03-10", "2024-03-11", "2024-03-12", "2024-03-13", "2024-03-14", "2024-03-15", "2024-03-16", "2024-03-17", "2024-03-18", "2024-03-19", "2024-03-20", "2024-03-21", "2024-03-22", "2024-03-23", "2024-03-24", "2024-03-25", "2024-03-26", "2024-03-27", "2024-03-28", "2024-03-29", "2024-03-30", "2024-03-31", "2024-04-01", "2024-04-02", "2024-04-03", "2024-04-04", "2024-04-05", "2024-04-06", "2024-04-07", "2024-04-08", "2024-04-09", "2024-04-10", "2024-04-11", "2024-04-12", "2024-04-13", "2024-04-14", "2024-04-15", "2024-04-16", "2024-04-17", "2024-04-18", "2024-04-19", "2024-04-20", "2024-04-21", "2024-04-22", "2024-04-23", "2024-04-24", "2024-04-25", "2024-04-26", "2024-04-27", "2024-04-28", "2024-04-29", "2024-04-30", "2024-05-01", "2024-05-02", "2024-05-03", "2024-05-04", "2024-05-05", "2024-05-06", "2024-05-07", "2024-05-08", "2024-05-09", "2024-05-10", "2024-05-11", "2024-05-12", "2024-05-13", "2024-05-14", "2024-05-15", "2024-05-16", "2024-05-17", "2024-05-18", "2024-05-19", "2024-05-20", "2024-05-21", "2024-05-22", "2024-05-23", "2024-05-24", "2024-05-25", "2024-05-26", "2024-05-27", "2024-05-28", "2024-05-29", "2024-05-30", "2024-05-31", "2024-06-01", "2024-06-02", "2024-06-03", "2024-06-04", "2024-06-05", "2024-06-06", "2024-06-07", "2024-06-08", "2024-06-09", "2024-06-10", "2024-06-11", "2024-06-12", "2024-06-13", "2024-06-14", "2024-06-15", "2024-06-16", "2024-06-17", "2024-06-18", "2024-06-19", "2024-06-20", "2024-06-21", "2024-06-22", "2024-06-23", "2024-06-24", "2024-06-25", "2024-06-26", "2024-06-27", "2024-06-28", "2024-06-29", "2024-06-30", "2024-07-01", "2024-07-02", "2024-07-03", "2024-07-04", "2024-07-05", "2024-07-06", "2024-07-07", "2024-07-08", "2024-07-09", "2024-07-10", "2024-07-11", "2024-07-12", "2024-07-13", "2024-07-14", "2024-07-15", "2024-07-16", "2024-07-17", "2024-07-18", "2024-07-19", "2024-07-20", "2024-07-21", "2024-07-22", "2024-07-23", "2024-07-24", "2024-07-25", "2024-07-26", "2024-07-27", "2024-07-28", "2024-07-29", "2024-07-30", "2024-07-31", "2024-08-01", "2024-08-02", "2024-08-03", "2024-08-04", "2024-08-05", "2024-08-06", "2024-08-07", "2024-08-08", "2024-08-09", "2024-08-10", "2024-08-11", "2024-08-12", "2024-08-13", "2024-08-14", "2024-08-15", "2024-08-16", "2024-08-17", "2024-08-18", "2024-08-19", "2024-08-20", "2024-08-21", "2024-08-22", "2024-08-23", "2024-08-24", "2024-08-25", "2024-08-26", "2024-08-27", "2024-08-28", "2024-08-29", "2024-08-30", "2024-08-31", "2024-09-01", "2024-09-02", "2024-09-03", "2024-09-04", "2024-09-05", "2024-09-06", "2024-09-07", "2024-09-08", "2024-09-09", "2024-09-10", "2024-09-11", "2024-09-12", "2024-09-13", "2024-09-14", "2024-09-15", "2024-09-16", "2024-09-17", "2024-09-18", "2024-09-19", "2024-09-20", "2024-09-21", "2024-09-22", "2024-09-23", "2024-09-24", "2024-09-25", "2024-09-26", "2024-09-27", "2024-09-28", "2024-09-29", "2024-09-30", "2024-10-01", "2024-10-02", "2024-10-03", "2024-10-04", "2024-10-05", "2024-10-06", "2024-10-07", "2024-10-08", "2024-10-09" ],
  "informationsFeteEtManifestation" : {
    "typesManifestation" : [ {
      "elementReferenceType" : "FeteEtManifestationType",
      "id" : 1958
    } ],
    "categories" : [ {
      "elementReferenceType" : "FeteEtManifestationCategorie",
      "id" : 2101
    }, {
      "elementReferenceType" : "FeteEtManifestationCategorie",
      "id" : 2117
    } ],
    "themes" : [ {
      "elementReferenceType" : "FeteEtManifestationTheme",
      "id" : 2282
    } ],
    "portee" : {
      "elementReferenceType" : "FeteEtManifestationPortee",
      "id" : 2352
    },
    "nomLieu" : "Derrière l'Office de Tourisme"
  },
  "formatVersion" : "v002",
  "expiration" : { },
  "enquete" : { }
}