{
  "type" : "FETE_ET_MANIFESTATION",
  "id" : 5943200,
  "nom" : {
    "libelleFr" : "Marché italien - Portofino è Cassis"
  },
  "identifier" : "SITRA2_EVE_5943200",
  "state" : "PUBLISHED",
  "gestion" : {
    "dateCreation" : "2021-10-13T12:16:39.676+0000",
    "dateModification" : "2022-10-25T12:41:54.177+0000",
    "dateExportModification" : "2022-10-25T12:41:54.372+0000",
    "membreProprietaire" : {
      "type" : {
        "elementReferenceType" : "MembreSitraType",
        "id" : 233
      },
      "nom" : "Office de Tourisme de Cassis",
      "dateCreation" : "2020-10-19T06:23:27.752+0000",
      "dateModification" : "2022-10-24T08:49:36.803+0000",
      "id" : 2108,
      "siteWeb" : "https://www.ot-cassis.com"
    },
    "signalerUnProblemeMails" : [ "a.rick@ot-cassis.com", "cgallo@ot-cassis.com", "direction@ot-cassis.com", "evillers@ot-cassis.com", "lbaille@ot-cassis.com", "lmichelini@ot-cassis.com", "m.vallet@ot-cassis.com", "patricia@ot-cassis.com", "presse@ot-cassis.com", "sdelage@ot-cassis.com" ]
  },
  "informations" : {
    "structureGestion" : {
      "type" : "STRUCTURE",
      "id" : 5226638
    }
  },
  "presentation" : {
    "descriptifCourt" : {
      "libelleFr" : "Artisans et producteurs italiens vous proposeront sur la Place Baragnon leurs spécialités gastronomiques, mode, de la décoration et du design. Animations et ambiances musicales défile de Vespa et Fiat 500 anciennes dans les rues du village et sur le port"
    },
    "descriptifDetaille" : {
      "libelleFr" : "Place Baragnon\r\nPROGRAMME PROVISOIRE*\r\nOuverture tous les jours de 9h à 19h\r\nPlace Baragnon et salles voutées\r\nEntrée gratuite.\r\n\r\nMERCREDI 9:\r\n14h00 - Ateliers pour enfants : sculpture de ballons.\r\n\r\nJEUDI 10 :\r\n18h30 - Inauguration officielle de la 13ème édition du Village Italien (passe sanitaire obligatoire).\r\n\r\n\r\nSAMEDI 12:\r\nDéfilé \"Dolce Vita, Vespa & Fiat 500\"\r\nNos amis passionnés de belles mécaniques italiennes s'offrent une virée cassidaine...\r\n9h00 accueil et exposition des Vespa, Fiat 500 et véhicules historiques, devant le village italien.\r\n11h00 - départ pour une randonnée touristique.\r\n12h00 \r\n- retour de la randonnée\r\n- Pizzapéritivo offert aux participants par la ville de Cassis, dans la cour d'honneur de la mairie.\r\n- exposition des véhicules promenade A. Briand.\r\n\r\nDIMANCHE 13:\r\n12h00 - Tirage au sort de la tombola.\r\n18h00 - Clôture de la 13me édition du village italien.\r\n\r\nAnimations musicales en journée.\r\n\r\nSALLES VOUTÉES\r\nDu 9 au 20 novembre: Exposition photographique \"Italia intima - Un voyage en images entre passé et présent\" présentée par l'Institut Culturel Italien à Marseille.\r\n\r\nTOMBOLA\r\nvente de l'affiche 2022 crée par Monsieur Z au tarif de 3€, au profit d'une association caritative\r\n1er prix: Reproduction de l'affiche sur toile.\r\n2ème et 3ème prix : Paniers gourmands italiens.\r\n\r\nRéédition des affiches des précédentes éditions en tirage limité collector sur papier d'art au tarif de 6€ l'affiche."
    }
  },
  "localisation" : {
    "adresse" : {
      "nomDuLieu" : "Place Baragnon",
      "adresse1" : "Place Baragnon",
      "codePostal" : "13260",
      "bureauDistribution" : "CASSIS",
      "commune" : {
        "id" : 4433
      }
    },
    "geolocalisation" : {
      "valide" : true,
      "geoJson" : {
        "type" : "Point",
        "coordinates" : [ 5.539588, 43.214286 ]
      }
    },
    "perimetreGeographique" : [ {
      "id" : 4433
    } ],
    "lieu" : {
      "id" : 17171
    },
    "lieuObjetTouristique" : {
      "type" : "PATRIMOINE_CULTUREL",
      "id" : 5538431
    }
  },
  "liens" : { },
  "prestations" : {
    "animauxAcceptes" : "NON_DISPONIBLE",
    "animauxAcceptesSupplement" : "NON_DISPONIBLE",
    "languesParlees" : [ {
      "elementReferenceType" : "Langue",
      "id" : 1197
    } ]
  },
  "ouverture" : {
    "periodeEnClair" : {
      "libelleFr" : "Du mercredi 9 au dimanche 13 novembre 2022.",
      "libelleEn" : "From Wednesday 9 to Sunday 13 November 2022.",
      "libelleEs" : "Del miércoles, 9 al domingo, 13 de noviembre de 2022.",
      "libelleIt" : "Dal mercoledì 9 a domenica 13 novembre 2022.",
      "libelleDe" : "Von Mittwoch, den 9. bis Sonntag, den 13. November 2022.",
      "libelleNl" : "Woensdag 9 tot en met zondag 13 november 2022.",
      "libelleRu" : "С среда 9 до воскресенье 13 ноября 2022.",
      "libelleZh" : "从 星期三 到 2022年11月13日, 星期日.",
      "libellePtBR" : "De Quarta-feira 9 a Domingo 13 Novembro 2022.",
      "libelleJa" : "水曜日 9 から 日曜日 13 11月 2022 まで."
    },
    "periodeEnClairGenerationMode" : "AUTOMATIQUE",
    "indicationsPeriode" : [ {
      "elementReferenceType" : "IndicationPeriode",
      "id" : 416
    } ],
    "periodesOuvertures" : [ {
      "identifiant" : 21932927,
      "dateDebut" : "2022-11-09",
      "dateFin" : "2022-11-13",
      "type" : "OUVERTURE_TOUS_LES_JOURS",
      "tousLesAns" : false,
      "identifiantTechnique" : 24584065
    } ]
  },
  "descriptionTarif" : {
    "indicationTarif" : "PAYANT",
    "gratuit" : false,
    "tarifsEnClair" : { },
    "tarifsEnClairGenerationMode" : "AUTOMATIQUE",
    "devise" : "EUR",
    "conditions" : { }
  },
  "reservation" : { },
  "illustrations" : [ {
    "identifiant" : 14352586,
    "link" : false,
    "type" : "IMAGE",
    "nom" : {
      "libelleFr" : "Portofino e Cassis"
    },
    "copyright" : {
      "libelleFr" : "Ville de Cassis"
    },
    "traductionFichiers" : [ {
      "locale" : "fr",
      "url" : "https://static.apidae-tourisme.com/filestore/objets-touristiques/images/165/23/14686117.jpg",
      "urlListe" : "https://static.apidae-tourisme.com/filestore/objets-touristiques/images/165/23/14686117-liste.jpg",
      "urlFiche" : "https://static.apidae-tourisme.com/filestore/objets-touristiques/images/165/23/14686117-fiche.jpg",
      "urlDiaporama" : "https://static.apidae-tourisme.com/filestore/objets-touristiques/images/165/23/14686117-diaporama.jpg",
      "extension" : "jpg",
      "fileName" : "2022-11-09 au 13 Portofino",
      "taille" : 304023,
      "hauteur" : 2048,
      "largeur" : 1463,
      "lastModifiedDate" : "2022-10-10T12:41:46.527+0000"
    } ],
    "locked" : false
  } ],
  "territoires" : [ {
    "type" : "TERRITOIRE",
    "id" : 591381
  }, {
    "type" : "TERRITOIRE",
    "id" : 591419
  }, {
    "type" : "TERRITOIRE",
    "id" : 5127066
  }, {
    "type" : "TERRITOIRE",
    "id" : 5427637
  }, {
    "type" : "TERRITOIRE",
    "id" : 5460436
  }, {
    "type" : "TERRITOIRE",
    "id" : 5693743
  }, {
    "type" : "TERRITOIRE",
    "id" : 5693903
  }, {
    "type" : "TERRITOIRE",
    "id" : 5853941
  } ],
  "datesOuverture" : [ "2022-11-09", "2022-11-10", "2022-11-11", "2022-11-12", "2022-11-13" ],
  "informationsFeteEtManifestation" : {
    "typesManifestation" : [ {
      "elementReferenceType" : "FeteEtManifestationType",
      "id" : 1962
    } ],
    "categories" : [ {
      "elementReferenceType" : "FeteEtManifestationCategorie",
      "id" : 2082
    } ],
    "portee" : {
      "elementReferenceType" : "FeteEtManifestationPortee",
      "id" : 2353
    },
    "nomLieu" : "Place Baragnon"
  },
  "formatVersion" : "v002",
  "expiration" : {
    "dateExpiration" : "2022-11-13T00:00:00.000+0000",
    "expirationAction" : "MASQUER_AUTOMATIQUEMENT"
  },
  "enquete" : { }
}