{
  "type" : "FETE_ET_MANIFESTATION",
  "id" : 5541761,
  "nom" : {
    "libelleFr" : "Gala : Anthony fait son cabaret",
    "libelleEn" : "Gala : Anthony fait son cabaret",
    "libelleEs" : "Gala : Anthony fait son cabaret",
    "libelleDe" : "Gala : Anthony fait son cabaret"
  },
  "identifier" : "SITRA2_EVE_5541761",
  "state" : "PUBLISHED",
  "gestion" : {
    "dateCreation" : "2020-05-28T09:40:27.184+0000",
    "dateModification" : "2022-11-07T10:18:55.456+0000",
    "dateExportModification" : "2022-11-07T10:18:55.654+0000",
    "membreProprietaire" : {
      "type" : {
        "elementReferenceType" : "MembreSitraType",
        "id" : 233
      },
      "nom" : "Office de Tourisme et des Loisirs de Martigues",
      "dateCreation" : "2020-09-21T14:40:58.539+0000",
      "dateModification" : "2022-10-24T08:49:47.539+0000",
      "id" : 2082,
      "siteWeb" : "http://www.martigues-tourisme.com"
    },
    "signalerUnProblemeMails" : [ "etourisme@splte-martigues.fr", "animations@martigues-tourisme.com", "webmaster@splte-martigues.fr" ]
  },
  "informations" : {
    "moyensCommunication" : [ {
      "identifiant" : 83681497,
      "type" : {
        "elementReferenceType" : "MoyenCommunicationType",
        "id" : 204
      },
      "coordonnees" : {
        "fr" : "lahalle@ville-martigues.fr"
      },
      "observation" : {
        "libelleFr" : "La halle"
      }
    }, {
      "identifiant" : 79740328,
      "type" : {
        "elementReferenceType" : "MoyenCommunicationType",
        "id" : 207
      },
      "coordonnees" : {
        "fr" : "http://www.facebook.com/Anthony.Annaloro"
      }
    }, {
      "identifiant" : 104967916,
      "type" : {
        "elementReferenceType" : "MoyenCommunicationType",
        "id" : 201
      },
      "coordonnees" : {
        "fr" : "06 88 05 26 55"
      }
    }, {
      "identifiant" : 83681496,
      "type" : {
        "elementReferenceType" : "MoyenCommunicationType",
        "id" : 201
      },
      "coordonnees" : {
        "fr" : "04 42 44 35 35"
      },
      "observation" : {
        "libelleFr" : "La halle"
      }
    } ],
    "informationsLegales" : { },
    "structureGestion" : {
      "type" : "STRUCTURE",
      "id" : 5661581
    }
  },
  "presentation" : {
    "descriptifCourt" : {
      "libelleFr" : "Musique et humour avec un artiste en tête d'affiche !\r\nUn moment de détente et de rire.",
      "libelleEn" : "Music and humour with a headlining artist!\r\nA moment of relaxation and laughter.",
      "libelleEs" : "¡Música y humor con un artista de cabecera!\r\nUn momento de relax y risas.",
      "libelleDe" : "Musik und Humor mit einem Künstler als Headliner!\r\nEin Moment der Entspannung und des Lachens."
    },
    "descriptifDetaille" : {
      "libelleFr" : "En hommage au jeune Anthony ANNALORO, décédé le 27 juillet 2011, à l’hôpital de la Timone, nous organisons chaque année, depuis 10 ans, une soirée Cabaret dont les fonds sont reversés à une association caritative.\r\n\r\nCette année, c’est l’association Franco Arménienne du pays de Martigues qui sera mise à l’honneur. Association humanitaire qui envoie des appareils médicaux, et du matériel para médical à la population en situation de besoin en Arménie et dans le haut Karabagh.\r\n\r\nCette soirée se tiendra en présence de Patrick fiori. Fort de sa carrière exceptionnelle, l'artiste fait partie des figures phares de la variété Française Il clôturera ainsi la soirée après le passage de chanteurs, humoristes, art du cirque ….",
      "libelleEn" : "In tribute to the young Anthony ANNALORO, who died on July 27, 2011, at the Timone hospital, we have been organizing a Cabaret evening every year for the past 10 years, the funds from which are donated to a charity association.\r\n\r\nThis year, it is the Franco-Armenian association of the country of Martigues that will be honored. Humanitarian association that sends medical devices and paramedical equipment to people in need in Armenia and Upper Karabakh.\r\n\r\nThis evening will be held in the presence of Patrick fiori. On the strength of his exceptional career, the artist is one of the leading figures of French variety. He will thus close the evening after the passage of singers, comedians, circus art….",
      "libelleEs" : "En homenaje al joven Anthony ANNALORO, fallecido el 27 de julio de 2011 en el hospital de Timone, desde hace 10 años organizamos cada año una velada de Cabaret cuyos fondos se donan a una asociación benéfica.\r\n\r\nEste año, es la asociación franco-armenia del país de Martigues la que será honrada. Asociación humanitaria que envía dispositivos médicos y equipo paramédico a personas necesitadas en Armenia y el Alto Karabaj.\r\n\r\nEsta velada se llevará a cabo en presencia de Patrick fiori. Con la fuerza de su excepcional carrera, el artista es una de las principales figuras de la variedad francesa, por lo que cerrará la velada tras el paso de cantantes, humoristas, arte circense….",
      "libelleDe" : "Zu Ehren des jungen Anthony ANNALORO, der am 27. Juli 2011 im Krankenhaus Timone verstorben ist, organisieren wir seit 10 Jahren jedes Jahr einen Cabaret-Abend, dessen Gelder einem wohltätigen Verein gespendet werden.\r\n\r\nIn diesem Jahr wird der französisch-armenische Verband des Landes Martigues ausgezeichnet. Humanitäre Vereinigung, die medizinische Geräte und paramedizinische Ausrüstung an Bedürftige in Armenien und Oberkarabach verschickt.\r\n\r\nDieser Abend findet in Anwesenheit von Patrick Fiori statt. Aufgrund seiner außergewöhnlichen Karriere ist der Künstler eine der führenden Persönlichkeiten des französischen Varietés und wird somit den Abend nach dem Durchgang von Sängern, Komödianten, Zirkuskunst … beenden."
    },
    "typologiesPromoSitra" : [ {
      "elementReferenceType" : "TypologiePromoSitra",
      "id" : 1669
    } ]
  },
  "localisation" : {
    "adresse" : {
      "nomDuLieu" : "La Halle de Martigues",
      "adresse1" : "Rond point de l'hôtel de ville",
      "codePostal" : "13500",
      "commune" : {
        "id" : 4467
      }
    },
    "geolocalisation" : {
      "valide" : true,
      "geoJson" : {
        "type" : "Point",
        "coordinates" : [ 5.046867, 43.405064 ]
      }
    },
    "perimetreGeographique" : [ {
      "id" : 4467
    } ],
    "environnements" : [ {
      "elementReferenceType" : "Environnement",
      "id" : 143
    }, {
      "elementReferenceType" : "Environnement",
      "id" : 151
    }, {
      "elementReferenceType" : "Environnement",
      "id" : 173
    }, {
      "elementReferenceType" : "Environnement",
      "id" : 180
    } ],
    "lieu" : {
      "id" : 15030
    }
  },
  "liens" : { },
  "prestations" : {
    "animauxAcceptes" : "NON_ACCEPTES",
    "animauxAcceptesSupplement" : "NON_DISPONIBLE",
    "complementAccueil" : {
      "libelleFr" : "Accessible pour handicapés\r\nParking public",
      "libelleEn" : "Accessible for disabled\r\nPublic parking",
      "libelleEs" : "Accesible para discapacitados\r\nEstacionamiento público",
      "libelleIt" : "Accessibile ai disabili",
      "libelleDe" : "Zugänglich für Behinderte\r\nÖffentlicher Parkplatz",
      "libelleNl" : "Toegankelijk voor mensen met een handicap"
    },
    "tourismesAdaptes" : [ {
      "elementReferenceType" : "TourismeAdapte",
      "id" : 4219
    } ]
  },
  "ouverture" : {
    "periodeEnClair" : {
      "libelleFr" : "Jeudi 10 novembre 2022 à 20h.",
      "libelleEn" : "Thursday 10 November 2022 at 8 pm.",
      "libelleEs" : "Jueves, 10 de noviembre de 2022 a 20.",
      "libelleIt" : "Giovedì 10 novembre 2022 alle 20.",
      "libelleDe" : "Donnerstag, den 10. November 2022 um 20 Uhr.",
      "libelleNl" : "Donderdag 10 november 2022 om 20.00 u.",
      "libelleRu" : "Четверг 10 ноября 2022  до 20h.",
      "libelleZh" : "2022年11月10日, 星期四   在 小时小时.",
      "libellePtBR" : "Quinta-feira 10 Novembro 2022 para  20h.",
      "libelleJa" : "木曜日 10 11月 2022 8 午後 に."
    },
    "periodeEnClairGenerationMode" : "AUTOMATIQUE",
    "indicationsPeriode" : [ {
      "elementReferenceType" : "IndicationPeriode",
      "id" : 416
    } ],
    "periodesOuvertures" : [ {
      "identifiant" : 19479792,
      "dateDebut" : "2022-11-10",
      "dateFin" : "2022-11-10",
      "complementHoraire" : { },
      "horaireOuverture" : "20:00:00",
      "type" : "OUVERTURE_TOUS_LES_JOURS",
      "tousLesAns" : false,
      "identifiantTechnique" : 24710470
    } ]
  },
  "descriptionTarif" : {
    "indicationTarif" : "PAYANT",
    "gratuit" : false,
    "tarifsEnClair" : {
      "libelleFr" : "Plein tarif : 35 €.\n",
      "libelleEn" : "Full price: 35 €.\n",
      "libelleEs" : "Tarifa completa: 35 €.\n",
      "libelleIt" : "Tarrifa intera: 35 €.\n",
      "libelleDe" : "Voller Preis: 35 €.\n",
      "libelleNl" : "Vol tarief: € 35.\n",
      "libelleRu" : "Полную цену : 35 €.\n",
      "libelleZh" : "全额 : 35 €.\n",
      "libellePtBR" : "Tarifa inteira: 35 €.\n",
      "libelleJa" : "通常料金: 35 €.\n"
    },
    "tarifsEnClairGenerationMode" : "AUTOMATIQUE",
    "complement" : { },
    "periodes" : [ {
      "identifiant" : 12443204,
      "dateDebut" : "2022-11-10",
      "dateFin" : "2022-11-10",
      "tarifs" : [ {
        "devise" : "EUR",
        "minimum" : 35.00,
        "maximum" : 35.00,
        "type" : {
          "elementReferenceType" : "TarifType",
          "id" : 5239
        }
      } ]
    } ],
    "devise" : "EUR",
    "conditions" : { }
  },
  "reservation" : {
    "organismes" : [ {
      "identifiant" : 6890426,
      "nom" : "Réserver votre place",
      "type" : {
        "elementReferenceType" : "ReservationType",
        "id" : 475
      },
      "moyensCommunication" : [ {
        "identifiant" : 104620875,
        "type" : {
          "elementReferenceType" : "MoyenCommunicationType",
          "id" : 205
        },
        "coordonnees" : {
          "fr" : "https://sudconcerts-billetterie.tickandlive.com/reserver/anthony-fait-son-cabaret-1/39519?fbclid=IwAR1ytnjhwVXGx-2Xtg1kReh9xE5OPHZEW4mjckeOQ81TkXl-GGHabvkZ6sQ"
        }
      } ],
      "locked" : false
    } ]
  },
  "criteresInternes" : [ {
    "id" : 18002
  } ],
  "contacts" : [ {
    "identifiant" : 17654420,
    "referent" : true,
    "nom" : "INFORMATIONS",
    "titre" : { },
    "fonction" : {
      "elementReferenceType" : "ContactFonction",
      "id" : 459
    },
    "moyensCommunication" : [ {
      "identifiant" : 82137520,
      "type" : {
        "elementReferenceType" : "MoyenCommunicationType",
        "id" : 201
      },
      "coordonnees" : {
        "fr" : "06 88 05 26 55"
      }
    }, {
      "identifiant" : 82137521,
      "type" : {
        "elementReferenceType" : "MoyenCommunicationType",
        "id" : 201
      },
      "coordonnees" : {
        "fr" : "04 42 44 64 15"
      }
    }, {
      "identifiant" : 82137522,
      "type" : {
        "elementReferenceType" : "MoyenCommunicationType",
        "id" : 205
      },
      "coordonnees" : {
        "fr" : "http://sudconcerts.net/"
      }
    } ]
  } ],
  "illustrations" : [ {
    "identifiant" : 14598544,
    "link" : false,
    "type" : "IMAGE",
    "nom" : {
      "libelleFr" : "Anthony fait son cabaret"
    },
    "copyright" : {
      "libelleFr" : "Association Toni-Maeva"
    },
    "traductionFichiers" : [ {
      "locale" : "fr",
      "url" : "https://static.apidae-tourisme.com/filestore/objets-touristiques/images/58/79/14962490.jpg",
      "urlListe" : "https://static.apidae-tourisme.com/filestore/objets-touristiques/images/58/79/14962490-liste.jpg",
      "urlFiche" : "https://static.apidae-tourisme.com/filestore/objets-touristiques/images/58/79/14962490-fiche.jpg",
      "urlDiaporama" : "https://static.apidae-tourisme.com/filestore/objets-touristiques/images/58/79/14962490-diaporama.jpg",
      "extension" : "jpg",
      "fileName" : "312501189_5821981334520015_8211415351260185627_n",
      "taille" : 711209,
      "hauteur" : 2048,
      "largeur" : 1449,
      "lastModifiedDate" : "2022-10-27T07:13:35.808+0000"
    } ],
    "locked" : false
  } ],
  "territoires" : [ {
    "type" : "TERRITOIRE",
    "id" : 591381
  }, {
    "type" : "TERRITOIRE",
    "id" : 591419
  }, {
    "type" : "TERRITOIRE",
    "id" : 5127066
  }, {
    "type" : "TERRITOIRE",
    "id" : 5427637
  }, {
    "type" : "TERRITOIRE",
    "id" : 5460459
  }, {
    "type" : "TERRITOIRE",
    "id" : 5693765
  }, {
    "type" : "TERRITOIRE",
    "id" : 5693912
  }, {
    "type" : "TERRITOIRE",
    "id" : 5853947
  } ],
  "datesOuverture" : [ "2022-11-10" ],
  "informationsFeteEtManifestation" : {
    "typesManifestation" : [ {
      "elementReferenceType" : "FeteEtManifestationType",
      "id" : 1974
    } ],
    "categories" : [ {
      "elementReferenceType" : "FeteEtManifestationCategorie",
      "id" : 2128
    } ],
    "themes" : [ {
      "elementReferenceType" : "FeteEtManifestationTheme",
      "id" : 2280
    } ],
    "portee" : {
      "elementReferenceType" : "FeteEtManifestationPortee",
      "id" : 2352
    },
    "nomLieu" : "La Halle de Martigues"
  },
  "formatVersion" : "v002",
  "expiration" : {
    "dateExpiration" : "2022-11-10T00:00:00.000+0000",
    "expirationAction" : "MASQUER_AUTOMATIQUEMENT"
  },
  "enquete" : { },
  "donneesPrivees" : [ {
    "nomTechnique" : "1947_Id_patio",
    "libelleFr" : "Id_Patio",
    "ordre" : 1,
    "descriptif" : {
      "libelleFr" : "13EVT033474"
    }
  }, {
    "nomTechnique" : "1947_Source_patio",
    "libelleFr" : "Source_Patio",
    "ordre" : 2,
    "descriptif" : {
      "libelleFr" : "OT Martigues"
    }
  }, {
    "nomTechnique" : "1947_Url_patio",
    "libelleFr" : "URL_Patio",
    "ordre" : 3,
    "descriptif" : {
      "libelleFr" : "http://www.martigues-tourisme.com"
    }
  } ]
}