{
  "type" : "FETE_ET_MANIFESTATION",
  "id" : 5466999,
  "nom" : {
    "libelleFr" : "Le marché aux fleurs d'Aix-en-Provence",
    "libelleEn" : "The flower market of Aix-en-Provence",
    "libelleEs" : "El mercado de las flores de Aix-en-Provence",
    "libelleIt" : "Marché aux fleurs",
    "libelleDe" : "Der Blumenmarkt in Aix-en-Provence",
    "libelleNl" : "Marché aux fleurs"
  },
  "identifier" : "SITRA2_EVE_5466999",
  "state" : "PUBLISHED",
  "gestion" : {
    "dateCreation" : "2020-03-04T08:03:20.824+0000",
    "dateModification" : "2022-08-29T08:17:07.661+0000",
    "dateExportModification" : "2022-11-07T09:49:08.516+0000",
    "membreProprietaire" : {
      "type" : {
        "elementReferenceType" : "MembreSitraType",
        "id" : 233
      },
      "nom" : "Office de Tourisme d'Aix en Provence",
      "dateCreation" : "2020-02-14T10:34:37.912+0000",
      "dateModification" : "2022-10-24T08:49:34.452+0000",
      "id" : 1988,
      "siteWeb" : "http://www.aixenprovencetourism.com"
    },
    "signalerUnProblemeMails" : [ "jchevalier@aixenprovencetourism.com", "sdardenne@aixenprovencetourism.com", "vmontpellaz@aixenprovencetourism.com" ]
  },
  "informations" : {
    "moyensCommunication" : [ {
      "identifiant" : 77002296,
      "type" : {
        "elementReferenceType" : "MoyenCommunicationType",
        "id" : 201
      },
      "coordonnees" : {
        "fr" : "04 42 91 90 00"
      }
    }, {
      "identifiant" : 77002300,
      "type" : {
        "elementReferenceType" : "MoyenCommunicationType",
        "id" : 205
      },
      "coordonnees" : {
        "fr" : "https://www.aixenprovence.fr"
      }
    } ],
    "informationsLegales" : { },
    "structureGestion" : {
      "type" : "STRUCTURE",
      "id" : 5463105
    }
  },
  "presentation" : {
    "descriptifCourt" : {
      "libelleFr" : "Un petit marché aux fleurs en plein air, avec de superbes expositions de fleurs et de plantes",
      "libelleEn" : "A small outdoor flower market, with beautiful flower and plant displays",
      "libelleEs" : "Un pequeño mercado de flores al aire libre con hermosas exposiciones de flores y plantas",
      "libelleDe" : "Ein kleiner Blumenmarkt im Freien mit tollen Blumen- und Pflanzenausstellungen"
    },
    "descriptifDetaille" : {
      "libelleFr" : "Tous les mardis, jeudis et samedis matin le marché aux fleurs transforme la place de la mairie en un véritable tableau aux couleurs changeantes.",
      "libelleEn" : "Every Tuesday, Thursday and Saturday morning the flower market transforms the Town Hall’s plaza making it look like a colorful painting.",
      "libelleEs" : "Todos los días, excepto el primer domingo del mes, el mercado de las flores transforma la plaza del ayuntamiento en un auténtico retablo de colores cambiantes.",
      "libelleDe" : "Jeden Tag außer am ersten Sonntag im Monat verwandelt der Blumenmarkt den Rathausplatz in ein Gemälde mit wechselnden Farben."
    }
  },
  "localisation" : {
    "adresse" : {
      "nomDuLieu" : "Place de l'Hôtel de Ville",
      "codePostal" : "13090",
      "commune" : {
        "id" : 4412
      }
    },
    "geolocalisation" : {
      "valide" : true,
      "geoJson" : {
        "type" : "Point",
        "coordinates" : [ 5.447943, 43.529919 ]
      }
    },
    "perimetreGeographique" : [ {
      "id" : 4412
    } ]
  },
  "liens" : { },
  "prestations" : {
    "animauxAcceptes" : "NON_DISPONIBLE",
    "animauxAcceptesSupplement" : "NON_DISPONIBLE"
  },
  "ouverture" : {
    "periodeEnClair" : {
      "libelleFr" : "Du 01/01 au 31/12.\nFermé le lundi.\nDe 8h30 à 13h : \r\nPlace de l'Hôtel de Ville : Les mardis, jeudis et samedi.\r\nPlace des Prêcheurs : mercredi, vendredi et dimanche.",
      "libelleEn" : "From 01/01 to 31/12.\nClosed on Monday.\nFrom 8.30am to 1pm :\r\nTown Hall Square: Tuesday, Thursday and Saturday \r\nPlace des Prêcheurs: Wednesday, Friday and Sunday.",
      "libelleEs" : "Del 01/01 al 31/12.\nCerrado los lunes.",
      "libelleIt" : "Dal 01/01 al 31/12.\nChiuso il lunedì.",
      "libelleDe" : "Vom 01/01 bis 31/12.\nMontag geschlossen.",
      "libelleNl" : "Van 01/01 tot en met 31/12.\nMaandag gesloten.",
      "libelleRu" : "С 01/01 до 31/12.\nНе работает понедельник.",
      "libelleZh" : "从 1月1日 到 12月31日.\n星期一 关闭.",
      "libellePtBR" : "De 01/01 a 31/12.\nFechado em segunda-feira.",
      "libelleJa" : "01/01 から 31/12 まで.\n月曜日 は休み."
    },
    "periodeEnClairGenerationMode" : "AUTOMATIQUE",
    "indicationsPeriode" : [ {
      "elementReferenceType" : "IndicationPeriode",
      "id" : 416
    }, {
      "elementReferenceType" : "IndicationPeriode",
      "id" : 418
    }, {
      "elementReferenceType" : "IndicationPeriode",
      "id" : 435
    }, {
      "elementReferenceType" : "IndicationPeriode",
      "id" : 436
    } ],
    "periodesOuvertures" : [ {
      "identifiant" : 20469276,
      "dateDebut" : "2022-01-01",
      "dateFin" : "2022-12-31",
      "complementHoraire" : {
        "libelleFr" : "de 8h30 à 13h : \r\nPlace de l'Hôtel de Ville : Les mardis, jeudis et samedi.\r\nPlace des Prêcheurs : mercredi, vendredi et dimanche.",
        "libelleEn" : "From 8.30am to 1pm :\r\nTown Hall Square: Tuesday, Thursday and Saturday \r\nPlace des Prêcheurs: Wednesday, Friday and Sunday."
      },
      "type" : "OUVERTURE_SAUF",
      "tousLesAns" : true,
      "ouverturesJournalieres" : [ {
        "jour" : "LUNDI"
      } ],
      "identifiantTechnique" : 24176582
    } ]
  },
  "descriptionTarif" : {
    "indicationTarif" : "GRATUIT",
    "gratuit" : true,
    "tarifsEnClair" : {
      "libelleFr" : "Gratuit.",
      "libelleEn" : "Free of charge.",
      "libelleEs" : "Gratis.",
      "libelleIt" : "Gratuito.",
      "libelleDe" : "Kostenlos.",
      "libelleNl" : "Gratis.",
      "libelleRu" : "Бесплатно.",
      "libelleZh" : "免费.",
      "libellePtBR" : "Gratuito.",
      "libelleJa" : "無料."
    },
    "tarifsEnClairGenerationMode" : "AUTOMATIQUE",
    "devise" : "EUR",
    "conditions" : { }
  },
  "reservation" : { },
  "criteresInternes" : [ {
    "id" : 18002
  } ],
  "illustrations" : [ {
    "identifiant" : 8592008,
    "link" : false,
    "type" : "IMAGE",
    "nom" : {
      "libelleFr" : "13EVA00357_1_HD.jpg"
    },
    "copyright" : {
      "libelleFr" : "Sophie Spiteri"
    },
    "traductionFichiers" : [ {
      "locale" : "fr",
      "url" : "https://static.apidae-tourisme.com/filestore/objets-touristiques/images/247/124/8355063.jpg",
      "urlListe" : "https://static.apidae-tourisme.com/filestore/objets-touristiques/images/247/124/8355063-liste.jpg",
      "urlFiche" : "https://static.apidae-tourisme.com/filestore/objets-touristiques/images/247/124/8355063-fiche.jpg",
      "urlDiaporama" : "https://static.apidae-tourisme.com/filestore/objets-touristiques/images/247/124/8355063-diaporama.jpg",
      "extension" : "jpg",
      "fileName" : "full",
      "taille" : 1080661,
      "hauteur" : 1440,
      "largeur" : 1920,
      "lastModifiedDate" : "2020-07-31T16:56:22.000+0000"
    } ],
    "locked" : false
  }, {
    "identifiant" : 8592009,
    "link" : false,
    "type" : "IMAGE",
    "nom" : {
      "libelleFr" : "13EVA00357_2_HD.jpg"
    },
    "copyright" : {
      "libelleFr" : "Sophie Spiteri"
    },
    "traductionFichiers" : [ {
      "locale" : "fr",
      "url" : "https://static.apidae-tourisme.com/filestore/objets-touristiques/images/248/124/8355064.jpg",
      "urlListe" : "https://static.apidae-tourisme.com/filestore/objets-touristiques/images/248/124/8355064-liste.jpg",
      "urlFiche" : "https://static.apidae-tourisme.com/filestore/objets-touristiques/images/248/124/8355064-fiche.jpg",
      "urlDiaporama" : "https://static.apidae-tourisme.com/filestore/objets-touristiques/images/248/124/8355064-diaporama.jpg",
      "extension" : "jpg",
      "fileName" : "full",
      "taille" : 1067119,
      "hauteur" : 1440,
      "largeur" : 1920,
      "lastModifiedDate" : "2020-07-31T16:56:21.000+0000"
    } ],
    "locked" : false
  }, {
    "identifiant" : 8592010,
    "link" : false,
    "type" : "IMAGE",
    "nom" : {
      "libelleFr" : "13EVA00357_3_HD.jpg"
    },
    "copyright" : {
      "libelleFr" : "Sophie Spiteri"
    },
    "traductionFichiers" : [ {
      "locale" : "fr",
      "url" : "https://static.apidae-tourisme.com/filestore/objets-touristiques/images/249/124/8355065.jpg",
      "urlListe" : "https://static.apidae-tourisme.com/filestore/objets-touristiques/images/249/124/8355065-liste.jpg",
      "urlFiche" : "https://static.apidae-tourisme.com/filestore/objets-touristiques/images/249/124/8355065-fiche.jpg",
      "urlDiaporama" : "https://static.apidae-tourisme.com/filestore/objets-touristiques/images/249/124/8355065-diaporama.jpg",
      "extension" : "jpg",
      "fileName" : "full",
      "taille" : 894876,
      "hauteur" : 1440,
      "largeur" : 1920,
      "lastModifiedDate" : "2020-07-31T16:56:20.000+0000"
    } ],
    "locked" : false
  }, {
    "identifiant" : 8592011,
    "link" : false,
    "type" : "IMAGE",
    "nom" : {
      "libelleFr" : "13EVA00357_4_HD.jpg"
    },
    "copyright" : {
      "libelleFr" : "Sophie Spiteri"
    },
    "traductionFichiers" : [ {
      "locale" : "fr",
      "url" : "https://static.apidae-tourisme.com/filestore/objets-touristiques/images/250/124/8355066.jpg",
      "urlListe" : "https://static.apidae-tourisme.com/filestore/objets-touristiques/images/250/124/8355066-liste.jpg",
      "urlFiche" : "https://static.apidae-tourisme.com/filestore/objets-touristiques/images/250/124/8355066-fiche.jpg",
      "urlDiaporama" : "https://static.apidae-tourisme.com/filestore/objets-touristiques/images/250/124/8355066-diaporama.jpg",
      "extension" : "jpg",
      "fileName" : "full",
      "taille" : 963157,
      "hauteur" : 1440,
      "largeur" : 1920,
      "lastModifiedDate" : "2020-07-31T16:56:27.000+0000"
    } ],
    "locked" : false
  }, {
    "identifiant" : 8592012,
    "link" : false,
    "type" : "IMAGE",
    "nom" : {
      "libelleFr" : "13EVA00357_5_HD.jpg"
    },
    "copyright" : {
      "libelleFr" : "Sophie Spiteri"
    },
    "traductionFichiers" : [ {
      "locale" : "fr",
      "url" : "https://static.apidae-tourisme.com/filestore/objets-touristiques/images/251/124/8355067.jpg",
      "urlListe" : "https://static.apidae-tourisme.com/filestore/objets-touristiques/images/251/124/8355067-liste.jpg",
      "urlFiche" : "https://static.apidae-tourisme.com/filestore/objets-touristiques/images/251/124/8355067-fiche.jpg",
      "urlDiaporama" : "https://static.apidae-tourisme.com/filestore/objets-touristiques/images/251/124/8355067-diaporama.jpg",
      "extension" : "jpg",
      "fileName" : "full",
      "taille" : 1372070,
      "hauteur" : 1440,
      "largeur" : 1920,
      "lastModifiedDate" : "2020-07-31T16:56:26.000+0000"
    } ],
    "locked" : false
  }, {
    "identifiant" : 8592013,
    "link" : false,
    "type" : "IMAGE",
    "nom" : {
      "libelleFr" : "13EVA00357_6_HD.jpg"
    },
    "copyright" : {
      "libelleFr" : "Sophie Spiteri"
    },
    "traductionFichiers" : [ {
      "locale" : "fr",
      "url" : "https://static.apidae-tourisme.com/filestore/objets-touristiques/images/252/124/8355068.jpg",
      "urlListe" : "https://static.apidae-tourisme.com/filestore/objets-touristiques/images/252/124/8355068-liste.jpg",
      "urlFiche" : "https://static.apidae-tourisme.com/filestore/objets-touristiques/images/252/124/8355068-fiche.jpg",
      "urlDiaporama" : "https://static.apidae-tourisme.com/filestore/objets-touristiques/images/252/124/8355068-diaporama.jpg",
      "extension" : "jpg",
      "fileName" : "full",
      "taille" : 907243,
      "hauteur" : 1440,
      "largeur" : 1920,
      "lastModifiedDate" : "2020-07-31T16:56:25.000+0000"
    } ],
    "locked" : false
  }, {
    "identifiant" : 8592014,
    "link" : false,
    "type" : "IMAGE",
    "nom" : {
      "libelleFr" : "13EVA00357_7_HD.jpg"
    },
    "copyright" : {
      "libelleFr" : "Sophie Spiteri"
    },
    "traductionFichiers" : [ {
      "locale" : "fr",
      "url" : "https://static.apidae-tourisme.com/filestore/objets-touristiques/images/253/124/8355069.jpg",
      "urlListe" : "https://static.apidae-tourisme.com/filestore/objets-touristiques/images/253/124/8355069-liste.jpg",
      "urlFiche" : "https://static.apidae-tourisme.com/filestore/objets-touristiques/images/253/124/8355069-fiche.jpg",
      "urlDiaporama" : "https://static.apidae-tourisme.com/filestore/objets-touristiques/images/253/124/8355069-diaporama.jpg",
      "extension" : "jpg",
      "fileName" : "full",
      "taille" : 898052,
      "hauteur" : 1440,
      "largeur" : 1920,
      "lastModifiedDate" : "2020-07-31T16:56:24.000+0000"
    } ],
    "locked" : false
  } ],
  "territoires" : [ {
    "type" : "TERRITOIRE",
    "id" : 591381
  }, {
    "type" : "TERRITOIRE",
    "id" : 591419
  }, {
    "type" : "TERRITOIRE",
    "id" : 5127066
  }, {
    "type" : "TERRITOIRE",
    "id" : 5427620
  }, {
    "type" : "TERRITOIRE",
    "id" : 5427637
  }, {
    "type" : "TERRITOIRE",
    "id" : 5460325
  }, {
    "type" : "TERRITOIRE",
    "id" : 5693839
  }, {
    "type" : "TERRITOIRE",
    "id" : 5775948
  }, {
    "type" : "TERRITOIRE",
    "id" : 5853930
  } ],
  "datesOuverture" : [ "2022-11-08", "2022-11-09", "2022-11-10", "2022-11-11", "2022-11-12", "2022-11-13", "2022-11-15", "2022-11-16", "2022-11-17", "2022-11-18", "2022-11-19", "2022-11-20", "2022-11-22", "2022-11-23", "2022-11-24", "2022-11-25", "2022-11-26", "2022-11-27", "2022-11-29", "2022-11-30", "2022-12-01", "2022-12-02", "2022-12-03", "2022-12-04", "2022-12-06", "2022-12-07", "2022-12-08", "2022-12-09", "2022-12-10", "2022-12-11", "2022-12-13", "2022-12-14", "2022-12-15", "2022-12-16", "2022-12-17", "2022-12-18", "2022-12-20", "2022-12-21", "2022-12-22", "2022-12-23", "2022-12-24", "2022-12-25", "2022-12-27", "2022-12-28", "2022-12-29", "2022-12-30", "2022-12-31", "2023-01-01", "2023-01-03", "2023-01-04", "2023-01-05", "2023-01-06", "2023-01-07", "2023-01-08", "2023-01-10", "2023-01-11", "2023-01-12", "2023-01-13", "2023-01-14", "2023-01-15", "2023-01-17", "2023-01-18", "2023-01-19", "2023-01-20", "2023-01-21", "2023-01-22", "2023-01-24", "2023-01-25", "2023-01-26", "2023-01-27", "2023-01-28", "2023-01-29", "2023-01-31", "2023-02-01", "2023-02-02", "2023-02-03", "2023-02-04", "2023-02-05", "2023-02-07", "2023-02-08", "2023-02-09", "2023-02-10", "2023-02-11", "2023-02-12", "2023-02-14", "2023-02-15", "2023-02-16", "2023-02-17", "2023-02-18", "2023-02-19", "2023-02-21", "2023-02-22", "2023-02-23", "2023-02-24", "2023-02-25", "2023-02-26", "2023-02-28", "2023-03-01", "2023-03-02", "2023-03-03", "2023-03-04", "2023-03-05", "2023-03-07", "2023-03-08", "2023-03-09", "2023-03-10", "2023-03-11", "2023-03-12", "2023-03-14", "2023-03-15", "2023-03-16", "2023-03-17", "2023-03-18", "2023-03-19", "2023-03-21", "2023-03-22", "2023-03-23", "2023-03-24", "2023-03-25", "2023-03-26", "2023-03-28", "2023-03-29", "2023-03-30", "2023-03-31", "2023-04-01", "2023-04-02", "2023-04-04", "2023-04-05", "2023-04-06", "2023-04-07", "2023-04-08", "2023-04-09", "2023-04-11", "2023-04-12", "2023-04-13", "2023-04-14", "2023-04-15", "2023-04-16", "2023-04-18", "2023-04-19", "2023-04-20", "2023-04-21", "2023-04-22", "2023-04-23", "2023-04-25", "2023-04-26", "2023-04-27", "2023-04-28", "2023-04-29", "2023-04-30", "2023-05-02", "2023-05-03", "2023-05-04", "2023-05-05", "2023-05-06", "2023-05-07", "2023-05-09", "2023-05-10", "2023-05-11", "2023-05-12", "2023-05-13", "2023-05-14", "2023-05-16", "2023-05-17", "2023-05-18", "2023-05-19", "2023-05-20", "2023-05-21", "2023-05-23", "2023-05-24", "2023-05-25", "2023-05-26", "2023-05-27", "2023-05-28", "2023-05-30", "2023-05-31", "2023-06-01", "2023-06-02", "2023-06-03", "2023-06-04", "2023-06-06", "2023-06-07", "2023-06-08", "2023-06-09", "2023-06-10", "2023-06-11", "2023-06-13", "2023-06-14", "2023-06-15", "2023-06-16", "2023-06-17", "2023-06-18", "2023-06-20", "2023-06-21", "2023-06-22", "2023-06-23", "2023-06-24", "2023-06-25", "2023-06-27", "2023-06-28", "2023-06-29", "2023-06-30", "2023-07-01", "2023-07-02", "2023-07-04", "2023-07-05", "2023-07-06", "2023-07-07", "2023-07-08", "2023-07-09", "2023-07-11", "2023-07-12", "2023-07-13", "2023-07-14", "2023-07-15", "2023-07-16", "2023-07-18", "2023-07-19", "2023-07-20", "2023-07-21", "2023-07-22", "2023-07-23", "2023-07-25", "2023-07-26", "2023-07-27", "2023-07-28", "2023-07-29", "2023-07-30", "2023-08-01", "2023-08-02", "2023-08-03", "2023-08-04", "2023-08-05", "2023-08-06", "2023-08-08", "2023-08-09", "2023-08-10", "2023-08-11", "2023-08-12", "2023-08-13", "2023-08-15", "2023-08-16", "2023-08-17", "2023-08-18", "2023-08-19", "2023-08-20", "2023-08-22", "2023-08-23", "2023-08-24", "2023-08-25", "2023-08-26", "2023-08-27", "2023-08-29", "2023-08-30", "2023-08-31", "2023-09-01", "2023-09-02", "2023-09-03", "2023-09-05", "2023-09-06", "2023-09-07", "2023-09-08", "2023-09-09", "2023-09-10", "2023-09-12", "2023-09-13", "2023-09-14", "2023-09-15", "2023-09-16", "2023-09-17", "2023-09-19", "2023-09-20", "2023-09-21", "2023-09-22", "2023-09-23", "2023-09-24", "2023-09-26", "2023-09-27", "2023-09-28", "2023-09-29", "2023-09-30", "2023-10-01", "2023-10-03", "2023-10-04", "2023-10-05", "2023-10-06", "2023-10-07", "2023-10-08", "2023-10-10", "2023-10-11", "2023-10-12", "2023-10-13", "2023-10-14", "2023-10-15", "2023-10-17", "2023-10-18", "2023-10-19", "2023-10-20", "2023-10-21", "2023-10-22", "2023-10-24", "2023-10-25", "2023-10-26", "2023-10-27", "2023-10-28", "2023-10-29", "2023-10-31", "2023-11-01", "2023-11-02", "2023-11-03", "2023-11-04", "2023-11-05", "2023-11-07", "2023-11-08", "2023-11-09", "2023-11-10", "2023-11-11", "2023-11-12", "2023-11-14", "2023-11-15", "2023-11-16", "2023-11-17", "2023-11-18", "2023-11-19", "2023-11-21", "2023-11-22", "2023-11-23", "2023-11-24", "2023-11-25", "2023-11-26", "2023-11-28", "2023-11-29", "2023-11-30", "2023-12-01", "2023-12-02", "2023-12-03", "2023-12-05", "2023-12-06", "2023-12-07", "2023-12-08", "2023-12-09", "2023-12-10", "2023-12-12", "2023-12-13", "2023-12-14", "2023-12-15", "2023-12-16", "2023-12-17", "2023-12-19", "2023-12-20", "2023-12-21", "2023-12-22", "2023-12-23", "2023-12-24", "2023-12-26", "2023-12-27", "2023-12-28", "2023-12-29", "2023-12-30", "2023-12-31", "2024-01-02", "2024-01-03", "2024-01-04", "2024-01-05", "2024-01-06", "2024-01-07", "2024-01-09", "2024-01-10", "2024-01-11", "2024-01-12", "2024-01-13", "2024-01-14", "2024-01-16", "2024-01-17", "2024-01-18", "2024-01-19", "2024-01-20", "2024-01-21", "2024-01-23", "2024-01-24", "2024-01-25", "2024-01-26", "2024-01-27", "2024-01-28", "2024-01-30", "2024-01-31", "2024-02-01", "2024-02-02", "2024-02-03", "2024-02-04", "2024-02-06", "2024-02-07", "2024-02-08", "2024-02-09", "2024-02-10", "2024-02-11", "2024-02-13", "2024-02-14", "2024-02-15", "2024-02-16", "2024-02-17", "2024-02-18", "2024-02-20", "2024-02-21", "2024-02-22", "2024-02-23", "2024-02-24", "2024-02-25", "2024-02-27", "2024-02-28", "2024-02-29", "2024-03-01", "2024-03-02", "2024-03-03", "2024-03-05", "2024-03-06", "2024-03-07", "2024-03-08", "2024-03-09", "2024-03-10", "2024-03-12", "2024-03-13", "2024-03-14", "2024-03-15", "2024-03-16", "2024-03-17", "2024-03-19", "2024-03-20", "2024-03-21", "2024-03-22", "2024-03-23", "2024-03-24", "2024-03-26", "2024-03-27", "2024-03-28", "2024-03-29", "2024-03-30", "2024-03-31", "2024-04-02", "2024-04-03", "2024-04-04", "2024-04-05", "2024-04-06", "2024-04-07", "2024-04-09", "2024-04-10", "2024-04-11", "2024-04-12", "2024-04-13", "2024-04-14", "2024-04-16", "2024-04-17", "2024-04-18", "2024-04-19", "2024-04-20", "2024-04-21", "2024-04-23", "2024-04-24", "2024-04-25", "2024-04-26", "2024-04-27", "2024-04-28", "2024-04-30", "2024-05-01", "2024-05-02", "2024-05-03", "2024-05-04", "2024-05-05", "2024-05-07", "2024-05-08", "2024-05-09", "2024-05-10", "2024-05-11", "2024-05-12", "2024-05-14", "2024-05-15", "2024-05-16", "2024-05-17", "2024-05-18", "2024-05-19", "2024-05-21", "2024-05-22", "2024-05-23", "2024-05-24", "2024-05-25", "2024-05-26", "2024-05-28", "2024-05-29", "2024-05-30", "2024-05-31", "2024-06-01", "2024-06-02", "2024-06-04", "2024-06-05", "2024-06-06", "2024-06-07", "2024-06-08", "2024-06-09", "2024-06-11", "2024-06-12", "2024-06-13", "2024-06-14", "2024-06-15", "2024-06-16", "2024-06-18", "2024-06-19", "2024-06-20", "2024-06-21", "2024-06-22", "2024-06-23", "2024-06-25", "2024-06-26", "2024-06-27", "2024-06-28", "2024-06-29", "2024-06-30", "2024-07-02", "2024-07-03", "2024-07-04", "2024-07-05", "2024-07-06", "2024-07-07", "2024-07-09", "2024-07-10", "2024-07-11", "2024-07-12", "2024-07-13", "2024-07-14", "2024-07-16", "2024-07-17", "2024-07-18", "2024-07-19", "2024-07-20", "2024-07-21", "2024-07-23", "2024-07-24", "2024-07-25", "2024-07-26", "2024-07-27", "2024-07-28", "2024-07-30", "2024-07-31", "2024-08-01", "2024-08-02", "2024-08-03", "2024-08-04", "2024-08-06", "2024-08-07", "2024-08-08", "2024-08-09", "2024-08-10", "2024-08-11", "2024-08-13", "2024-08-14", "2024-08-15", "2024-08-16", "2024-08-17", "2024-08-18", "2024-08-20", "2024-08-21", "2024-08-22", "2024-08-23", "2024-08-24", "2024-08-25", "2024-08-27", "2024-08-28", "2024-08-29", "2024-08-30", "2024-08-31", "2024-09-01", "2024-09-03", "2024-09-04", "2024-09-05", "2024-09-06", "2024-09-07", "2024-09-08", "2024-09-10", "2024-09-11", "2024-09-12", "2024-09-13", "2024-09-14", "2024-09-15", "2024-09-17", "2024-09-18", "2024-09-19", "2024-09-20", "2024-09-21", "2024-09-22", "2024-09-24", "2024-09-25", "2024-09-26", "2024-09-27", "2024-09-28", "2024-09-29", "2024-10-01", "2024-10-02", "2024-10-03", "2024-10-04", "2024-10-05", "2024-10-06", "2024-10-08", "2024-10-09", "2024-10-10", "2024-10-11", "2024-10-12", "2024-10-13", "2024-10-15", "2024-10-16", "2024-10-17", "2024-10-18", "2024-10-19", "2024-10-20", "2024-10-22", "2024-10-23", "2024-10-24", "2024-10-25", "2024-10-26", "2024-10-27", "2024-10-29", "2024-10-30", "2024-10-31", "2024-11-01", "2024-11-02", "2024-11-03", "2024-11-05", "2024-11-06", "2024-11-07" ],
  "informationsFeteEtManifestation" : {
    "typesManifestation" : [ {
      "elementReferenceType" : "FeteEtManifestationType",
      "id" : 1962
    } ],
    "categories" : [ {
      "elementReferenceType" : "FeteEtManifestationCategorie",
      "id" : 2107
    } ],
    "themes" : [ {
      "elementReferenceType" : "FeteEtManifestationTheme",
      "id" : 2273
    } ],
    "portee" : {
      "elementReferenceType" : "FeteEtManifestationPortee",
      "id" : 2352
    },
    "nomLieu" : "Place de l'Hôtel de Ville"
  },
  "formatVersion" : "v002",
  "expiration" : { },
  "enquete" : { },
  "donneesPrivees" : [ {
    "nomTechnique" : "1947_Id_patio",
    "libelleFr" : "Id_Patio",
    "ordre" : 1,
    "descriptif" : {
      "libelleFr" : "13EVA00357"
    }
  }, {
    "nomTechnique" : "1947_Source_patio",
    "libelleFr" : "Source_Patio",
    "ordre" : 2,
    "descriptif" : {
      "libelleFr" : "OT Aix en Provence"
    }
  }, {
    "nomTechnique" : "1947_Url_patio",
    "libelleFr" : "URL_Patio",
    "ordre" : 3,
    "descriptif" : {
      "libelleFr" : "http://www.aixenprovencetourism.com"
    }
  } ]
}